run,game_seconds,action,orders_submitted
Large-Language-Models-play-StarCraftII/jev_runs/long-20m-001,2.142857142857143,TRAIN PROBE,1
Large-Language-Models-play-StarCraftII/jev_runs/long-20m-001,2.857142857142857,CHRONOBOOST NEXUS,1
Large-Language-Models-play-StarCraftII/jev_runs/long-20m-001,11.607142857142858,TRAIN PROBE,1
Large-Language-Models-play-StarCraftII/jev_runs/long-20m-001,20.892857142857146,TRAIN PROBE,1
Large-Language-Models-play-StarCraftII/jev_runs/long-20m-001,29.107142857142858,BUILD PYLON,1
Large-Language-Models-play-StarCraftII/jev_runs/long-20m-001,34.285714285714285,TRAIN PROBE,1
Large-Language-Models-play-StarCraftII/jev_runs/long-20m-001,40.892857142857146,BUILD ASSIMILATOR,1
Large-Language-Models-play-StarCraftII/jev_runs/long-20m-001,47.32142857142858,TRAIN PROBE,1
Large-Language-Models-play-StarCraftII/jev_runs/long-20m-001,55.0,SCOUTING PROBE,1
Large-Language-Models-play-StarCraftII/jev_runs/long-20m-001,59.82142857142858,TRAIN PROBE,1
Large-Language-Models-play-StarCraftII/jev_runs/long-20m-001,63.92857142857143,CHRONOBOOST NEXUS,1
Large-Language-Models-play-StarCraftII/jev_runs/long-20m-001,65.17857142857143,EMPTY ACTION,0
Large-Language-Models-play-StarCraftII/jev_runs/long-20m-001,66.25,BUILD GATEWAY,1
Large-Language-Models-play-StarCraftII/jev_runs/long-20m-001,71.25,TRAIN PROBE,1
Large-Language-Models-play-StarCraftII/jev_runs/long-20m-001,79.28571428571429,EMPTY ACTION,0
Large-Language-Models-play-StarCraftII/jev_runs/long-20m-001,80.0,TRAIN PROBE,1
Large-Language-Models-play-StarCraftII/jev_runs/long-20m-001,83.39285714285715,EMPTY ACTION,0
Large-Language-Models-play-StarCraftII/jev_runs/long-20m-001,84.64285714285715,EMPTY ACTION,0
Large-Language-Models-play-StarCraftII/jev_runs/long-20m-001,85.71428571428572,EMPTY ACTION,0
Large-Language-Models-play-StarCraftII/jev_runs/long-20m-001,86.78571428571429,EMPTY ACTION,0
Large-Language-Models-play-StarCraftII/jev_runs/long-20m-001,88.03571428571429,EMPTY ACTION,0
Large-Language-Models-play-StarCraftII/jev_runs/long-20m-001,88.92857142857143,BUILD ASSIMILATOR,1
Large-Language-Models-play-StarCraftII/jev_runs/long-20m-001,90.71428571428572,TRAIN PROBE,1
Large-Language-Models-play-StarCraftII/jev_runs/long-20m-001,101.25,BUILD FORGE,1
Large-Language-Models-play-StarCraftII/jev_runs/long-20m-001,104.82142857142858,TRAIN PROBE,1
Large-Language-Models-play-StarCraftII/jev_runs/long-20m-001,109.10714285714286,SCOUTING PROBE,1
Large-Language-Models-play-StarCraftII/jev_runs/long-20m-001,117.32142857142858,TRAIN ZEALOT,1
Large-Language-Models-play-StarCraftII/jev_runs/long-20m-001,118.39285714285715,TRAIN PROBE,1
Large-Language-Models-play-StarCraftII/jev_runs/long-20m-001,126.25000000000001,BUILD PYLON,1
Large-Language-Models-play-StarCraftII/jev_runs/long-20m-001,131.07142857142858,EMPTY ACTION,0
Large-Language-Models-play-StarCraftII/jev_runs/long-20m-001,132.14285714285714,EMPTY ACTION,0
Large-Language-Models-play-StarCraftII/jev_runs/long-20m-001,133.0357142857143,TRAIN PROBE,1
Large-Language-Models-play-StarCraftII/jev_runs/long-20m-001,138.92857142857144,RESEARCH PROTOSSGROUNDWEAPONSLEVEL1,1
Large-Language-Models-play-StarCraftII/jev_runs/long-20m-001,139.64285714285714,EMPTY ACTION,0
Large-Language-Models-play-StarCraftII/jev_runs/long-20m-001,140.5357142857143,EMPTY ACTION,0
Large-Language-Models-play-StarCraftII/jev_runs/long-20m-001,141.7857142857143,EMPTY ACTION,0
Large-Language-Models-play-StarCraftII/jev_runs/long-20m-001,143.0357142857143,EMPTY ACTION,0
Large-Language-Models-play-StarCraftII/jev_runs/long-20m-001,143.92857142857144,CHRONOBOOST FORGE,1
Large-Language-Models-play-StarCraftII/jev_runs/long-20m-001,145.0,EMPTY ACTION,0
Large-Language-Models-play-StarCraftII/jev_runs/long-20m-001,145.89285714285714,EMPTY ACTION,0
Large-Language-Models-play-StarCraftII/jev_runs/long-20m-001,147.14285714285714,TRAIN ZEALOT,1
Large-Language-Models-play-StarCraftII/jev_runs/long-20m-001,148.21428571428572,EMPTY ACTION,0
Large-Language-Models-play-StarCraftII/jev_runs/long-20m-001,149.2857142857143,EMPTY ACTION,0
Large-Language-Models-play-StarCraftII/jev_runs/long-20m-001,150.35714285714286,TRAIN PROBE,1
Large-Language-Models-play-StarCraftII/jev_runs/long-20m-001,151.42857142857144,EMPTY ACTION,0
Large-Language-Models-play-StarCraftII/jev_runs/long-20m-001,152.5,EMPTY ACTION,0
Large-Language-Models-play-StarCraftII/jev_runs/long-20m-001,153.57142857142858,EMPTY ACTION,0
Large-Language-Models-play-StarCraftII/jev_runs/long-20m-001,154.64285714285714,EMPTY ACTION,0
Large-Language-Models-play-StarCraftII/jev_runs/long-20m-001,155.71428571428572,EMPTY ACTION,0
Large-Language-Models-play-StarCraftII/jev_runs/long-20m-001,156.60714285714286,EMPTY ACTION,0
Large-Language-Models-play-StarCraftII/jev_runs/long-20m-001,157.85714285714286,EMPTY ACTION,0
Large-Language-Models-play-StarCraftII/jev_runs/long-20m-001,158.92857142857144,EMPTY ACTION,0
Large-Language-Models-play-StarCraftII/jev_runs/long-20m-001,159.82142857142858,EMPTY ACTION,0
Large-Language-Models-play-StarCraftII/jev_runs/long-20m-001,161.07142857142858,BUILD CYBERNETICSCORE,1
Large-Language-Models-play-StarCraftII/jev_runs/long-20m-001,162.14285714285717,EMPTY ACTION,0
Large-Language-Models-play-StarCraftII/jev_runs/long-20m-001,163.21428571428572,SCOUTING ZEALOT,1
Large-Language-Models-play-StarCraftII/jev_runs/long-20m-001,164.2857142857143,TRAIN PROBE,1
Large-Language-Models-play-StarCraftII/jev_runs/long-20m-001,165.35714285714286,EMPTY ACTION,0
Large-Language-Models-play-StarCraftII/jev_runs/long-20m-001,166.42857142857144,EMPTY ACTION,0
Large-Language-Models-play-StarCraftII/jev_runs/long-20m-001,167.67857142857144,EMPTY ACTION,0
Large-Language-Models-play-StarCraftII/jev_runs/long-20m-001,168.57142857142858,EMPTY ACTION,0
Large-Language-Models-play-StarCraftII/jev_runs/long-20m-001,169.64285714285717,EMPTY ACTION,0
Large-Language-Models-play-StarCraftII/jev_runs/long-20m-001,170.71428571428572,EMPTY ACTION,0
Large-Language-Models-play-StarCraftII/jev_runs/long-20m-001,171.96428571428572,EMPTY ACTION,0
Large-Language-Models-play-StarCraftII/jev_runs/long-20m-001,172.85714285714286,EMPTY ACTION,0
Large-Language-Models-play-StarCraftII/jev_runs/long-20m-001,173.75,BUILD PHOTONCANNON,1
Large-Language-Models-play-StarCraftII/jev_runs/long-20m-001,175.0,EMPTY ACTION,0
Large-Language-Models-play-StarCraftII/jev_runs/long-20m-001,176.07142857142858,EMPTY ACTION,0
Large-Language-Models-play-StarCraftII/jev_runs/long-20m-001,176.96428571428572,EMPTY ACTION,0
Large-Language-Models-play-StarCraftII/jev_runs/long-20m-001,178.21428571428572,TRAIN PROBE,1
Large-Language-Models-play-StarCraftII/jev_runs/long-20m-001,179.2857142857143,EMPTY ACTION,0
Large-Language-Models-play-StarCraftII/jev_runs/long-20m-001,180.35714285714286,EMPTY ACTION,0
Large-Language-Models-play-StarCraftII/jev_runs/long-20m-001,181.42857142857144,EMPTY ACTION,0
Large-Language-Models-play-StarCraftII/jev_runs/long-20m-001,182.67857142857144,EMPTY ACTION,0
Large-Language-Models-play-StarCraftII/jev_runs/long-20m-001,183.57142857142858,EMPTY ACTION,0
Large-Language-Models-play-StarCraftII/jev_runs/long-20m-001,184.64285714285717,EMPTY ACTION,0
Large-Language-Models-play-StarCraftII/jev_runs/long-20m-001,185.71428571428572,TRAIN ZEALOT,1
Large-Language-Models-play-StarCraftII/jev_runs/long-20m-001,186.60714285714286,EMPTY ACTION,0
Large-Language-Models-play-StarCraftII/jev_runs/long-20m-001,188.0357142857143,EMPTY ACTION,0
Large-Language-Models-play-StarCraftII/jev_runs/long-20m-001,188.92857142857144,EMPTY ACTION,0
Large-Language-Models-play-StarCraftII/jev_runs/long-20m-001,190.0,EMPTY ACTION,0
Large-Language-Models-play-StarCraftII/jev_runs/long-20m-001,191.25,TRAIN PROBE,1
Large-Language-Models-play-StarCraftII/jev_runs/long-20m-001,192.14285714285717,CHRONOBOOST FORGE,1
Large-Language-Models-play-StarCraftII/jev_runs/long-20m-001,193.21428571428572,EMPTY ACTION,0
Large-Language-Models-play-StarCraftII/jev_runs/long-20m-001,194.46428571428572,EMPTY ACTION,0
Large-Language-Models-play-StarCraftII/jev_runs/long-20m-001,195.35714285714286,BUILD PYLON,1
Large-Language-Models-play-StarCraftII/jev_runs/long-20m-001,196.25,EMPTY ACTION,0
Large-Language-Models-play-StarCraftII/jev_runs/long-20m-001,197.5,EMPTY ACTION,0
Large-Language-Models-play-StarCraftII/jev_runs/long-20m-001,198.57142857142858,EMPTY ACTION,0
Large-Language-Models-play-StarCraftII/jev_runs/long-20m-001,199.64285714285717,RESEARCH WARPGATERESEARCH,1
Large-Language-Models-play-StarCraftII/jev_runs/long-20m-001,200.71428571428572,EMPTY ACTION,0
Large-Language-Models-play-StarCraftII/jev_runs/long-20m-001,201.7857142857143,EMPTY ACTION,0
Large-Language-Models-play-StarCraftII/jev_runs/long-20m-001,202.85714285714286,EMPTY ACTION,0
Large-Language-Models-play-StarCraftII/jev_runs/long-20m-001,204.10714285714286,TRAIN PROBE,1
Large-Language-Models-play-StarCraftII/jev_runs/long-20m-001,205.0,EMPTY ACTION,0
Large-Language-Models-play-StarCraftII/jev_runs/long-20m-001,206.07142857142858,EMPTY ACTION,0
Large-Language-Models-play-StarCraftII/jev_runs/long-20m-001,206.96428571428572,EMPTY ACTION,0
Large-Language-Models-play-StarCraftII/jev_runs/long-20m-001,208.21428571428572,EMPTY ACTION,0
Large-Language-Models-play-StarCraftII/jev_runs/long-20m-001,209.2857142857143,EMPTY ACTION,0
Large-Language-Models-play-StarCraftII/jev_runs/long-20m-001,210.35714285714286,BUILD SHIELDBATTERY,1
Large-Language-Models-play-StarCraftII/jev_runs/long-20m-001,211.42857142857144,EMPTY ACTION,0
Large-Language-Models-play-StarCraftII/jev_runs/long-20m-001,212.5,EMPTY ACTION,0
Large-Language-Models-play-StarCraftII/jev_runs/long-20m-001,213.57142857142858,EMPTY ACTION,0
Large-Language-Models-play-StarCraftII/jev_runs/long-20m-001,214.64285714285717,EMPTY ACTION,0
Large-Language-Models-play-StarCraftII/jev_runs/long-20m-001,215.71428571428572,TRAIN SENTRY,1
Large-Language-Models-play-StarCraftII/jev_runs/long-20m-001,216.7857142857143,EMPTY ACTION,0
Large-Language-Models-play-StarCraftII/jev_runs/long-20m-001,217.85714285714286,TRAIN PROBE,1
Large-Language-Models-play-StarCraftII/jev_runs/long-20m-001,218.92857142857144,SCOUTING ZEALOT,1
Large-Language-Models-play-StarCraftII/jev_runs/long-20m-001,220.0,EMPTY ACTION,0
Large-Language-Models-play-StarCraftII/jev_runs/long-20m-001,221.07142857142858,EMPTY ACTION,0
Large-Language-Models-play-StarCraftII/jev_runs/long-20m-001,222.14285714285717,EMPTY ACTION,0
Large-Language-Models-play-StarCraftII/jev_runs/long-20m-001,223.21428571428572,EMPTY ACTION,0
Large-Language-Models-play-StarCraftII/jev_runs/long-20m-001,224.2857142857143,EMPTY ACTION,0
Large-Language-Models-play-StarCraftII/jev_runs/long-20m-001,225.35714285714286,EMPTY ACTION,0
Large-Language-Models-play-StarCraftII/jev_runs/long-20m-001,226.42857142857144,EMPTY ACTION,0
Large-Language-Models-play-StarCraftII/jev_runs/long-20m-001,227.50000000000003,EMPTY ACTION,0
Large-Language-Models-play-StarCraftII/jev_runs/long-20m-001,228.57142857142858,BUILD TWILIGHTCOUNCIL,1
Large-Language-Models-play-StarCraftII/jev_runs/long-20m-001,229.64285714285717,EMPTY ACTION,0
Large-Language-Models-play-StarCraftII/jev_runs/long-20m-001,230.71428571428572,TRAIN PROBE,1
Large-Language-Models-play-StarCraftII/jev_runs/long-20m-001,231.7857142857143,EMPTY ACTION,0
Large-Language-Models-play-StarCraftII/jev_runs/long-20m-001,232.85714285714286,EMPTY ACTION,0
Large-Language-Models-play-StarCraftII/jev_runs/long-20m-001,233.92857142857144,EMPTY ACTION,0
Large-Language-Models-play-StarCraftII/jev_runs/long-20m-001,235.00000000000003,EMPTY ACTION,0
Large-Language-Models-play-StarCraftII/jev_runs/long-20m-001,236.07142857142858,EMPTY ACTION,0
Large-Language-Models-play-StarCraftII/jev_runs/long-20m-001,237.14285714285717,EMPTY ACTION,0
Large-Language-Models-play-StarCraftII/jev_runs/long-20m-001,238.21428571428572,EMPTY ACTION,0
Large-Language-Models-play-StarCraftII/jev_runs/long-20m-001,239.2857142857143,EMPTY ACTION,0
Large-Language-Models-play-StarCraftII/jev_runs/long-20m-001,240.5357142857143,TRAIN ZEALOT,1
Large-Language-Models-play-StarCraftII/jev_runs/long-20m-001,241.42857142857144,EMPTY ACTION,0
Large-Language-Models-play-StarCraftII/jev_runs/long-20m-001,242.50000000000003,EMPTY ACTION,0
Large-Language-Models-play-StarCraftII/jev_runs/long-20m-001,243.57142857142858,TRAIN PROBE,1
Large-Language-Models-play-StarCraftII/jev_runs/long-20m-001,244.64285714285717,EMPTY ACTION,0
Large-Language-Models-play-StarCraftII/jev_runs/long-20m-001,245.71428571428572,EMPTY ACTION,0
Large-Language-Models-play-StarCraftII/jev_runs/long-20m-001,246.7857142857143,EMPTY ACTION,0
Large-Language-Models-play-StarCraftII/jev_runs/long-20m-001,248.0357142857143,BUILD PYLON,1
Large-Language-Models-play-StarCraftII/jev_runs/long-20m-001,248.92857142857144,EMPTY ACTION,0
Large-Language-Models-play-StarCraftII/jev_runs/long-20m-001,250.00000000000003,EMPTY ACTION,0
Large-Language-Models-play-StarCraftII/jev_runs/long-20m-001,251.25000000000003,EMPTY ACTION,0
Large-Language-Models-play-StarCraftII/jev_runs/long-20m-001,252.14285714285717,EMPTY ACTION,0
Large-Language-Models-play-StarCraftII/jev_runs/long-20m-001,253.21428571428572,RESEARCH PROTOSSGROUNDARMORSLEVEL1,1
Large-Language-Models-play-StarCraftII/jev_runs/long-20m-001,254.2857142857143,EMPTY ACTION,0
Large-Language-Models-play-StarCraftII/jev_runs/long-20m-001,255.35714285714286,CHRONOBOOST NEXUS,1
Large-Language-Models-play-StarCraftII/jev_runs/long-20m-001,256.42857142857144,TRAIN PROBE,1
Large-Language-Models-play-StarCraftII/jev_runs/long-20m-001,257.5,EMPTY ACTION,0
Large-Language-Models-play-StarCraftII/jev_runs/long-20m-001,258.5714285714286,EMPTY ACTION,0
Large-Language-Models-play-StarCraftII/jev_runs/long-20m-001,259.64285714285717,EMPTY ACTION,0
Large-Language-Models-play-StarCraftII/jev_runs/long-20m-001,260.5357142857143,EMPTY ACTION,0
Large-Language-Models-play-StarCraftII/jev_runs/long-20m-001,261.7857142857143,EMPTY ACTION,0
Large-Language-Models-play-StarCraftII/jev_runs/long-20m-001,262.8571428571429,EMPTY ACTION,0
Large-Language-Models-play-StarCraftII/jev_runs/long-20m-001,263.92857142857144,BUILD SHIELDBATTERY,0
Large-Language-Models-play-StarCraftII/jev_runs/long-20m-001,265.0,EMPTY ACTION,0
Large-Language-Models-play-StarCraftII/jev_runs/long-20m-001,266.0714285714286,BUILD GATEWAY,1
Large-Language-Models-play-StarCraftII/jev_runs/long-20m-001,267.14285714285717,EMPTY ACTION,0
Large-Language-Models-play-StarCraftII/jev_runs/long-20m-001,268.2142857142857,EMPTY ACTION,0
Large-Language-Models-play-StarCraftII/jev_runs/long-20m-001,269.2857142857143,TRAIN PROBE,1
Large-Language-Models-play-StarCraftII/jev_runs/long-20m-001,270.3571428571429,EMPTY ACTION,0
Large-Language-Models-play-StarCraftII/jev_runs/long-20m-001,271.42857142857144,EMPTY ACTION,0
Large-Language-Models-play-StarCraftII/jev_runs/long-20m-001,272.5,TRAIN SENTRY,1
Large-Language-Models-play-StarCraftII/jev_runs/long-20m-001,273.5714285714286,SCOUTING PROBE,1
Large-Language-Models-play-StarCraftII/jev_runs/long-20m-001,274.64285714285717,EMPTY ACTION,0
Large-Language-Models-play-StarCraftII/jev_runs/long-20m-001,275.7142857142857,EMPTY ACTION,0
Large-Language-Models-play-StarCraftII/jev_runs/long-20m-001,276.6071428571429,EMPTY ACTION,0
Large-Language-Models-play-StarCraftII/jev_runs/long-20m-001,277.8571428571429,RESEARCH CHARGE,1
Large-Language-Models-play-StarCraftII/jev_runs/long-20m-001,278.92857142857144,EMPTY ACTION,0
Large-Language-Models-play-StarCraftII/jev_runs/long-20m-001,280.0,EMPTY ACTION,0
Large-Language-Models-play-StarCraftII/jev_runs/long-20m-001,281.0714285714286,TRAIN PROBE,1
Large-Language-Models-play-StarCraftII/jev_runs/long-20m-001,282.14285714285717,EMPTY ACTION,0
Large-Language-Models-play-StarCraftII/jev_runs/long-20m-001,283.0357142857143,EMPTY ACTION,0
Large-Language-Models-play-StarCraftII/jev_runs/long-20m-001,284.2857142857143,EMPTY ACTION,0
Large-Language-Models-play-StarCraftII/jev_runs/long-20m-001,285.3571428571429,EMPTY ACTION,0
Large-Language-Models-play-StarCraftII/jev_runs/long-20m-001,286.42857142857144,EMPTY ACTION,0
Large-Language-Models-play-StarCraftII/jev_runs/long-20m-001,287.5,BUILD SHIELDBATTERY,0
Large-Language-Models-play-StarCraftII/jev_runs/long-20m-001,288.5714285714286,EMPTY ACTION,0
Large-Language-Models-play-StarCraftII/jev_runs/long-20m-001,289.64285714285717,BUILD ROBOTICSFACILITY,1
Large-Language-Models-play-StarCraftII/jev_runs/long-20m-001,290.7142857142857,EMPTY ACTION,0
Large-Language-Models-play-StarCraftII/jev_runs/long-20m-001,291.7857142857143,EMPTY ACTION,0
Large-Language-Models-play-StarCraftII/jev_runs/long-20m-001,292.8571428571429,EMPTY ACTION,0
Large-Language-Models-play-StarCraftII/jev_runs/long-20m-001,293.92857142857144,TRAIN PROBE,1
Large-Language-Models-play-StarCraftII/jev_runs/long-20m-001,295.0,EMPTY ACTION,0
Large-Language-Models-play-StarCraftII/jev_runs/long-20m-001,296.0714285714286,EMPTY ACTION,0
Large-Language-Models-play-StarCraftII/jev_runs/long-20m-001,297.14285714285717,EMPTY ACTION,0
Large-Language-Models-play-StarCraftII/jev_runs/long-20m-001,298.2142857142857,EMPTY ACTION,0
Large-Language-Models-play-StarCraftII/jev_runs/long-20m-001,299.2857142857143,TRAIN ZEALOT,1
Large-Language-Models-play-StarCraftII/jev_runs/long-20m-001,300.3571428571429,EMPTY ACTION,0
Large-Language-Models-play-StarCraftII/jev_runs/long-20m-001,301.42857142857144,EMPTY ACTION,0
Large-Language-Models-play-StarCraftII/jev_runs/long-20m-001,302.5,EMPTY ACTION,0
Large-Language-Models-play-StarCraftII/jev_runs/long-20m-001,303.5714285714286,EMPTY ACTION,0
Large-Language-Models-play-StarCraftII/jev_runs/long-20m-001,304.4642857142857,RESEARCH PROTOSSAIRWEAPONSLEVEL1,1
Large-Language-Models-play-StarCraftII/jev_runs/long-20m-001,305.7142857142857,EMPTY ACTION,0
Large-Language-Models-play-StarCraftII/jev_runs/long-20m-001,306.9642857142857,EMPTY ACTION,0
Large-Language-Models-play-StarCraftII/jev_runs/long-20m-001,307.8571428571429,TRAIN PROBE,1
Large-Language-Models-play-StarCraftII/jev_runs/long-20m-001,308.92857142857144,EMPTY ACTION,0
Large-Language-Models-play-StarCraftII/jev_runs/long-20m-001,310.0,EMPTY ACTION,0
Large-Language-Models-play-StarCraftII/jev_runs/long-20m-001,311.25,EMPTY ACTION,0
Large-Language-Models-play-StarCraftII/jev_runs/long-20m-001,312.14285714285717,EMPTY ACTION,0
Large-Language-Models-play-StarCraftII/jev_runs/long-20m-001,313.2142857142857,EMPTY ACTION,0
Large-Language-Models-play-StarCraftII/jev_runs/long-20m-001,314.2857142857143,EMPTY ACTION,0
Large-Language-Models-play-StarCraftII/jev_runs/long-20m-001,316.42857142857144,BUILD GATEWAY,1
Large-Language-Models-play-StarCraftII/jev_runs/long-20m-001,317.5,EMPTY ACTION,0
Large-Language-Models-play-StarCraftII/jev_runs/long-20m-001,318.5714285714286,CHRONOBOOST NEXUS,1
Large-Language-Models-play-StarCraftII/jev_runs/long-20m-001,319.64285714285717,EMPTY ACTION,0
Large-Language-Models-play-StarCraftII/jev_runs/long-20m-001,320.7142857142857,TRAIN PROBE,1
Large-Language-Models-play-StarCraftII/jev_runs/long-20m-001,321.78571428571433,EMPTY ACTION,0
Large-Language-Models-play-StarCraftII/jev_runs/long-20m-001,322.8571428571429,EMPTY ACTION,0
Large-Language-Models-play-StarCraftII/jev_runs/long-20m-001,323.92857142857144,EMPTY ACTION,0
Large-Language-Models-play-StarCraftII/jev_runs/long-20m-001,325.17857142857144,TRAIN ZEALOT,1
Large-Language-Models-play-StarCraftII/jev_runs/long-20m-001,326.0714285714286,EMPTY ACTION,0
Large-Language-Models-play-StarCraftII/jev_runs/long-20m-001,326.9642857142857,EMPTY ACTION,0
Large-Language-Models-play-StarCraftII/jev_runs/long-20m-001,328.2142857142857,SCOUTING ZEALOT,1
Large-Language-Models-play-StarCraftII/jev_runs/long-20m-001,329.28571428571433,EMPTY ACTION,0
Large-Language-Models-play-StarCraftII/jev_runs/long-20m-001,330.3571428571429,TRAIN PROBE,1
Large-Language-Models-play-StarCraftII/jev_runs/long-20m-001,331.42857142857144,EMPTY ACTION,0
Large-Language-Models-play-StarCraftII/jev_runs/long-20m-001,332.5,EMPTY ACTION,0
Large-Language-Models-play-StarCraftII/jev_runs/long-20m-001,333.5714285714286,EMPTY ACTION,0
Large-Language-Models-play-StarCraftII/jev_runs/long-20m-001,334.64285714285717,BUILD PYLON,1
Large-Language-Models-play-StarCraftII/jev_runs/long-20m-001,335.7142857142857,EMPTY ACTION,0
Large-Language-Models-play-StarCraftII/jev_runs/long-20m-001,336.78571428571433,EMPTY ACTION,0
Large-Language-Models-play-StarCraftII/jev_runs/long-20m-001,337.8571428571429,EMPTY ACTION,0
Large-Language-Models-play-StarCraftII/jev_runs/long-20m-001,338.92857142857144,EMPTY ACTION,0
Large-Language-Models-play-StarCraftII/jev_runs/long-20m-001,340.0,TRAIN PROBE,1
Large-Language-Models-play-StarCraftII/jev_runs/long-20m-001,341.0714285714286,EMPTY ACTION,0
Large-Language-Models-play-StarCraftII/jev_runs/long-20m-001,342.14285714285717,EMPTY ACTION,0
Large-Language-Models-play-StarCraftII/jev_runs/long-20m-001,343.2142857142857,EMPTY ACTION,0
Large-Language-Models-play-StarCraftII/jev_runs/long-20m-001,344.28571428571433,EMPTY ACTION,0
Large-Language-Models-play-StarCraftII/jev_runs/long-20m-001,345.3571428571429,BUILD STARGATE,1
Large-Language-Models-play-StarCraftII/jev_runs/long-20m-001,346.42857142857144,EMPTY ACTION,0
Large-Language-Models-play-StarCraftII/jev_runs/long-20m-001,347.5,EMPTY ACTION,0
Large-Language-Models-play-StarCraftII/jev_runs/long-20m-001,348.5714285714286,EMPTY ACTION,0
Large-Language-Models-play-StarCraftII/jev_runs/long-20m-001,349.64285714285717,EMPTY ACTION,0
Large-Language-Models-play-StarCraftII/jev_runs/long-20m-001,350.7142857142857,EMPTY ACTION,0
Large-Language-Models-play-StarCraftII/jev_runs/long-20m-001,351.78571428571433,EMPTY ACTION,0
Large-Language-Models-play-StarCraftII/jev_runs/long-20m-001,352.8571428571429,EMPTY ACTION,0
Large-Language-Models-play-StarCraftII/jev_runs/long-20m-001,353.92857142857144,EMPTY ACTION,0
Large-Language-Models-play-StarCraftII/jev_runs/long-20m-001,354.8214285714286,EMPTY ACTION,0
Large-Language-Models-play-StarCraftII/jev_runs/long-20m-001,355.89285714285717,EMPTY ACTION,0
Large-Language-Models-play-StarCraftII/jev_runs/long-20m-001,357.14285714285717,EMPTY ACTION,0
Large-Language-Models-play-StarCraftII/jev_runs/long-20m-001,358.39285714285717,EMPTY ACTION,0
Large-Language-Models-play-StarCraftII/jev_runs/long-20m-001,359.28571428571433,EMPTY ACTION,0
Large-Language-Models-play-StarCraftII/jev_runs/long-20m-001,360.3571428571429,EMPTY ACTION,0
Large-Language-Models-play-StarCraftII/jev_runs/long-20m-001,361.6071428571429,MULTI-RETREAT,4
Large-Language-Models-play-StarCraftII/jev_runs/long-20m-001,362.5,TRAIN STALKER,1
Large-Language-Models-play-StarCraftII/jev_runs/long-20m-001,363.5714285714286,TRAIN PROBE,1
Large-Language-Models-play-StarCraftII/jev_runs/long-20m-001,364.64285714285717,BUILD PYLON,1
Large-Language-Models-play-StarCraftII/jev_runs/long-20m-001,365.7142857142857,TRAIN ZEALOT,1
Large-Language-Models-play-StarCraftII/jev_runs/long-20m-001,366.78571428571433,TRAIN OBSERVER,1
Large-Language-Models-play-StarCraftII/jev_runs/long-20m-001,368.03571428571433,TRAIN ZEALOT,1
Large-Language-Models-play-StarCraftII/jev_runs/long-20m-001,368.92857142857144,EMPTY ACTION,0
Large-Language-Models-play-StarCraftII/jev_runs/long-20m-001,370.0,EMPTY ACTION,0
Large-Language-Models-play-StarCraftII/jev_runs/long-20m-001,370.89285714285717,TRAIN ZEALOT,1
Large-Language-Models-play-StarCraftII/jev_runs/long-20m-001,372.3214285714286,EMPTY ACTION,0
Large-Language-Models-play-StarCraftII/jev_runs/long-20m-001,373.2142857142857,EMPTY ACTION,0
Large-Language-Models-play-StarCraftII/jev_runs/long-20m-001,374.28571428571433,EMPTY ACTION,0
Large-Language-Models-play-StarCraftII/jev_runs/long-20m-001,375.3571428571429,BUILD GATEWAY,1
Large-Language-Models-play-StarCraftII/jev_runs/long-20m-001,376.42857142857144,EMPTY ACTION,0
Large-Language-Models-play-StarCraftII/jev_runs/long-20m-001,377.5,TRAIN PROBE,1
Large-Language-Models-play-StarCraftII/jev_runs/long-20m-001,378.5714285714286,EMPTY ACTION,0
Large-Language-Models-play-StarCraftII/jev_runs/long-20m-001,379.64285714285717,EMPTY ACTION,0
Large-Language-Models-play-StarCraftII/jev_runs/long-20m-001,380.7142857142857,EMPTY ACTION,0
Large-Language-Models-play-StarCraftII/jev_runs/long-20m-001,381.78571428571433,CHRONOBOOST NEXUS,1
Large-Language-Models-play-StarCraftII/jev_runs/long-20m-001,382.8571428571429,SCOUTING PROBE,1
Large-Language-Models-play-StarCraftII/jev_runs/long-20m-001,383.92857142857144,TRAIN ZEALOT,1
Large-Language-Models-play-StarCraftII/jev_runs/long-20m-001,385.0,EMPTY ACTION,0
Large-Language-Models-play-StarCraftII/jev_runs/long-20m-001,386.0714285714286,TRAIN OBSERVER,1
Large-Language-Models-play-StarCraftII/jev_runs/long-20m-001,387.14285714285717,EMPTY ACTION,0
Large-Language-Models-play-StarCraftII/jev_runs/long-20m-001,388.2142857142857,TRAIN PROBE,1
Large-Language-Models-play-StarCraftII/jev_runs/long-20m-001,389.28571428571433,EMPTY ACTION,0
Large-Language-Models-play-StarCraftII/jev_runs/long-20m-001,390.3571428571429,EMPTY ACTION,0
Large-Language-Models-play-StarCraftII/jev_runs/long-20m-001,391.25,EMPTY ACTION,0
Large-Language-Models-play-StarCraftII/jev_runs/long-20m-001,392.5,TRAIN ADEPT,1
Large-Language-Models-play-StarCraftII/jev_runs/long-20m-001,393.5714285714286,TRAIN ZEALOT,1
Large-Language-Models-play-StarCraftII/jev_runs/long-20m-001,394.64285714285717,EMPTY ACTION,0
Large-Language-Models-play-StarCraftII/jev_runs/long-20m-001,395.53571428571433,EMPTY ACTION,0
Large-Language-Models-play-StarCraftII/jev_runs/long-20m-001,396.78571428571433,EMPTY ACTION,0
Large-Language-Models-play-StarCraftII/jev_runs/long-20m-001,397.8571428571429,TRAIN PROBE,1
Large-Language-Models-play-StarCraftII/jev_runs/long-20m-001,398.92857142857144,EMPTY ACTION,0
Large-Language-Models-play-StarCraftII/jev_runs/long-20m-001,400.0,TRAIN ZEALOT,1
Large-Language-Models-play-StarCraftII/jev_runs/long-20m-001,401.0714285714286,EMPTY ACTION,0
Large-Language-Models-play-StarCraftII/jev_runs/long-20m-001,402.14285714285717,EMPTY ACTION,0
Large-Language-Models-play-StarCraftII/jev_runs/long-20m-001,403.2142857142857,EMPTY ACTION,0
Large-Language-Models-play-StarCraftII/jev_runs/long-20m-001,404.28571428571433,EMPTY ACTION,0
Large-Language-Models-play-StarCraftII/jev_runs/long-20m-001,405.3571428571429,EMPTY ACTION,0
Large-Language-Models-play-StarCraftII/jev_runs/long-20m-001,406.42857142857144,EMPTY ACTION,0
Large-Language-Models-play-StarCraftII/jev_runs/long-20m-001,407.5,TRAIN STALKER,1
Large-Language-Models-play-StarCraftII/jev_runs/long-20m-001,408.5714285714286,TRAIN PROBE,1
Large-Language-Models-play-StarCraftII/jev_runs/long-20m-001,409.64285714285717,EMPTY ACTION,0
Large-Language-Models-play-StarCraftII/jev_runs/long-20m-001,410.7142857142857,EMPTY ACTION,0
Large-Language-Models-play-StarCraftII/jev_runs/long-20m-001,411.78571428571433,EMPTY ACTION,0
Large-Language-Models-play-StarCraftII/jev_runs/long-20m-001,412.8571428571429,EMPTY ACTION,0
Large-Language-Models-play-StarCraftII/jev_runs/long-20m-001,413.92857142857144,BUILD PYLON,1
Large-Language-Models-play-StarCraftII/jev_runs/long-20m-001,415.0,EMPTY ACTION,0
Large-Language-Models-play-StarCraftII/jev_runs/long-20m-001,416.0714285714286,EMPTY ACTION,0
Large-Language-Models-play-StarCraftII/jev_runs/long-20m-001,417.14285714285717,TRAIN SENTRY,1
Large-Language-Models-play-StarCraftII/jev_runs/long-20m-001,418.2142857142857,EMPTY ACTION,0
Large-Language-Models-play-StarCraftII/jev_runs/long-20m-001,419.4642857142857,EMPTY ACTION,0
Large-Language-Models-play-StarCraftII/jev_runs/long-20m-001,420.3571428571429,EMPTY ACTION,0
Large-Language-Models-play-StarCraftII/jev_runs/long-20m-001,421.42857142857144,TRAIN PROBE,1
Large-Language-Models-play-StarCraftII/jev_runs/long-20m-001,422.3214285714286,EMPTY ACTION,0
Large-Language-Models-play-StarCraftII/jev_runs/long-20m-001,423.5714285714286,EMPTY ACTION,0
Large-Language-Models-play-StarCraftII/jev_runs/long-20m-001,424.8214285714286,EMPTY ACTION,0
Large-Language-Models-play-StarCraftII/jev_runs/long-20m-001,425.7142857142857,EMPTY ACTION,0
Large-Language-Models-play-StarCraftII/jev_runs/long-20m-001,426.9642857142857,EMPTY ACTION,0
Large-Language-Models-play-StarCraftII/jev_runs/long-20m-001,427.8571428571429,EMPTY ACTION,0
Large-Language-Models-play-StarCraftII/jev_runs/long-20m-001,428.92857142857144,EMPTY ACTION,0
Large-Language-Models-play-StarCraftII/jev_runs/long-20m-001,430.0,EMPTY ACTION,0
Large-Language-Models-play-StarCraftII/jev_runs/long-20m-001,431.0714285714286,EMPTY ACTION,0
Large-Language-Models-play-StarCraftII/jev_runs/long-20m-001,432.14285714285717,BUILD GATEWAY,1
Large-Language-Models-play-StarCraftII/jev_runs/long-20m-001,433.2142857142857,EMPTY ACTION,0
Large-Language-Models-play-StarCraftII/jev_runs/long-20m-001,434.28571428571433,TRAIN PROBE,1
Large-Language-Models-play-StarCraftII/jev_runs/long-20m-001,435.3571428571429,TRAIN SENTRY,1
Large-Language-Models-play-StarCraftII/jev_runs/long-20m-001,436.42857142857144,TRAIN ZEALOT,1
Large-Language-Models-play-StarCraftII/jev_runs/long-20m-001,437.5,TRAIN STALKER,1
Large-Language-Models-play-StarCraftII/jev_runs/long-20m-001,438.5714285714286,SCOUTING OBSERVER,1
Large-Language-Models-play-StarCraftII/jev_runs/long-20m-001,439.64285714285717,EMPTY ACTION,0
Large-Language-Models-play-StarCraftII/jev_runs/long-20m-001,440.7142857142857,EMPTY ACTION,0
Large-Language-Models-play-StarCraftII/jev_runs/long-20m-001,441.78571428571433,EMPTY ACTION,0
Large-Language-Models-play-StarCraftII/jev_runs/long-20m-001,442.8571428571429,EMPTY ACTION,0
Large-Language-Models-play-StarCraftII/jev_runs/long-20m-001,443.92857142857144,EMPTY ACTION,0
Large-Language-Models-play-StarCraftII/jev_runs/long-20m-001,445.0,RESEARCH BLINKTECH,1
Large-Language-Models-play-StarCraftII/jev_runs/long-20m-001,446.0714285714286,TRAIN ZEALOT,1
Large-Language-Models-play-StarCraftII/jev_runs/long-20m-001,447.14285714285717,TRAIN ZEALOT,1
Large-Language-Models-play-StarCraftII/jev_runs/long-20m-001,448.2142857142857,TRAIN PROBE,1
Large-Language-Models-play-StarCraftII/jev_runs/long-20m-001,449.28571428571433,TRAIN ZEALOT,1
Large-Language-Models-play-StarCraftII/jev_runs/long-20m-001,450.3571428571429,CHRONOBOOST NEXUS,1
Large-Language-Models-play-StarCraftII/jev_runs/long-20m-001,451.42857142857144,BUILD PYLON,1
Large-Language-Models-play-StarCraftII/jev_runs/long-20m-001,452.50000000000006,EMPTY ACTION,0
Large-Language-Models-play-StarCraftII/jev_runs/long-20m-001,453.5714285714286,EMPTY ACTION,0
Large-Language-Models-play-StarCraftII/jev_runs/long-20m-001,454.64285714285717,EMPTY ACTION,0
Large-Language-Models-play-StarCraftII/jev_runs/long-20m-001,455.7142857142857,EMPTY ACTION,0
Large-Language-Models-play-StarCraftII/jev_runs/long-20m-001,456.9642857142857,TRAIN ZEALOT,1
Large-Language-Models-play-StarCraftII/jev_runs/long-20m-001,457.8571428571429,EMPTY ACTION,0
Large-Language-Models-play-StarCraftII/jev_runs/long-20m-001,458.92857142857144,TRAIN PROBE,1
Large-Language-Models-play-StarCraftII/jev_runs/long-20m-001,460.00000000000006,EMPTY ACTION,0
Large-Language-Models-play-StarCraftII/jev_runs/long-20m-001,461.0714285714286,EMPTY ACTION,0
Large-Language-Models-play-StarCraftII/jev_runs/long-20m-001,462.3214285714286,EMPTY ACTION,0
Large-Language-Models-play-StarCraftII/jev_runs/long-20m-001,463.2142857142857,TRAIN SENTRY,1
Large-Language-Models-play-StarCraftII/jev_runs/long-20m-001,464.28571428571433,EMPTY ACTION,0
Large-Language-Models-play-StarCraftII/jev_runs/long-20m-001,465.3571428571429,EMPTY ACTION,0
Large-Language-Models-play-StarCraftII/jev_runs/long-20m-001,466.42857142857144,EMPTY ACTION,0
Large-Language-Models-play-StarCraftII/jev_runs/long-20m-001,467.50000000000006,EMPTY ACTION,0
Large-Language-Models-play-StarCraftII/jev_runs/long-20m-001,468.5714285714286,EMPTY ACTION,0
Large-Language-Models-play-StarCraftII/jev_runs/long-20m-001,469.4642857142857,EMPTY ACTION,0
Large-Language-Models-play-StarCraftII/jev_runs/long-20m-001,470.7142857142857,EMPTY ACTION,0
Large-Language-Models-play-StarCraftII/jev_runs/long-20m-001,471.78571428571433,EMPTY ACTION,0
Large-Language-Models-play-StarCraftII/jev_runs/long-20m-001,472.8571428571429,TRAIN PROBE,1
Large-Language-Models-play-StarCraftII/jev_runs/long-20m-001,473.92857142857144,TRAIN ZEALOT,1
Large-Language-Models-play-StarCraftII/jev_runs/long-20m-001,475.00000000000006,BUILD PYLON,1
Large-Language-Models-play-StarCraftII/jev_runs/long-20m-001,476.0714285714286,EMPTY ACTION,0
Large-Language-Models-play-StarCraftII/jev_runs/long-20m-001,477.14285714285717,EMPTY ACTION,0
Large-Language-Models-play-StarCraftII/jev_runs/long-20m-001,478.2142857142857,EMPTY ACTION,0
Large-Language-Models-play-StarCraftII/jev_runs/long-20m-001,479.28571428571433,EMPTY ACTION,0
Large-Language-Models-play-StarCraftII/jev_runs/long-20m-001,480.3571428571429,TRAIN ADEPT,1
Large-Language-Models-play-StarCraftII/jev_runs/long-20m-001,481.42857142857144,TRAIN STALKER,1
Large-Language-Models-play-StarCraftII/jev_runs/long-20m-001,482.50000000000006,EMPTY ACTION,0
Large-Language-Models-play-StarCraftII/jev_runs/long-20m-001,483.39285714285717,TRAIN ZEALOT,1
Large-Language-Models-play-StarCraftII/jev_runs/long-20m-001,485.7142857142857,TRAIN PROBE,1
Large-Language-Models-play-StarCraftII/jev_runs/long-20m-001,486.78571428571433,TRAIN SENTRY,1
Large-Language-Models-play-StarCraftII/jev_runs/long-20m-001,487.8571428571429,TRAIN OBSERVER,1
Large-Language-Models-play-StarCraftII/jev_runs/long-20m-001,488.92857142857144,EMPTY ACTION,0
Large-Language-Models-play-StarCraftII/jev_runs/long-20m-001,490.00000000000006,EMPTY ACTION,0
Large-Language-Models-play-StarCraftII/jev_runs/long-20m-001,491.25000000000006,EMPTY ACTION,0
Large-Language-Models-play-StarCraftII/jev_runs/long-20m-001,492.14285714285717,EMPTY ACTION,0
Large-Language-Models-play-StarCraftII/jev_runs/long-20m-001,493.2142857142857,BUILD GATEWAY,1
Large-Language-Models-play-StarCraftII/jev_runs/long-20m-001,494.28571428571433,SCOUTING OBSERVER,1
Large-Language-Models-play-StarCraftII/jev_runs/long-20m-001,495.3571428571429,EMPTY ACTION,0
Large-Language-Models-play-StarCraftII/jev_runs/long-20m-001,496.42857142857144,EMPTY ACTION,0
Large-Language-Models-play-StarCraftII/jev_runs/long-20m-001,497.50000000000006,EMPTY ACTION,0
Large-Language-Models-play-StarCraftII/jev_runs/long-20m-001,498.5714285714286,TRAIN PROBE,1
Large-Language-Models-play-StarCraftII/jev_runs/long-20m-001,499.64285714285717,EMPTY ACTION,0
Large-Language-Models-play-StarCraftII/jev_runs/long-20m-001,500.7142857142857,TRAIN SENTRY,1
Large-Language-Models-play-StarCraftII/jev_runs/long-20m-001,501.78571428571433,EMPTY ACTION,0
Large-Language-Models-play-StarCraftII/jev_runs/long-20m-001,502.8571428571429,EMPTY ACTION,0
Large-Language-Models-play-StarCraftII/jev_runs/long-20m-001,503.75000000000006,EMPTY ACTION,0
Large-Language-Models-play-StarCraftII/jev_runs/long-20m-001,505.00000000000006,TRAIN ZEALOT,1
Large-Language-Models-play-StarCraftII/jev_runs/long-20m-001,506.0714285714286,BUILD PYLON,1
Large-Language-Models-play-StarCraftII/jev_runs/long-20m-001,507.50000000000006,EMPTY ACTION,0
Large-Language-Models-play-StarCraftII/jev_runs/long-20m-001,508.2142857142857,EMPTY ACTION,0
Large-Language-Models-play-StarCraftII/jev_runs/long-20m-001,509.28571428571433,CHRONOBOOST NEXUS,1
Large-Language-Models-play-StarCraftII/jev_runs/long-20m-001,510.3571428571429,EMPTY ACTION,0
Large-Language-Models-play-StarCraftII/jev_runs/long-20m-001,511.42857142857144,TRAIN PROBE,1
Large-Language-Models-play-StarCraftII/jev_runs/long-20m-001,512.5,EMPTY ACTION,0
Large-Language-Models-play-StarCraftII/jev_runs/long-20m-001,513.5714285714286,TRAIN ZEALOT,1
Large-Language-Models-play-StarCraftII/jev_runs/long-20m-001,514.6428571428572,TRAIN ADEPT,1
Large-Language-Models-play-StarCraftII/jev_runs/long-20m-001,515.3571428571429,TRAIN STALKER,1
Large-Language-Models-play-StarCraftII/jev_runs/long-20m-001,516.4285714285714,EMPTY ACTION,0
Large-Language-Models-play-StarCraftII/jev_runs/long-20m-001,517.6785714285714,EMPTY ACTION,0
Large-Language-Models-play-StarCraftII/jev_runs/long-20m-001,518.5714285714286,EMPTY ACTION,0
Large-Language-Models-play-StarCraftII/jev_runs/long-20m-001,519.6428571428572,EMPTY ACTION,0
Large-Language-Models-play-StarCraftII/jev_runs/long-20m-001,520.7142857142858,TRAIN PROBE,1
Large-Language-Models-play-StarCraftII/jev_runs/long-20m-001,521.7857142857143,EMPTY ACTION,0
Large-Language-Models-play-StarCraftII/jev_runs/long-20m-001,523.0357142857143,TRAIN ZEALOT,1
Large-Language-Models-play-StarCraftII/jev_runs/long-20m-001,524.4642857142858,TRAIN STALKER,1
Large-Language-Models-play-StarCraftII/jev_runs/long-20m-001,525.1785714285714,TRAIN ADEPT,1
Large-Language-Models-play-StarCraftII/jev_runs/long-20m-001,526.7857142857143,EMPTY ACTION,0
Large-Language-Models-play-StarCraftII/jev_runs/long-20m-001,527.5,TRAIN OBSERVER,1
Large-Language-Models-play-StarCraftII/jev_runs/long-20m-001,528.5714285714286,EMPTY ACTION,0
Large-Language-Models-play-StarCraftII/jev_runs/long-20m-001,529.6428571428572,EMPTY ACTION,0
Large-Language-Models-play-StarCraftII/jev_runs/long-20m-001,530.7142857142858,TRAIN PROBE,1
Large-Language-Models-play-StarCraftII/jev_runs/long-20m-001,531.7857142857143,EMPTY ACTION,0
Large-Language-Models-play-StarCraftII/jev_runs/long-20m-001,532.8571428571429,TRAIN ZEALOT,1
Large-Language-Models-play-StarCraftII/jev_runs/long-20m-001,533.9285714285714,EMPTY ACTION,0
Large-Language-Models-play-StarCraftII/jev_runs/long-20m-001,535.0,TRAIN STALKER,1
Large-Language-Models-play-StarCraftII/jev_runs/long-20m-001,536.0714285714286,EMPTY ACTION,0
Large-Language-Models-play-StarCraftII/jev_runs/long-20m-001,537.3214285714286,EMPTY ACTION,0
Large-Language-Models-play-StarCraftII/jev_runs/long-20m-001,538.2142857142858,EMPTY ACTION,0
Large-Language-Models-play-StarCraftII/jev_runs/long-20m-001,539.2857142857143,EMPTY ACTION,0
Large-Language-Models-play-StarCraftII/jev_runs/long-20m-001,540.3571428571429,TRAIN ADEPT,1
Large-Language-Models-play-StarCraftII/jev_runs/long-20m-001,541.4285714285714,EMPTY ACTION,0
Large-Language-Models-play-StarCraftII/jev_runs/long-20m-001,542.5,TRAIN ZEALOT,1
Large-Language-Models-play-StarCraftII/jev_runs/long-20m-001,543.5714285714286,EMPTY ACTION,0
Large-Language-Models-play-StarCraftII/jev_runs/long-20m-001,544.4642857142858,TRAIN PROBE,1
Large-Language-Models-play-StarCraftII/jev_runs/long-20m-001,545.5357142857143,BUILD PYLON,1
Large-Language-Models-play-StarCraftII/jev_runs/long-20m-001,546.7857142857143,EMPTY ACTION,0
Large-Language-Models-play-StarCraftII/jev_runs/long-20m-001,547.8571428571429,EMPTY ACTION,0
Large-Language-Models-play-StarCraftII/jev_runs/long-20m-001,548.9285714285714,SCOUTING OBSERVER,1
Large-Language-Models-play-StarCraftII/jev_runs/long-20m-001,550.0,TRAIN ZEALOT,1
Large-Language-Models-play-StarCraftII/jev_runs/long-20m-001,551.0714285714286,EMPTY ACTION,0
Large-Language-Models-play-StarCraftII/jev_runs/long-20m-001,552.1428571428572,EMPTY ACTION,0
Large-Language-Models-play-StarCraftII/jev_runs/long-20m-001,553.2142857142858,EMPTY ACTION,0
Large-Language-Models-play-StarCraftII/jev_runs/long-20m-001,554.2857142857143,EMPTY ACTION,0
Large-Language-Models-play-StarCraftII/jev_runs/long-20m-001,555.3571428571429,TRAIN SENTRY,1
Large-Language-Models-play-StarCraftII/jev_runs/long-20m-001,556.4285714285714,EMPTY ACTION,0
Large-Language-Models-play-StarCraftII/jev_runs/long-20m-001,557.5,TRAIN PROBE,1
Large-Language-Models-play-StarCraftII/jev_runs/long-20m-001,558.5714285714286,EMPTY ACTION,0
Large-Language-Models-play-StarCraftII/jev_runs/long-20m-001,559.6428571428572,EMPTY ACTION,0
Large-Language-Models-play-StarCraftII/jev_runs/long-20m-001,560.7142857142858,EMPTY ACTION,0
Large-Language-Models-play-StarCraftII/jev_runs/long-20m-001,561.9642857142858,EMPTY ACTION,0
Large-Language-Models-play-StarCraftII/jev_runs/long-20m-001,562.8571428571429,EMPTY ACTION,0
Large-Language-Models-play-StarCraftII/jev_runs/long-20m-001,563.9285714285714,TRAIN ZEALOT,1
Large-Language-Models-play-StarCraftII/jev_runs/long-20m-001,565.0,TRAIN ZEALOT,1
Large-Language-Models-play-StarCraftII/jev_runs/long-20m-001,566.0714285714286,TRAIN STALKER,1
Large-Language-Models-play-StarCraftII/jev_runs/long-20m-001,567.3214285714286,EMPTY ACTION,0
Large-Language-Models-play-StarCraftII/jev_runs/long-20m-001,568.2142857142858,BUILD GATEWAY,1
Large-Language-Models-play-StarCraftII/jev_runs/long-20m-001,569.2857142857143,EMPTY ACTION,0
Large-Language-Models-play-StarCraftII/jev_runs/long-20m-001,570.3571428571429,EMPTY ACTION,0
Large-Language-Models-play-StarCraftII/jev_runs/long-20m-001,571.4285714285714,EMPTY ACTION,0
Large-Language-Models-play-StarCraftII/jev_runs/long-20m-001,572.5,EMPTY ACTION,0
Large-Language-Models-play-StarCraftII/jev_runs/long-20m-001,573.9285714285714,EMPTY ACTION,0
Large-Language-Models-play-StarCraftII/jev_runs/long-20m-001,574.6428571428572,TRAIN PROBE,1
Large-Language-Models-play-StarCraftII/jev_runs/long-20m-001,575.7142857142858,TRAIN SENTRY,1
Large-Language-Models-play-StarCraftII/jev_runs/long-20m-001,576.7857142857143,CHRONOBOOST NEXUS,1
Large-Language-Models-play-StarCraftII/jev_runs/long-20m-001,578.0357142857143,EMPTY ACTION,0
Large-Language-Models-play-StarCraftII/jev_runs/long-20m-001,578.9285714285714,EMPTY ACTION,0
Large-Language-Models-play-StarCraftII/jev_runs/long-20m-001,580.1785714285714,EMPTY ACTION,0
Large-Language-Models-play-StarCraftII/jev_runs/long-20m-001,581.0714285714286,EMPTY ACTION,0
Large-Language-Models-play-StarCraftII/jev_runs/long-20m-001,582.3214285714286,EMPTY ACTION,0
Large-Language-Models-play-StarCraftII/jev_runs/long-20m-001,583.2142857142858,EMPTY ACTION,0
Large-Language-Models-play-StarCraftII/jev_runs/long-20m-001,584.2857142857143,BUILD PYLON,1
Large-Language-Models-play-StarCraftII/jev_runs/long-20m-001,585.3571428571429,EMPTY ACTION,0
Large-Language-Models-play-StarCraftII/jev_runs/long-20m-001,586.4285714285714,EMPTY ACTION,0
Large-Language-Models-play-StarCraftII/jev_runs/long-20m-001,587.5,EMPTY ACTION,0
Large-Language-Models-play-StarCraftII/jev_runs/long-20m-001,588.5714285714286,TRAIN PROBE,1
Large-Language-Models-play-StarCraftII/jev_runs/long-20m-001,589.6428571428572,EMPTY ACTION,0
Large-Language-Models-play-StarCraftII/jev_runs/long-20m-001,590.7142857142858,EMPTY ACTION,0
Large-Language-Models-play-StarCraftII/jev_runs/long-20m-001,591.7857142857143,EMPTY ACTION,0
Large-Language-Models-play-StarCraftII/jev_runs/long-20m-001,592.8571428571429,TRAIN SENTRY,1
Large-Language-Models-play-StarCraftII/jev_runs/long-20m-001,593.9285714285714,EMPTY ACTION,0
Large-Language-Models-play-StarCraftII/jev_runs/long-20m-001,595.0,EMPTY ACTION,0
Large-Language-Models-play-StarCraftII/jev_runs/long-20m-001,596.0714285714286,EMPTY ACTION,0
Large-Language-Models-play-StarCraftII/jev_runs/long-20m-001,597.1428571428572,TRAIN ZEALOT,1
Large-Language-Models-play-StarCraftII/jev_runs/long-20m-001,598.2142857142858,TRAIN PROBE,1
Large-Language-Models-play-StarCraftII/jev_runs/long-20m-001,599.4642857142858,EMPTY ACTION,0
Large-Language-Models-play-StarCraftII/jev_runs/long-20m-001,600.3571428571429,TRAIN ADEPT,1
Large-Language-Models-play-StarCraftII/jev_runs/long-20m-001,601.4285714285714,EMPTY ACTION,0
Large-Language-Models-play-StarCraftII/jev_runs/long-20m-001,602.5,EMPTY ACTION,0
Large-Language-Models-play-StarCraftII/jev_runs/long-20m-001,603.5714285714286,SCOUTING OBSERVER,1
Large-Language-Models-play-StarCraftII/jev_runs/long-20m-001,604.6428571428572,TRAIN SENTRY,1
Large-Language-Models-play-StarCraftII/jev_runs/long-20m-001,605.7142857142858,EMPTY ACTION,0
Large-Language-Models-play-StarCraftII/jev_runs/long-20m-001,606.6071428571429,EMPTY ACTION,0
Large-Language-Models-play-StarCraftII/jev_runs/long-20m-001,607.8571428571429,EMPTY ACTION,0
Large-Language-Models-play-StarCraftII/jev_runs/long-20m-001,608.9285714285714,EMPTY ACTION,0
Large-Language-Models-play-StarCraftII/jev_runs/long-20m-001,610.0,EMPTY ACTION,0
Large-Language-Models-play-StarCraftII/jev_runs/long-20m-001,611.0714285714286,TRAIN PROBE,1
Large-Language-Models-play-StarCraftII/jev_runs/long-20m-001,612.1428571428572,EMPTY ACTION,0
Large-Language-Models-play-StarCraftII/jev_runs/long-20m-001,613.2142857142858,EMPTY ACTION,0
Large-Language-Models-play-StarCraftII/jev_runs/long-20m-001,614.2857142857143,MULTI-ATTACK,17
Large-Language-Models-play-StarCraftII/jev_runs/long-20m-001,615.1785714285714,TRAIN SENTRY,1
Large-Language-Models-play-StarCraftII/jev_runs/long-20m-001,616.4285714285714,EMPTY ACTION,0
Large-Language-Models-play-StarCraftII/jev_runs/long-20m-001,617.5,EMPTY ACTION,0
Large-Language-Models-play-StarCraftII/jev_runs/long-20m-001,618.5714285714286,EMPTY ACTION,0
Large-Language-Models-play-StarCraftII/jev_runs/long-20m-001,620.7142857142858,EMPTY ACTION,0
Large-Language-Models-play-StarCraftII/jev_runs/long-20m-001,621.7857142857143,TRAIN ZEALOT,1
Large-Language-Models-play-StarCraftII/jev_runs/long-20m-001,622.8571428571429,EMPTY ACTION,0
Large-Language-Models-play-StarCraftII/jev_runs/long-20m-001,623.9285714285714,EMPTY ACTION,0
Large-Language-Models-play-StarCraftII/jev_runs/long-20m-001,625.0,EMPTY ACTION,0
Large-Language-Models-play-StarCraftII/jev_runs/long-20m-001,625.8928571428572,EMPTY ACTION,0
Large-Language-Models-play-StarCraftII/jev_runs/long-20m-001,627.1428571428572,TRAIN PROBE,1
Large-Language-Models-play-StarCraftII/jev_runs/long-20m-001,628.2142857142858,EMPTY ACTION,0
Large-Language-Models-play-StarCraftII/jev_runs/long-20m-001,629.2857142857143,EMPTY ACTION,0
Large-Language-Models-play-StarCraftII/jev_runs/long-20m-001,630.1785714285714,EMPTY ACTION,0
Large-Language-Models-play-StarCraftII/jev_runs/long-20m-001,631.4285714285714,EMPTY ACTION,0
Large-Language-Models-play-StarCraftII/jev_runs/long-20m-001,632.6785714285714,TRAIN SENTRY,1
Large-Language-Models-play-StarCraftII/jev_runs/long-20m-001,633.5714285714286,EMPTY ACTION,0
Large-Language-Models-play-StarCraftII/jev_runs/long-20m-001,634.6428571428572,EMPTY ACTION,0
Large-Language-Models-play-StarCraftII/jev_runs/long-20m-001,635.7142857142858,CHRONOBOOST NEXUS,1
Large-Language-Models-play-StarCraftII/jev_runs/long-20m-001,636.7857142857143,EMPTY ACTION,0
Large-Language-Models-play-StarCraftII/jev_runs/long-20m-001,637.8571428571429,EMPTY ACTION,0
Large-Language-Models-play-StarCraftII/jev_runs/long-20m-001,638.9285714285714,TRAIN PROBE,1
Large-Language-Models-play-StarCraftII/jev_runs/long-20m-001,640.0,EMPTY ACTION,0
Large-Language-Models-play-StarCraftII/jev_runs/long-20m-001,641.0714285714287,EMPTY ACTION,0
Large-Language-Models-play-StarCraftII/jev_runs/long-20m-001,642.1428571428572,EMPTY ACTION,0
Large-Language-Models-play-StarCraftII/jev_runs/long-20m-001,643.2142857142858,TRAIN SENTRY,1
Large-Language-Models-play-StarCraftII/jev_runs/long-20m-001,644.2857142857143,EMPTY ACTION,0
Large-Language-Models-play-StarCraftII/jev_runs/long-20m-001,645.3571428571429,EMPTY ACTION,0
Large-Language-Models-play-StarCraftII/jev_runs/long-20m-001,646.4285714285714,EMPTY ACTION,0
Large-Language-Models-play-StarCraftII/jev_runs/long-20m-001,647.5,EMPTY ACTION,0
Large-Language-Models-play-StarCraftII/jev_runs/long-20m-001,648.5714285714287,TRAIN PROBE,1
Large-Language-Models-play-StarCraftII/jev_runs/long-20m-001,649.6428571428572,EMPTY ACTION,0
Large-Language-Models-play-StarCraftII/jev_runs/long-20m-001,650.7142857142858,EMPTY ACTION,0
Large-Language-Models-play-StarCraftII/jev_runs/long-20m-001,651.7857142857143,EMPTY ACTION,0
Large-Language-Models-play-StarCraftII/jev_runs/long-20m-001,652.8571428571429,EMPTY ACTION,0
Large-Language-Models-play-StarCraftII/jev_runs/long-20m-001,653.9285714285714,TRAIN OBSERVER,1
Large-Language-Models-play-StarCraftII/jev_runs/long-20m-001,655.0,EMPTY ACTION,0
Large-Language-Models-play-StarCraftII/jev_runs/long-20m-001,656.0714285714287,EMPTY ACTION,0
Large-Language-Models-play-StarCraftII/jev_runs/long-20m-001,657.1428571428572,EMPTY ACTION,0
Large-Language-Models-play-StarCraftII/jev_runs/long-20m-001,658.2142857142858,TRAIN PROBE,1
Large-Language-Models-play-StarCraftII/jev_runs/long-20m-001,659.4642857142858,SCOUTING OBSERVER,1
Large-Language-Models-play-StarCraftII/jev_runs/long-20m-001,660.3571428571429,EMPTY ACTION,0
Large-Language-Models-play-StarCraftII/jev_runs/long-20m-001,661.4285714285714,EMPTY ACTION,0
Large-Language-Models-play-StarCraftII/jev_runs/long-20m-001,662.5,EMPTY ACTION,0
Large-Language-Models-play-StarCraftII/jev_runs/long-20m-001,663.5714285714287,EMPTY ACTION,0
Large-Language-Models-play-StarCraftII/jev_runs/long-20m-001,664.6428571428572,EMPTY ACTION,0
Large-Language-Models-play-StarCraftII/jev_runs/long-20m-001,665.7142857142858,EMPTY ACTION,0
Large-Language-Models-play-StarCraftII/jev_runs/long-20m-001,666.7857142857143,BUILD PYLON,1
Large-Language-Models-play-StarCraftII/jev_runs/long-20m-001,667.8571428571429,EMPTY ACTION,0
Large-Language-Models-play-StarCraftII/jev_runs/long-20m-001,668.9285714285714,EMPTY ACTION,0
Large-Language-Models-play-StarCraftII/jev_runs/long-20m-001,670.0,EMPTY ACTION,0
Large-Language-Models-play-StarCraftII/jev_runs/long-20m-001,671.0714285714287,EMPTY ACTION,0
Large-Language-Models-play-StarCraftII/jev_runs/long-20m-001,672.1428571428572,EMPTY ACTION,0
Large-Language-Models-play-StarCraftII/jev_runs/long-20m-001,673.2142857142858,EMPTY ACTION,0
Large-Language-Models-play-StarCraftII/jev_runs/long-20m-001,674.2857142857143,EMPTY ACTION,0
Large-Language-Models-play-StarCraftII/jev_runs/long-20m-001,675.3571428571429,EMPTY ACTION,0
Large-Language-Models-play-StarCraftII/jev_runs/long-20m-001,676.4285714285714,RESEARCH PROTOSSAIRARMORSLEVEL1,1
Large-Language-Models-play-StarCraftII/jev_runs/long-20m-001,677.5,EMPTY ACTION,0
Large-Language-Models-play-StarCraftII/jev_runs/long-20m-001,678.5714285714287,EMPTY ACTION,0
Large-Language-Models-play-StarCraftII/jev_runs/long-20m-001,679.6428571428572,EMPTY ACTION,0
Large-Language-Models-play-StarCraftII/jev_runs/long-20m-001,680.7142857142858,EMPTY ACTION,0
Large-Language-Models-play-StarCraftII/jev_runs/long-20m-001,681.7857142857143,EMPTY ACTION,0
Large-Language-Models-play-StarCraftII/jev_runs/long-20m-001,682.8571428571429,EMPTY ACTION,0
Large-Language-Models-play-StarCraftII/jev_runs/long-20m-001,683.9285714285714,EMPTY ACTION,0
Large-Language-Models-play-StarCraftII/jev_runs/long-20m-001,685.0,EMPTY ACTION,0
Large-Language-Models-play-StarCraftII/jev_runs/long-20m-001,686.25,MULTI-RETREAT,17
Large-Language-Models-play-StarCraftII/jev_runs/long-20m-001,687.1428571428572,EMPTY ACTION,0
Large-Language-Models-play-StarCraftII/jev_runs/long-20m-001,688.2142857142858,TRAIN PROBE,1
Large-Language-Models-play-StarCraftII/jev_runs/long-20m-001,689.2857142857143,TRAIN SENTRY,1
Large-Language-Models-play-StarCraftII/jev_runs/long-20m-001,690.3571428571429,EMPTY ACTION,0
Large-Language-Models-play-StarCraftII/jev_runs/long-20m-001,691.4285714285714,EMPTY ACTION,0
Large-Language-Models-play-StarCraftII/jev_runs/long-20m-001,692.5,EMPTY ACTION,0
Large-Language-Models-play-StarCraftII/jev_runs/long-20m-001,693.3928571428572,EMPTY ACTION,0
Large-Language-Models-play-StarCraftII/jev_runs/long-20m-001,694.6428571428572,EMPTY ACTION,0
Large-Language-Models-play-StarCraftII/jev_runs/long-20m-001,695.7142857142858,EMPTY ACTION,0
Large-Language-Models-play-StarCraftII/jev_runs/long-20m-001,696.7857142857143,EMPTY ACTION,0
Large-Language-Models-play-StarCraftII/jev_runs/long-20m-001,697.8571428571429,BUILD PYLON,1
Large-Language-Models-play-StarCraftII/jev_runs/long-20m-001,698.75,EMPTY ACTION,0
Large-Language-Models-play-StarCraftII/jev_runs/long-20m-001,700.0,CHRONOBOOST NEXUS,1
Large-Language-Models-play-StarCraftII/jev_runs/long-20m-001,700.8928571428572,EMPTY ACTION,0
Large-Language-Models-play-StarCraftII/jev_runs/long-20m-001,702.1428571428572,TRAIN PROBE,1
Large-Language-Models-play-StarCraftII/jev_runs/long-20m-001,703.3928571428572,EMPTY ACTION,0
Large-Language-Models-play-StarCraftII/jev_runs/long-20m-001,704.2857142857143,EMPTY ACTION,0
Large-Language-Models-play-StarCraftII/jev_runs/long-20m-001,705.3571428571429,EMPTY ACTION,0
Large-Language-Models-play-StarCraftII/jev_runs/long-20m-001,706.25,EMPTY ACTION,0
Large-Language-Models-play-StarCraftII/jev_runs/long-20m-001,707.3214285714287,EMPTY ACTION,0
Large-Language-Models-play-StarCraftII/jev_runs/long-20m-001,708.5714285714287,TRAIN SENTRY,1
Large-Language-Models-play-StarCraftII/jev_runs/long-20m-001,709.6428571428572,EMPTY ACTION,0
Large-Language-Models-play-StarCraftII/jev_runs/long-20m-001,710.7142857142858,EMPTY ACTION,0
Large-Language-Models-play-StarCraftII/jev_runs/long-20m-001,711.7857142857143,EMPTY ACTION,0
Large-Language-Models-play-StarCraftII/jev_runs/long-20m-001,712.8571428571429,TRAIN PROBE,1
Large-Language-Models-play-StarCraftII/jev_runs/long-20m-001,713.9285714285714,SCOUTING OBSERVER,1
Large-Language-Models-play-StarCraftII/jev_runs/long-20m-001,715.0,EMPTY ACTION,0
Large-Language-Models-play-StarCraftII/jev_runs/long-20m-001,716.0714285714287,EMPTY ACTION,0
Large-Language-Models-play-StarCraftII/jev_runs/long-20m-001,717.1428571428572,EMPTY ACTION,0
Large-Language-Models-play-StarCraftII/jev_runs/long-20m-001,718.3928571428572,EMPTY ACTION,0
Large-Language-Models-play-StarCraftII/jev_runs/long-20m-001,719.2857142857143,EMPTY ACTION,0
Large-Language-Models-play-StarCraftII/jev_runs/long-20m-001,720.3571428571429,EMPTY ACTION,0
Large-Language-Models-play-StarCraftII/jev_runs/long-20m-001,721.25,EMPTY ACTION,0
Large-Language-Models-play-StarCraftII/jev_runs/long-20m-001,722.5,TRAIN PROBE,1
Large-Language-Models-play-StarCraftII/jev_runs/long-20m-001,723.5714285714287,TRAIN OBSERVER,1
Large-Language-Models-play-StarCraftII/jev_runs/long-20m-001,724.6428571428572,EMPTY ACTION,0
Large-Language-Models-play-StarCraftII/jev_runs/long-20m-001,725.7142857142858,EMPTY ACTION,0
Large-Language-Models-play-StarCraftII/jev_runs/long-20m-001,726.7857142857143,EMPTY ACTION,0
Large-Language-Models-play-StarCraftII/jev_runs/long-20m-001,728.0357142857143,EMPTY ACTION,0
Large-Language-Models-play-StarCraftII/jev_runs/long-20m-001,728.9285714285714,EMPTY ACTION,0
Large-Language-Models-play-StarCraftII/jev_runs/long-20m-001,730.0,EMPTY ACTION,0
Large-Language-Models-play-StarCraftII/jev_runs/long-20m-001,731.0714285714287,EMPTY ACTION,0
Large-Language-Models-play-StarCraftII/jev_runs/long-20m-001,732.1428571428572,EMPTY ACTION,0
Large-Language-Models-play-StarCraftII/jev_runs/long-20m-001,733.3928571428572,EMPTY ACTION,0
Large-Language-Models-play-StarCraftII/jev_runs/long-20m-001,734.2857142857143,EMPTY ACTION,0
Large-Language-Models-play-StarCraftII/jev_runs/long-20m-001,735.3571428571429,TRAIN PROBE,1
Large-Language-Models-play-StarCraftII/jev_runs/long-20m-001,736.4285714285714,EMPTY ACTION,0
Large-Language-Models-play-StarCraftII/jev_runs/long-20m-001,737.5,EMPTY ACTION,0
Large-Language-Models-play-StarCraftII/jev_runs/long-20m-001,738.5714285714287,EMPTY ACTION,0
Large-Language-Models-play-StarCraftII/jev_runs/long-20m-001,739.6428571428572,TRAIN SENTRY,1
Large-Language-Models-play-StarCraftII/jev_runs/long-20m-001,740.7142857142858,EMPTY ACTION,0
Large-Language-Models-play-StarCraftII/jev_runs/long-20m-001,741.7857142857143,EMPTY ACTION,0
Large-Language-Models-play-StarCraftII/jev_runs/long-20m-001,742.8571428571429,EMPTY ACTION,0
Large-Language-Models-play-StarCraftII/jev_runs/long-20m-001,743.9285714285714,EMPTY ACTION,0
Large-Language-Models-play-StarCraftII/jev_runs/long-20m-001,745.0,EMPTY ACTION,0
Large-Language-Models-play-StarCraftII/jev_runs/long-20m-001,746.25,EMPTY ACTION,0
Large-Language-Models-play-StarCraftII/jev_runs/long-20m-001,747.1428571428572,EMPTY ACTION,0
Large-Language-Models-play-StarCraftII/jev_runs/long-20m-001,748.2142857142858,TRAIN PROBE,1
Large-Language-Models-play-StarCraftII/jev_runs/long-20m-001,749.4642857142858,EMPTY ACTION,0
Large-Language-Models-play-StarCraftII/jev_runs/long-20m-001,750.3571428571429,EMPTY ACTION,0
Large-Language-Models-play-StarCraftII/jev_runs/long-20m-001,751.4285714285714,EMPTY ACTION,0
Large-Language-Models-play-StarCraftII/jev_runs/long-20m-001,752.5,EMPTY ACTION,0
Large-Language-Models-play-StarCraftII/jev_runs/long-20m-001,753.5714285714287,TRAIN OBSERVER,1
Large-Language-Models-play-StarCraftII/jev_runs/long-20m-001,754.6428571428572,EMPTY ACTION,0
Large-Language-Models-play-StarCraftII/jev_runs/long-20m-001,755.7142857142858,EMPTY ACTION,0
Large-Language-Models-play-StarCraftII/jev_runs/long-20m-001,756.9642857142858,EMPTY ACTION,0
Large-Language-Models-play-StarCraftII/jev_runs/long-20m-001,757.8571428571429,EMPTY ACTION,0
Large-Language-Models-play-StarCraftII/jev_runs/long-20m-001,758.75,EMPTY ACTION,0
Large-Language-Models-play-StarCraftII/jev_runs/long-20m-001,760.0,EMPTY ACTION,0
Large-Language-Models-play-StarCraftII/jev_runs/long-20m-001,761.0714285714287,EMPTY ACTION,0
Large-Language-Models-play-StarCraftII/jev_runs/long-20m-001,762.1428571428572,TRAIN PROBE,1
Large-Language-Models-play-StarCraftII/jev_runs/long-20m-001,763.2142857142858,CHRONOBOOST NEXUS,1
Large-Language-Models-play-StarCraftII/jev_runs/long-20m-001,764.1071428571429,EMPTY ACTION,0
Large-Language-Models-play-StarCraftII/jev_runs/long-20m-001,765.3571428571429,EMPTY ACTION,0
Large-Language-Models-play-StarCraftII/jev_runs/long-20m-001,766.25,EMPTY ACTION,0
Large-Language-Models-play-StarCraftII/jev_runs/long-20m-001,767.5,EMPTY ACTION,0
Large-Language-Models-play-StarCraftII/jev_runs/long-20m-001,768.5714285714287,SCOUTING OBSERVER,1
Large-Language-Models-play-StarCraftII/jev_runs/long-20m-001,769.6428571428572,EMPTY ACTION,0
Large-Language-Models-play-StarCraftII/jev_runs/long-20m-001,770.8928571428572,EMPTY ACTION,0
Large-Language-Models-play-StarCraftII/jev_runs/long-20m-001,771.7857142857143,TRAIN PROBE,1
Large-Language-Models-play-StarCraftII/jev_runs/long-20m-001,772.8571428571429,EMPTY ACTION,0
Large-Language-Models-play-StarCraftII/jev_runs/long-20m-001,773.9285714285714,EMPTY ACTION,0
Large-Language-Models-play-StarCraftII/jev_runs/long-20m-001,775.0,EMPTY ACTION,0
Large-Language-Models-play-StarCraftII/jev_runs/long-20m-001,776.0714285714287,EMPTY ACTION,0
Large-Language-Models-play-StarCraftII/jev_runs/long-20m-001,777.1428571428572,EMPTY ACTION,0
Large-Language-Models-play-StarCraftII/jev_runs/long-20m-001,778.2142857142858,EMPTY ACTION,0
Large-Language-Models-play-StarCraftII/jev_runs/long-20m-001,779.2857142857143,EMPTY ACTION,0
Large-Language-Models-play-StarCraftII/jev_runs/long-20m-001,780.5357142857143,EMPTY ACTION,0
Large-Language-Models-play-StarCraftII/jev_runs/long-20m-001,781.6071428571429,EMPTY ACTION,0
Large-Language-Models-play-StarCraftII/jev_runs/long-20m-001,782.5,TRAIN PROBE,1
Large-Language-Models-play-StarCraftII/jev_runs/long-20m-001,783.5714285714287,EMPTY ACTION,0
Large-Language-Models-play-StarCraftII/jev_runs/long-20m-001,784.6428571428572,EMPTY ACTION,0
Large-Language-Models-play-StarCraftII/jev_runs/long-20m-001,785.7142857142858,EMPTY ACTION,0
Large-Language-Models-play-StarCraftII/jev_runs/long-20m-001,786.7857142857143,EMPTY ACTION,0
Large-Language-Models-play-StarCraftII/jev_runs/long-20m-001,787.8571428571429,EMPTY ACTION,0
Large-Language-Models-play-StarCraftII/jev_runs/long-20m-001,788.9285714285714,EMPTY ACTION,0
Large-Language-Models-play-StarCraftII/jev_runs/long-20m-001,790.0,EMPTY ACTION,0
Large-Language-Models-play-StarCraftII/jev_runs/long-20m-001,791.0714285714287,EMPTY ACTION,0
Large-Language-Models-play-StarCraftII/jev_runs/long-20m-001,792.1428571428572,EMPTY ACTION,0
Large-Language-Models-play-StarCraftII/jev_runs/long-20m-001,793.3928571428572,EMPTY ACTION,0
Large-Language-Models-play-StarCraftII/jev_runs/long-20m-001,794.2857142857143,EMPTY ACTION,0
Large-Language-Models-play-StarCraftII/jev_runs/long-20m-001,795.3571428571429,TRAIN PROBE,1
Large-Language-Models-play-StarCraftII/jev_runs/long-20m-001,796.4285714285714,EMPTY ACTION,0
Large-Language-Models-play-StarCraftII/jev_runs/long-20m-001,797.5,EMPTY ACTION,0
Large-Language-Models-play-StarCraftII/jev_runs/long-20m-001,798.5714285714287,EMPTY ACTION,0
Large-Language-Models-play-StarCraftII/jev_runs/long-20m-001,799.8214285714287,EMPTY ACTION,0
Large-Language-Models-play-StarCraftII/jev_runs/long-20m-001,800.7142857142858,EMPTY ACTION,0
Large-Language-Models-play-StarCraftII/jev_runs/long-20m-001,801.7857142857143,TRAIN OBSERVER,1
Large-Language-Models-play-StarCraftII/jev_runs/long-20m-001,802.8571428571429,EMPTY ACTION,0
Large-Language-Models-play-StarCraftII/jev_runs/long-20m-001,803.9285714285714,EMPTY ACTION,0
Large-Language-Models-play-StarCraftII/jev_runs/long-20m-001,805.0,EMPTY ACTION,0
Large-Language-Models-play-StarCraftII/jev_runs/long-20m-001,806.0714285714287,EMPTY ACTION,0
Large-Language-Models-play-StarCraftII/jev_runs/long-20m-001,807.1428571428572,EMPTY ACTION,0
Large-Language-Models-play-StarCraftII/jev_runs/long-20m-001,808.2142857142858,EMPTY ACTION,0
Large-Language-Models-play-StarCraftII/jev_runs/long-20m-001,809.2857142857143,EMPTY ACTION,0
Large-Language-Models-play-StarCraftII/jev_runs/long-20m-001,810.3571428571429,EMPTY ACTION,0
Large-Language-Models-play-StarCraftII/jev_runs/long-20m-001,811.4285714285714,EMPTY ACTION,0
Large-Language-Models-play-StarCraftII/jev_runs/long-20m-001,812.5,EMPTY ACTION,0
Large-Language-Models-play-StarCraftII/jev_runs/long-20m-001,813.5714285714287,EMPTY ACTION,0
Large-Language-Models-play-StarCraftII/jev_runs/long-20m-001,814.6428571428572,EMPTY ACTION,0
Large-Language-Models-play-StarCraftII/jev_runs/long-20m-001,815.8928571428572,EMPTY ACTION,0
Large-Language-Models-play-StarCraftII/jev_runs/long-20m-001,816.9642857142858,EMPTY ACTION,0
Large-Language-Models-play-StarCraftII/jev_runs/long-20m-001,817.8571428571429,EMPTY ACTION,0
Large-Language-Models-play-StarCraftII/jev_runs/long-20m-001,818.9285714285714,BUILD PYLON,1
Large-Language-Models-play-StarCraftII/jev_runs/long-20m-001,820.0,EMPTY ACTION,0
Large-Language-Models-play-StarCraftII/jev_runs/long-20m-001,821.0714285714287,EMPTY ACTION,0
Large-Language-Models-play-StarCraftII/jev_runs/long-20m-001,822.1428571428572,EMPTY ACTION,0
Large-Language-Models-play-StarCraftII/jev_runs/long-20m-001,823.2142857142858,SCOUTING OBSERVER,1
Large-Language-Models-play-StarCraftII/jev_runs/long-20m-001,824.2857142857143,EMPTY ACTION,0
Large-Language-Models-play-StarCraftII/jev_runs/long-20m-001,825.3571428571429,EMPTY ACTION,0
Large-Language-Models-play-StarCraftII/jev_runs/long-20m-001,826.4285714285714,EMPTY ACTION,0
Large-Language-Models-play-StarCraftII/jev_runs/long-20m-001,827.5,EMPTY ACTION,0
Large-Language-Models-play-StarCraftII/jev_runs/long-20m-001,828.5714285714287,EMPTY ACTION,0
Large-Language-Models-play-StarCraftII/jev_runs/long-20m-001,829.6428571428572,EMPTY ACTION,0
Large-Language-Models-play-StarCraftII/jev_runs/long-20m-001,830.5357142857143,EMPTY ACTION,0
Large-Language-Models-play-StarCraftII/jev_runs/long-20m-001,831.9642857142858,EMPTY ACTION,0
Large-Language-Models-play-StarCraftII/jev_runs/long-20m-001,832.8571428571429,EMPTY ACTION,0
Large-Language-Models-play-StarCraftII/jev_runs/long-20m-001,833.9285714285714,MULTI-ATTACK,17
Large-Language-Models-play-StarCraftII/jev_runs/long-20m-001,834.8214285714287,MULTI-RETREAT,13
Large-Language-Models-play-StarCraftII/jev_runs/long-20m-001,836.0714285714287,EMPTY ACTION,0
Large-Language-Models-play-StarCraftII/jev_runs/long-20m-001,837.1428571428572,TRAIN PROBE,1
Large-Language-Models-play-StarCraftII/jev_runs/long-20m-001,838.2142857142858,EMPTY ACTION,0
Large-Language-Models-play-StarCraftII/jev_runs/long-20m-001,839.2857142857143,EMPTY ACTION,0
Large-Language-Models-play-StarCraftII/jev_runs/long-20m-001,840.3571428571429,EMPTY ACTION,0
Large-Language-Models-play-StarCraftII/jev_runs/long-20m-001,841.4285714285714,CHRONOBOOST NEXUS,1
Large-Language-Models-play-StarCraftII/jev_runs/long-20m-001,842.3214285714287,EMPTY ACTION,0
Large-Language-Models-play-StarCraftII/jev_runs/long-20m-001,843.75,EMPTY ACTION,0
Large-Language-Models-play-StarCraftII/jev_runs/long-20m-001,844.4642857142858,EMPTY ACTION,0
Large-Language-Models-play-StarCraftII/jev_runs/long-20m-001,845.7142857142858,EMPTY ACTION,0
Large-Language-Models-play-StarCraftII/jev_runs/long-20m-001,846.7857142857143,EMPTY ACTION,0
Large-Language-Models-play-StarCraftII/jev_runs/long-20m-001,847.8571428571429,EMPTY ACTION,0
Large-Language-Models-play-StarCraftII/jev_runs/long-20m-001,848.9285714285714,EMPTY ACTION,0
Large-Language-Models-play-StarCraftII/jev_runs/long-20m-001,850.0,EMPTY ACTION,0
Large-Language-Models-play-StarCraftII/jev_runs/long-20m-001,851.0714285714287,EMPTY ACTION,0
Large-Language-Models-play-StarCraftII/jev_runs/long-20m-001,852.1428571428572,EMPTY ACTION,0
Large-Language-Models-play-StarCraftII/jev_runs/long-20m-001,853.2142857142858,EMPTY ACTION,0
Large-Language-Models-play-StarCraftII/jev_runs/long-20m-001,854.2857142857143,EMPTY ACTION,0
Large-Language-Models-play-StarCraftII/jev_runs/long-20m-001,855.3571428571429,EMPTY ACTION,0
Large-Language-Models-play-StarCraftII/jev_runs/long-20m-001,856.4285714285714,EMPTY ACTION,0
Large-Language-Models-play-StarCraftII/jev_runs/long-20m-001,857.5,EMPTY ACTION,0
Large-Language-Models-play-StarCraftII/jev_runs/long-20m-001,858.3928571428572,EMPTY ACTION,0
Large-Language-Models-play-StarCraftII/jev_runs/long-20m-001,859.6428571428572,EMPTY ACTION,0
Large-Language-Models-play-StarCraftII/jev_runs/long-20m-001,860.5357142857143,EMPTY ACTION,0
Large-Language-Models-play-StarCraftII/jev_runs/long-20m-001,861.7857142857143,EMPTY ACTION,0
Large-Language-Models-play-StarCraftII/jev_runs/long-20m-001,862.8571428571429,EMPTY ACTION,0
Large-Language-Models-play-StarCraftII/jev_runs/long-20m-001,863.9285714285714,EMPTY ACTION,0
Large-Language-Models-play-StarCraftII/jev_runs/long-20m-001,865.1785714285714,EMPTY ACTION,0
Large-Language-Models-play-StarCraftII/jev_runs/long-20m-001,866.0714285714287,EMPTY ACTION,0
Large-Language-Models-play-StarCraftII/jev_runs/long-20m-001,867.1428571428572,EMPTY ACTION,0
Large-Language-Models-play-StarCraftII/jev_runs/long-20m-001,868.2142857142858,EMPTY ACTION,0
Large-Language-Models-play-StarCraftII/jev_runs/long-20m-001,869.2857142857143,EMPTY ACTION,0
Large-Language-Models-play-StarCraftII/jev_runs/long-20m-001,870.3571428571429,EMPTY ACTION,0
Large-Language-Models-play-StarCraftII/jev_runs/long-20m-001,871.4285714285714,EMPTY ACTION,0
Large-Language-Models-play-StarCraftII/jev_runs/long-20m-001,872.5,EMPTY ACTION,0
Large-Language-Models-play-StarCraftII/jev_runs/long-20m-001,873.5714285714287,EMPTY ACTION,0
Large-Language-Models-play-StarCraftII/jev_runs/long-20m-001,874.6428571428572,EMPTY ACTION,0
Large-Language-Models-play-StarCraftII/jev_runs/long-20m-001,875.7142857142858,EMPTY ACTION,0
Large-Language-Models-play-StarCraftII/jev_runs/long-20m-001,876.7857142857143,EMPTY ACTION,0
Large-Language-Models-play-StarCraftII/jev_runs/long-20m-001,877.8571428571429,SCOUTING OBSERVER,1
Large-Language-Models-play-StarCraftII/jev_runs/long-20m-001,878.9285714285714,EMPTY ACTION,0
Large-Language-Models-play-StarCraftII/jev_runs/long-20m-001,880.0,EMPTY ACTION,0
Large-Language-Models-play-StarCraftII/jev_runs/long-20m-001,881.0714285714287,EMPTY ACTION,0
Large-Language-Models-play-StarCraftII/jev_runs/long-20m-001,882.1428571428572,EMPTY ACTION,0
Large-Language-Models-play-StarCraftII/jev_runs/long-20m-001,883.2142857142858,EMPTY ACTION,0
Large-Language-Models-play-StarCraftII/jev_runs/long-20m-001,884.2857142857143,EMPTY ACTION,0
Large-Language-Models-play-StarCraftII/jev_runs/long-20m-001,885.3571428571429,EMPTY ACTION,0
Large-Language-Models-play-StarCraftII/jev_runs/long-20m-001,886.6071428571429,EMPTY ACTION,0
Large-Language-Models-play-StarCraftII/jev_runs/long-20m-001,887.5,EMPTY ACTION,0
Large-Language-Models-play-StarCraftII/jev_runs/long-20m-001,888.5714285714287,EMPTY ACTION,0
Large-Language-Models-play-StarCraftII/jev_runs/long-20m-001,889.6428571428572,EMPTY ACTION,0
Large-Language-Models-play-StarCraftII/jev_runs/long-20m-001,890.7142857142858,EMPTY ACTION,0
Large-Language-Models-play-StarCraftII/jev_runs/long-20m-001,891.7857142857143,EMPTY ACTION,0
Large-Language-Models-play-StarCraftII/jev_runs/long-20m-001,892.8571428571429,EMPTY ACTION,0
Large-Language-Models-play-StarCraftII/jev_runs/long-20m-001,893.9285714285714,EMPTY ACTION,0
Large-Language-Models-play-StarCraftII/jev_runs/long-20m-001,895.1785714285714,EMPTY ACTION,0
Large-Language-Models-play-StarCraftII/jev_runs/long-20m-001,896.0714285714287,EMPTY ACTION,0
Large-Language-Models-play-StarCraftII/jev_runs/long-20m-001,897.1428571428572,EMPTY ACTION,0
Large-Language-Models-play-StarCraftII/jev_runs/long-20m-001,898.2142857142858,EMPTY ACTION,0
Large-Language-Models-play-StarCraftII/jev_runs/long-20m-001,899.2857142857143,EMPTY ACTION,0
Large-Language-Models-play-StarCraftII/jev_runs/long-20m-001,900.3571428571429,EMPTY ACTION,0
Large-Language-Models-play-StarCraftII/jev_runs/long-20m-001,901.4285714285714,EMPTY ACTION,0
Large-Language-Models-play-StarCraftII/jev_runs/long-20m-001,902.5000000000001,EMPTY ACTION,0
Large-Language-Models-play-StarCraftII/jev_runs/long-20m-001,903.5714285714287,EMPTY ACTION,0
Large-Language-Models-play-StarCraftII/jev_runs/long-20m-001,904.6428571428572,EMPTY ACTION,0
Large-Language-Models-play-StarCraftII/jev_runs/long-20m-001,905.7142857142858,EMPTY ACTION,0
Large-Language-Models-play-StarCraftII/jev_runs/long-20m-001,906.7857142857143,EMPTY ACTION,0
Large-Language-Models-play-StarCraftII/jev_runs/long-20m-001,907.8571428571429,EMPTY ACTION,0
Large-Language-Models-play-StarCraftII/jev_runs/long-20m-001,908.9285714285714,EMPTY ACTION,0
Large-Language-Models-play-StarCraftII/jev_runs/long-20m-001,910.0000000000001,EMPTY ACTION,0
Large-Language-Models-play-StarCraftII/jev_runs/long-20m-001,911.2500000000001,EMPTY ACTION,0
Large-Language-Models-play-StarCraftII/jev_runs/long-20m-001,912.1428571428572,EMPTY ACTION,0
Large-Language-Models-play-StarCraftII/jev_runs/long-20m-001,913.2142857142858,EMPTY ACTION,0
Large-Language-Models-play-StarCraftII/jev_runs/long-20m-001,914.2857142857143,EMPTY ACTION,0
Large-Language-Models-play-StarCraftII/jev_runs/long-20m-001,915.3571428571429,EMPTY ACTION,0
Large-Language-Models-play-StarCraftII/jev_runs/long-20m-001,916.4285714285714,EMPTY ACTION,0
Large-Language-Models-play-StarCraftII/jev_runs/long-20m-001,917.5000000000001,EMPTY ACTION,0
Large-Language-Models-play-StarCraftII/jev_runs/long-20m-001,918.5714285714287,EMPTY ACTION,0
Large-Language-Models-play-StarCraftII/jev_runs/long-20m-001,919.6428571428572,EMPTY ACTION,0
Large-Language-Models-play-StarCraftII/jev_runs/long-20m-001,920.7142857142858,EMPTY ACTION,0
Large-Language-Models-play-StarCraftII/jev_runs/long-20m-001,921.9642857142858,EMPTY ACTION,0
Large-Language-Models-play-StarCraftII/jev_runs/long-20m-001,922.6785714285714,EMPTY ACTION,0
Large-Language-Models-play-StarCraftII/jev_runs/long-20m-001,923.9285714285714,EMPTY ACTION,0
Large-Language-Models-play-StarCraftII/jev_runs/long-20m-001,925.0000000000001,EMPTY ACTION,0
Large-Language-Models-play-StarCraftII/jev_runs/long-20m-001,926.0714285714287,EMPTY ACTION,0
Large-Language-Models-play-StarCraftII/jev_runs/long-20m-001,927.1428571428572,EMPTY ACTION,0
Large-Language-Models-play-StarCraftII/jev_runs/long-20m-001,928.2142857142858,EMPTY ACTION,0
Large-Language-Models-play-StarCraftII/jev_runs/long-20m-001,929.1071428571429,EMPTY ACTION,0
Large-Language-Models-play-StarCraftII/jev_runs/long-20m-001,930.3571428571429,EMPTY ACTION,0
Large-Language-Models-play-StarCraftII/jev_runs/long-20m-001,931.4285714285714,EMPTY ACTION,0
Large-Language-Models-play-StarCraftII/jev_runs/long-20m-001,932.5000000000001,SCOUTING PROBE,1
Large-Language-Models-play-StarCraftII/jev_runs/long-20m-001,933.5714285714287,EMPTY ACTION,0
Large-Language-Models-play-StarCraftII/jev_runs/long-20m-001,934.6428571428572,EMPTY ACTION,0
Large-Language-Models-play-StarCraftII/jev_runs/long-20m-001,935.7142857142858,EMPTY ACTION,0
Large-Language-Models-play-StarCraftII/jev_runs/long-20m-001,936.6071428571429,EMPTY ACTION,0
Large-Language-Models-play-StarCraftII/jev_runs/long-20m-001,937.8571428571429,EMPTY ACTION,0
Large-Language-Models-play-StarCraftII/jev_runs/long-20m-001,938.9285714285714,EMPTY ACTION,0
Large-Language-Models-play-StarCraftII/jev_runs/long-20m-001,940.0000000000001,EMPTY ACTION,0
Large-Language-Models-play-StarCraftII/jev_runs/long-20m-001,941.0714285714287,EMPTY ACTION,0
Large-Language-Models-play-StarCraftII/jev_runs/long-20m-001,942.1428571428572,EMPTY ACTION,0
Large-Language-Models-play-StarCraftII/jev_runs/long-20m-001,943.2142857142858,EMPTY ACTION,0
Large-Language-Models-play-StarCraftII/jev_runs/long-20m-001,944.2857142857143,EMPTY ACTION,0
Large-Language-Models-play-StarCraftII/jev_runs/long-20m-001,945.3571428571429,EMPTY ACTION,0
Large-Language-Models-play-StarCraftII/jev_runs/long-20m-001,946.4285714285714,EMPTY ACTION,0
Large-Language-Models-play-StarCraftII/jev_runs/long-20m-001,947.5000000000001,EMPTY ACTION,0
Large-Language-Models-play-StarCraftII/jev_runs/long-20m-001,948.5714285714287,EMPTY ACTION,0
Large-Language-Models-play-StarCraftII/jev_runs/long-20m-001,949.6428571428572,EMPTY ACTION,0
Large-Language-Models-play-StarCraftII/jev_runs/long-20m-001,950.7142857142858,EMPTY ACTION,0
Large-Language-Models-play-StarCraftII/jev_runs/long-20m-001,951.7857142857143,EMPTY ACTION,0
Large-Language-Models-play-StarCraftII/jev_runs/long-20m-001,952.8571428571429,EMPTY ACTION,0
Large-Language-Models-play-StarCraftII/jev_runs/long-20m-001,954.1071428571429,EMPTY ACTION,0
Large-Language-Models-play-StarCraftII/jev_runs/long-20m-001,955.0000000000001,EMPTY ACTION,0
Large-Language-Models-play-StarCraftII/jev_runs/long-20m-001,956.2500000000001,EMPTY ACTION,0
Large-Language-Models-play-StarCraftII/jev_runs/long-20m-001,957.3214285714287,EMPTY ACTION,0
Large-Language-Models-play-StarCraftII/jev_runs/long-20m-001,958.2142857142858,EMPTY ACTION,0
Large-Language-Models-play-StarCraftII/jev_runs/long-20m-001,959.2857142857143,EMPTY ACTION,0
Large-Language-Models-play-StarCraftII/jev_runs/long-20m-001,960.3571428571429,EMPTY ACTION,0
Large-Language-Models-play-StarCraftII/jev_runs/long-20m-001,961.4285714285714,EMPTY ACTION,0
Large-Language-Models-play-StarCraftII/jev_runs/long-20m-001,962.3214285714287,EMPTY ACTION,0
Large-Language-Models-play-StarCraftII/jev_runs/long-20m-001,963.5714285714287,EMPTY ACTION,0
Large-Language-Models-play-StarCraftII/jev_runs/long-20m-001,964.6428571428572,EMPTY ACTION,0
Large-Language-Models-play-StarCraftII/jev_runs/long-20m-001,965.7142857142858,EMPTY ACTION,0
Large-Language-Models-play-StarCraftII/jev_runs/long-20m-001,966.7857142857143,EMPTY ACTION,0
Large-Language-Models-play-StarCraftII/jev_runs/long-20m-001,967.8571428571429,EMPTY ACTION,0
Large-Language-Models-play-StarCraftII/jev_runs/long-20m-001,969.1071428571429,EMPTY ACTION,0
Large-Language-Models-play-StarCraftII/jev_runs/long-20m-001,970.1785714285714,EMPTY ACTION,0
Large-Language-Models-play-StarCraftII/jev_runs/long-20m-001,971.0714285714287,EMPTY ACTION,0
Large-Language-Models-play-StarCraftII/jev_runs/long-20m-001,972.1428571428572,EMPTY ACTION,0
Large-Language-Models-play-StarCraftII/jev_runs/long-20m-001,973.3928571428572,EMPTY ACTION,0
Large-Language-Models-play-StarCraftII/jev_runs/long-20m-001,974.2857142857143,EMPTY ACTION,0
Large-Language-Models-play-StarCraftII/jev_runs/long-20m-001,975.3571428571429,EMPTY ACTION,0
Large-Language-Models-play-StarCraftII/jev_runs/long-20m-001,976.4285714285714,EMPTY ACTION,0
Large-Language-Models-play-StarCraftII/jev_runs/long-20m-001,977.6785714285714,EMPTY ACTION,0
Large-Language-Models-play-StarCraftII/jev_runs/long-20m-001,978.5714285714287,EMPTY ACTION,0
Large-Language-Models-play-StarCraftII/jev_runs/long-20m-001,979.6428571428572,EMPTY ACTION,0
Large-Language-Models-play-StarCraftII/jev_runs/long-20m-001,980.7142857142858,EMPTY ACTION,0
Large-Language-Models-play-StarCraftII/jev_runs/long-20m-001,981.7857142857143,EMPTY ACTION,0
Large-Language-Models-play-StarCraftII/jev_runs/long-20m-001,982.8571428571429,EMPTY ACTION,0
Large-Language-Models-play-StarCraftII/jev_runs/long-20m-001,983.9285714285714,EMPTY ACTION,0
Large-Language-Models-play-StarCraftII/jev_runs/long-20m-001,985.0000000000001,EMPTY ACTION,0
Large-Language-Models-play-StarCraftII/jev_runs/long-20m-001,986.0714285714287,EMPTY ACTION,0
Large-Language-Models-play-StarCraftII/jev_runs/long-20m-001,987.1428571428572,SCOUTING ZEALOT,1
Large-Language-Models-play-StarCraftII/jev_runs/long-20m-001,988.2142857142858,EMPTY ACTION,0
Large-Language-Models-play-StarCraftII/jev_runs/long-20m-001,989.2857142857143,EMPTY ACTION,0
Large-Language-Models-play-StarCraftII/jev_runs/long-20m-001,990.3571428571429,EMPTY ACTION,0
Large-Language-Models-play-StarCraftII/jev_runs/long-20m-001,991.4285714285714,EMPTY ACTION,0
Large-Language-Models-play-StarCraftII/jev_runs/long-20m-001,992.3214285714287,EMPTY ACTION,0
Large-Language-Models-play-StarCraftII/jev_runs/long-20m-001,993.5714285714287,EMPTY ACTION,0
Large-Language-Models-play-StarCraftII/jev_runs/long-20m-001,994.4642857142858,EMPTY ACTION,0
Large-Language-Models-play-StarCraftII/jev_runs/long-20m-001,995.7142857142858,EMPTY ACTION,0
Large-Language-Models-play-StarCraftII/jev_runs/long-20m-001,996.7857142857143,EMPTY ACTION,0
Large-Language-Models-play-StarCraftII/jev_runs/long-20m-001,997.8571428571429,EMPTY ACTION,0
Large-Language-Models-play-StarCraftII/jev_runs/long-20m-001,998.9285714285714,EMPTY ACTION,0
Large-Language-Models-play-StarCraftII/jev_runs/long-20m-001,1000.0000000000001,EMPTY ACTION,0
Large-Language-Models-play-StarCraftII/jev_runs/long-20m-001,1001.2500000000001,EMPTY ACTION,0
Large-Language-Models-play-StarCraftII/jev_runs/long-20m-001,1002.1428571428572,EMPTY ACTION,0
Large-Language-Models-play-StarCraftII/jev_runs/long-20m-001,1003.2142857142858,EMPTY ACTION,0
Large-Language-Models-play-StarCraftII/jev_runs/long-20m-001,1004.2857142857143,EMPTY ACTION,0
Large-Language-Models-play-StarCraftII/jev_runs/long-20m-001,1005.3571428571429,EMPTY ACTION,0
Large-Language-Models-play-StarCraftII/jev_runs/long-20m-001,1006.4285714285714,EMPTY ACTION,0
Large-Language-Models-play-StarCraftII/jev_runs/long-20m-001,1007.6785714285714,EMPTY ACTION,0
Large-Language-Models-play-StarCraftII/jev_runs/long-20m-001,1008.5714285714287,EMPTY ACTION,0
Large-Language-Models-play-StarCraftII/jev_runs/long-20m-001,1009.6428571428572,EMPTY ACTION,0
Large-Language-Models-play-StarCraftII/jev_runs/long-20m-001,1010.7142857142858,EMPTY ACTION,0
Large-Language-Models-play-StarCraftII/jev_runs/long-20m-001,1011.7857142857143,EMPTY ACTION,0
Large-Language-Models-play-StarCraftII/jev_runs/long-20m-001,1012.8571428571429,EMPTY ACTION,0
Large-Language-Models-play-StarCraftII/jev_runs/long-20m-001,1013.9285714285714,EMPTY ACTION,0
Large-Language-Models-play-StarCraftII/jev_runs/long-20m-001,1014.8214285714287,EMPTY ACTION,0
Large-Language-Models-play-StarCraftII/jev_runs/long-20m-001,1016.2500000000001,EMPTY ACTION,0
Large-Language-Models-play-StarCraftII/jev_runs/long-20m-001,1017.1428571428572,EMPTY ACTION,0
Large-Language-Models-play-StarCraftII/jev_runs/long-20m-001,1018.2142857142858,EMPTY ACTION,0
Large-Language-Models-play-StarCraftII/jev_runs/long-20m-001,1019.1071428571429,EMPTY ACTION,0
Large-Language-Models-play-StarCraftII/jev_runs/long-20m-001,1020.3571428571429,EMPTY ACTION,0
Large-Language-Models-play-StarCraftII/jev_runs/long-20m-001,1021.4285714285714,EMPTY ACTION,0
Large-Language-Models-play-StarCraftII/jev_runs/long-20m-001,1022.5000000000001,EMPTY ACTION,0
Large-Language-Models-play-StarCraftII/jev_runs/long-20m-001,1023.5714285714287,EMPTY ACTION,0
Large-Language-Models-play-StarCraftII/jev_runs/long-20m-001,1024.642857142857,EMPTY ACTION,0
Large-Language-Models-play-StarCraftII/jev_runs/long-20m-001,1025.7142857142858,EMPTY ACTION,0
Large-Language-Models-play-StarCraftII/jev_runs/long-20m-001,1026.7857142857144,EMPTY ACTION,0
Large-Language-Models-play-StarCraftII/jev_runs/long-20m-001,1027.857142857143,EMPTY ACTION,0
Large-Language-Models-play-StarCraftII/jev_runs/long-20m-001,1028.9285714285716,EMPTY ACTION,0
Large-Language-Models-play-StarCraftII/jev_runs/long-20m-001,1030.0,EMPTY ACTION,0
Large-Language-Models-play-StarCraftII/jev_runs/long-20m-001,1031.0714285714287,EMPTY ACTION,0
Large-Language-Models-play-StarCraftII/jev_runs/long-20m-001,1032.142857142857,EMPTY ACTION,0
Large-Language-Models-play-StarCraftII/jev_runs/long-20m-001,1033.2142857142858,EMPTY ACTION,0
Large-Language-Models-play-StarCraftII/jev_runs/long-20m-001,1034.2857142857144,EMPTY ACTION,0
Large-Language-Models-play-StarCraftII/jev_runs/long-20m-001,1035.357142857143,EMPTY ACTION,0
Large-Language-Models-play-StarCraftII/jev_runs/long-20m-001,1036.4285714285716,EMPTY ACTION,0
Large-Language-Models-play-StarCraftII/jev_runs/long-20m-001,1037.3214285714287,EMPTY ACTION,0
Large-Language-Models-play-StarCraftII/jev_runs/long-20m-001,1038.5714285714287,EMPTY ACTION,0
Large-Language-Models-play-StarCraftII/jev_runs/long-20m-001,1039.642857142857,EMPTY ACTION,0
Large-Language-Models-play-StarCraftII/jev_runs/long-20m-001,1040.7142857142858,EMPTY ACTION,0
Large-Language-Models-play-StarCraftII/jev_runs/long-20m-001,1041.7857142857144,SCOUTING PROBE,1
Large-Language-Models-play-StarCraftII/jev_runs/long-20m-001,1042.857142857143,EMPTY ACTION,0
Large-Language-Models-play-StarCraftII/jev_runs/long-20m-001,1043.9285714285716,EMPTY ACTION,0
Large-Language-Models-play-StarCraftII/jev_runs/long-20m-001,1045.0,EMPTY ACTION,0
Large-Language-Models-play-StarCraftII/jev_runs/long-20m-001,1046.0714285714287,EMPTY ACTION,0
Large-Language-Models-play-StarCraftII/jev_runs/long-20m-001,1047.142857142857,EMPTY ACTION,0
Large-Language-Models-play-StarCraftII/jev_runs/long-20m-001,1048.2142857142858,EMPTY ACTION,0
Large-Language-Models-play-StarCraftII/jev_runs/long-20m-001,1049.2857142857144,EMPTY ACTION,0
Large-Language-Models-play-StarCraftII/jev_runs/long-20m-001,1050.357142857143,EMPTY ACTION,0
Large-Language-Models-play-StarCraftII/jev_runs/long-20m-001,1051.4285714285716,EMPTY ACTION,0
Large-Language-Models-play-StarCraftII/jev_runs/long-20m-001,1052.5,EMPTY ACTION,0
Large-Language-Models-play-StarCraftII/jev_runs/long-20m-001,1053.5714285714287,EMPTY ACTION,0
Large-Language-Models-play-StarCraftII/jev_runs/long-20m-001,1054.642857142857,EMPTY ACTION,0
Large-Language-Models-play-StarCraftII/jev_runs/long-20m-001,1055.7142857142858,EMPTY ACTION,0
Large-Language-Models-play-StarCraftII/jev_runs/long-20m-001,1056.7857142857144,EMPTY ACTION,0
Large-Language-Models-play-StarCraftII/jev_runs/long-20m-001,1057.857142857143,EMPTY ACTION,0
Large-Language-Models-play-StarCraftII/jev_runs/long-20m-001,1058.9285714285716,EMPTY ACTION,0
Large-Language-Models-play-StarCraftII/jev_runs/long-20m-001,1060.0,EMPTY ACTION,0
Large-Language-Models-play-StarCraftII/jev_runs/long-20m-001,1061.0714285714287,EMPTY ACTION,0
Large-Language-Models-play-StarCraftII/jev_runs/long-20m-001,1062.142857142857,EMPTY ACTION,0
Large-Language-Models-play-StarCraftII/jev_runs/long-20m-001,1063.2142857142858,EMPTY ACTION,0
Large-Language-Models-play-StarCraftII/jev_runs/long-20m-001,1064.2857142857144,EMPTY ACTION,0
Large-Language-Models-play-StarCraftII/jev_runs/long-20m-001,1065.357142857143,EMPTY ACTION,0
Large-Language-Models-play-StarCraftII/jev_runs/long-20m-001,1066.25,EMPTY ACTION,0
Large-Language-Models-play-StarCraftII/jev_runs/long-20m-001,1067.5,EMPTY ACTION,0
Large-Language-Models-play-StarCraftII/jev_runs/long-20m-001,1068.392857142857,EMPTY ACTION,0
Large-Language-Models-play-StarCraftII/jev_runs/long-20m-001,1069.642857142857,EMPTY ACTION,0
Large-Language-Models-play-StarCraftII/jev_runs/long-20m-001,1070.7142857142858,EMPTY ACTION,0
Large-Language-Models-play-StarCraftII/jev_runs/long-20m-001,1071.7857142857144,EMPTY ACTION,0
Large-Language-Models-play-StarCraftII/jev_runs/long-20m-001,1072.857142857143,EMPTY ACTION,0
Large-Language-Models-play-StarCraftII/jev_runs/long-20m-001,1073.9285714285716,EMPTY ACTION,0
Large-Language-Models-play-StarCraftII/jev_runs/long-20m-001,1074.8214285714287,EMPTY ACTION,0
Large-Language-Models-play-StarCraftII/jev_runs/long-20m-001,1075.892857142857,EMPTY ACTION,0
Large-Language-Models-play-StarCraftII/jev_runs/long-20m-001,1076.9642857142858,EMPTY ACTION,0
Large-Language-Models-play-StarCraftII/jev_runs/long-20m-001,1078.2142857142858,EMPTY ACTION,0
Large-Language-Models-play-StarCraftII/jev_runs/long-20m-001,1079.2857142857144,EMPTY ACTION,0
Large-Language-Models-play-StarCraftII/jev_runs/long-20m-001,1080.357142857143,EMPTY ACTION,0
Large-Language-Models-play-StarCraftII/jev_runs/long-20m-001,1081.4285714285716,EMPTY ACTION,0
Large-Language-Models-play-StarCraftII/jev_runs/long-20m-001,1082.5,EMPTY ACTION,0
Large-Language-Models-play-StarCraftII/jev_runs/long-20m-001,1083.5714285714287,EMPTY ACTION,0
Large-Language-Models-play-StarCraftII/jev_runs/long-20m-001,1084.642857142857,EMPTY ACTION,0
Large-Language-Models-play-StarCraftII/jev_runs/long-20m-001,1085.7142857142858,EMPTY ACTION,0
Large-Language-Models-play-StarCraftII/jev_runs/long-20m-001,1086.607142857143,EMPTY ACTION,0
Large-Language-Models-play-StarCraftII/jev_runs/long-20m-001,1087.857142857143,EMPTY ACTION,0
Large-Language-Models-play-StarCraftII/jev_runs/long-20m-001,1088.75,EMPTY ACTION,0
Large-Language-Models-play-StarCraftII/jev_runs/long-20m-001,1090.0,EMPTY ACTION,0
Large-Language-Models-play-StarCraftII/jev_runs/long-20m-001,1091.25,EMPTY ACTION,0
Large-Language-Models-play-StarCraftII/jev_runs/long-20m-001,1092.142857142857,EMPTY ACTION,0
Large-Language-Models-play-StarCraftII/jev_runs/long-20m-001,1093.2142857142858,EMPTY ACTION,0
Large-Language-Models-play-StarCraftII/jev_runs/long-20m-001,1094.2857142857144,EMPTY ACTION,0
Large-Language-Models-play-StarCraftII/jev_runs/long-20m-001,1095.357142857143,EMPTY ACTION,0
Large-Language-Models-play-StarCraftII/jev_runs/long-20m-001,1096.607142857143,SCOUTING PROBE,1
Large-Language-Models-play-StarCraftII/jev_runs/long-20m-001,1097.5,EMPTY ACTION,0
Large-Language-Models-play-StarCraftII/jev_runs/long-20m-001,1098.5714285714287,EMPTY ACTION,0
Large-Language-Models-play-StarCraftII/jev_runs/long-20m-001,1099.642857142857,EMPTY ACTION,0
Large-Language-Models-play-StarCraftII/jev_runs/long-20m-001,1100.7142857142858,MULTI-ATTACK,12
Large-Language-Models-play-StarCraftII/jev_runs/long-20m-001,1101.7857142857144,MULTI-RETREAT,10
Large-Language-Models-play-StarCraftII/jev_runs/long-20m-001,1102.857142857143,EMPTY ACTION,0
Large-Language-Models-play-StarCraftII/jev_runs/long-20m-001,1103.9285714285716,EMPTY ACTION,0
Large-Language-Models-play-StarCraftII/jev_runs/long-20m-001,1105.0,EMPTY ACTION,0
Large-Language-Models-play-StarCraftII/jev_runs/long-20m-001,1106.0714285714287,EMPTY ACTION,0
Large-Language-Models-play-StarCraftII/jev_runs/long-20m-001,1106.9642857142858,EMPTY ACTION,0
Large-Language-Models-play-StarCraftII/jev_runs/long-20m-001,1108.2142857142858,EMPTY ACTION,0
Large-Language-Models-play-StarCraftII/jev_runs/long-20m-001,1109.107142857143,EMPTY ACTION,0
Large-Language-Models-play-StarCraftII/jev_runs/long-20m-001,1110.357142857143,EMPTY ACTION,0
Large-Language-Models-play-StarCraftII/jev_runs/long-20m-001,1111.4285714285716,EMPTY ACTION,0
Large-Language-Models-play-StarCraftII/jev_runs/long-20m-001,1112.5,EMPTY ACTION,0
Large-Language-Models-play-StarCraftII/jev_runs/long-20m-001,1113.5714285714287,EMPTY ACTION,0
Large-Language-Models-play-StarCraftII/jev_runs/long-20m-001,1114.642857142857,EMPTY ACTION,0
Large-Language-Models-play-StarCraftII/jev_runs/long-20m-001,1115.892857142857,EMPTY ACTION,0
Large-Language-Models-play-StarCraftII/jev_runs/long-20m-001,1116.9642857142858,EMPTY ACTION,0
Large-Language-Models-play-StarCraftII/jev_runs/long-20m-001,1117.857142857143,EMPTY ACTION,0
Large-Language-Models-play-StarCraftII/jev_runs/long-20m-001,1118.9285714285716,EMPTY ACTION,0
Large-Language-Models-play-StarCraftII/jev_runs/long-20m-001,1120.0,EMPTY ACTION,0
Large-Language-Models-play-StarCraftII/jev_runs/long-20m-001,1121.0714285714287,EMPTY ACTION,0
Large-Language-Models-play-StarCraftII/jev_runs/long-20m-001,1122.3214285714287,EMPTY ACTION,0
Large-Language-Models-play-StarCraftII/jev_runs/long-20m-001,1123.2142857142858,EMPTY ACTION,0
Large-Language-Models-play-StarCraftII/jev_runs/long-20m-001,1124.107142857143,EMPTY ACTION,0
Large-Language-Models-play-StarCraftII/jev_runs/long-20m-001,1125.357142857143,EMPTY ACTION,0
Large-Language-Models-play-StarCraftII/jev_runs/long-20m-001,1126.4285714285716,EMPTY ACTION,0
Large-Language-Models-play-StarCraftII/jev_runs/long-20m-001,1127.5,EMPTY ACTION,0
Large-Language-Models-play-StarCraftII/jev_runs/long-20m-001,1128.5714285714287,EMPTY ACTION,0
Large-Language-Models-play-StarCraftII/jev_runs/long-20m-001,1129.642857142857,EMPTY ACTION,0
Large-Language-Models-play-StarCraftII/jev_runs/long-20m-001,1130.7142857142858,EMPTY ACTION,0
Large-Language-Models-play-StarCraftII/jev_runs/long-20m-001,1131.7857142857144,EMPTY ACTION,0
Large-Language-Models-play-StarCraftII/jev_runs/long-20m-001,1132.857142857143,EMPTY ACTION,0
Large-Language-Models-play-StarCraftII/jev_runs/long-20m-001,1133.9285714285716,EMPTY ACTION,0
Large-Language-Models-play-StarCraftII/jev_runs/long-20m-001,1135.0,EMPTY ACTION,0
Large-Language-Models-play-StarCraftII/jev_runs/long-20m-001,1136.0714285714287,EMPTY ACTION,0
Large-Language-Models-play-StarCraftII/jev_runs/long-20m-001,1137.142857142857,EMPTY ACTION,0
Large-Language-Models-play-StarCraftII/jev_runs/long-20m-001,1138.0357142857144,EMPTY ACTION,0
Large-Language-Models-play-StarCraftII/jev_runs/long-20m-001,1139.2857142857144,EMPTY ACTION,0
Large-Language-Models-play-StarCraftII/jev_runs/long-20m-001,1140.357142857143,EMPTY ACTION,0
Large-Language-Models-play-StarCraftII/jev_runs/long-20m-001,1141.4285714285716,EMPTY ACTION,0
Large-Language-Models-play-StarCraftII/jev_runs/long-20m-001,1142.5,EMPTY ACTION,0
Large-Language-Models-play-StarCraftII/jev_runs/long-20m-001,1143.5714285714287,EMPTY ACTION,0
Large-Language-Models-play-StarCraftII/jev_runs/long-20m-001,1144.642857142857,EMPTY ACTION,0
Large-Language-Models-play-StarCraftII/jev_runs/long-20m-001,1145.7142857142858,EMPTY ACTION,0
Large-Language-Models-play-StarCraftII/jev_runs/long-20m-001,1146.7857142857144,EMPTY ACTION,0
Large-Language-Models-play-StarCraftII/jev_runs/long-20m-001,1147.857142857143,EMPTY ACTION,0
Large-Language-Models-play-StarCraftII/jev_runs/long-20m-001,1148.9285714285716,MULTI-ATTACK,10
Large-Language-Models-play-StarCraftII/jev_runs/long-20m-001,1149.8214285714287,MULTI-RETREAT,8
Large-Language-Models-play-StarCraftII/jev_runs/long-20m-001,1151.0714285714287,SCOUTING PROBE,1
Large-Language-Models-play-StarCraftII/jev_runs/long-20m-001,1151.9642857142858,EMPTY ACTION,0
Large-Language-Models-play-StarCraftII/jev_runs/long-20m-001,1153.2142857142858,EMPTY ACTION,0
Large-Language-Models-play-StarCraftII/jev_runs/long-20m-001,1154.2857142857144,EMPTY ACTION,0
Large-Language-Models-play-StarCraftII/jev_runs/long-20m-001,1155.357142857143,EMPTY ACTION,0
Large-Language-Models-play-StarCraftII/jev_runs/long-20m-001,1156.4285714285716,EMPTY ACTION,0
Large-Language-Models-play-StarCraftII/jev_runs/long-20m-001,1157.5,EMPTY ACTION,0
Large-Language-Models-play-StarCraftII/jev_runs/long-20m-001,1158.392857142857,EMPTY ACTION,0
Large-Language-Models-play-StarCraftII/jev_runs/long-20m-001,1159.8214285714287,EMPTY ACTION,0
Large-Language-Models-play-StarCraftII/jev_runs/long-20m-001,1160.7142857142858,EMPTY ACTION,0
Large-Language-Models-play-StarCraftII/jev_runs/long-20m-001,1161.7857142857144,EMPTY ACTION,0
Large-Language-Models-play-StarCraftII/jev_runs/long-20m-001,1162.6785714285716,EMPTY ACTION,0
Large-Language-Models-play-StarCraftII/jev_runs/long-20m-001,1164.107142857143,EMPTY ACTION,0
Large-Language-Models-play-StarCraftII/jev_runs/long-20m-001,1165.0,EMPTY ACTION,0
Large-Language-Models-play-StarCraftII/jev_runs/long-20m-001,1166.25,EMPTY ACTION,0
Large-Language-Models-play-StarCraftII/jev_runs/long-20m-001,1167.142857142857,EMPTY ACTION,0
Large-Language-Models-play-StarCraftII/jev_runs/long-20m-001,1168.2142857142858,EMPTY ACTION,0
Large-Language-Models-play-StarCraftII/jev_runs/long-20m-001,1169.2857142857144,EMPTY ACTION,0
Large-Language-Models-play-StarCraftII/jev_runs/long-20m-001,1170.357142857143,EMPTY ACTION,0
Large-Language-Models-play-StarCraftII/jev_runs/long-20m-001,1171.4285714285716,EMPTY ACTION,0
Large-Language-Models-play-StarCraftII/jev_runs/long-20m-001,1172.5,EMPTY ACTION,0
Large-Language-Models-play-StarCraftII/jev_runs/long-20m-001,1173.75,MULTI-ATTACK,9
Large-Language-Models-play-StarCraftII/jev_runs/long-20m-001,1174.642857142857,MULTI-RETREAT,5
Large-Language-Models-play-StarCraftII/jev_runs/long-20m-001,1175.7142857142858,EMPTY ACTION,0
Large-Language-Models-play-StarCraftII/jev_runs/long-20m-001,1176.7857142857144,EMPTY ACTION,0
Large-Language-Models-play-StarCraftII/jev_runs/long-20m-001,1177.6785714285716,EMPTY ACTION,0
Large-Language-Models-play-StarCraftII/jev_runs/long-20m-001,1178.75,EMPTY ACTION,0
Large-Language-Models-play-StarCraftII/jev_runs/long-20m-001,1180.0,EMPTY ACTION,0
Large-Language-Models-play-StarCraftII/jev_runs/long-20m-001,1181.0714285714287,EMPTY ACTION,0
Large-Language-Models-play-StarCraftII/jev_runs/long-20m-001,1182.142857142857,EMPTY ACTION,0
Large-Language-Models-play-StarCraftII/jev_runs/long-20m-001,1183.2142857142858,EMPTY ACTION,0
Large-Language-Models-play-StarCraftII/jev_runs/long-20m-001,1184.4642857142858,EMPTY ACTION,0
Large-Language-Models-play-StarCraftII/jev_runs/long-20m-001,1185.357142857143,EMPTY ACTION,0
Large-Language-Models-play-StarCraftII/jev_runs/long-20m-001,1186.4285714285716,EMPTY ACTION,0
Large-Language-Models-play-StarCraftII/jev_runs/long-20m-001,1187.5,EMPTY ACTION,0
Large-Language-Models-play-StarCraftII/jev_runs/long-20m-001,1188.75,EMPTY ACTION,0
Large-Language-Models-play-StarCraftII/jev_runs/long-20m-001,1189.642857142857,EMPTY ACTION,0
Large-Language-Models-play-StarCraftII/jev_runs/long-20m-001,1190.7142857142858,MULTI-ATTACK,9
Large-Language-Models-play-StarCraftII/jev_runs/long-20m-001,1191.9642857142858,MULTI-RETREAT,9
Large-Language-Models-play-StarCraftII/jev_runs/long-20m-001,1192.857142857143,EMPTY ACTION,0
Large-Language-Models-play-StarCraftII/jev_runs/long-20m-001,1193.9285714285716,EMPTY ACTION,0
Large-Language-Models-play-StarCraftII/jev_runs/long-20m-001,1195.1785714285716,EMPTY ACTION,0
Large-Language-Models-play-StarCraftII/jev_runs/long-20m-001,1196.0714285714287,EMPTY ACTION,0
Large-Language-Models-play-StarCraftII/jev_runs/long-20m-001,1197.142857142857,EMPTY ACTION,0
Large-Language-Models-play-StarCraftII/jev_runs/long-20m-001,1198.2142857142858,EMPTY ACTION,0
Large-Language-Models-play-StarCraftII/jev_runs/long-20m-001,1199.2857142857144,EMPTY ACTION,0
Large-Language-Models-play-StarCraftII/jev_runs/macro-v2-20260922-hard-002,1.9642857142857144,TRAIN PROBE,1
Large-Language-Models-play-StarCraftII/jev_runs/macro-v2-20260922-hard-002,2.678571428571429,EMPTY ACTION,0
Large-Language-Models-play-StarCraftII/jev_runs/macro-v2-20260922-hard-002,3.7500000000000004,EMPTY ACTION,0
Large-Language-Models-play-StarCraftII/jev_runs/macro-v2-20260922-hard-002,4.821428571428572,EMPTY ACTION,0
Large-Language-Models-play-StarCraftII/jev_runs/macro-v2-20260922-hard-002,5.892857142857143,EMPTY ACTION,0
Large-Language-Models-play-StarCraftII/jev_runs/macro-v2-20260922-hard-002,6.964285714285714,EMPTY ACTION,0
Large-Language-Models-play-StarCraftII/jev_runs/macro-v2-20260922-hard-002,8.035714285714286,EMPTY ACTION,0
Large-Language-Models-play-StarCraftII/jev_runs/macro-v2-20260922-hard-002,9.107142857142858,EMPTY ACTION,0
Large-Language-Models-play-StarCraftII/jev_runs/macro-v2-20260922-hard-002,10.178571428571429,CHRONOBOOST NEXUS,1
Large-Language-Models-play-StarCraftII/jev_runs/macro-v2-20260922-hard-002,13.035714285714286,EMPTY ACTION,0
Large-Language-Models-play-StarCraftII/jev_runs/macro-v2-20260922-hard-002,13.928571428571429,TRAIN PROBE,1
Large-Language-Models-play-StarCraftII/jev_runs/macro-v2-20260922-hard-002,15.535714285714286,SCOUTING PROBE,1
Large-Language-Models-play-StarCraftII/jev_runs/macro-v2-20260922-hard-002,20.17857142857143,EMPTY ACTION,0
Large-Language-Models-play-StarCraftII/jev_runs/macro-v2-20260922-hard-002,21.071428571428573,EMPTY ACTION,0
Large-Language-Models-play-StarCraftII/jev_runs/macro-v2-20260922-hard-002,22.321428571428573,EMPTY ACTION,0
Large-Language-Models-play-StarCraftII/jev_runs/macro-v2-20260922-hard-002,23.392857142857146,TRAIN PROBE,1
Large-Language-Models-play-StarCraftII/jev_runs/macro-v2-20260922-hard-002,27.321428571428573,BUILD ASSIMILATOR,1
Large-Language-Models-play-StarCraftII/jev_runs/macro-v2-20260922-hard-002,31.071428571428573,EMPTY ACTION,0
Large-Language-Models-play-StarCraftII/jev_runs/macro-v2-20260922-hard-002,32.142857142857146,EMPTY ACTION,0
Large-Language-Models-play-StarCraftII/jev_runs/macro-v2-20260922-hard-002,33.214285714285715,EMPTY ACTION,0
Large-Language-Models-play-StarCraftII/jev_runs/macro-v2-20260922-hard-002,34.285714285714285,TRAIN PROBE,1
Large-Language-Models-play-StarCraftII/jev_runs/macro-v2-20260922-hard-002,35.35714285714286,EMPTY ACTION,0
Large-Language-Models-play-StarCraftII/jev_runs/macro-v2-20260922-hard-002,36.42857142857143,EMPTY ACTION,0
Large-Language-Models-play-StarCraftII/jev_runs/macro-v2-20260922-hard-002,37.5,EMPTY ACTION,0
Large-Language-Models-play-StarCraftII/jev_runs/macro-v2-20260922-hard-002,38.57142857142858,EMPTY ACTION,0
Large-Language-Models-play-StarCraftII/jev_runs/macro-v2-20260922-hard-002,39.642857142857146,EMPTY ACTION,0
Large-Language-Models-play-StarCraftII/jev_runs/macro-v2-20260922-hard-002,40.714285714285715,EMPTY ACTION,0
Large-Language-Models-play-StarCraftII/jev_runs/macro-v2-20260922-hard-002,41.78571428571429,EMPTY ACTION,0
Large-Language-Models-play-StarCraftII/jev_runs/macro-v2-20260922-hard-002,42.85714285714286,EMPTY ACTION,0
Large-Language-Models-play-StarCraftII/jev_runs/macro-v2-20260922-hard-002,43.92857142857143,EMPTY ACTION,0
Large-Language-Models-play-StarCraftII/jev_runs/macro-v2-20260922-hard-002,45.0,EMPTY ACTION,0
Large-Language-Models-play-StarCraftII/jev_runs/macro-v2-20260922-hard-002,46.07142857142858,BUILD PYLON,1
Large-Language-Models-play-StarCraftII/jev_runs/macro-v2-20260922-hard-002,47.142857142857146,EMPTY ACTION,0
Large-Language-Models-play-StarCraftII/jev_runs/macro-v2-20260922-hard-002,48.214285714285715,EMPTY ACTION,0
Large-Language-Models-play-StarCraftII/jev_runs/macro-v2-20260922-hard-002,49.28571428571429,EMPTY ACTION,0
Large-Language-Models-play-StarCraftII/jev_runs/macro-v2-20260922-hard-002,50.35714285714286,EMPTY ACTION,0
Large-Language-Models-play-StarCraftII/jev_runs/macro-v2-20260922-hard-002,51.60714285714286,TRAIN PROBE,1
Large-Language-Models-play-StarCraftII/jev_runs/macro-v2-20260922-hard-002,52.5,EMPTY ACTION,0
Large-Language-Models-play-StarCraftII/jev_runs/macro-v2-20260922-hard-002,53.57142857142858,EMPTY ACTION,0
Large-Language-Models-play-StarCraftII/jev_runs/macro-v2-20260922-hard-002,54.642857142857146,EMPTY ACTION,0
Large-Language-Models-play-StarCraftII/jev_runs/macro-v2-20260922-hard-002,55.714285714285715,EMPTY ACTION,0
Large-Language-Models-play-StarCraftII/jev_runs/macro-v2-20260922-hard-002,56.964285714285715,EMPTY ACTION,0
Large-Language-Models-play-StarCraftII/jev_runs/macro-v2-20260922-hard-002,57.85714285714286,EMPTY ACTION,0
Large-Language-Models-play-StarCraftII/jev_runs/macro-v2-20260922-hard-002,58.92857142857143,EMPTY ACTION,0
Large-Language-Models-play-StarCraftII/jev_runs/macro-v2-20260922-hard-002,60.00000000000001,EMPTY ACTION,0
Large-Language-Models-play-StarCraftII/jev_runs/macro-v2-20260922-hard-002,61.07142857142858,EMPTY ACTION,0
Large-Language-Models-play-StarCraftII/jev_runs/macro-v2-20260922-hard-002,62.142857142857146,EMPTY ACTION,0
Large-Language-Models-play-StarCraftII/jev_runs/macro-v2-20260922-hard-002,63.214285714285715,EMPTY ACTION,0
Large-Language-Models-play-StarCraftII/jev_runs/macro-v2-20260922-hard-002,64.28571428571429,EMPTY ACTION,0
Large-Language-Models-play-StarCraftII/jev_runs/macro-v2-20260922-hard-002,65.35714285714286,EMPTY ACTION,0
Large-Language-Models-play-StarCraftII/jev_runs/macro-v2-20260922-hard-002,66.42857142857143,TRAIN PROBE,1
Large-Language-Models-play-StarCraftII/jev_runs/macro-v2-20260922-hard-002,67.32142857142857,CHRONOBOOST NEXUS,1
Large-Language-Models-play-StarCraftII/jev_runs/macro-v2-20260922-hard-002,68.57142857142857,EMPTY ACTION,0
Large-Language-Models-play-StarCraftII/jev_runs/macro-v2-20260922-hard-002,69.64285714285715,EMPTY ACTION,0
Large-Language-Models-play-StarCraftII/jev_runs/macro-v2-20260922-hard-002,70.71428571428572,EMPTY ACTION,0
Large-Language-Models-play-StarCraftII/jev_runs/macro-v2-20260922-hard-002,71.78571428571429,EMPTY ACTION,0
Large-Language-Models-play-StarCraftII/jev_runs/macro-v2-20260922-hard-002,72.85714285714286,BUILD GATEWAY,1
Large-Language-Models-play-StarCraftII/jev_runs/macro-v2-20260922-hard-002,73.92857142857143,EMPTY ACTION,0
Large-Language-Models-play-StarCraftII/jev_runs/macro-v2-20260922-hard-002,75.0,EMPTY ACTION,0
Large-Language-Models-play-StarCraftII/jev_runs/macro-v2-20260922-hard-002,76.07142857142857,EMPTY ACTION,0
Large-Language-Models-play-StarCraftII/jev_runs/macro-v2-20260922-hard-002,77.14285714285715,TRAIN PROBE,1
Large-Language-Models-play-StarCraftII/jev_runs/macro-v2-20260922-hard-002,79.28571428571429,EMPTY ACTION,0
Large-Language-Models-play-StarCraftII/jev_runs/macro-v2-20260922-hard-002,80.35714285714286,EMPTY ACTION,0
Large-Language-Models-play-StarCraftII/jev_runs/macro-v2-20260922-hard-002,81.42857142857143,EMPTY ACTION,0
Large-Language-Models-play-StarCraftII/jev_runs/macro-v2-20260922-hard-002,82.5,EMPTY ACTION,0
Large-Language-Models-play-StarCraftII/jev_runs/macro-v2-20260922-hard-002,83.57142857142858,EMPTY ACTION,0
Large-Language-Models-play-StarCraftII/jev_runs/macro-v2-20260922-hard-002,84.64285714285715,EMPTY ACTION,0
Large-Language-Models-play-StarCraftII/jev_runs/macro-v2-20260922-hard-002,85.71428571428572,EMPTY ACTION,0
Large-Language-Models-play-StarCraftII/jev_runs/macro-v2-20260922-hard-002,86.78571428571429,TRAIN PROBE,1
Large-Language-Models-play-StarCraftII/jev_runs/macro-v2-20260922-hard-002,87.85714285714286,EMPTY ACTION,0
Large-Language-Models-play-StarCraftII/jev_runs/macro-v2-20260922-hard-002,88.92857142857143,EMPTY ACTION,0
Large-Language-Models-play-StarCraftII/jev_runs/macro-v2-20260922-hard-002,90.0,EMPTY ACTION,0
Large-Language-Models-play-StarCraftII/jev_runs/macro-v2-20260922-hard-002,91.07142857142858,EMPTY ACTION,0
Large-Language-Models-play-StarCraftII/jev_runs/macro-v2-20260922-hard-002,92.14285714285715,EMPTY ACTION,0
Large-Language-Models-play-StarCraftII/jev_runs/macro-v2-20260922-hard-002,93.21428571428572,EMPTY ACTION,0
Large-Language-Models-play-StarCraftII/jev_runs/macro-v2-20260922-hard-002,94.28571428571429,EMPTY ACTION,0
Large-Language-Models-play-StarCraftII/jev_runs/macro-v2-20260922-hard-002,95.35714285714286,EMPTY ACTION,0
Large-Language-Models-play-StarCraftII/jev_runs/macro-v2-20260922-hard-002,96.42857142857143,EMPTY ACTION,0
Large-Language-Models-play-StarCraftII/jev_runs/macro-v2-20260922-hard-002,97.5,EMPTY ACTION,0
Large-Language-Models-play-StarCraftII/jev_runs/macro-v2-20260922-hard-002,98.57142857142858,EMPTY ACTION,0
Large-Language-Models-play-StarCraftII/jev_runs/macro-v2-20260922-hard-002,99.64285714285715,TRAIN PROBE,1
Large-Language-Models-play-StarCraftII/jev_runs/macro-v2-20260922-hard-002,100.71428571428572,BUILD PYLON,1
Large-Language-Models-play-StarCraftII/jev_runs/macro-v2-20260922-hard-002,101.78571428571429,EMPTY ACTION,0
Large-Language-Models-play-StarCraftII/jev_runs/macro-v2-20260922-hard-002,102.85714285714286,EMPTY ACTION,0
Large-Language-Models-play-StarCraftII/jev_runs/macro-v2-20260922-hard-002,103.92857142857143,EMPTY ACTION,0
Large-Language-Models-play-StarCraftII/jev_runs/macro-v2-20260922-hard-002,105.0,EMPTY ACTION,0
Large-Language-Models-play-StarCraftII/jev_runs/macro-v2-20260922-hard-002,106.07142857142858,EMPTY ACTION,0
Large-Language-Models-play-StarCraftII/jev_runs/macro-v2-20260922-hard-002,107.14285714285715,EMPTY ACTION,0
Large-Language-Models-play-StarCraftII/jev_runs/macro-v2-20260922-hard-002,108.21428571428572,EMPTY ACTION,0
Large-Language-Models-play-StarCraftII/jev_runs/macro-v2-20260922-hard-002,109.28571428571429,EMPTY ACTION,0
Large-Language-Models-play-StarCraftII/jev_runs/macro-v2-20260922-hard-002,110.35714285714286,EMPTY ACTION,0
Large-Language-Models-play-StarCraftII/jev_runs/macro-v2-20260922-hard-002,111.42857142857143,EMPTY ACTION,0
Large-Language-Models-play-StarCraftII/jev_runs/macro-v2-20260922-hard-002,112.50000000000001,TRAIN PROBE,1
Large-Language-Models-play-StarCraftII/jev_runs/macro-v2-20260922-hard-002,113.57142857142858,EMPTY ACTION,0
Large-Language-Models-play-StarCraftII/jev_runs/macro-v2-20260922-hard-002,114.64285714285715,EMPTY ACTION,0
Large-Language-Models-play-StarCraftII/jev_runs/macro-v2-20260922-hard-002,115.71428571428572,EMPTY ACTION,0
Large-Language-Models-play-StarCraftII/jev_runs/macro-v2-20260922-hard-002,116.78571428571429,EMPTY ACTION,0
Large-Language-Models-play-StarCraftII/jev_runs/macro-v2-20260922-hard-002,117.85714285714286,EMPTY ACTION,0
Large-Language-Models-play-StarCraftII/jev_runs/macro-v2-20260922-hard-002,118.92857142857143,EMPTY ACTION,0
Large-Language-Models-play-StarCraftII/jev_runs/macro-v2-20260922-hard-002,120.00000000000001,EMPTY ACTION,0
Large-Language-Models-play-StarCraftII/jev_runs/macro-v2-20260922-hard-002,121.07142857142858,EMPTY ACTION,0
Large-Language-Models-play-StarCraftII/jev_runs/macro-v2-20260922-hard-002,122.14285714285715,BUILD GATEWAY,1
Large-Language-Models-play-StarCraftII/jev_runs/macro-v2-20260922-hard-002,123.21428571428572,BUILD CYBERNETICSCORE,1
Large-Language-Models-play-StarCraftII/jev_runs/macro-v2-20260922-hard-002,124.28571428571429,EMPTY ACTION,0
Large-Language-Models-play-StarCraftII/jev_runs/macro-v2-20260922-hard-002,125.53571428571429,EMPTY ACTION,0
Large-Language-Models-play-StarCraftII/jev_runs/macro-v2-20260922-hard-002,126.42857142857143,TRAIN PROBE,1
Large-Language-Models-play-StarCraftII/jev_runs/macro-v2-20260922-hard-002,127.50000000000001,EMPTY ACTION,0
Large-Language-Models-play-StarCraftII/jev_runs/macro-v2-20260922-hard-002,128.57142857142858,EMPTY ACTION,0
Large-Language-Models-play-StarCraftII/jev_runs/macro-v2-20260922-hard-002,129.64285714285714,EMPTY ACTION,0
Large-Language-Models-play-StarCraftII/jev_runs/macro-v2-20260922-hard-002,130.71428571428572,EMPTY ACTION,0
Large-Language-Models-play-StarCraftII/jev_runs/macro-v2-20260922-hard-002,131.7857142857143,CHRONOBOOST NEXUS,1
Large-Language-Models-play-StarCraftII/jev_runs/macro-v2-20260922-hard-002,132.85714285714286,EMPTY ACTION,0
Large-Language-Models-play-StarCraftII/jev_runs/macro-v2-20260922-hard-002,133.92857142857144,EMPTY ACTION,0
Large-Language-Models-play-StarCraftII/jev_runs/macro-v2-20260922-hard-002,135.0,TRAIN ZEALOT,1
Large-Language-Models-play-StarCraftII/jev_runs/macro-v2-20260922-hard-002,136.07142857142858,EMPTY ACTION,0
Large-Language-Models-play-StarCraftII/jev_runs/macro-v2-20260922-hard-002,137.14285714285714,EMPTY ACTION,0
Large-Language-Models-play-StarCraftII/jev_runs/macro-v2-20260922-hard-002,138.21428571428572,EMPTY ACTION,0
Large-Language-Models-play-StarCraftII/jev_runs/macro-v2-20260922-hard-002,139.2857142857143,EMPTY ACTION,0
Large-Language-Models-play-StarCraftII/jev_runs/macro-v2-20260922-hard-002,140.35714285714286,EMPTY ACTION,0
Large-Language-Models-play-StarCraftII/jev_runs/macro-v2-20260922-hard-002,141.42857142857144,EMPTY ACTION,0
Large-Language-Models-play-StarCraftII/jev_runs/macro-v2-20260922-hard-002,142.5,EMPTY ACTION,0
Large-Language-Models-play-StarCraftII/jev_runs/macro-v2-20260922-hard-002,143.57142857142858,EMPTY ACTION,0
Large-Language-Models-play-StarCraftII/jev_runs/macro-v2-20260922-hard-002,144.64285714285714,EMPTY ACTION,0
Large-Language-Models-play-StarCraftII/jev_runs/macro-v2-20260922-hard-002,145.71428571428572,EMPTY ACTION,0
Large-Language-Models-play-StarCraftII/jev_runs/macro-v2-20260922-hard-002,146.7857142857143,EMPTY ACTION,0
Large-Language-Models-play-StarCraftII/jev_runs/macro-v2-20260922-hard-002,147.85714285714286,EMPTY ACTION,0
Large-Language-Models-play-StarCraftII/jev_runs/macro-v2-20260922-hard-002,148.92857142857144,EMPTY ACTION,0
Large-Language-Models-play-StarCraftII/jev_runs/macro-v2-20260922-hard-002,150.0,EMPTY ACTION,0
Large-Language-Models-play-StarCraftII/jev_runs/macro-v2-20260922-hard-002,151.07142857142858,EMPTY ACTION,0
Large-Language-Models-play-StarCraftII/jev_runs/macro-v2-20260922-hard-002,152.14285714285714,EMPTY ACTION,0
Large-Language-Models-play-StarCraftII/jev_runs/macro-v2-20260922-hard-002,153.21428571428572,EMPTY ACTION,0
Large-Language-Models-play-StarCraftII/jev_runs/macro-v2-20260922-hard-002,154.2857142857143,EMPTY ACTION,0
Large-Language-Models-play-StarCraftII/jev_runs/macro-v2-20260922-hard-002,155.35714285714286,EMPTY ACTION,0
Large-Language-Models-play-StarCraftII/jev_runs/macro-v2-20260922-hard-002,156.42857142857144,EMPTY ACTION,0
Large-Language-Models-play-StarCraftII/jev_runs/macro-v2-20260922-hard-002,157.5,EMPTY ACTION,0
Large-Language-Models-play-StarCraftII/jev_runs/macro-v2-20260922-hard-002,158.57142857142858,EMPTY ACTION,0
Large-Language-Models-play-StarCraftII/jev_runs/macro-v2-20260922-hard-002,159.64285714285714,EMPTY ACTION,0
Large-Language-Models-play-StarCraftII/jev_runs/macro-v2-20260922-hard-002,160.89285714285717,EMPTY ACTION,0
Large-Language-Models-play-StarCraftII/jev_runs/macro-v2-20260922-hard-002,161.7857142857143,BUILD NEXUS,1
Large-Language-Models-play-StarCraftII/jev_runs/macro-v2-20260922-hard-002,162.85714285714286,EMPTY ACTION,0
Large-Language-Models-play-StarCraftII/jev_runs/macro-v2-20260922-hard-002,163.92857142857144,EMPTY ACTION,0
Large-Language-Models-play-StarCraftII/jev_runs/macro-v2-20260922-hard-002,165.0,EMPTY ACTION,0
Large-Language-Models-play-StarCraftII/jev_runs/macro-v2-20260922-hard-002,166.07142857142858,TRAIN PROBE,1
Large-Language-Models-play-StarCraftII/jev_runs/macro-v2-20260922-hard-002,167.32142857142858,EMPTY ACTION,0
Large-Language-Models-play-StarCraftII/jev_runs/macro-v2-20260922-hard-002,168.21428571428572,RESEARCH WARPGATERESEARCH,1
Large-Language-Models-play-StarCraftII/jev_runs/macro-v2-20260922-hard-002,169.2857142857143,EMPTY ACTION,0
Large-Language-Models-play-StarCraftII/jev_runs/macro-v2-20260922-hard-002,170.35714285714286,EMPTY ACTION,0
Large-Language-Models-play-StarCraftII/jev_runs/macro-v2-20260922-hard-002,171.42857142857144,EMPTY ACTION,0
Large-Language-Models-play-StarCraftII/jev_runs/macro-v2-20260922-hard-002,172.5,EMPTY ACTION,0
Large-Language-Models-play-StarCraftII/jev_runs/macro-v2-20260922-hard-002,173.57142857142858,BUILD ASSIMILATOR,1
Large-Language-Models-play-StarCraftII/jev_runs/macro-v2-20260922-hard-002,174.64285714285717,EMPTY ACTION,0
Large-Language-Models-play-StarCraftII/jev_runs/macro-v2-20260922-hard-002,175.71428571428572,EMPTY ACTION,0
Large-Language-Models-play-StarCraftII/jev_runs/macro-v2-20260922-hard-002,176.7857142857143,EMPTY ACTION,0
Large-Language-Models-play-StarCraftII/jev_runs/macro-v2-20260922-hard-002,177.85714285714286,EMPTY ACTION,0
Large-Language-Models-play-StarCraftII/jev_runs/macro-v2-20260922-hard-002,178.92857142857144,TRAIN PROBE,1
Large-Language-Models-play-StarCraftII/jev_runs/macro-v2-20260922-hard-002,179.82142857142858,EMPTY ACTION,0
Large-Language-Models-play-StarCraftII/jev_runs/macro-v2-20260922-hard-002,181.07142857142858,EMPTY ACTION,0
Large-Language-Models-play-StarCraftII/jev_runs/macro-v2-20260922-hard-002,182.14285714285717,EMPTY ACTION,0
Large-Language-Models-play-StarCraftII/jev_runs/macro-v2-20260922-hard-002,183.21428571428572,EMPTY ACTION,0
Large-Language-Models-play-StarCraftII/jev_runs/macro-v2-20260922-hard-002,184.2857142857143,EMPTY ACTION,0
Large-Language-Models-play-StarCraftII/jev_runs/macro-v2-20260922-hard-002,185.35714285714286,BUILD PYLON,1
Large-Language-Models-play-StarCraftII/jev_runs/macro-v2-20260922-hard-002,186.42857142857144,EMPTY ACTION,0
Large-Language-Models-play-StarCraftII/jev_runs/macro-v2-20260922-hard-002,187.5,EMPTY ACTION,0
Large-Language-Models-play-StarCraftII/jev_runs/macro-v2-20260922-hard-002,188.57142857142858,EMPTY ACTION,0
Large-Language-Models-play-StarCraftII/jev_runs/macro-v2-20260922-hard-002,189.64285714285717,EMPTY ACTION,0
Large-Language-Models-play-StarCraftII/jev_runs/macro-v2-20260922-hard-002,190.71428571428572,EMPTY ACTION,0
Large-Language-Models-play-StarCraftII/jev_runs/macro-v2-20260922-hard-002,191.7857142857143,TRAIN PROBE,1
Large-Language-Models-play-StarCraftII/jev_runs/macro-v2-20260922-hard-002,192.85714285714286,EMPTY ACTION,0
Large-Language-Models-play-StarCraftII/jev_runs/macro-v2-20260922-hard-002,193.92857142857144,EMPTY ACTION,0
Large-Language-Models-play-StarCraftII/jev_runs/macro-v2-20260922-hard-002,195.0,EMPTY ACTION,0
Large-Language-Models-play-StarCraftII/jev_runs/macro-v2-20260922-hard-002,197.14285714285717,TRAIN ADEPT,1
Large-Language-Models-play-StarCraftII/jev_runs/macro-v2-20260922-hard-002,198.21428571428572,EMPTY ACTION,0
Large-Language-Models-play-StarCraftII/jev_runs/macro-v2-20260922-hard-002,199.2857142857143,EMPTY ACTION,0
Large-Language-Models-play-StarCraftII/jev_runs/macro-v2-20260922-hard-002,200.35714285714286,EMPTY ACTION,0
Large-Language-Models-play-StarCraftII/jev_runs/macro-v2-20260922-hard-002,201.42857142857144,EMPTY ACTION,0
Large-Language-Models-play-StarCraftII/jev_runs/macro-v2-20260922-hard-002,202.5,TRAIN ADEPT,1
Large-Language-Models-play-StarCraftII/jev_runs/macro-v2-20260922-hard-002,203.75,EMPTY ACTION,0
Large-Language-Models-play-StarCraftII/jev_runs/macro-v2-20260922-hard-002,204.64285714285717,EMPTY ACTION,0
Large-Language-Models-play-StarCraftII/jev_runs/macro-v2-20260922-hard-002,205.71428571428572,TRAIN PROBE,1
Large-Language-Models-play-StarCraftII/jev_runs/macro-v2-20260922-hard-002,206.96428571428572,EMPTY ACTION,0
Large-Language-Models-play-StarCraftII/jev_runs/macro-v2-20260922-hard-002,207.85714285714286,EMPTY ACTION,0
Large-Language-Models-play-StarCraftII/jev_runs/macro-v2-20260922-hard-002,208.92857142857144,EMPTY ACTION,0
Large-Language-Models-play-StarCraftII/jev_runs/macro-v2-20260922-hard-002,210.0,EMPTY ACTION,0
Large-Language-Models-play-StarCraftII/jev_runs/macro-v2-20260922-hard-002,211.07142857142858,EMPTY ACTION,0
Large-Language-Models-play-StarCraftII/jev_runs/macro-v2-20260922-hard-002,212.14285714285717,EMPTY ACTION,0
Large-Language-Models-play-StarCraftII/jev_runs/macro-v2-20260922-hard-002,213.39285714285717,EMPTY ACTION,0
Large-Language-Models-play-StarCraftII/jev_runs/macro-v2-20260922-hard-002,214.2857142857143,EMPTY ACTION,0
Large-Language-Models-play-StarCraftII/jev_runs/macro-v2-20260922-hard-002,215.35714285714286,BUILD ROBOTICSFACILITY,1
Large-Language-Models-play-StarCraftII/jev_runs/macro-v2-20260922-hard-002,216.42857142857144,EMPTY ACTION,0
Large-Language-Models-play-StarCraftII/jev_runs/macro-v2-20260922-hard-002,217.5,EMPTY ACTION,0
Large-Language-Models-play-StarCraftII/jev_runs/macro-v2-20260922-hard-002,218.57142857142858,EMPTY ACTION,0
Large-Language-Models-play-StarCraftII/jev_runs/macro-v2-20260922-hard-002,219.64285714285717,TRAIN PROBE,1
Large-Language-Models-play-StarCraftII/jev_runs/macro-v2-20260922-hard-002,220.71428571428572,EMPTY ACTION,0
Large-Language-Models-play-StarCraftII/jev_runs/macro-v2-20260922-hard-002,221.7857142857143,EMPTY ACTION,0
Large-Language-Models-play-StarCraftII/jev_runs/macro-v2-20260922-hard-002,223.0357142857143,EMPTY ACTION,0
Large-Language-Models-play-StarCraftII/jev_runs/macro-v2-20260922-hard-002,223.92857142857144,EMPTY ACTION,0
Large-Language-Models-play-StarCraftII/jev_runs/macro-v2-20260922-hard-002,225.17857142857144,EMPTY ACTION,0
Large-Language-Models-play-StarCraftII/jev_runs/macro-v2-20260922-hard-002,226.07142857142858,BUILD PYLON,1
Large-Language-Models-play-StarCraftII/jev_runs/macro-v2-20260922-hard-002,227.14285714285717,EMPTY ACTION,0
Large-Language-Models-play-StarCraftII/jev_runs/macro-v2-20260922-hard-002,228.21428571428572,EMPTY ACTION,0
Large-Language-Models-play-StarCraftII/jev_runs/macro-v2-20260922-hard-002,229.2857142857143,EMPTY ACTION,0
Large-Language-Models-play-StarCraftII/jev_runs/macro-v2-20260922-hard-002,230.35714285714286,EMPTY ACTION,0
Large-Language-Models-play-StarCraftII/jev_runs/macro-v2-20260922-hard-002,231.42857142857144,EMPTY ACTION,0
Large-Language-Models-play-StarCraftII/jev_runs/macro-v2-20260922-hard-002,232.50000000000003,TRAIN ADEPT,1
Large-Language-Models-play-StarCraftII/jev_runs/macro-v2-20260922-hard-002,233.57142857142858,EMPTY ACTION,0
Large-Language-Models-play-StarCraftII/jev_runs/macro-v2-20260922-hard-002,234.64285714285717,EMPTY ACTION,0
Large-Language-Models-play-StarCraftII/jev_runs/macro-v2-20260922-hard-002,235.71428571428572,TRAIN PROBE,1
Large-Language-Models-play-StarCraftII/jev_runs/macro-v2-20260922-hard-002,236.7857142857143,EMPTY ACTION,0
Large-Language-Models-play-StarCraftII/jev_runs/macro-v2-20260922-hard-002,237.85714285714286,EMPTY ACTION,0
Large-Language-Models-play-StarCraftII/jev_runs/macro-v2-20260922-hard-002,238.92857142857144,EMPTY ACTION,0
Large-Language-Models-play-StarCraftII/jev_runs/macro-v2-20260922-hard-002,240.00000000000003,EMPTY ACTION,0
Large-Language-Models-play-StarCraftII/jev_runs/macro-v2-20260922-hard-002,241.07142857142858,EMPTY ACTION,0
Large-Language-Models-play-StarCraftII/jev_runs/macro-v2-20260922-hard-002,242.14285714285717,TRAIN PROBE,1
Large-Language-Models-play-StarCraftII/jev_runs/macro-v2-20260922-hard-002,243.21428571428572,EMPTY ACTION,0
Large-Language-Models-play-StarCraftII/jev_runs/macro-v2-20260922-hard-002,244.46428571428572,CHRONOBOOST NEXUS,1
Large-Language-Models-play-StarCraftII/jev_runs/macro-v2-20260922-hard-002,245.5357142857143,EMPTY ACTION,0
Large-Language-Models-play-StarCraftII/jev_runs/macro-v2-20260922-hard-002,246.42857142857144,TRAIN ADEPT,1
Large-Language-Models-play-StarCraftII/jev_runs/macro-v2-20260922-hard-002,247.50000000000003,CHRONOBOOST NEXUS,1
Large-Language-Models-play-StarCraftII/jev_runs/macro-v2-20260922-hard-002,248.57142857142858,TRAIN PROBE,1
Large-Language-Models-play-StarCraftII/jev_runs/macro-v2-20260922-hard-002,249.64285714285717,EMPTY ACTION,0
Large-Language-Models-play-StarCraftII/jev_runs/macro-v2-20260922-hard-002,250.71428571428572,EMPTY ACTION,0
Large-Language-Models-play-StarCraftII/jev_runs/macro-v2-20260922-hard-002,251.7857142857143,EMPTY ACTION,0
Large-Language-Models-play-StarCraftII/jev_runs/macro-v2-20260922-hard-002,252.85714285714286,EMPTY ACTION,0
Large-Language-Models-play-StarCraftII/jev_runs/macro-v2-20260922-hard-002,253.92857142857144,TRAIN PROBE,1
Large-Language-Models-play-StarCraftII/jev_runs/macro-v2-20260922-hard-002,255.00000000000003,CHRONOBOOST CYBERNETICSCORE,1
Large-Language-Models-play-StarCraftII/jev_runs/macro-v2-20260922-hard-002,256.0714285714286,EMPTY ACTION,0
Large-Language-Models-play-StarCraftII/jev_runs/macro-v2-20260922-hard-002,257.14285714285717,EMPTY ACTION,0
Large-Language-Models-play-StarCraftII/jev_runs/macro-v2-20260922-hard-002,258.2142857142857,TRAIN PROBE,1
Large-Language-Models-play-StarCraftII/jev_runs/macro-v2-20260922-hard-002,259.2857142857143,EMPTY ACTION,0
Large-Language-Models-play-StarCraftII/jev_runs/macro-v2-20260922-hard-002,260.3571428571429,EMPTY ACTION,0
Large-Language-Models-play-StarCraftII/jev_runs/macro-v2-20260922-hard-002,261.42857142857144,EMPTY ACTION,0
Large-Language-Models-play-StarCraftII/jev_runs/macro-v2-20260922-hard-002,262.5,EMPTY ACTION,0
Large-Language-Models-play-StarCraftII/jev_runs/macro-v2-20260922-hard-002,263.5714285714286,TRAIN PROBE,1
Large-Language-Models-play-StarCraftII/jev_runs/macro-v2-20260922-hard-002,264.64285714285717,EMPTY ACTION,0
Large-Language-Models-play-StarCraftII/jev_runs/macro-v2-20260922-hard-002,265.7142857142857,EMPTY ACTION,0
Large-Language-Models-play-StarCraftII/jev_runs/macro-v2-20260922-hard-002,266.7857142857143,EMPTY ACTION,0
Large-Language-Models-play-StarCraftII/jev_runs/macro-v2-20260922-hard-002,267.8571428571429,TRAIN PROBE,1
Large-Language-Models-play-StarCraftII/jev_runs/macro-v2-20260922-hard-002,268.92857142857144,TRAIN OBSERVER,1
Large-Language-Models-play-StarCraftII/jev_runs/macro-v2-20260922-hard-002,271.0714285714286,EMPTY ACTION,0
Large-Language-Models-play-StarCraftII/jev_runs/macro-v2-20260922-hard-002,272.14285714285717,TRAIN STALKER,1
Large-Language-Models-play-StarCraftII/jev_runs/macro-v2-20260922-hard-002,273.2142857142857,EMPTY ACTION,0
Large-Language-Models-play-StarCraftII/jev_runs/macro-v2-20260922-hard-002,274.2857142857143,EMPTY ACTION,0
Large-Language-Models-play-StarCraftII/jev_runs/macro-v2-20260922-hard-002,275.3571428571429,EMPTY ACTION,0
Large-Language-Models-play-StarCraftII/jev_runs/macro-v2-20260922-hard-002,276.42857142857144,TRAIN PROBE,1
Large-Language-Models-play-StarCraftII/jev_runs/macro-v2-20260922-hard-002,277.5,EMPTY ACTION,0
Large-Language-Models-play-StarCraftII/jev_runs/macro-v2-20260922-hard-002,278.5714285714286,EMPTY ACTION,0
Large-Language-Models-play-StarCraftII/jev_runs/macro-v2-20260922-hard-002,279.64285714285717,EMPTY ACTION,0
Large-Language-Models-play-StarCraftII/jev_runs/macro-v2-20260922-hard-002,280.7142857142857,TRAIN PROBE,1
Large-Language-Models-play-StarCraftII/jev_runs/macro-v2-20260922-hard-002,281.7857142857143,EMPTY ACTION,0
Large-Language-Models-play-StarCraftII/jev_runs/macro-v2-20260922-hard-002,283.0357142857143,EMPTY ACTION,0
Large-Language-Models-play-StarCraftII/jev_runs/macro-v2-20260922-hard-002,283.92857142857144,EMPTY ACTION,0
Large-Language-Models-play-StarCraftII/jev_runs/macro-v2-20260922-hard-002,285.17857142857144,TRAIN STALKER,1
Large-Language-Models-play-StarCraftII/jev_runs/macro-v2-20260922-hard-002,286.0714285714286,EMPTY ACTION,0
Large-Language-Models-play-StarCraftII/jev_runs/macro-v2-20260922-hard-002,287.14285714285717,EMPTY ACTION,0
Large-Language-Models-play-StarCraftII/jev_runs/macro-v2-20260922-hard-002,288.2142857142857,EMPTY ACTION,0
Large-Language-Models-play-StarCraftII/jev_runs/macro-v2-20260922-hard-002,289.2857142857143,TRAIN PROBE,1
Large-Language-Models-play-StarCraftII/jev_runs/macro-v2-20260922-hard-002,290.5357142857143,EMPTY ACTION,0
Large-Language-Models-play-StarCraftII/jev_runs/macro-v2-20260922-hard-002,291.42857142857144,EMPTY ACTION,0
Large-Language-Models-play-StarCraftII/jev_runs/macro-v2-20260922-hard-002,292.5,BUILD PYLON,1
Large-Language-Models-play-StarCraftII/jev_runs/macro-v2-20260922-hard-002,293.5714285714286,EMPTY ACTION,0
Large-Language-Models-play-StarCraftII/jev_runs/macro-v2-20260922-hard-002,294.64285714285717,TRAIN PROBE,1
Large-Language-Models-play-StarCraftII/jev_runs/macro-v2-20260922-hard-002,295.7142857142857,EMPTY ACTION,0
Large-Language-Models-play-StarCraftII/jev_runs/macro-v2-20260922-hard-002,296.7857142857143,EMPTY ACTION,0
Large-Language-Models-play-StarCraftII/jev_runs/macro-v2-20260922-hard-002,297.8571428571429,EMPTY ACTION,0
Large-Language-Models-play-StarCraftII/jev_runs/macro-v2-20260922-hard-002,298.92857142857144,EMPTY ACTION,0
Large-Language-Models-play-StarCraftII/jev_runs/macro-v2-20260922-hard-002,300.0,TRAIN STALKER,1
Large-Language-Models-play-StarCraftII/jev_runs/macro-v2-20260922-hard-002,301.0714285714286,EMPTY ACTION,0
Large-Language-Models-play-StarCraftII/jev_runs/macro-v2-20260922-hard-002,302.14285714285717,TRAIN PROBE,1
Large-Language-Models-play-StarCraftII/jev_runs/macro-v2-20260922-hard-002,303.2142857142857,EMPTY ACTION,0
Large-Language-Models-play-StarCraftII/jev_runs/macro-v2-20260922-hard-002,304.2857142857143,EMPTY ACTION,0
Large-Language-Models-play-StarCraftII/jev_runs/macro-v2-20260922-hard-002,305.3571428571429,CHRONOBOOST NEXUS,1
Large-Language-Models-play-StarCraftII/jev_runs/macro-v2-20260922-hard-002,306.42857142857144,EMPTY ACTION,0
Large-Language-Models-play-StarCraftII/jev_runs/macro-v2-20260922-hard-002,307.5,TRAIN PROBE,1
Large-Language-Models-play-StarCraftII/jev_runs/macro-v2-20260922-hard-002,308.5714285714286,EMPTY ACTION,0
Large-Language-Models-play-StarCraftII/jev_runs/macro-v2-20260922-hard-002,309.8214285714286,TRAIN STALKER,1
Large-Language-Models-play-StarCraftII/jev_runs/macro-v2-20260922-hard-002,310.7142857142857,EMPTY ACTION,0
Large-Language-Models-play-StarCraftII/jev_runs/macro-v2-20260922-hard-002,311.7857142857143,EMPTY ACTION,0
Large-Language-Models-play-StarCraftII/jev_runs/macro-v2-20260922-hard-002,312.8571428571429,TRAIN PROBE,1
Large-Language-Models-play-StarCraftII/jev_runs/macro-v2-20260922-hard-002,313.92857142857144,EMPTY ACTION,0
Large-Language-Models-play-StarCraftII/jev_runs/macro-v2-20260922-hard-002,315.0,EMPTY ACTION,0
Large-Language-Models-play-StarCraftII/jev_runs/macro-v2-20260922-hard-002,316.0714285714286,BUILD PYLON,1
Large-Language-Models-play-StarCraftII/jev_runs/macro-v2-20260922-hard-002,317.14285714285717,EMPTY ACTION,0
Large-Language-Models-play-StarCraftII/jev_runs/macro-v2-20260922-hard-002,318.2142857142857,CHRONOBOOST NEXUS,1
Large-Language-Models-play-StarCraftII/jev_runs/macro-v2-20260922-hard-002,319.2857142857143,EMPTY ACTION,0
Large-Language-Models-play-StarCraftII/jev_runs/macro-v2-20260922-hard-002,320.3571428571429,EMPTY ACTION,0
Large-Language-Models-play-StarCraftII/jev_runs/macro-v2-20260922-hard-002,321.42857142857144,BUILD GATEWAY,1
Large-Language-Models-play-StarCraftII/jev_runs/macro-v2-20260922-hard-002,322.5,EMPTY ACTION,0
Large-Language-Models-play-StarCraftII/jev_runs/macro-v2-20260922-hard-002,323.5714285714286,EMPTY ACTION,0
Large-Language-Models-play-StarCraftII/jev_runs/macro-v2-20260922-hard-002,324.8214285714286,EMPTY ACTION,0
Large-Language-Models-play-StarCraftII/jev_runs/macro-v2-20260922-hard-002,325.7142857142857,TRAIN ADEPT,1
Large-Language-Models-play-StarCraftII/jev_runs/macro-v2-20260922-hard-002,326.78571428571433,EMPTY ACTION,0
Large-Language-Models-play-StarCraftII/jev_runs/macro-v2-20260922-hard-002,327.8571428571429,EMPTY ACTION,0
Large-Language-Models-play-StarCraftII/jev_runs/macro-v2-20260922-hard-002,328.92857142857144,EMPTY ACTION,0
Large-Language-Models-play-StarCraftII/jev_runs/macro-v2-20260922-hard-002,330.0,EMPTY ACTION,0
Large-Language-Models-play-StarCraftII/jev_runs/macro-v2-20260922-hard-002,331.0714285714286,EMPTY ACTION,0
Large-Language-Models-play-StarCraftII/jev_runs/macro-v2-20260922-hard-002,332.14285714285717,EMPTY ACTION,0
Large-Language-Models-play-StarCraftII/jev_runs/macro-v2-20260922-hard-002,333.2142857142857,TRAIN STALKER,1
Large-Language-Models-play-StarCraftII/jev_runs/macro-v2-20260922-hard-002,334.28571428571433,EMPTY ACTION,0
Large-Language-Models-play-StarCraftII/jev_runs/macro-v2-20260922-hard-002,335.3571428571429,EMPTY ACTION,0
Large-Language-Models-play-StarCraftII/jev_runs/macro-v2-20260922-hard-002,336.42857142857144,EMPTY ACTION,0
Large-Language-Models-play-StarCraftII/jev_runs/macro-v2-20260922-hard-002,337.5,EMPTY ACTION,0
Large-Language-Models-play-StarCraftII/jev_runs/macro-v2-20260922-hard-002,338.5714285714286,TRAIN PROBE,1
Large-Language-Models-play-StarCraftII/jev_runs/macro-v2-20260922-hard-002,339.64285714285717,BUILD SHIELDBATTERY,1
Large-Language-Models-play-StarCraftII/jev_runs/macro-v2-20260922-hard-002,340.7142857142857,EMPTY ACTION,0
Large-Language-Models-play-StarCraftII/jev_runs/macro-v2-20260922-hard-002,341.9642857142857,EMPTY ACTION,0
Large-Language-Models-play-StarCraftII/jev_runs/macro-v2-20260922-hard-002,342.8571428571429,EMPTY ACTION,0
Large-Language-Models-play-StarCraftII/jev_runs/macro-v2-20260922-hard-002,343.92857142857144,TRAIN IMMORTAL,1
Large-Language-Models-play-StarCraftII/jev_runs/macro-v2-20260922-hard-002,345.0,EMPTY ACTION,0
Large-Language-Models-play-StarCraftII/jev_runs/macro-v2-20260922-hard-002,346.0714285714286,EMPTY ACTION,0
Large-Language-Models-play-StarCraftII/jev_runs/macro-v2-20260922-hard-002,347.14285714285717,EMPTY ACTION,0
Large-Language-Models-play-StarCraftII/jev_runs/macro-v2-20260922-hard-002,348.2142857142857,EMPTY ACTION,0
Large-Language-Models-play-StarCraftII/jev_runs/macro-v2-20260922-hard-002,349.28571428571433,TRAIN STALKER,1
Large-Language-Models-play-StarCraftII/jev_runs/macro-v2-20260922-hard-002,350.3571428571429,EMPTY ACTION,0
Large-Language-Models-play-StarCraftII/jev_runs/macro-v2-20260922-hard-002,351.42857142857144,EMPTY ACTION,0
Large-Language-Models-play-StarCraftII/jev_runs/macro-v2-20260922-hard-002,352.67857142857144,EMPTY ACTION,0
Large-Language-Models-play-StarCraftII/jev_runs/macro-v2-20260922-hard-002,353.5714285714286,EMPTY ACTION,0
Large-Language-Models-play-StarCraftII/jev_runs/macro-v2-20260922-hard-002,354.64285714285717,EMPTY ACTION,0
Large-Language-Models-play-StarCraftII/jev_runs/macro-v2-20260922-hard-002,355.7142857142857,EMPTY ACTION,0
Large-Language-Models-play-StarCraftII/jev_runs/macro-v2-20260922-hard-002,356.78571428571433,TRAIN STALKER,1
Large-Language-Models-play-StarCraftII/jev_runs/macro-v2-20260922-hard-002,357.8571428571429,TRAIN ADEPT,1
Large-Language-Models-play-StarCraftII/jev_runs/macro-v2-20260922-hard-002,358.92857142857144,EMPTY ACTION,0
Large-Language-Models-play-StarCraftII/jev_runs/macro-v2-20260922-hard-002,360.0,EMPTY ACTION,0
Large-Language-Models-play-StarCraftII/jev_runs/macro-v2-20260922-hard-002,361.0714285714286,EMPTY ACTION,0
Large-Language-Models-play-StarCraftII/jev_runs/macro-v2-20260922-hard-002,362.14285714285717,EMPTY ACTION,0
Large-Language-Models-play-StarCraftII/jev_runs/macro-v2-20260922-hard-002,363.2142857142857,EMPTY ACTION,0
Large-Language-Models-play-StarCraftII/jev_runs/macro-v2-20260922-hard-002,364.28571428571433,EMPTY ACTION,0
Large-Language-Models-play-StarCraftII/jev_runs/macro-v2-20260922-hard-002,365.53571428571433,EMPTY ACTION,0
Large-Language-Models-play-StarCraftII/jev_runs/macro-v2-20260922-hard-002,366.42857142857144,EMPTY ACTION,0
Large-Language-Models-play-StarCraftII/jev_runs/macro-v2-20260922-hard-002,367.5,EMPTY ACTION,0
Large-Language-Models-play-StarCraftII/jev_runs/macro-v2-20260922-hard-002,368.75,EMPTY ACTION,0
Large-Language-Models-play-StarCraftII/jev_runs/macro-v2-20260922-hard-002,369.64285714285717,EMPTY ACTION,0
Large-Language-Models-play-StarCraftII/jev_runs/macro-v2-20260922-hard-002,370.7142857142857,EMPTY ACTION,0
Large-Language-Models-play-StarCraftII/jev_runs/macro-v2-20260922-hard-002,371.78571428571433,EMPTY ACTION,0
Large-Language-Models-play-StarCraftII/jev_runs/macro-v2-20260922-hard-002,372.8571428571429,TRAIN STALKER,1
Large-Language-Models-play-StarCraftII/jev_runs/macro-v2-20260922-hard-002,373.92857142857144,TRAIN STALKER,1
Large-Language-Models-play-StarCraftII/jev_runs/macro-v2-20260922-hard-002,375.0,EMPTY ACTION,0
Large-Language-Models-play-StarCraftII/jev_runs/macro-v2-20260922-hard-002,376.0714285714286,EMPTY ACTION,0
Large-Language-Models-play-StarCraftII/jev_runs/macro-v2-20260922-hard-002,377.14285714285717,EMPTY ACTION,0
Large-Language-Models-play-StarCraftII/jev_runs/macro-v2-20260922-hard-002,378.2142857142857,BUILD ASSIMILATOR,1
Large-Language-Models-play-StarCraftII/jev_runs/macro-v2-20260922-hard-002,379.28571428571433,TRAIN PROBE,1
Large-Language-Models-play-StarCraftII/jev_runs/macro-v2-20260922-hard-002,380.3571428571429,TRAIN PROBE,1
Large-Language-Models-play-StarCraftII/jev_runs/macro-v2-20260922-hard-002,381.42857142857144,TRAIN STALKER,1
Large-Language-Models-play-StarCraftII/jev_runs/macro-v2-20260922-hard-002,382.5,BUILD PYLON,1
Large-Language-Models-play-StarCraftII/jev_runs/macro-v2-20260922-hard-002,383.39285714285717,BUILD SHIELDBATTERY,1
Large-Language-Models-play-StarCraftII/jev_runs/macro-v2-20260922-hard-002,384.64285714285717,BUILD GATEWAY,1
Large-Language-Models-play-StarCraftII/jev_runs/macro-v2-20260922-hard-002,385.7142857142857,EMPTY ACTION,0
Large-Language-Models-play-StarCraftII/jev_runs/macro-v2-20260922-hard-002,386.78571428571433,EMPTY ACTION,0
Large-Language-Models-play-StarCraftII/jev_runs/macro-v2-20260922-hard-002,387.8571428571429,EMPTY ACTION,0
Large-Language-Models-play-StarCraftII/jev_runs/macro-v2-20260922-hard-002,388.92857142857144,EMPTY ACTION,0
Large-Language-Models-play-StarCraftII/jev_runs/macro-v2-20260922-hard-002,390.0,EMPTY ACTION,0
Large-Language-Models-play-StarCraftII/jev_runs/macro-v2-20260922-hard-002,391.0714285714286,TRAIN IMMORTAL,1
Large-Language-Models-play-StarCraftII/jev_runs/macro-v2-20260922-hard-002,392.14285714285717,EMPTY ACTION,0
Large-Language-Models-play-StarCraftII/jev_runs/macro-v2-20260922-hard-002,393.2142857142857,TRAIN PROBE,1
Large-Language-Models-play-StarCraftII/jev_runs/macro-v2-20260922-hard-002,394.28571428571433,EMPTY ACTION,0
Large-Language-Models-play-StarCraftII/jev_runs/macro-v2-20260922-hard-002,395.3571428571429,TRAIN PROBE,1
Large-Language-Models-play-StarCraftII/jev_runs/macro-v2-20260922-hard-002,396.6071428571429,EMPTY ACTION,0
Large-Language-Models-play-StarCraftII/jev_runs/macro-v2-20260922-hard-002,397.5,EMPTY ACTION,0
Large-Language-Models-play-StarCraftII/jev_runs/macro-v2-20260922-hard-002,398.5714285714286,BUILD PYLON,1
Large-Language-Models-play-StarCraftII/jev_runs/macro-v2-20260922-hard-002,399.64285714285717,EMPTY ACTION,0
Large-Language-Models-play-StarCraftII/jev_runs/macro-v2-20260922-hard-002,400.89285714285717,EMPTY ACTION,0
Large-Language-Models-play-StarCraftII/jev_runs/macro-v2-20260922-hard-002,401.9642857142857,BUILD ASSIMILATOR,1
Large-Language-Models-play-StarCraftII/jev_runs/macro-v2-20260922-hard-002,402.8571428571429,EMPTY ACTION,0
Large-Language-Models-play-StarCraftII/jev_runs/macro-v2-20260922-hard-002,403.92857142857144,EMPTY ACTION,0
Large-Language-Models-play-StarCraftII/jev_runs/macro-v2-20260922-hard-002,405.0,TRAIN ZEALOT,1
Large-Language-Models-play-StarCraftII/jev_runs/macro-v2-20260922-hard-002,406.0714285714286,EMPTY ACTION,0
Large-Language-Models-play-StarCraftII/jev_runs/macro-v2-20260922-hard-002,407.14285714285717,TRAIN PROBE,1
Large-Language-Models-play-StarCraftII/jev_runs/macro-v2-20260922-hard-002,408.2142857142857,TRAIN PROBE,1
Large-Language-Models-play-StarCraftII/jev_runs/macro-v2-20260922-hard-002,409.28571428571433,EMPTY ACTION,0
Large-Language-Models-play-StarCraftII/jev_runs/macro-v2-20260922-hard-002,410.3571428571429,EMPTY ACTION,0
Large-Language-Models-play-StarCraftII/jev_runs/macro-v2-20260922-hard-002,411.42857142857144,EMPTY ACTION,0
Large-Language-Models-play-StarCraftII/jev_runs/macro-v2-20260922-hard-002,412.5,TRAIN STALKER,1
Large-Language-Models-play-StarCraftII/jev_runs/macro-v2-20260922-hard-002,413.5714285714286,EMPTY ACTION,0
Large-Language-Models-play-StarCraftII/jev_runs/macro-v2-20260922-hard-002,414.64285714285717,EMPTY ACTION,0
Large-Language-Models-play-StarCraftII/jev_runs/macro-v2-20260922-hard-002,415.7142857142857,TRAIN ZEALOT,1
Large-Language-Models-play-StarCraftII/jev_runs/macro-v2-20260922-hard-002,416.78571428571433,EMPTY ACTION,0
Large-Language-Models-play-StarCraftII/jev_runs/macro-v2-20260922-hard-002,417.8571428571429,EMPTY ACTION,0
Large-Language-Models-play-StarCraftII/jev_runs/macro-v2-20260922-hard-002,418.92857142857144,EMPTY ACTION,0
Large-Language-Models-play-StarCraftII/jev_runs/macro-v2-20260922-hard-002,420.0,BUILD PYLON,1
Large-Language-Models-play-StarCraftII/jev_runs/macro-v2-20260922-hard-002,421.0714285714286,EMPTY ACTION,0
Large-Language-Models-play-StarCraftII/jev_runs/macro-v2-20260922-hard-002,422.3214285714286,EMPTY ACTION,0
Large-Language-Models-play-StarCraftII/jev_runs/macro-v2-20260922-hard-002,423.2142857142857,EMPTY ACTION,0
Large-Language-Models-play-StarCraftII/jev_runs/macro-v2-20260922-hard-002,424.1071428571429,EMPTY ACTION,0
Large-Language-Models-play-StarCraftII/jev_runs/macro-v2-20260922-hard-002,425.3571428571429,EMPTY ACTION,0
Large-Language-Models-play-StarCraftII/jev_runs/macro-v2-20260922-hard-002,426.42857142857144,EMPTY ACTION,0
Large-Language-Models-play-StarCraftII/jev_runs/macro-v2-20260922-hard-002,427.67857142857144,EMPTY ACTION,0
Large-Language-Models-play-StarCraftII/jev_runs/macro-v2-20260922-hard-002,428.5714285714286,TRAIN STALKER,1
Large-Language-Models-play-StarCraftII/jev_runs/macro-v2-20260922-hard-002,429.8214285714286,EMPTY ACTION,0
Large-Language-Models-play-StarCraftII/jev_runs/macro-v2-20260922-hard-002,431.78571428571433,EMPTY ACTION,0
Large-Language-Models-play-StarCraftII/jev_runs/macro-v2-20260922-hard-002,432.8571428571429,EMPTY ACTION,0
Large-Language-Models-play-StarCraftII/jev_runs/macro-v2-20260922-hard-002,433.92857142857144,EMPTY ACTION,0
Large-Language-Models-play-StarCraftII/jev_runs/macro-v2-20260922-hard-002,435.0,BUILD NEXUS,1
Large-Language-Models-play-StarCraftII/jev_runs/macro-v2-20260922-hard-002,436.0714285714286,EMPTY ACTION,0
Large-Language-Models-play-StarCraftII/jev_runs/macro-v2-20260922-hard-002,437.3214285714286,TRAIN PROBE,1
Large-Language-Models-play-StarCraftII/jev_runs/macro-v2-20260922-hard-002,438.2142857142857,EMPTY ACTION,0
Large-Language-Models-play-StarCraftII/jev_runs/macro-v2-20260922-hard-002,439.28571428571433,TRAIN PROBE,1
Large-Language-Models-play-StarCraftII/jev_runs/macro-v2-20260922-hard-002,440.3571428571429,EMPTY ACTION,0
Large-Language-Models-play-StarCraftII/jev_runs/macro-v2-20260922-hard-002,441.42857142857144,BUILD PYLON,1
Large-Language-Models-play-StarCraftII/jev_runs/macro-v2-20260922-hard-002,442.5,EMPTY ACTION,0
Large-Language-Models-play-StarCraftII/jev_runs/macro-v2-20260922-hard-002,443.5714285714286,CHRONOBOOST NEXUS,1
Large-Language-Models-play-StarCraftII/jev_runs/macro-v2-20260922-hard-002,444.64285714285717,BUILD ASSIMILATOR,1
Large-Language-Models-play-StarCraftII/jev_runs/macro-v2-20260922-hard-002,445.7142857142857,CHRONOBOOST NEXUS,1
Large-Language-Models-play-StarCraftII/jev_runs/macro-v2-20260922-hard-002,446.78571428571433,EMPTY ACTION,0
Large-Language-Models-play-StarCraftII/jev_runs/macro-v2-20260922-hard-002,448.03571428571433,TRAIN ZEALOT,1
Large-Language-Models-play-StarCraftII/jev_runs/macro-v2-20260922-hard-002,448.92857142857144,TRAIN PROBE,1
Large-Language-Models-play-StarCraftII/jev_runs/macro-v2-20260922-hard-002,450.00000000000006,EMPTY ACTION,0
Large-Language-Models-play-StarCraftII/jev_runs/macro-v2-20260922-hard-002,451.0714285714286,TRAIN PROBE,1
Large-Language-Models-play-StarCraftII/jev_runs/macro-v2-20260922-hard-002,452.14285714285717,EMPTY ACTION,0
Large-Language-Models-play-StarCraftII/jev_runs/macro-v2-20260922-hard-002,453.2142857142857,EMPTY ACTION,0
Large-Language-Models-play-StarCraftII/jev_runs/macro-v2-20260922-hard-002,454.28571428571433,TRAIN ZEALOT,1
Large-Language-Models-play-StarCraftII/jev_runs/macro-v2-20260922-hard-002,455.3571428571429,EMPTY ACTION,0
Large-Language-Models-play-StarCraftII/jev_runs/macro-v2-20260922-hard-002,456.42857142857144,EMPTY ACTION,0
Large-Language-Models-play-StarCraftII/jev_runs/macro-v2-20260922-hard-002,457.50000000000006,TRAIN ZEALOT,1
Large-Language-Models-play-StarCraftII/jev_runs/macro-v2-20260922-hard-002,458.5714285714286,TRAIN PROBE,1
Large-Language-Models-play-StarCraftII/jev_runs/macro-v2-20260922-hard-002,459.64285714285717,EMPTY ACTION,0
Large-Language-Models-play-StarCraftII/jev_runs/macro-v2-20260922-hard-002,460.7142857142857,TRAIN PROBE,1
Large-Language-Models-play-StarCraftII/jev_runs/macro-v2-20260922-hard-002,461.78571428571433,EMPTY ACTION,0
Large-Language-Models-play-StarCraftII/jev_runs/macro-v2-20260922-hard-002,462.8571428571429,EMPTY ACTION,0
Large-Language-Models-play-StarCraftII/jev_runs/macro-v2-20260922-hard-002,463.92857142857144,BUILD PYLON,1
Large-Language-Models-play-StarCraftII/jev_runs/macro-v2-20260922-hard-002,465.00000000000006,CHRONOBOOST NEXUS,1
Large-Language-Models-play-StarCraftII/jev_runs/macro-v2-20260922-hard-002,466.0714285714286,EMPTY ACTION,0
Large-Language-Models-play-StarCraftII/jev_runs/macro-v2-20260922-hard-002,467.14285714285717,TRAIN ZEALOT,1
Large-Language-Models-play-StarCraftII/jev_runs/macro-v2-20260922-hard-002,468.2142857142857,TRAIN PROBE,1
Large-Language-Models-play-StarCraftII/jev_runs/macro-v2-20260922-hard-002,469.28571428571433,CHRONOBOOST NEXUS,1
Large-Language-Models-play-StarCraftII/jev_runs/macro-v2-20260922-hard-002,470.3571428571429,EMPTY ACTION,0
Large-Language-Models-play-StarCraftII/jev_runs/macro-v2-20260922-hard-002,471.42857142857144,TRAIN PROBE,1
Large-Language-Models-play-StarCraftII/jev_runs/macro-v2-20260922-hard-002,472.50000000000006,EMPTY ACTION,0
Large-Language-Models-play-StarCraftII/jev_runs/macro-v2-20260922-hard-002,473.5714285714286,TRAIN ZEALOT,1
Large-Language-Models-play-StarCraftII/jev_runs/macro-v2-20260922-hard-002,474.64285714285717,EMPTY ACTION,0
Large-Language-Models-play-StarCraftII/jev_runs/macro-v2-20260922-hard-002,475.7142857142857,EMPTY ACTION,0
Large-Language-Models-play-StarCraftII/jev_runs/macro-v2-20260922-hard-002,476.78571428571433,BUILD PYLON,1
Large-Language-Models-play-StarCraftII/jev_runs/macro-v2-20260922-hard-002,477.8571428571429,EMPTY ACTION,0
Large-Language-Models-play-StarCraftII/jev_runs/macro-v2-20260922-hard-002,478.92857142857144,MULTI-ATTACK,20
Large-Language-Models-play-StarCraftII/jev_runs/macro-v2-20260922-hard-002,480.00000000000006,TRAIN PROBE,1
Large-Language-Models-play-StarCraftII/jev_runs/macro-v2-20260922-hard-002,481.0714285714286,TRAIN PROBE,1
Large-Language-Models-play-StarCraftII/jev_runs/macro-v2-20260922-hard-002,482.14285714285717,EMPTY ACTION,0
Large-Language-Models-play-StarCraftII/jev_runs/macro-v2-20260922-hard-002,483.2142857142857,TRAIN STALKER,1
Large-Language-Models-play-StarCraftII/jev_runs/macro-v2-20260922-hard-002,484.28571428571433,EMPTY ACTION,0
Large-Language-Models-play-StarCraftII/jev_runs/macro-v2-20260922-hard-002,485.3571428571429,EMPTY ACTION,0
Large-Language-Models-play-StarCraftII/jev_runs/macro-v2-20260922-hard-002,486.42857142857144,EMPTY ACTION,0
Large-Language-Models-play-StarCraftII/jev_runs/macro-v2-20260922-hard-002,487.67857142857144,EMPTY ACTION,0
Large-Language-Models-play-StarCraftII/jev_runs/macro-v2-20260922-hard-002,488.5714285714286,EMPTY ACTION,0
Large-Language-Models-play-StarCraftII/jev_runs/macro-v2-20260922-hard-002,489.64285714285717,EMPTY ACTION,0
Large-Language-Models-play-StarCraftII/jev_runs/macro-v2-20260922-hard-002,490.7142857142857,TRAIN IMMORTAL,1
Large-Language-Models-play-StarCraftII/jev_runs/macro-v2-20260922-hard-002,491.78571428571433,EMPTY ACTION,0
Large-Language-Models-play-StarCraftII/jev_runs/macro-v2-20260922-hard-002,492.8571428571429,TRAIN PROBE,1
Large-Language-Models-play-StarCraftII/jev_runs/macro-v2-20260922-hard-002,493.92857142857144,TRAIN PROBE,1
Large-Language-Models-play-StarCraftII/jev_runs/macro-v2-20260922-hard-002,495.00000000000006,EMPTY ACTION,0
Large-Language-Models-play-StarCraftII/jev_runs/macro-v2-20260922-hard-002,496.0714285714286,EMPTY ACTION,0
Large-Language-Models-play-StarCraftII/jev_runs/macro-v2-20260922-hard-002,497.3214285714286,BUILD PYLON,1
Large-Language-Models-play-StarCraftII/jev_runs/macro-v2-20260922-hard-002,498.2142857142857,EMPTY ACTION,0
Large-Language-Models-play-StarCraftII/jev_runs/macro-v2-20260922-hard-002,499.28571428571433,TRAIN ZEALOT,1
Large-Language-Models-play-StarCraftII/jev_runs/macro-v2-20260922-hard-002,500.3571428571429,EMPTY ACTION,0
Large-Language-Models-play-StarCraftII/jev_runs/macro-v2-20260922-hard-002,501.42857142857144,EMPTY ACTION,0
Large-Language-Models-play-StarCraftII/jev_runs/macro-v2-20260922-hard-002,502.50000000000006,TRAIN ZEALOT,1
Large-Language-Models-play-StarCraftII/jev_runs/macro-v2-20260922-hard-002,503.5714285714286,EMPTY ACTION,0
Large-Language-Models-play-StarCraftII/jev_runs/macro-v2-20260922-hard-002,504.64285714285717,EMPTY ACTION,0
Large-Language-Models-play-StarCraftII/jev_runs/macro-v2-20260922-hard-002,505.7142857142857,TRAIN PROBE,1
Large-Language-Models-play-StarCraftII/jev_runs/macro-v2-20260922-hard-002,506.78571428571433,TRAIN PROBE,1
Large-Language-Models-play-StarCraftII/jev_runs/macro-v2-20260922-hard-002,507.8571428571429,BUILD PYLON,1
Large-Language-Models-play-StarCraftII/jev_runs/macro-v2-20260922-hard-002,508.92857142857144,EMPTY ACTION,0
Large-Language-Models-play-StarCraftII/jev_runs/macro-v2-20260922-hard-002,510.00000000000006,EMPTY ACTION,0
Large-Language-Models-play-StarCraftII/jev_runs/macro-v2-20260922-hard-002,511.0714285714286,TRAIN ZEALOT,1
Large-Language-Models-play-StarCraftII/jev_runs/macro-v2-20260922-hard-002,512.1428571428572,EMPTY ACTION,0
Large-Language-Models-play-StarCraftII/jev_runs/macro-v2-20260922-hard-002,513.2142857142858,EMPTY ACTION,0
Large-Language-Models-play-StarCraftII/jev_runs/macro-v2-20260922-hard-002,514.2857142857143,TRAIN ZEALOT,1
Large-Language-Models-play-StarCraftII/jev_runs/macro-v2-20260922-hard-002,515.3571428571429,EMPTY ACTION,0
Large-Language-Models-play-StarCraftII/jev_runs/macro-v2-20260922-hard-002,516.4285714285714,EMPTY ACTION,0
Large-Language-Models-play-StarCraftII/jev_runs/macro-v2-20260922-hard-002,517.6785714285714,EMPTY ACTION,0
Large-Language-Models-play-StarCraftII/jev_runs/macro-v2-20260922-hard-002,518.5714285714286,TRAIN PROBE,1
Large-Language-Models-play-StarCraftII/jev_runs/macro-v2-20260922-hard-002,519.6428571428572,TRAIN PROBE,1
Large-Language-Models-play-StarCraftII/jev_runs/macro-v2-20260922-hard-002,520.7142857142858,EMPTY ACTION,0
Large-Language-Models-play-StarCraftII/jev_runs/macro-v2-20260922-hard-002,521.7857142857143,BUILD GATEWAY,1
Large-Language-Models-play-StarCraftII/jev_runs/macro-v2-20260922-hard-002,523.0357142857143,EMPTY ACTION,0
Large-Language-Models-play-StarCraftII/jev_runs/macro-v2-20260922-hard-002,523.9285714285714,EMPTY ACTION,0
Large-Language-Models-play-StarCraftII/jev_runs/macro-v2-20260922-hard-002,525.0,EMPTY ACTION,0
Large-Language-Models-play-StarCraftII/jev_runs/macro-v2-20260922-hard-002,526.0714285714286,EMPTY ACTION,0
Large-Language-Models-play-StarCraftII/jev_runs/macro-v2-20260922-hard-002,527.1428571428572,BUILD ROBOTICSBAY,1
Large-Language-Models-play-StarCraftII/jev_runs/macro-v2-20260922-hard-002,528.2142857142858,EMPTY ACTION,0
Large-Language-Models-play-StarCraftII/jev_runs/macro-v2-20260922-hard-002,529.2857142857143,EMPTY ACTION,0
Large-Language-Models-play-StarCraftII/jev_runs/macro-v2-20260922-hard-002,530.3571428571429,TRAIN ZEALOT,1
Large-Language-Models-play-StarCraftII/jev_runs/macro-v2-20260922-hard-002,531.4285714285714,TRAIN OBSERVER,1
Large-Language-Models-play-StarCraftII/jev_runs/macro-v2-20260922-hard-002,532.5,EMPTY ACTION,0
Large-Language-Models-play-StarCraftII/jev_runs/macro-v2-20260922-hard-002,533.5714285714286,EMPTY ACTION,0
Large-Language-Models-play-StarCraftII/jev_runs/macro-v2-20260922-hard-002,534.6428571428572,TRAIN ZEALOT,1
Large-Language-Models-play-StarCraftII/jev_runs/macro-v2-20260922-hard-002,535.7142857142858,EMPTY ACTION,0
Large-Language-Models-play-StarCraftII/jev_runs/macro-v2-20260922-hard-002,536.7857142857143,EMPTY ACTION,0
Large-Language-Models-play-StarCraftII/jev_runs/macro-v2-20260922-hard-002,537.8571428571429,TRAIN STALKER,1
Large-Language-Models-play-StarCraftII/jev_runs/macro-v2-20260922-hard-002,538.9285714285714,EMPTY ACTION,0
Large-Language-Models-play-StarCraftII/jev_runs/macro-v2-20260922-hard-002,540.1785714285714,EMPTY ACTION,0
Large-Language-Models-play-StarCraftII/jev_runs/macro-v2-20260922-hard-002,541.0714285714286,TRAIN STALKER,1
Large-Language-Models-play-StarCraftII/jev_runs/macro-v2-20260922-hard-002,542.1428571428572,EMPTY ACTION,0
Large-Language-Models-play-StarCraftII/jev_runs/macro-v2-20260922-hard-002,543.2142857142858,EMPTY ACTION,0
Large-Language-Models-play-StarCraftII/jev_runs/macro-v2-20260922-hard-002,544.2857142857143,EMPTY ACTION,0
Large-Language-Models-play-StarCraftII/jev_runs/macro-v2-20260922-hard-002,545.3571428571429,EMPTY ACTION,0
Large-Language-Models-play-StarCraftII/jev_runs/macro-v2-20260922-hard-002,546.4285714285714,EMPTY ACTION,0
Large-Language-Models-play-StarCraftII/jev_runs/macro-v2-20260922-hard-002,547.5,EMPTY ACTION,0
Large-Language-Models-play-StarCraftII/jev_runs/macro-v2-20260922-hard-002,548.5714285714286,EMPTY ACTION,0
Large-Language-Models-play-StarCraftII/jev_runs/macro-v2-20260922-hard-002,549.6428571428572,EMPTY ACTION,0
Large-Language-Models-play-StarCraftII/jev_runs/macro-v2-20260922-hard-002,550.8928571428572,TRAIN IMMORTAL,1
Large-Language-Models-play-StarCraftII/jev_runs/macro-v2-20260922-hard-002,551.7857142857143,EMPTY ACTION,0
Large-Language-Models-play-StarCraftII/jev_runs/macro-v2-20260922-hard-002,552.8571428571429,EMPTY ACTION,0
Large-Language-Models-play-StarCraftII/jev_runs/macro-v2-20260922-hard-002,553.9285714285714,TRAIN STALKER,1
Large-Language-Models-play-StarCraftII/jev_runs/macro-v2-20260922-hard-002,555.1785714285714,EMPTY ACTION,0
Large-Language-Models-play-StarCraftII/jev_runs/macro-v2-20260922-hard-002,556.0714285714286,EMPTY ACTION,0
Large-Language-Models-play-StarCraftII/jev_runs/macro-v2-20260922-hard-002,557.1428571428572,EMPTY ACTION,0
Large-Language-Models-play-StarCraftII/jev_runs/macro-v2-20260922-hard-002,558.2142857142858,TRAIN STALKER,1
Large-Language-Models-play-StarCraftII/jev_runs/macro-v2-20260922-hard-002,559.2857142857143,EMPTY ACTION,0
Large-Language-Models-play-StarCraftII/jev_runs/macro-v2-20260922-hard-002,560.3571428571429,EMPTY ACTION,0
Large-Language-Models-play-StarCraftII/jev_runs/macro-v2-20260922-hard-002,561.6071428571429,TRAIN STALKER,1
Large-Language-Models-play-StarCraftII/jev_runs/macro-v2-20260922-hard-002,562.5,EMPTY ACTION,0
Large-Language-Models-play-StarCraftII/jev_runs/macro-v2-20260922-hard-002,563.5714285714286,EMPTY ACTION,0
Large-Language-Models-play-StarCraftII/jev_runs/macro-v2-20260922-hard-002,564.6428571428572,TRAIN STALKER,1
Large-Language-Models-play-StarCraftII/jev_runs/macro-v2-20260922-hard-002,565.7142857142858,EMPTY ACTION,0
Large-Language-Models-play-StarCraftII/jev_runs/macro-v2-20260922-hard-002,566.7857142857143,EMPTY ACTION,0
Large-Language-Models-play-StarCraftII/jev_runs/macro-v2-20260922-hard-002,567.8571428571429,EMPTY ACTION,0
Large-Language-Models-play-StarCraftII/jev_runs/macro-v2-20260922-hard-002,568.9285714285714,EMPTY ACTION,0
Large-Language-Models-play-StarCraftII/jev_runs/macro-v2-20260922-hard-002,570.0,EMPTY ACTION,0
Large-Language-Models-play-StarCraftII/jev_runs/macro-v2-20260922-hard-002,571.0714285714286,BUILD GATEWAY,1
Large-Language-Models-play-StarCraftII/jev_runs/macro-v2-20260922-hard-002,572.1428571428572,EMPTY ACTION,0
Large-Language-Models-play-StarCraftII/jev_runs/macro-v2-20260922-hard-002,573.2142857142858,EMPTY ACTION,0
Large-Language-Models-play-StarCraftII/jev_runs/macro-v2-20260922-hard-002,574.2857142857143,EMPTY ACTION,0
Large-Language-Models-play-StarCraftII/jev_runs/macro-v2-20260922-hard-002,575.3571428571429,TRAIN STALKER,1
Large-Language-Models-play-StarCraftII/jev_runs/macro-v2-20260922-hard-002,576.4285714285714,EMPTY ACTION,0
Large-Language-Models-play-StarCraftII/jev_runs/macro-v2-20260922-hard-002,577.5,TRAIN STALKER,1
Large-Language-Models-play-StarCraftII/jev_runs/macro-v2-20260922-hard-002,578.5714285714286,RESEARCH EXTENDEDTHERMALLANCE,1
Large-Language-Models-play-StarCraftII/jev_runs/macro-v2-20260922-hard-002,579.6428571428572,EMPTY ACTION,0
Large-Language-Models-play-StarCraftII/jev_runs/macro-v2-20260922-hard-002,580.7142857142858,EMPTY ACTION,0
Large-Language-Models-play-StarCraftII/jev_runs/macro-v2-20260922-hard-002,581.7857142857143,TRAIN STALKER,1
Large-Language-Models-play-StarCraftII/jev_runs/macro-v2-20260922-hard-002,582.8571428571429,EMPTY ACTION,0
Large-Language-Models-play-StarCraftII/jev_runs/macro-v2-20260922-hard-002,583.9285714285714,EMPTY ACTION,0
Large-Language-Models-play-StarCraftII/jev_runs/macro-v2-20260922-hard-002,585.0,TRAIN STALKER,1
Large-Language-Models-play-StarCraftII/jev_runs/macro-v2-20260922-hard-002,586.0714285714286,EMPTY ACTION,0
Large-Language-Models-play-StarCraftII/jev_runs/macro-v2-20260922-hard-002,587.1428571428572,EMPTY ACTION,0
Large-Language-Models-play-StarCraftII/jev_runs/macro-v2-20260922-hard-002,588.2142857142858,TRAIN STALKER,1
Large-Language-Models-play-StarCraftII/jev_runs/macro-v2-20260922-hard-002,589.2857142857143,EMPTY ACTION,0
Large-Language-Models-play-StarCraftII/jev_runs/macro-v2-20260922-hard-002,590.3571428571429,EMPTY ACTION,0
Large-Language-Models-play-StarCraftII/jev_runs/macro-v2-20260922-hard-002,591.4285714285714,TRAIN COLOSSUS,1
Large-Language-Models-play-StarCraftII/jev_runs/macro-v2-20260922-hard-002,592.5,EMPTY ACTION,0
Large-Language-Models-play-StarCraftII/jev_runs/macro-v2-20260922-hard-002,593.5714285714286,EMPTY ACTION,0
Large-Language-Models-play-StarCraftII/jev_runs/macro-v2-20260922-hard-002,594.6428571428572,EMPTY ACTION,0
Large-Language-Models-play-StarCraftII/jev_runs/macro-v2-20260922-hard-002,595.7142857142858,EMPTY ACTION,0
Large-Language-Models-play-StarCraftII/jev_runs/macro-v2-20260922-hard-002,596.7857142857143,EMPTY ACTION,0
Large-Language-Models-play-StarCraftII/jev_runs/macro-v2-20260922-hard-002,598.9285714285714,MULTI-DEFEND,19
Large-Language-Models-play-StarCraftII/jev_runs/macro-v2-20260922-hard-002,600.0,BUILD ROBOTICSFACILITY,1
Large-Language-Models-play-StarCraftII/jev_runs/macro-v2-20260922-hard-002,601.0714285714286,TRAIN STALKER,1
Large-Language-Models-play-StarCraftII/jev_runs/macro-v2-20260922-hard-002,602.1428571428572,TRAIN STALKER,1
Large-Language-Models-play-StarCraftII/jev_runs/macro-v2-20260922-hard-002,603.2142857142858,BUILD NEXUS,1
Large-Language-Models-play-StarCraftII/jev_runs/macro-v2-20260922-hard-002,604.2857142857143,EMPTY ACTION,0
Large-Language-Models-play-StarCraftII/jev_runs/macro-v2-20260922-hard-002,605.3571428571429,TRAIN ZEALOT,1
Large-Language-Models-play-StarCraftII/jev_runs/macro-v2-20260922-hard-002,606.4285714285714,EMPTY ACTION,0
Large-Language-Models-play-StarCraftII/jev_runs/macro-v2-20260922-hard-002,607.5,EMPTY ACTION,0
Large-Language-Models-play-StarCraftII/jev_runs/macro-v2-20260922-hard-002,608.5714285714286,TRAIN STALKER,1
Large-Language-Models-play-StarCraftII/jev_runs/macro-v2-20260922-hard-002,609.6428571428572,BUILD ROBOTICSFACILITY,1
Large-Language-Models-play-StarCraftII/jev_runs/macro-v2-20260922-hard-002,610.7142857142858,EMPTY ACTION,0
Large-Language-Models-play-StarCraftII/jev_runs/macro-v2-20260922-hard-002,611.7857142857143,TRAIN STALKER,1
Large-Language-Models-play-StarCraftII/jev_runs/macro-v2-20260922-hard-002,612.8571428571429,EMPTY ACTION,0
Large-Language-Models-play-StarCraftII/jev_runs/macro-v2-20260922-hard-002,613.9285714285714,EMPTY ACTION,0
Large-Language-Models-play-StarCraftII/jev_runs/macro-v2-20260922-hard-002,615.0,EMPTY ACTION,0
Large-Language-Models-play-StarCraftII/jev_runs/macro-v2-20260922-hard-002,616.0714285714286,EMPTY ACTION,0
Large-Language-Models-play-StarCraftII/jev_runs/macro-v2-20260922-hard-002,617.1428571428572,EMPTY ACTION,0
Large-Language-Models-play-StarCraftII/jev_runs/macro-v2-20260922-hard-002,618.2142857142858,EMPTY ACTION,0
Large-Language-Models-play-StarCraftII/jev_runs/macro-v2-20260922-hard-002,619.2857142857143,EMPTY ACTION,0
Large-Language-Models-play-StarCraftII/jev_runs/macro-v2-20260922-hard-002,620.3571428571429,EMPTY ACTION,0
Large-Language-Models-play-StarCraftII/jev_runs/macro-v2-20260922-hard-002,621.4285714285714,EMPTY ACTION,0
Large-Language-Models-play-StarCraftII/jev_runs/macro-v2-20260922-hard-002,622.5,EMPTY ACTION,0
Large-Language-Models-play-StarCraftII/jev_runs/macro-v2-20260922-hard-002,623.5714285714286,EMPTY ACTION,0
Large-Language-Models-play-StarCraftII/jev_runs/macro-v2-20260922-hard-002,624.6428571428572,TRAIN STALKER,1
Large-Language-Models-play-StarCraftII/jev_runs/macro-v2-20260922-hard-002,625.7142857142858,TRAIN STALKER,1
Large-Language-Models-play-StarCraftII/jev_runs/macro-v2-20260922-hard-002,626.7857142857143,TRAIN STALKER,1
Large-Language-Models-play-StarCraftII/jev_runs/macro-v2-20260922-hard-002,627.8571428571429,EMPTY ACTION,0
Large-Language-Models-play-StarCraftII/jev_runs/macro-v2-20260922-hard-002,628.9285714285714,TRAIN STALKER,1
Large-Language-Models-play-StarCraftII/jev_runs/macro-v2-20260922-hard-002,630.0,BUILD PYLON,1
Large-Language-Models-play-StarCraftII/jev_runs/macro-v2-20260922-hard-002,631.0714285714286,MULTI-RETREAT,27
Large-Language-Models-play-StarCraftII/jev_runs/macro-v2-20260922-hard-002,632.1428571428572,TRAIN STALKER,1
Large-Language-Models-play-StarCraftII/jev_runs/macro-v2-20260922-hard-002,633.2142857142858,TRAIN ZEALOT,1
Large-Language-Models-play-StarCraftII/jev_runs/macro-v2-20260922-hard-002,634.2857142857143,EMPTY ACTION,0
Large-Language-Models-play-StarCraftII/jev_runs/macro-v2-20260922-hard-002,635.3571428571429,TRAIN ZEALOT,1
Large-Language-Models-play-StarCraftII/jev_runs/macro-v2-20260922-hard-002,636.4285714285714,EMPTY ACTION,0
Large-Language-Models-play-StarCraftII/jev_runs/macro-v2-20260922-hard-002,637.5,EMPTY ACTION,0
Large-Language-Models-play-StarCraftII/jev_runs/macro-v2-20260922-hard-002,638.5714285714286,EMPTY ACTION,0
Large-Language-Models-play-StarCraftII/jev_runs/macro-v2-20260922-hard-002,639.6428571428572,EMPTY ACTION,0
Large-Language-Models-play-StarCraftII/jev_runs/macro-v2-20260922-hard-002,640.7142857142858,EMPTY ACTION,0
Large-Language-Models-play-StarCraftII/jev_runs/macro-v2-20260922-hard-002,641.7857142857143,EMPTY ACTION,0
Large-Language-Models-play-StarCraftII/jev_runs/macro-v2-20260922-hard-002,642.8571428571429,EMPTY ACTION,0
Large-Language-Models-play-StarCraftII/jev_runs/macro-v2-20260922-hard-002,643.9285714285714,EMPTY ACTION,0
Large-Language-Models-play-StarCraftII/jev_runs/macro-v2-20260922-hard-002,645.0,EMPTY ACTION,0
Large-Language-Models-play-StarCraftII/jev_runs/macro-v2-20260922-hard-002,646.0714285714287,TRAIN COLOSSUS,1
Large-Language-Models-play-StarCraftII/jev_runs/macro-v2-20260922-hard-002,647.1428571428572,BUILD PYLON,1
Large-Language-Models-play-StarCraftII/jev_runs/macro-v2-20260922-hard-002,648.2142857142858,TRAIN STALKER,1
Large-Language-Models-play-StarCraftII/jev_runs/macro-v2-20260922-hard-002,649.2857142857143,TRAIN STALKER,1
Large-Language-Models-play-StarCraftII/jev_runs/macro-v2-20260922-hard-002,650.3571428571429,TRAIN STALKER,1
Large-Language-Models-play-StarCraftII/jev_runs/macro-v2-20260922-hard-002,651.4285714285714,BUILD PYLON,1
Large-Language-Models-play-StarCraftII/jev_runs/macro-v2-20260922-hard-002,652.5,TRAIN ZEALOT,1
Large-Language-Models-play-StarCraftII/jev_runs/macro-v2-20260922-hard-002,653.5714285714287,EMPTY ACTION,0
Large-Language-Models-play-StarCraftII/jev_runs/macro-v2-20260922-hard-002,654.6428571428572,EMPTY ACTION,0
Large-Language-Models-play-StarCraftII/jev_runs/macro-v2-20260922-hard-002,655.7142857142858,BUILD ASSIMILATOR,1
Large-Language-Models-play-StarCraftII/jev_runs/macro-v2-20260922-hard-002,656.7857142857143,TRAIN PROBE,1
Large-Language-Models-play-StarCraftII/jev_runs/macro-v2-20260922-hard-002,657.8571428571429,TRAIN PROBE,1
Large-Language-Models-play-StarCraftII/jev_runs/macro-v2-20260922-hard-002,658.9285714285714,TRAIN PROBE,1
Large-Language-Models-play-StarCraftII/jev_runs/macro-v2-20260922-hard-002,660.0,EMPTY ACTION,0
Large-Language-Models-play-StarCraftII/jev_runs/macro-v2-20260922-hard-002,661.6071428571429,BUILD PYLON,1
Large-Language-Models-play-StarCraftII/jev_runs/macro-v2-20260922-hard-002,662.3214285714287,MULTI-ATTACK,34
Large-Language-Models-play-StarCraftII/jev_runs/macro-v2-20260922-hard-002,663.3928571428572,TRAIN STALKER,1
Large-Language-Models-play-StarCraftII/jev_runs/macro-v2-20260922-hard-002,664.4642857142858,TRAIN STALKER,1
Large-Language-Models-play-StarCraftII/jev_runs/macro-v2-20260922-hard-002,665.5357142857143,EMPTY ACTION,0
Large-Language-Models-play-StarCraftII/jev_runs/macro-v2-20260922-hard-002,666.6071428571429,EMPTY ACTION,0
Large-Language-Models-play-StarCraftII/jev_runs/macro-v2-20260922-hard-002,667.6785714285714,BUILD PYLON,1
Large-Language-Models-play-StarCraftII/jev_runs/macro-v2-20260922-hard-002,668.75,EMPTY ACTION,0
Large-Language-Models-play-StarCraftII/jev_runs/macro-v2-20260922-hard-002,669.8214285714287,TRAIN PROBE,1
Large-Language-Models-play-StarCraftII/jev_runs/macro-v2-20260922-hard-002,670.8928571428572,TRAIN PROBE,1
Large-Language-Models-play-StarCraftII/jev_runs/macro-v2-20260922-hard-002,671.9642857142858,TRAIN PROBE,1
Large-Language-Models-play-StarCraftII/jev_runs/macro-v2-20260922-hard-002,673.0357142857143,EMPTY ACTION,0
Large-Language-Models-play-StarCraftII/jev_runs/macro-v2-20260922-hard-002,674.2857142857143,TRAIN STALKER,1
Large-Language-Models-play-StarCraftII/jev_runs/macro-v2-20260922-hard-002,675.1785714285714,EMPTY ACTION,0
Large-Language-Models-play-StarCraftII/jev_runs/macro-v2-20260922-hard-002,676.25,BUILD PYLON,1
Large-Language-Models-play-StarCraftII/jev_runs/macro-v2-20260922-hard-002,677.3214285714287,EMPTY ACTION,0
Large-Language-Models-play-StarCraftII/jev_runs/macro-v2-20260922-hard-002,678.3928571428572,EMPTY ACTION,0
Large-Language-Models-play-StarCraftII/jev_runs/macro-v2-20260922-hard-002,679.4642857142858,BUILD ASSIMILATOR,1
Large-Language-Models-play-StarCraftII/jev_runs/macro-v2-20260922-hard-002,680.5357142857143,TRAIN ZEALOT,1
Large-Language-Models-play-StarCraftII/jev_runs/macro-v2-20260922-hard-002,681.6071428571429,EMPTY ACTION,0
Large-Language-Models-play-StarCraftII/jev_runs/macro-v2-20260922-hard-002,682.6785714285714,TRAIN PROBE,1
Large-Language-Models-play-StarCraftII/jev_runs/macro-v2-20260922-hard-002,683.75,TRAIN PROBE,1
Large-Language-Models-play-StarCraftII/jev_runs/macro-v2-20260922-hard-002,684.8214285714287,TRAIN PROBE,1
Large-Language-Models-play-StarCraftII/jev_runs/macro-v2-20260922-hard-002,685.8928571428572,TRAIN PROBE,1
Large-Language-Models-play-StarCraftII/jev_runs/macro-v2-20260922-hard-002,686.9642857142858,EMPTY ACTION,0
Large-Language-Models-play-StarCraftII/jev_runs/macro-v2-20260922-hard-002,688.0357142857143,EMPTY ACTION,0
Large-Language-Models-play-StarCraftII/jev_runs/macro-v2-20260922-hard-002,689.1071428571429,TRAIN STALKER,1
Large-Language-Models-play-StarCraftII/jev_runs/macro-v2-20260922-hard-002,690.1785714285714,EMPTY ACTION,0
Large-Language-Models-play-StarCraftII/jev_runs/macro-v2-20260922-hard-002,691.25,EMPTY ACTION,0
Large-Language-Models-play-StarCraftII/jev_runs/macro-v2-20260922-hard-002,692.3214285714287,TRAIN STALKER,1
Large-Language-Models-play-StarCraftII/jev_runs/macro-v2-20260922-hard-002,693.3928571428572,EMPTY ACTION,0
Large-Language-Models-play-StarCraftII/jev_runs/macro-v2-20260922-hard-002,694.4642857142858,TRAIN ZEALOT,1
Large-Language-Models-play-StarCraftII/jev_runs/macro-v2-20260922-hard-002,695.5357142857143,EMPTY ACTION,0
Large-Language-Models-play-StarCraftII/jev_runs/macro-v2-20260922-hard-002,696.6071428571429,TRAIN PROBE,1
Large-Language-Models-play-StarCraftII/jev_runs/macro-v2-20260922-hard-002,697.6785714285714,TRAIN PROBE,1
Large-Language-Models-play-StarCraftII/jev_runs/macro-v2-20260922-hard-002,698.75,EMPTY ACTION,0
Large-Language-Models-play-StarCraftII/jev_runs/macro-v2-20260922-hard-002,699.8214285714287,TRAIN ZEALOT,1
Large-Language-Models-play-StarCraftII/jev_runs/macro-v2-20260922-hard-002,700.8928571428572,EMPTY ACTION,0
Large-Language-Models-play-StarCraftII/jev_runs/macro-v2-20260922-hard-002,702.1428571428572,EMPTY ACTION,0
Large-Language-Models-play-StarCraftII/jev_runs/macro-v2-20260922-hard-002,703.0357142857143,TRAIN ZEALOT,1
Large-Language-Models-play-StarCraftII/jev_runs/macro-v2-20260922-hard-002,704.1071428571429,EMPTY ACTION,0
Large-Language-Models-play-StarCraftII/jev_runs/macro-v2-20260922-hard-002,705.1785714285714,TRAIN ZEALOT,1
Large-Language-Models-play-StarCraftII/jev_runs/macro-v2-20260922-hard-002,706.25,EMPTY ACTION,0
Large-Language-Models-play-StarCraftII/jev_runs/macro-v2-20260922-hard-002,707.3214285714287,EMPTY ACTION,0
Large-Language-Models-play-StarCraftII/jev_runs/macro-v2-20260922-hard-002,708.3928571428572,EMPTY ACTION,0
Large-Language-Models-play-StarCraftII/jev_runs/macro-v2-20260922-hard-002,709.4642857142858,BUILD FORGE,1
Large-Language-Models-play-StarCraftII/jev_runs/macro-v2-20260922-hard-002,710.5357142857143,EMPTY ACTION,0
Large-Language-Models-play-StarCraftII/jev_runs/macro-v2-20260922-hard-002,711.6071428571429,EMPTY ACTION,0
Large-Language-Models-play-StarCraftII/jev_runs/macro-v2-20260922-hard-002,712.6785714285714,EMPTY ACTION,0
Large-Language-Models-play-StarCraftII/jev_runs/macro-v2-20260922-hard-002,713.75,EMPTY ACTION,0
Large-Language-Models-play-StarCraftII/jev_runs/macro-v2-20260922-hard-002,714.8214285714287,EMPTY ACTION,0
Large-Language-Models-play-StarCraftII/jev_runs/macro-v2-20260922-hard-002,715.8928571428572,TRAIN COLOSSUS,1
Large-Language-Models-play-StarCraftII/jev_runs/macro-v2-20260922-hard-002,716.9642857142858,EMPTY ACTION,0
Large-Language-Models-play-StarCraftII/jev_runs/macro-v2-20260922-hard-002,718.0357142857143,EMPTY ACTION,0
Large-Language-Models-play-StarCraftII/jev_runs/macro-v2-20260922-hard-002,719.1071428571429,EMPTY ACTION,0
Large-Language-Models-play-StarCraftII/jev_runs/macro-v2-20260922-hard-002,720.1785714285714,EMPTY ACTION,0
Large-Language-Models-play-StarCraftII/jev_runs/macro-v2-20260922-hard-002,721.25,EMPTY ACTION,0
Large-Language-Models-play-StarCraftII/jev_runs/macro-v2-20260922-hard-002,722.3214285714287,TRAIN COLOSSUS,1
Large-Language-Models-play-StarCraftII/jev_runs/macro-v2-20260922-hard-002,723.5714285714287,EMPTY ACTION,0
Large-Language-Models-play-StarCraftII/jev_runs/macro-v2-20260922-hard-002,724.4642857142858,TRAIN STALKER,1
Large-Language-Models-play-StarCraftII/jev_runs/macro-v2-20260922-hard-002,725.5357142857143,EMPTY ACTION,0
Large-Language-Models-play-StarCraftII/jev_runs/macro-v2-20260922-hard-002,726.6071428571429,TRAIN ZEALOT,1
Large-Language-Models-play-StarCraftII/jev_runs/macro-v2-20260922-hard-002,727.6785714285714,EMPTY ACTION,0
Large-Language-Models-play-StarCraftII/jev_runs/macro-v2-20260922-hard-002,728.75,TRAIN ZEALOT,1
Large-Language-Models-play-StarCraftII/jev_runs/macro-v2-20260922-hard-002,729.8214285714287,EMPTY ACTION,0
Large-Language-Models-play-StarCraftII/jev_runs/macro-v2-20260922-hard-002,730.8928571428572,TRAIN STALKER,1
Large-Language-Models-play-StarCraftII/jev_runs/macro-v2-20260922-hard-002,731.9642857142858,EMPTY ACTION,0
Large-Language-Models-play-StarCraftII/jev_runs/macro-v2-20260922-hard-002,733.0357142857143,TRAIN ZEALOT,1
Large-Language-Models-play-StarCraftII/jev_runs/macro-v2-20260922-hard-002,734.1071428571429,EMPTY ACTION,0
Large-Language-Models-play-StarCraftII/jev_runs/macro-v2-20260922-hard-002,735.1785714285714,TRAIN ZEALOT,1
Large-Language-Models-play-StarCraftII/jev_runs/macro-v2-20260922-hard-002,736.25,EMPTY ACTION,0
Large-Language-Models-play-StarCraftII/jev_runs/macro-v2-20260922-hard-002,737.3214285714287,EMPTY ACTION,0
Large-Language-Models-play-StarCraftII/jev_runs/macro-v2-20260922-hard-002,738.3928571428572,EMPTY ACTION,0
Large-Language-Models-play-StarCraftII/jev_runs/macro-v2-20260922-hard-002,739.4642857142858,EMPTY ACTION,0
Large-Language-Models-play-StarCraftII/jev_runs/macro-v2-20260922-hard-002,740.5357142857143,EMPTY ACTION,0
Large-Language-Models-play-StarCraftII/jev_runs/macro-v2-20260922-hard-002,741.6071428571429,EMPTY ACTION,0
Large-Language-Models-play-StarCraftII/jev_runs/macro-v2-20260922-hard-002,742.8571428571429,EMPTY ACTION,0
Large-Language-Models-play-StarCraftII/jev_runs/macro-v2-20260922-hard-002,743.75,EMPTY ACTION,0
Large-Language-Models-play-StarCraftII/jev_runs/macro-v2-20260922-hard-002,744.8214285714287,RESEARCH PROTOSSGROUNDWEAPONSLEVEL1,1
Large-Language-Models-play-StarCraftII/jev_runs/macro-v2-20260922-hard-002,745.8928571428572,MULTI-ATTACK,47
Large-Language-Models-play-StarCraftII/jev_runs/macro-v2-20260922-hard-002,746.9642857142858,BUILD NEXUS,1
Large-Language-Models-play-StarCraftII/jev_runs/macro-v2-20260922-hard-002,748.0357142857143,TRAIN STALKER,1
Large-Language-Models-play-StarCraftII/jev_runs/macro-v2-20260922-hard-002,749.2857142857143,TRAIN ZEALOT,1
Large-Language-Models-play-StarCraftII/jev_runs/macro-v2-20260922-hard-002,750.1785714285714,TRAIN ZEALOT,1
Large-Language-Models-play-StarCraftII/jev_runs/macro-v2-20260922-hard-002,751.25,EMPTY ACTION,0
Large-Language-Models-play-StarCraftII/jev_runs/macro-v2-20260922-hard-002,752.3214285714287,TRAIN ZEALOT,1
Large-Language-Models-play-StarCraftII/jev_runs/macro-v2-20260922-hard-002,753.3928571428572,EMPTY ACTION,0
Large-Language-Models-play-StarCraftII/jev_runs/macro-v2-20260922-hard-002,754.4642857142858,TRAIN STALKER,1
Large-Language-Models-play-StarCraftII/jev_runs/macro-v2-20260922-hard-002,755.5357142857143,TRAIN STALKER,1
Large-Language-Models-play-StarCraftII/jev_runs/macro-v2-20260922-hard-002,756.6071428571429,EMPTY ACTION,0
Large-Language-Models-play-StarCraftII/jev_runs/macro-v2-20260922-hard-002,757.6785714285714,EMPTY ACTION,0
Large-Language-Models-play-StarCraftII/jev_runs/macro-v2-20260922-hard-002,758.75,EMPTY ACTION,0
Large-Language-Models-play-StarCraftII/jev_runs/macro-v2-20260922-hard-002,759.8214285714287,EMPTY ACTION,0
Large-Language-Models-play-StarCraftII/jev_runs/macro-v2-20260922-hard-002,760.8928571428572,EMPTY ACTION,0
Large-Language-Models-play-StarCraftII/jev_runs/macro-v2-20260922-hard-002,762.1428571428572,EMPTY ACTION,0
Large-Language-Models-play-StarCraftII/jev_runs/macro-v2-20260922-hard-002,763.0357142857143,EMPTY ACTION,0
Large-Language-Models-play-StarCraftII/jev_runs/macro-v2-20260922-hard-002,764.1071428571429,EMPTY ACTION,0
Large-Language-Models-play-StarCraftII/jev_runs/macro-v2-20260922-hard-002,765.1785714285714,EMPTY ACTION,0
Large-Language-Models-play-StarCraftII/jev_runs/macro-v2-20260922-hard-002,766.25,EMPTY ACTION,0
Large-Language-Models-play-StarCraftII/jev_runs/macro-v2-20260922-hard-002,767.3214285714287,EMPTY ACTION,0
Large-Language-Models-play-StarCraftII/jev_runs/macro-v2-20260922-hard-002,768.3928571428572,EMPTY ACTION,0
Large-Language-Models-play-StarCraftII/jev_runs/macro-v2-20260922-hard-002,769.6428571428572,EMPTY ACTION,0
Large-Language-Models-play-StarCraftII/jev_runs/macro-v2-20260922-hard-002,770.5357142857143,EMPTY ACTION,0
Large-Language-Models-play-StarCraftII/jev_runs/macro-v2-20260922-hard-002,771.6071428571429,EMPTY ACTION,0
Large-Language-Models-play-StarCraftII/jev_runs/macro-v2-20260922-hard-002,772.6785714285714,CHRONOBOOST FORGE,1
Large-Language-Models-play-StarCraftII/jev_runs/macro-v2-20260922-hard-002,773.75,EMPTY ACTION,0
Large-Language-Models-play-StarCraftII/jev_runs/macro-v2-20260922-hard-002,774.8214285714287,EMPTY ACTION,0
Large-Language-Models-play-StarCraftII/jev_runs/macro-v2-20260922-hard-002,775.8928571428572,EMPTY ACTION,0
Large-Language-Models-play-StarCraftII/jev_runs/macro-v2-20260922-hard-002,776.9642857142858,EMPTY ACTION,0
Large-Language-Models-play-StarCraftII/jev_runs/macro-v2-20260922-hard-002,778.0357142857143,EMPTY ACTION,0
Large-Language-Models-play-StarCraftII/jev_runs/macro-v2-20260922-hard-002,779.1071428571429,EMPTY ACTION,0
Large-Language-Models-play-StarCraftII/jev_runs/macro-v2-20260922-hard-002,780.1785714285714,EMPTY ACTION,0
Large-Language-Models-play-StarCraftII/jev_runs/macro-v2-20260922-hard-002,781.25,EMPTY ACTION,0
Large-Language-Models-play-StarCraftII/jev_runs/macro-v2-20260922-hard-002,782.3214285714287,EMPTY ACTION,0
Large-Language-Models-play-StarCraftII/jev_runs/macro-v2-20260922-hard-002,783.3928571428572,EMPTY ACTION,0
Large-Language-Models-play-StarCraftII/jev_runs/macro-v2-20260922-hard-002,784.4642857142858,EMPTY ACTION,0
Large-Language-Models-play-StarCraftII/jev_runs/macro-v2-20260922-hard-002,785.5357142857143,EMPTY ACTION,0
Large-Language-Models-play-StarCraftII/jev_runs/macro-v2-20260922-hard-002,786.6071428571429,EMPTY ACTION,0
Large-Language-Models-play-StarCraftII/jev_runs/macro-v2-20260922-hard-002,787.6785714285714,EMPTY ACTION,0
Large-Language-Models-play-StarCraftII/jev_runs/macro-v2-20260922-hard-002,788.75,EMPTY ACTION,0
Large-Language-Models-play-StarCraftII/jev_runs/macro-v2-20260922-hard-002,789.8214285714287,EMPTY ACTION,0
Large-Language-Models-play-StarCraftII/jev_runs/macro-v2-20260922-hard-002,790.8928571428572,EMPTY ACTION,0
Large-Language-Models-play-StarCraftII/jev_runs/macro-v2-20260922-hard-002,791.9642857142858,EMPTY ACTION,0
Large-Language-Models-play-StarCraftII/jev_runs/macro-v2-20260922-hard-002,793.0357142857143,EMPTY ACTION,0
Large-Language-Models-play-StarCraftII/jev_runs/macro-v2-20260922-hard-002,794.1071428571429,EMPTY ACTION,0
Large-Language-Models-play-StarCraftII/jev_runs/macro-v2-20260922-hard-002,795.1785714285714,EMPTY ACTION,0
Large-Language-Models-play-StarCraftII/jev_runs/macro-v2-20260922-hard-002,796.25,EMPTY ACTION,0
Large-Language-Models-play-StarCraftII/jev_runs/macro-v2-20260922-hard-002,797.3214285714287,EMPTY ACTION,0
Large-Language-Models-play-StarCraftII/jev_runs/macro-v2-20260922-hard-002,798.3928571428572,EMPTY ACTION,0
Large-Language-Models-play-StarCraftII/jev_runs/macro-v2-20260922-hard-002,799.4642857142858,EMPTY ACTION,0
Large-Language-Models-play-StarCraftII/jev_runs/macro-v2-20260922-hard-002,800.5357142857143,EMPTY ACTION,0
Large-Language-Models-play-StarCraftII/jev_runs/macro-v2-20260922-hard-002,801.6071428571429,EMPTY ACTION,0
Large-Language-Models-play-StarCraftII/jev_runs/macro-v2-20260922-hard-002,802.6785714285714,EMPTY ACTION,0
Large-Language-Models-play-StarCraftII/jev_runs/macro-v2-20260922-hard-002,803.75,EMPTY ACTION,0
Large-Language-Models-play-StarCraftII/jev_runs/macro-v2-20260922-hard-002,804.8214285714287,EMPTY ACTION,0
Large-Language-Models-play-StarCraftII/jev_runs/macro-v2-20260922-hard-002,805.8928571428572,EMPTY ACTION,0
Large-Language-Models-play-StarCraftII/jev_runs/macro-v2-20260922-hard-002,806.9642857142858,EMPTY ACTION,0
Large-Language-Models-play-StarCraftII/jev_runs/macro-v2-20260922-harder-001,1.9642857142857144,TRAIN PROBE,1
Large-Language-Models-play-StarCraftII/jev_runs/macro-v2-20260922-harder-001,2.5,EMPTY ACTION,0
Large-Language-Models-play-StarCraftII/jev_runs/macro-v2-20260922-harder-001,3.7500000000000004,EMPTY ACTION,0
Large-Language-Models-play-StarCraftII/jev_runs/macro-v2-20260922-harder-001,4.821428571428572,EMPTY ACTION,0
Large-Language-Models-play-StarCraftII/jev_runs/macro-v2-20260922-harder-001,5.892857142857143,EMPTY ACTION,0
Large-Language-Models-play-StarCraftII/jev_runs/macro-v2-20260922-harder-001,6.964285714285714,EMPTY ACTION,0
Large-Language-Models-play-StarCraftII/jev_runs/macro-v2-20260922-harder-001,8.035714285714286,EMPTY ACTION,0
Large-Language-Models-play-StarCraftII/jev_runs/macro-v2-20260922-harder-001,8.928571428571429,EMPTY ACTION,0
Large-Language-Models-play-StarCraftII/jev_runs/macro-v2-20260922-harder-001,10.178571428571429,CHRONOBOOST NEXUS,1
Large-Language-Models-play-StarCraftII/jev_runs/macro-v2-20260922-harder-001,12.857142857142858,EMPTY ACTION,0
Large-Language-Models-play-StarCraftII/jev_runs/macro-v2-20260922-harder-001,13.928571428571429,TRAIN PROBE,1
Large-Language-Models-play-StarCraftII/jev_runs/macro-v2-20260922-harder-001,15.535714285714286,SCOUTING PROBE,1
Large-Language-Models-play-StarCraftII/jev_runs/macro-v2-20260922-harder-001,21.25,BUILD ASSIMILATOR,1
Large-Language-Models-play-StarCraftII/jev_runs/macro-v2-20260922-harder-001,29.107142857142858,TRAIN PROBE,1
Large-Language-Models-play-StarCraftII/jev_runs/macro-v2-20260922-harder-001,31.071428571428573,EMPTY ACTION,0
Large-Language-Models-play-StarCraftII/jev_runs/macro-v2-20260922-harder-001,31.964285714285715,EMPTY ACTION,0
Large-Language-Models-play-StarCraftII/jev_runs/macro-v2-20260922-harder-001,33.214285714285715,EMPTY ACTION,0
Large-Language-Models-play-StarCraftII/jev_runs/macro-v2-20260922-harder-001,34.285714285714285,EMPTY ACTION,0
Large-Language-Models-play-StarCraftII/jev_runs/macro-v2-20260922-harder-001,35.35714285714286,EMPTY ACTION,0
Large-Language-Models-play-StarCraftII/jev_runs/macro-v2-20260922-harder-001,36.42857142857143,EMPTY ACTION,0
Large-Language-Models-play-StarCraftII/jev_runs/macro-v2-20260922-harder-001,37.5,EMPTY ACTION,0
Large-Language-Models-play-StarCraftII/jev_runs/macro-v2-20260922-harder-001,38.57142857142858,EMPTY ACTION,0
Large-Language-Models-play-StarCraftII/jev_runs/macro-v2-20260922-harder-001,39.642857142857146,EMPTY ACTION,0
Large-Language-Models-play-StarCraftII/jev_runs/macro-v2-20260922-harder-001,40.714285714285715,BUILD PYLON,1
Large-Language-Models-play-StarCraftII/jev_runs/macro-v2-20260922-harder-001,41.78571428571429,EMPTY ACTION,0
Large-Language-Models-play-StarCraftII/jev_runs/macro-v2-20260922-harder-001,43.03571428571429,EMPTY ACTION,0
Large-Language-Models-play-StarCraftII/jev_runs/macro-v2-20260922-harder-001,43.75,EMPTY ACTION,0
Large-Language-Models-play-StarCraftII/jev_runs/macro-v2-20260922-harder-001,45.0,EMPTY ACTION,0
Large-Language-Models-play-StarCraftII/jev_runs/macro-v2-20260922-harder-001,46.07142857142858,EMPTY ACTION,0
Large-Language-Models-play-StarCraftII/jev_runs/macro-v2-20260922-harder-001,47.142857142857146,EMPTY ACTION,0
Large-Language-Models-play-StarCraftII/jev_runs/macro-v2-20260922-harder-001,48.214285714285715,TRAIN PROBE,1
Large-Language-Models-play-StarCraftII/jev_runs/macro-v2-20260922-harder-001,49.28571428571429,EMPTY ACTION,0
Large-Language-Models-play-StarCraftII/jev_runs/macro-v2-20260922-harder-001,50.35714285714286,EMPTY ACTION,0
Large-Language-Models-play-StarCraftII/jev_runs/macro-v2-20260922-harder-001,51.42857142857143,EMPTY ACTION,0
Large-Language-Models-play-StarCraftII/jev_runs/macro-v2-20260922-harder-001,52.32142857142858,EMPTY ACTION,0
Large-Language-Models-play-StarCraftII/jev_runs/macro-v2-20260922-harder-001,53.57142857142858,EMPTY ACTION,0
Large-Language-Models-play-StarCraftII/jev_runs/macro-v2-20260922-harder-001,54.642857142857146,EMPTY ACTION,0
Large-Language-Models-play-StarCraftII/jev_runs/macro-v2-20260922-harder-001,55.714285714285715,EMPTY ACTION,0
Large-Language-Models-play-StarCraftII/jev_runs/macro-v2-20260922-harder-001,56.78571428571429,EMPTY ACTION,0
Large-Language-Models-play-StarCraftII/jev_runs/macro-v2-20260922-harder-001,57.85714285714286,EMPTY ACTION,0
Large-Language-Models-play-StarCraftII/jev_runs/macro-v2-20260922-harder-001,58.92857142857143,EMPTY ACTION,0
Large-Language-Models-play-StarCraftII/jev_runs/macro-v2-20260922-harder-001,60.00000000000001,EMPTY ACTION,0
Large-Language-Models-play-StarCraftII/jev_runs/macro-v2-20260922-harder-001,61.07142857142858,TRAIN PROBE,1
Large-Language-Models-play-StarCraftII/jev_runs/macro-v2-20260922-harder-001,62.142857142857146,EMPTY ACTION,0
Large-Language-Models-play-StarCraftII/jev_runs/macro-v2-20260922-harder-001,63.392857142857146,EMPTY ACTION,0
Large-Language-Models-play-StarCraftII/jev_runs/macro-v2-20260922-harder-001,64.10714285714286,CHRONOBOOST NEXUS,1
Large-Language-Models-play-StarCraftII/jev_runs/macro-v2-20260922-harder-001,65.35714285714286,EMPTY ACTION,0
Large-Language-Models-play-StarCraftII/jev_runs/macro-v2-20260922-harder-001,66.42857142857143,EMPTY ACTION,0
Large-Language-Models-play-StarCraftII/jev_runs/macro-v2-20260922-harder-001,67.5,EMPTY ACTION,0
Large-Language-Models-play-StarCraftII/jev_runs/macro-v2-20260922-harder-001,68.57142857142857,EMPTY ACTION,0
Large-Language-Models-play-StarCraftII/jev_runs/macro-v2-20260922-harder-001,69.64285714285715,EMPTY ACTION,0
Large-Language-Models-play-StarCraftII/jev_runs/macro-v2-20260922-harder-001,70.71428571428572,TRAIN PROBE,1
Large-Language-Models-play-StarCraftII/jev_runs/macro-v2-20260922-harder-001,71.78571428571429,EMPTY ACTION,0
Large-Language-Models-play-StarCraftII/jev_runs/macro-v2-20260922-harder-001,72.85714285714286,EMPTY ACTION,0
Large-Language-Models-play-StarCraftII/jev_runs/macro-v2-20260922-harder-001,73.92857142857143,EMPTY ACTION,0
Large-Language-Models-play-StarCraftII/jev_runs/macro-v2-20260922-harder-001,75.0,EMPTY ACTION,0
Large-Language-Models-play-StarCraftII/jev_runs/macro-v2-20260922-harder-001,76.07142857142857,BUILD GATEWAY,1
Large-Language-Models-play-StarCraftII/jev_runs/macro-v2-20260922-harder-001,77.14285714285715,EMPTY ACTION,0
Large-Language-Models-play-StarCraftII/jev_runs/macro-v2-20260922-harder-001,78.21428571428572,EMPTY ACTION,0
Large-Language-Models-play-StarCraftII/jev_runs/macro-v2-20260922-harder-001,79.28571428571429,EMPTY ACTION,0
Large-Language-Models-play-StarCraftII/jev_runs/macro-v2-20260922-harder-001,80.35714285714286,EMPTY ACTION,0
Large-Language-Models-play-StarCraftII/jev_runs/macro-v2-20260922-harder-001,81.42857142857143,TRAIN PROBE,1
Large-Language-Models-play-StarCraftII/jev_runs/macro-v2-20260922-harder-001,82.5,EMPTY ACTION,0
Large-Language-Models-play-StarCraftII/jev_runs/macro-v2-20260922-harder-001,83.57142857142858,EMPTY ACTION,0
Large-Language-Models-play-StarCraftII/jev_runs/macro-v2-20260922-harder-001,84.64285714285715,EMPTY ACTION,0
Large-Language-Models-play-StarCraftII/jev_runs/macro-v2-20260922-harder-001,85.71428571428572,EMPTY ACTION,0
Large-Language-Models-play-StarCraftII/jev_runs/macro-v2-20260922-harder-001,86.78571428571429,EMPTY ACTION,0
Large-Language-Models-play-StarCraftII/jev_runs/macro-v2-20260922-harder-001,87.85714285714286,EMPTY ACTION,0
Large-Language-Models-play-StarCraftII/jev_runs/macro-v2-20260922-harder-001,88.92857142857143,EMPTY ACTION,0
Large-Language-Models-play-StarCraftII/jev_runs/macro-v2-20260922-harder-001,90.0,EMPTY ACTION,0
Large-Language-Models-play-StarCraftII/jev_runs/macro-v2-20260922-harder-001,91.07142857142858,EMPTY ACTION,0
Large-Language-Models-play-StarCraftII/jev_runs/macro-v2-20260922-harder-001,92.14285714285715,EMPTY ACTION,0
Large-Language-Models-play-StarCraftII/jev_runs/macro-v2-20260922-harder-001,93.21428571428572,TRAIN PROBE,1
Large-Language-Models-play-StarCraftII/jev_runs/macro-v2-20260922-harder-001,94.28571428571429,EMPTY ACTION,0
Large-Language-Models-play-StarCraftII/jev_runs/macro-v2-20260922-harder-001,95.35714285714286,EMPTY ACTION,0
Large-Language-Models-play-StarCraftII/jev_runs/macro-v2-20260922-harder-001,96.42857142857143,EMPTY ACTION,0
Large-Language-Models-play-StarCraftII/jev_runs/macro-v2-20260922-harder-001,97.5,EMPTY ACTION,0
Large-Language-Models-play-StarCraftII/jev_runs/macro-v2-20260922-harder-001,98.57142857142858,EMPTY ACTION,0
Large-Language-Models-play-StarCraftII/jev_runs/macro-v2-20260922-harder-001,99.64285714285715,EMPTY ACTION,0
Large-Language-Models-play-StarCraftII/jev_runs/macro-v2-20260922-harder-001,100.71428571428572,EMPTY ACTION,0
Large-Language-Models-play-StarCraftII/jev_runs/macro-v2-20260922-harder-001,101.78571428571429,EMPTY ACTION,0
Large-Language-Models-play-StarCraftII/jev_runs/macro-v2-20260922-harder-001,102.85714285714286,EMPTY ACTION,0
Large-Language-Models-play-StarCraftII/jev_runs/macro-v2-20260922-harder-001,103.92857142857143,EMPTY ACTION,0
Large-Language-Models-play-StarCraftII/jev_runs/macro-v2-20260922-harder-001,105.0,EMPTY ACTION,0
Large-Language-Models-play-StarCraftII/jev_runs/macro-v2-20260922-harder-001,106.07142857142858,TRAIN PROBE,1
Large-Language-Models-play-StarCraftII/jev_runs/macro-v2-20260922-harder-001,107.14285714285715,BUILD PYLON,1
Large-Language-Models-play-StarCraftII/jev_runs/macro-v2-20260922-harder-001,108.21428571428572,EMPTY ACTION,0
Large-Language-Models-play-StarCraftII/jev_runs/macro-v2-20260922-harder-001,109.28571428571429,EMPTY ACTION,0
Large-Language-Models-play-StarCraftII/jev_runs/macro-v2-20260922-harder-001,110.35714285714286,EMPTY ACTION,0
Large-Language-Models-play-StarCraftII/jev_runs/macro-v2-20260922-harder-001,111.25,EMPTY ACTION,0
Large-Language-Models-play-StarCraftII/jev_runs/macro-v2-20260922-harder-001,112.50000000000001,EMPTY ACTION,0
Large-Language-Models-play-StarCraftII/jev_runs/macro-v2-20260922-harder-001,113.57142857142858,EMPTY ACTION,0
Large-Language-Models-play-StarCraftII/jev_runs/macro-v2-20260922-harder-001,114.46428571428572,EMPTY ACTION,0
Large-Language-Models-play-StarCraftII/jev_runs/macro-v2-20260922-harder-001,115.71428571428572,EMPTY ACTION,0
Large-Language-Models-play-StarCraftII/jev_runs/macro-v2-20260922-harder-001,116.78571428571429,EMPTY ACTION,0
Large-Language-Models-play-StarCraftII/jev_runs/macro-v2-20260922-harder-001,117.85714285714286,EMPTY ACTION,0
Large-Language-Models-play-StarCraftII/jev_runs/macro-v2-20260922-harder-001,118.92857142857143,TRAIN PROBE,1
Large-Language-Models-play-StarCraftII/jev_runs/macro-v2-20260922-harder-001,120.89285714285715,BUILD ASSIMILATOR,1
Large-Language-Models-play-StarCraftII/jev_runs/macro-v2-20260922-harder-001,122.14285714285715,EMPTY ACTION,0
Large-Language-Models-play-StarCraftII/jev_runs/macro-v2-20260922-harder-001,123.21428571428572,EMPTY ACTION,0
Large-Language-Models-play-StarCraftII/jev_runs/macro-v2-20260922-harder-001,124.28571428571429,EMPTY ACTION,0
Large-Language-Models-play-StarCraftII/jev_runs/macro-v2-20260922-harder-001,125.35714285714286,BUILD CYBERNETICSCORE,1
Large-Language-Models-play-StarCraftII/jev_runs/macro-v2-20260922-harder-001,126.42857142857143,EMPTY ACTION,0
Large-Language-Models-play-StarCraftII/jev_runs/macro-v2-20260922-harder-001,127.67857142857143,EMPTY ACTION,0
Large-Language-Models-play-StarCraftII/jev_runs/macro-v2-20260922-harder-001,128.57142857142858,TRAIN ZEALOT,1
Large-Language-Models-play-StarCraftII/jev_runs/macro-v2-20260922-harder-001,129.64285714285714,EMPTY ACTION,0
Large-Language-Models-play-StarCraftII/jev_runs/macro-v2-20260922-harder-001,130.71428571428572,EMPTY ACTION,0
Large-Language-Models-play-StarCraftII/jev_runs/macro-v2-20260922-harder-001,131.7857142857143,TRAIN PROBE,1
Large-Language-Models-play-StarCraftII/jev_runs/macro-v2-20260922-harder-001,132.85714285714286,EMPTY ACTION,0
Large-Language-Models-play-StarCraftII/jev_runs/macro-v2-20260922-harder-001,133.92857142857144,EMPTY ACTION,0
Large-Language-Models-play-StarCraftII/jev_runs/macro-v2-20260922-harder-001,135.0,CHRONOBOOST NEXUS,1
Large-Language-Models-play-StarCraftII/jev_runs/macro-v2-20260922-harder-001,136.07142857142858,EMPTY ACTION,0
Large-Language-Models-play-StarCraftII/jev_runs/macro-v2-20260922-harder-001,137.14285714285714,EMPTY ACTION,0
Large-Language-Models-play-StarCraftII/jev_runs/macro-v2-20260922-harder-001,138.21428571428572,EMPTY ACTION,0
Large-Language-Models-play-StarCraftII/jev_runs/macro-v2-20260922-harder-001,139.2857142857143,EMPTY ACTION,0
Large-Language-Models-play-StarCraftII/jev_runs/macro-v2-20260922-harder-001,140.35714285714286,EMPTY ACTION,0
Large-Language-Models-play-StarCraftII/jev_runs/macro-v2-20260922-harder-001,141.42857142857144,EMPTY ACTION,0
Large-Language-Models-play-StarCraftII/jev_runs/macro-v2-20260922-harder-001,142.5,EMPTY ACTION,0
Large-Language-Models-play-StarCraftII/jev_runs/macro-v2-20260922-harder-001,143.39285714285714,EMPTY ACTION,0
Large-Language-Models-play-StarCraftII/jev_runs/macro-v2-20260922-harder-001,144.64285714285714,EMPTY ACTION,0
Large-Language-Models-play-StarCraftII/jev_runs/macro-v2-20260922-harder-001,145.71428571428572,EMPTY ACTION,0
Large-Language-Models-play-StarCraftII/jev_runs/macro-v2-20260922-harder-001,146.7857142857143,EMPTY ACTION,0
Large-Language-Models-play-StarCraftII/jev_runs/macro-v2-20260922-harder-001,147.85714285714286,EMPTY ACTION,0
Large-Language-Models-play-StarCraftII/jev_runs/macro-v2-20260922-harder-001,148.92857142857144,EMPTY ACTION,0
Large-Language-Models-play-StarCraftII/jev_runs/macro-v2-20260922-harder-001,150.0,EMPTY ACTION,0
Large-Language-Models-play-StarCraftII/jev_runs/macro-v2-20260922-harder-001,151.07142857142858,EMPTY ACTION,0
Large-Language-Models-play-StarCraftII/jev_runs/macro-v2-20260922-harder-001,152.14285714285714,EMPTY ACTION,0
Large-Language-Models-play-StarCraftII/jev_runs/macro-v2-20260922-harder-001,153.21428571428572,EMPTY ACTION,0
Large-Language-Models-play-StarCraftII/jev_runs/macro-v2-20260922-harder-001,154.46428571428572,EMPTY ACTION,0
Large-Language-Models-play-StarCraftII/jev_runs/macro-v2-20260922-harder-001,155.35714285714286,EMPTY ACTION,0
Large-Language-Models-play-StarCraftII/jev_runs/macro-v2-20260922-harder-001,156.42857142857144,EMPTY ACTION,0
Large-Language-Models-play-StarCraftII/jev_runs/macro-v2-20260922-harder-001,157.67857142857144,EMPTY ACTION,0
Large-Language-Models-play-StarCraftII/jev_runs/macro-v2-20260922-harder-001,158.57142857142858,EMPTY ACTION,0
Large-Language-Models-play-StarCraftII/jev_runs/macro-v2-20260922-harder-001,159.46428571428572,BUILD NEXUS,1
Large-Language-Models-play-StarCraftII/jev_runs/macro-v2-20260922-harder-001,160.71428571428572,EMPTY ACTION,0
Large-Language-Models-play-StarCraftII/jev_runs/macro-v2-20260922-harder-001,161.7857142857143,EMPTY ACTION,0
Large-Language-Models-play-StarCraftII/jev_runs/macro-v2-20260922-harder-001,162.85714285714286,EMPTY ACTION,0
Large-Language-Models-play-StarCraftII/jev_runs/macro-v2-20260922-harder-001,163.92857142857144,TRAIN PROBE,1
Large-Language-Models-play-StarCraftII/jev_runs/macro-v2-20260922-harder-001,165.0,EMPTY ACTION,0
Large-Language-Models-play-StarCraftII/jev_runs/macro-v2-20260922-harder-001,166.07142857142858,EMPTY ACTION,0
Large-Language-Models-play-StarCraftII/jev_runs/macro-v2-20260922-harder-001,167.14285714285717,RESEARCH WARPGATERESEARCH,1
Large-Language-Models-play-StarCraftII/jev_runs/macro-v2-20260922-harder-001,168.0357142857143,EMPTY ACTION,0
Large-Language-Models-play-StarCraftII/jev_runs/macro-v2-20260922-harder-001,170.35714285714286,EMPTY ACTION,0
Large-Language-Models-play-StarCraftII/jev_runs/macro-v2-20260922-harder-001,171.42857142857144,EMPTY ACTION,0
Large-Language-Models-play-StarCraftII/jev_runs/macro-v2-20260922-harder-001,172.5,EMPTY ACTION,0
Large-Language-Models-play-StarCraftII/jev_runs/macro-v2-20260922-harder-001,173.57142857142858,TRAIN ZEALOT,1
Large-Language-Models-play-StarCraftII/jev_runs/macro-v2-20260922-harder-001,174.64285714285717,EMPTY ACTION,0
Large-Language-Models-play-StarCraftII/jev_runs/macro-v2-20260922-harder-001,175.71428571428572,EMPTY ACTION,0
Large-Language-Models-play-StarCraftII/jev_runs/macro-v2-20260922-harder-001,176.7857142857143,TRAIN PROBE,1
Large-Language-Models-play-StarCraftII/jev_runs/macro-v2-20260922-harder-001,177.85714285714286,EMPTY ACTION,0
Large-Language-Models-play-StarCraftII/jev_runs/macro-v2-20260922-harder-001,178.92857142857144,EMPTY ACTION,0
Large-Language-Models-play-StarCraftII/jev_runs/macro-v2-20260922-harder-001,180.0,EMPTY ACTION,0
Large-Language-Models-play-StarCraftII/jev_runs/macro-v2-20260922-harder-001,181.07142857142858,EMPTY ACTION,0
Large-Language-Models-play-StarCraftII/jev_runs/macro-v2-20260922-harder-001,181.96428571428572,EMPTY ACTION,0
Large-Language-Models-play-StarCraftII/jev_runs/macro-v2-20260922-harder-001,183.0357142857143,EMPTY ACTION,0
Large-Language-Models-play-StarCraftII/jev_runs/macro-v2-20260922-harder-001,184.2857142857143,BUILD PYLON,1
Large-Language-Models-play-StarCraftII/jev_runs/macro-v2-20260922-harder-001,185.35714285714286,EMPTY ACTION,0
Large-Language-Models-play-StarCraftII/jev_runs/macro-v2-20260922-harder-001,186.25,EMPTY ACTION,0
Large-Language-Models-play-StarCraftII/jev_runs/macro-v2-20260922-harder-001,187.5,EMPTY ACTION,0
Large-Language-Models-play-StarCraftII/jev_runs/macro-v2-20260922-harder-001,188.57142857142858,EMPTY ACTION,0
Large-Language-Models-play-StarCraftII/jev_runs/macro-v2-20260922-harder-001,189.64285714285717,TRAIN PROBE,1
Large-Language-Models-play-StarCraftII/jev_runs/macro-v2-20260922-harder-001,190.71428571428572,EMPTY ACTION,0
Large-Language-Models-play-StarCraftII/jev_runs/macro-v2-20260922-harder-001,191.7857142857143,EMPTY ACTION,0
Large-Language-Models-play-StarCraftII/jev_runs/macro-v2-20260922-harder-001,192.85714285714286,EMPTY ACTION,0
Large-Language-Models-play-StarCraftII/jev_runs/macro-v2-20260922-harder-001,193.92857142857144,EMPTY ACTION,0
Large-Language-Models-play-StarCraftII/jev_runs/macro-v2-20260922-harder-001,195.0,EMPTY ACTION,0
Large-Language-Models-play-StarCraftII/jev_runs/macro-v2-20260922-harder-001,196.07142857142858,EMPTY ACTION,0
Large-Language-Models-play-StarCraftII/jev_runs/macro-v2-20260922-harder-001,197.14285714285717,EMPTY ACTION,0
Large-Language-Models-play-StarCraftII/jev_runs/macro-v2-20260922-harder-001,198.21428571428572,BUILD GATEWAY,1
Large-Language-Models-play-StarCraftII/jev_runs/macro-v2-20260922-harder-001,199.2857142857143,EMPTY ACTION,0
Large-Language-Models-play-StarCraftII/jev_runs/macro-v2-20260922-harder-001,200.35714285714286,EMPTY ACTION,0
Large-Language-Models-play-StarCraftII/jev_runs/macro-v2-20260922-harder-001,201.42857142857144,EMPTY ACTION,0
Large-Language-Models-play-StarCraftII/jev_runs/macro-v2-20260922-harder-001,202.5,TRAIN PROBE,1
Large-Language-Models-play-StarCraftII/jev_runs/macro-v2-20260922-harder-001,203.39285714285717,EMPTY ACTION,0
Large-Language-Models-play-StarCraftII/jev_runs/macro-v2-20260922-harder-001,204.82142857142858,EMPTY ACTION,0
Large-Language-Models-play-StarCraftII/jev_runs/macro-v2-20260922-harder-001,205.71428571428572,EMPTY ACTION,0
Large-Language-Models-play-StarCraftII/jev_runs/macro-v2-20260922-harder-001,206.7857142857143,EMPTY ACTION,0
Large-Language-Models-play-StarCraftII/jev_runs/macro-v2-20260922-harder-001,207.85714285714286,EMPTY ACTION,0
Large-Language-Models-play-StarCraftII/jev_runs/macro-v2-20260922-harder-001,208.92857142857144,TRAIN ZEALOT,1
Large-Language-Models-play-StarCraftII/jev_runs/macro-v2-20260922-harder-001,210.0,CHRONOBOOST CYBERNETICSCORE,1
Large-Language-Models-play-StarCraftII/jev_runs/macro-v2-20260922-harder-001,211.07142857142858,EMPTY ACTION,0
Large-Language-Models-play-StarCraftII/jev_runs/macro-v2-20260922-harder-001,212.14285714285717,EMPTY ACTION,0
Large-Language-Models-play-StarCraftII/jev_runs/macro-v2-20260922-harder-001,213.21428571428572,EMPTY ACTION,0
Large-Language-Models-play-StarCraftII/jev_runs/macro-v2-20260922-harder-001,214.2857142857143,EMPTY ACTION,0
Large-Language-Models-play-StarCraftII/jev_runs/macro-v2-20260922-harder-001,215.35714285714286,TRAIN PROBE,1
Large-Language-Models-play-StarCraftII/jev_runs/macro-v2-20260922-harder-001,216.42857142857144,EMPTY ACTION,0
Large-Language-Models-play-StarCraftII/jev_runs/macro-v2-20260922-harder-001,217.5,EMPTY ACTION,0
Large-Language-Models-play-StarCraftII/jev_runs/macro-v2-20260922-harder-001,218.57142857142858,EMPTY ACTION,0
Large-Language-Models-play-StarCraftII/jev_runs/macro-v2-20260922-harder-001,219.46428571428572,EMPTY ACTION,0
Large-Language-Models-play-StarCraftII/jev_runs/macro-v2-20260922-harder-001,220.71428571428572,EMPTY ACTION,0
Large-Language-Models-play-StarCraftII/jev_runs/macro-v2-20260922-harder-001,221.7857142857143,EMPTY ACTION,0
Large-Language-Models-play-StarCraftII/jev_runs/macro-v2-20260922-harder-001,222.85714285714286,BUILD ROBOTICSFACILITY,1
Large-Language-Models-play-StarCraftII/jev_runs/macro-v2-20260922-harder-001,223.92857142857144,EMPTY ACTION,0
Large-Language-Models-play-StarCraftII/jev_runs/macro-v2-20260922-harder-001,225.00000000000003,EMPTY ACTION,0
Large-Language-Models-play-StarCraftII/jev_runs/macro-v2-20260922-harder-001,226.07142857142858,EMPTY ACTION,0
Large-Language-Models-play-StarCraftII/jev_runs/macro-v2-20260922-harder-001,227.14285714285717,EMPTY ACTION,0
Large-Language-Models-play-StarCraftII/jev_runs/macro-v2-20260922-harder-001,228.21428571428572,TRAIN PROBE,1
Large-Language-Models-play-StarCraftII/jev_runs/macro-v2-20260922-harder-001,229.2857142857143,EMPTY ACTION,0
Large-Language-Models-play-StarCraftII/jev_runs/macro-v2-20260922-harder-001,230.35714285714286,EMPTY ACTION,0
Large-Language-Models-play-StarCraftII/jev_runs/macro-v2-20260922-harder-001,231.42857142857144,EMPTY ACTION,0
Large-Language-Models-play-StarCraftII/jev_runs/macro-v2-20260922-harder-001,232.50000000000003,EMPTY ACTION,0
Large-Language-Models-play-StarCraftII/jev_runs/macro-v2-20260922-harder-001,233.57142857142858,EMPTY ACTION,0
Large-Language-Models-play-StarCraftII/jev_runs/macro-v2-20260922-harder-001,234.64285714285717,EMPTY ACTION,0
Large-Language-Models-play-StarCraftII/jev_runs/macro-v2-20260922-harder-001,235.71428571428572,EMPTY ACTION,0
Large-Language-Models-play-StarCraftII/jev_runs/macro-v2-20260922-harder-001,236.7857142857143,TRAIN STALKER,1
Large-Language-Models-play-StarCraftII/jev_runs/macro-v2-20260922-harder-001,237.85714285714286,EMPTY ACTION,0
Large-Language-Models-play-StarCraftII/jev_runs/macro-v2-20260922-harder-001,238.92857142857144,CHRONOBOOST NEXUS,1
Large-Language-Models-play-StarCraftII/jev_runs/macro-v2-20260922-harder-001,240.00000000000003,TRAIN PROBE,1
Large-Language-Models-play-StarCraftII/jev_runs/macro-v2-20260922-harder-001,241.07142857142858,EMPTY ACTION,0
Large-Language-Models-play-StarCraftII/jev_runs/macro-v2-20260922-harder-001,242.14285714285717,TRAIN PROBE,1
Large-Language-Models-play-StarCraftII/jev_runs/macro-v2-20260922-harder-001,243.21428571428572,EMPTY ACTION,0
Large-Language-Models-play-StarCraftII/jev_runs/macro-v2-20260922-harder-001,244.2857142857143,EMPTY ACTION,0
Large-Language-Models-play-StarCraftII/jev_runs/macro-v2-20260922-harder-001,245.35714285714286,EMPTY ACTION,0
Large-Language-Models-play-StarCraftII/jev_runs/macro-v2-20260922-harder-001,246.42857142857144,EMPTY ACTION,0
Large-Language-Models-play-StarCraftII/jev_runs/macro-v2-20260922-harder-001,247.50000000000003,EMPTY ACTION,0
Large-Language-Models-play-StarCraftII/jev_runs/macro-v2-20260922-harder-001,248.57142857142858,TRAIN ZEALOT,1
Large-Language-Models-play-StarCraftII/jev_runs/macro-v2-20260922-harder-001,249.64285714285717,EMPTY ACTION,0
Large-Language-Models-play-StarCraftII/jev_runs/macro-v2-20260922-harder-001,250.71428571428572,EMPTY ACTION,0
Large-Language-Models-play-StarCraftII/jev_runs/macro-v2-20260922-harder-001,251.7857142857143,TRAIN PROBE,1
Large-Language-Models-play-StarCraftII/jev_runs/macro-v2-20260922-harder-001,252.85714285714286,EMPTY ACTION,0
Large-Language-Models-play-StarCraftII/jev_runs/macro-v2-20260922-harder-001,254.10714285714286,TRAIN PROBE,1
Large-Language-Models-play-StarCraftII/jev_runs/macro-v2-20260922-harder-001,255.17857142857144,CHRONOBOOST NEXUS,1
Large-Language-Models-play-StarCraftII/jev_runs/macro-v2-20260922-harder-001,256.0714285714286,EMPTY ACTION,0
Large-Language-Models-play-StarCraftII/jev_runs/macro-v2-20260922-harder-001,257.14285714285717,EMPTY ACTION,0
Large-Language-Models-play-StarCraftII/jev_runs/macro-v2-20260922-harder-001,258.2142857142857,EMPTY ACTION,0
Large-Language-Models-play-StarCraftII/jev_runs/macro-v2-20260922-harder-001,259.2857142857143,EMPTY ACTION,0
Large-Language-Models-play-StarCraftII/jev_runs/macro-v2-20260922-harder-001,260.3571428571429,EMPTY ACTION,0
Large-Language-Models-play-StarCraftII/jev_runs/macro-v2-20260922-harder-001,264.2857142857143,TRAIN PROBE,1
Large-Language-Models-play-StarCraftII/jev_runs/macro-v2-20260922-harder-001,265.0,TRAIN PROBE,1
Large-Language-Models-play-StarCraftII/jev_runs/macro-v2-20260922-harder-001,266.0714285714286,EMPTY ACTION,0
Large-Language-Models-play-StarCraftII/jev_runs/macro-v2-20260922-harder-001,267.14285714285717,EMPTY ACTION,0
Large-Language-Models-play-StarCraftII/jev_runs/macro-v2-20260922-harder-001,268.2142857142857,EMPTY ACTION,0
Large-Language-Models-play-StarCraftII/jev_runs/macro-v2-20260922-harder-001,269.2857142857143,EMPTY ACTION,0
Large-Language-Models-play-StarCraftII/jev_runs/macro-v2-20260922-harder-001,270.3571428571429,TRAIN STALKER,1
Large-Language-Models-play-StarCraftII/jev_runs/macro-v2-20260922-harder-001,271.42857142857144,EMPTY ACTION,0
Large-Language-Models-play-StarCraftII/jev_runs/macro-v2-20260922-harder-001,272.5,EMPTY ACTION,0
Large-Language-Models-play-StarCraftII/jev_runs/macro-v2-20260922-harder-001,273.5714285714286,TRAIN PROBE,1
Large-Language-Models-play-StarCraftII/jev_runs/macro-v2-20260922-harder-001,274.64285714285717,EMPTY ACTION,0
Large-Language-Models-play-StarCraftII/jev_runs/macro-v2-20260922-harder-001,275.7142857142857,EMPTY ACTION,0
Large-Language-Models-play-StarCraftII/jev_runs/macro-v2-20260922-harder-001,277.8571428571429,TRAIN PROBE,1
Large-Language-Models-play-StarCraftII/jev_runs/macro-v2-20260922-harder-001,278.92857142857144,TRAIN OBSERVER,1
Large-Language-Models-play-StarCraftII/jev_runs/macro-v2-20260922-harder-001,280.0,EMPTY ACTION,0
Large-Language-Models-play-StarCraftII/jev_runs/macro-v2-20260922-harder-001,281.0714285714286,EMPTY ACTION,0
Large-Language-Models-play-StarCraftII/jev_runs/macro-v2-20260922-harder-001,282.14285714285717,BUILD PYLON,1
Large-Language-Models-play-StarCraftII/jev_runs/macro-v2-20260922-harder-001,283.2142857142857,EMPTY ACTION,0
Large-Language-Models-play-StarCraftII/jev_runs/macro-v2-20260922-harder-001,284.2857142857143,EMPTY ACTION,0
Large-Language-Models-play-StarCraftII/jev_runs/macro-v2-20260922-harder-001,285.3571428571429,EMPTY ACTION,0
Large-Language-Models-play-StarCraftII/jev_runs/macro-v2-20260922-harder-001,286.42857142857144,TRAIN PROBE,1
Large-Language-Models-play-StarCraftII/jev_runs/macro-v2-20260922-harder-001,287.5,EMPTY ACTION,0
Large-Language-Models-play-StarCraftII/jev_runs/macro-v2-20260922-harder-001,288.5714285714286,BUILD PYLON,1
Large-Language-Models-play-StarCraftII/jev_runs/macro-v2-20260922-harder-001,289.64285714285717,EMPTY ACTION,0
Large-Language-Models-play-StarCraftII/jev_runs/macro-v2-20260922-harder-001,290.7142857142857,EMPTY ACTION,0
Large-Language-Models-play-StarCraftII/jev_runs/macro-v2-20260922-harder-001,291.7857142857143,TRAIN PROBE,1
Large-Language-Models-play-StarCraftII/jev_runs/macro-v2-20260922-harder-001,292.8571428571429,EMPTY ACTION,0
Large-Language-Models-play-StarCraftII/jev_runs/macro-v2-20260922-harder-001,293.92857142857144,EMPTY ACTION,0
Large-Language-Models-play-StarCraftII/jev_runs/macro-v2-20260922-harder-001,295.0,EMPTY ACTION,0
Large-Language-Models-play-StarCraftII/jev_runs/macro-v2-20260922-harder-001,296.0714285714286,TRAIN ZEALOT,1
Large-Language-Models-play-StarCraftII/jev_runs/macro-v2-20260922-harder-001,297.14285714285717,EMPTY ACTION,0
Large-Language-Models-play-StarCraftII/jev_runs/macro-v2-20260922-harder-001,298.2142857142857,EMPTY ACTION,0
Large-Language-Models-play-StarCraftII/jev_runs/macro-v2-20260922-harder-001,299.2857142857143,EMPTY ACTION,0
Large-Language-Models-play-StarCraftII/jev_runs/macro-v2-20260922-harder-001,300.3571428571429,EMPTY ACTION,0
Large-Language-Models-play-StarCraftII/jev_runs/macro-v2-20260922-harder-001,301.42857142857144,EMPTY ACTION,0
Large-Language-Models-play-StarCraftII/jev_runs/macro-v2-20260922-harder-001,302.5,BUILD GATEWAY,1
Large-Language-Models-play-StarCraftII/jev_runs/macro-v2-20260922-harder-001,303.5714285714286,EMPTY ACTION,0
Large-Language-Models-play-StarCraftII/jev_runs/macro-v2-20260922-harder-001,304.64285714285717,TRAIN PROBE,1
Large-Language-Models-play-StarCraftII/jev_runs/macro-v2-20260922-harder-001,305.7142857142857,EMPTY ACTION,0
Large-Language-Models-play-StarCraftII/jev_runs/macro-v2-20260922-harder-001,306.7857142857143,TRAIN PROBE,1
Large-Language-Models-play-StarCraftII/jev_runs/macro-v2-20260922-harder-001,307.8571428571429,EMPTY ACTION,0
Large-Language-Models-play-StarCraftII/jev_runs/macro-v2-20260922-harder-001,308.75,EMPTY ACTION,0
Large-Language-Models-play-StarCraftII/jev_runs/macro-v2-20260922-harder-001,310.0,EMPTY ACTION,0
Large-Language-Models-play-StarCraftII/jev_runs/macro-v2-20260922-harder-001,311.0714285714286,TRAIN STALKER,1
Large-Language-Models-play-StarCraftII/jev_runs/macro-v2-20260922-harder-001,312.14285714285717,EMPTY ACTION,0
Large-Language-Models-play-StarCraftII/jev_runs/macro-v2-20260922-harder-001,313.2142857142857,EMPTY ACTION,0
Large-Language-Models-play-StarCraftII/jev_runs/macro-v2-20260922-harder-001,314.2857142857143,EMPTY ACTION,0
Large-Language-Models-play-StarCraftII/jev_runs/macro-v2-20260922-harder-001,315.3571428571429,EMPTY ACTION,0
Large-Language-Models-play-StarCraftII/jev_runs/macro-v2-20260922-harder-001,316.42857142857144,EMPTY ACTION,0
Large-Language-Models-play-StarCraftII/jev_runs/macro-v2-20260922-harder-001,317.5,TRAIN PROBE,1
Large-Language-Models-play-StarCraftII/jev_runs/macro-v2-20260922-harder-001,318.5714285714286,EMPTY ACTION,0
Large-Language-Models-play-StarCraftII/jev_runs/macro-v2-20260922-harder-001,319.64285714285717,TRAIN PROBE,1
Large-Language-Models-play-StarCraftII/jev_runs/macro-v2-20260922-harder-001,320.7142857142857,TRAIN STALKER,1
Large-Language-Models-play-StarCraftII/jev_runs/macro-v2-20260922-harder-001,321.78571428571433,EMPTY ACTION,0
Large-Language-Models-play-StarCraftII/jev_runs/macro-v2-20260922-harder-001,322.8571428571429,EMPTY ACTION,0
Large-Language-Models-play-StarCraftII/jev_runs/macro-v2-20260922-harder-001,323.92857142857144,EMPTY ACTION,0
Large-Language-Models-play-StarCraftII/jev_runs/macro-v2-20260922-harder-001,325.0,EMPTY ACTION,0
Large-Language-Models-play-StarCraftII/jev_runs/macro-v2-20260922-harder-001,326.0714285714286,EMPTY ACTION,0
Large-Language-Models-play-StarCraftII/jev_runs/macro-v2-20260922-harder-001,327.14285714285717,EMPTY ACTION,0
Large-Language-Models-play-StarCraftII/jev_runs/macro-v2-20260922-harder-001,328.2142857142857,EMPTY ACTION,0
Large-Language-Models-play-StarCraftII/jev_runs/macro-v2-20260922-harder-001,329.28571428571433,EMPTY ACTION,0
Large-Language-Models-play-StarCraftII/jev_runs/macro-v2-20260922-harder-001,330.3571428571429,TRAIN IMMORTAL,1
Large-Language-Models-play-StarCraftII/jev_runs/macro-v2-20260922-harder-001,331.42857142857144,CHRONOBOOST NEXUS,1
Large-Language-Models-play-StarCraftII/jev_runs/macro-v2-20260922-harder-001,332.5,EMPTY ACTION,0
Large-Language-Models-play-StarCraftII/jev_runs/macro-v2-20260922-harder-001,333.5714285714286,EMPTY ACTION,0
Large-Language-Models-play-StarCraftII/jev_runs/macro-v2-20260922-harder-001,334.64285714285717,TRAIN STALKER,1
Large-Language-Models-play-StarCraftII/jev_runs/macro-v2-20260922-harder-001,335.7142857142857,EMPTY ACTION,0
Large-Language-Models-play-StarCraftII/jev_runs/macro-v2-20260922-harder-001,336.78571428571433,EMPTY ACTION,0
Large-Language-Models-play-StarCraftII/jev_runs/macro-v2-20260922-harder-001,337.8571428571429,EMPTY ACTION,0
Large-Language-Models-play-StarCraftII/jev_runs/macro-v2-20260922-harder-001,338.92857142857144,EMPTY ACTION,0
Large-Language-Models-play-StarCraftII/jev_runs/macro-v2-20260922-harder-001,340.0,EMPTY ACTION,0
Large-Language-Models-play-StarCraftII/jev_runs/macro-v2-20260922-harder-001,341.0714285714286,EMPTY ACTION,0
Large-Language-Models-play-StarCraftII/jev_runs/macro-v2-20260922-harder-001,342.14285714285717,EMPTY ACTION,0
Large-Language-Models-play-StarCraftII/jev_runs/macro-v2-20260922-harder-001,343.2142857142857,BUILD SHIELDBATTERY,1
Large-Language-Models-play-StarCraftII/jev_runs/macro-v2-20260922-harder-001,344.28571428571433,TRAIN STALKER,1
Large-Language-Models-play-StarCraftII/jev_runs/macro-v2-20260922-harder-001,345.3571428571429,EMPTY ACTION,0
Large-Language-Models-play-StarCraftII/jev_runs/macro-v2-20260922-harder-001,346.42857142857144,EMPTY ACTION,0
Large-Language-Models-play-StarCraftII/jev_runs/macro-v2-20260922-harder-001,347.5,EMPTY ACTION,0
Large-Language-Models-play-StarCraftII/jev_runs/macro-v2-20260922-harder-001,348.5714285714286,EMPTY ACTION,0
Large-Language-Models-play-StarCraftII/jev_runs/macro-v2-20260922-harder-001,349.64285714285717,EMPTY ACTION,0
Large-Language-Models-play-StarCraftII/jev_runs/macro-v2-20260922-harder-001,350.7142857142857,EMPTY ACTION,0
Large-Language-Models-play-StarCraftII/jev_runs/macro-v2-20260922-harder-001,351.78571428571433,EMPTY ACTION,0
Large-Language-Models-play-StarCraftII/jev_runs/macro-v2-20260922-harder-001,353.92857142857144,EMPTY ACTION,0
Large-Language-Models-play-StarCraftII/jev_runs/macro-v2-20260922-harder-001,355.0,EMPTY ACTION,0
Large-Language-Models-play-StarCraftII/jev_runs/macro-v2-20260922-harder-001,356.0714285714286,EMPTY ACTION,0
Large-Language-Models-play-StarCraftII/jev_runs/macro-v2-20260922-harder-001,357.14285714285717,EMPTY ACTION,0
Large-Language-Models-play-StarCraftII/jev_runs/macro-v2-20260922-harder-001,358.2142857142857,TRAIN STALKER,1
Large-Language-Models-play-StarCraftII/jev_runs/macro-v2-20260922-harder-001,359.28571428571433,BUILD PYLON,1
Large-Language-Models-play-StarCraftII/jev_runs/macro-v2-20260922-harder-001,360.3571428571429,TRAIN STALKER,1
Large-Language-Models-play-StarCraftII/jev_runs/macro-v2-20260922-harder-001,361.42857142857144,EMPTY ACTION,0
Large-Language-Models-play-StarCraftII/jev_runs/macro-v2-20260922-harder-001,362.5,EMPTY ACTION,0
Large-Language-Models-play-StarCraftII/jev_runs/macro-v2-20260922-harder-001,363.5714285714286,EMPTY ACTION,0
Large-Language-Models-play-StarCraftII/jev_runs/macro-v2-20260922-harder-001,364.64285714285717,EMPTY ACTION,0
Large-Language-Models-play-StarCraftII/jev_runs/macro-v2-20260922-harder-001,365.7142857142857,EMPTY ACTION,0
Large-Language-Models-play-StarCraftII/jev_runs/macro-v2-20260922-harder-001,366.78571428571433,EMPTY ACTION,0
Large-Language-Models-play-StarCraftII/jev_runs/macro-v2-20260922-harder-001,367.8571428571429,TRAIN STALKER,1
Large-Language-Models-play-StarCraftII/jev_runs/macro-v2-20260922-harder-001,368.92857142857144,EMPTY ACTION,0
Large-Language-Models-play-StarCraftII/jev_runs/macro-v2-20260922-harder-001,370.0,EMPTY ACTION,0
Large-Language-Models-play-StarCraftII/jev_runs/macro-v2-20260922-harder-001,371.25,TRAIN IMMORTAL,1
Large-Language-Models-play-StarCraftII/jev_runs/macro-v2-20260922-harder-001,372.14285714285717,BUILD PYLON,1
Large-Language-Models-play-StarCraftII/jev_runs/macro-v2-20260922-harder-001,373.2142857142857,EMPTY ACTION,0
Large-Language-Models-play-StarCraftII/jev_runs/macro-v2-20260922-harder-001,374.28571428571433,EMPTY ACTION,0
Large-Language-Models-play-StarCraftII/jev_runs/macro-v2-20260922-harder-001,375.3571428571429,EMPTY ACTION,0
Large-Language-Models-play-StarCraftII/jev_runs/macro-v2-20260922-harder-001,376.42857142857144,EMPTY ACTION,0
Large-Language-Models-play-StarCraftII/jev_runs/macro-v2-20260922-harder-001,377.5,EMPTY ACTION,0
Large-Language-Models-play-StarCraftII/jev_runs/macro-v2-20260922-harder-001,378.5714285714286,EMPTY ACTION,0
Large-Language-Models-play-StarCraftII/jev_runs/macro-v2-20260922-harder-001,379.64285714285717,EMPTY ACTION,0
Large-Language-Models-play-StarCraftII/jev_runs/macro-v2-20260922-harder-001,380.7142857142857,EMPTY ACTION,0
Large-Language-Models-play-StarCraftII/jev_runs/macro-v2-20260922-harder-001,381.78571428571433,TRAIN STALKER,1
Large-Language-Models-play-StarCraftII/jev_runs/macro-v2-20260922-harder-001,382.8571428571429,EMPTY ACTION,0
Large-Language-Models-play-StarCraftII/jev_runs/macro-v2-20260922-harder-001,383.92857142857144,TRAIN STALKER,1
Large-Language-Models-play-StarCraftII/jev_runs/macro-v2-20260922-harder-001,385.0,EMPTY ACTION,0
Large-Language-Models-play-StarCraftII/jev_runs/macro-v2-20260922-harder-001,386.0714285714286,EMPTY ACTION,0
Large-Language-Models-play-StarCraftII/jev_runs/macro-v2-20260922-harder-001,387.14285714285717,BUILD ASSIMILATOR,1
Large-Language-Models-play-StarCraftII/jev_runs/macro-v2-20260922-harder-001,388.2142857142857,TRAIN PROBE,1
Large-Language-Models-play-StarCraftII/jev_runs/macro-v2-20260922-harder-001,389.28571428571433,TRAIN PROBE,1
Large-Language-Models-play-StarCraftII/jev_runs/macro-v2-20260922-harder-001,390.3571428571429,BUILD SHIELDBATTERY,1
Large-Language-Models-play-StarCraftII/jev_runs/macro-v2-20260922-harder-001,391.6071428571429,EMPTY ACTION,0
Large-Language-Models-play-StarCraftII/jev_runs/macro-v2-20260922-harder-001,392.5,EMPTY ACTION,0
Large-Language-Models-play-StarCraftII/jev_runs/macro-v2-20260922-harder-001,393.5714285714286,TRAIN ZEALOT,1
Large-Language-Models-play-StarCraftII/jev_runs/macro-v2-20260922-harder-001,394.64285714285717,EMPTY ACTION,0
Large-Language-Models-play-StarCraftII/jev_runs/macro-v2-20260922-harder-001,395.7142857142857,EMPTY ACTION,0
Large-Language-Models-play-StarCraftII/jev_runs/macro-v2-20260922-harder-001,396.78571428571433,BUILD PYLON,1
Large-Language-Models-play-StarCraftII/jev_runs/macro-v2-20260922-harder-001,397.8571428571429,EMPTY ACTION,0
Large-Language-Models-play-StarCraftII/jev_runs/macro-v2-20260922-harder-001,398.92857142857144,EMPTY ACTION,0
Large-Language-Models-play-StarCraftII/jev_runs/macro-v2-20260922-harder-001,400.0,EMPTY ACTION,0
Large-Language-Models-play-StarCraftII/jev_runs/macro-v2-20260922-harder-001,401.0714285714286,TRAIN PROBE,1
Large-Language-Models-play-StarCraftII/jev_runs/macro-v2-20260922-harder-001,402.14285714285717,TRAIN PROBE,1
Large-Language-Models-play-StarCraftII/jev_runs/macro-v2-20260922-harder-001,403.2142857142857,EMPTY ACTION,0
Large-Language-Models-play-StarCraftII/jev_runs/macro-v2-20260922-harder-001,404.28571428571433,EMPTY ACTION,0
Large-Language-Models-play-StarCraftII/jev_runs/macro-v2-20260922-harder-001,405.3571428571429,TRAIN STALKER,1
Large-Language-Models-play-StarCraftII/jev_runs/macro-v2-20260922-harder-001,406.42857142857144,TRAIN ZEALOT,1
Large-Language-Models-play-StarCraftII/jev_runs/macro-v2-20260922-harder-001,407.5,TRAIN ZEALOT,1
Large-Language-Models-play-StarCraftII/jev_runs/macro-v2-20260922-harder-001,408.5714285714286,EMPTY ACTION,0
Large-Language-Models-play-StarCraftII/jev_runs/macro-v2-20260922-harder-001,409.64285714285717,EMPTY ACTION,0
Large-Language-Models-play-StarCraftII/jev_runs/macro-v2-20260922-harder-001,410.7142857142857,EMPTY ACTION,0
Large-Language-Models-play-StarCraftII/jev_runs/macro-v2-20260922-harder-001,411.78571428571433,EMPTY ACTION,0
Large-Language-Models-play-StarCraftII/jev_runs/macro-v2-20260922-harder-001,412.8571428571429,BUILD GATEWAY,1
Large-Language-Models-play-StarCraftII/jev_runs/macro-v2-20260922-harder-001,413.92857142857144,TRAIN PROBE,1
Large-Language-Models-play-StarCraftII/jev_runs/macro-v2-20260922-harder-001,415.0,EMPTY ACTION,0
Large-Language-Models-play-StarCraftII/jev_runs/macro-v2-20260922-harder-001,416.0714285714286,TRAIN PROBE,1
Large-Language-Models-play-StarCraftII/jev_runs/macro-v2-20260922-harder-001,417.14285714285717,EMPTY ACTION,0
Large-Language-Models-play-StarCraftII/jev_runs/macro-v2-20260922-harder-001,418.2142857142857,EMPTY ACTION,0
Large-Language-Models-play-StarCraftII/jev_runs/macro-v2-20260922-harder-001,419.28571428571433,EMPTY ACTION,0
Large-Language-Models-play-StarCraftII/jev_runs/macro-v2-20260922-harder-001,420.3571428571429,TRAIN STALKER,1
Large-Language-Models-play-StarCraftII/jev_runs/macro-v2-20260922-harder-001,421.42857142857144,EMPTY ACTION,0
Large-Language-Models-play-StarCraftII/jev_runs/macro-v2-20260922-harder-001,422.5,EMPTY ACTION,0
Large-Language-Models-play-StarCraftII/jev_runs/macro-v2-20260922-harder-001,423.5714285714286,BUILD PYLON,1
Large-Language-Models-play-StarCraftII/jev_runs/macro-v2-20260922-harder-001,424.64285714285717,EMPTY ACTION,0
Large-Language-Models-play-StarCraftII/jev_runs/macro-v2-20260922-harder-001,425.7142857142857,EMPTY ACTION,0
Large-Language-Models-play-StarCraftII/jev_runs/macro-v2-20260922-harder-001,426.78571428571433,TRAIN PROBE,1
Large-Language-Models-play-StarCraftII/jev_runs/macro-v2-20260922-harder-001,427.8571428571429,EMPTY ACTION,0
Large-Language-Models-play-StarCraftII/jev_runs/macro-v2-20260922-harder-001,428.92857142857144,TRAIN PROBE,1
Large-Language-Models-play-StarCraftII/jev_runs/macro-v2-20260922-harder-001,430.0,EMPTY ACTION,0
Large-Language-Models-play-StarCraftII/jev_runs/macro-v2-20260922-harder-001,431.0714285714286,TRAIN STALKER,1
Large-Language-Models-play-StarCraftII/jev_runs/macro-v2-20260922-harder-001,432.14285714285717,EMPTY ACTION,0
Large-Language-Models-play-StarCraftII/jev_runs/macro-v2-20260922-harder-001,433.2142857142857,EMPTY ACTION,0
Large-Language-Models-play-StarCraftII/jev_runs/macro-v2-20260922-harder-001,434.28571428571433,TRAIN ZEALOT,1
Large-Language-Models-play-StarCraftII/jev_runs/macro-v2-20260922-harder-001,435.3571428571429,EMPTY ACTION,0
Large-Language-Models-play-StarCraftII/jev_runs/macro-v2-20260922-harder-001,436.42857142857144,EMPTY ACTION,0
Large-Language-Models-play-StarCraftII/jev_runs/macro-v2-20260922-harder-001,437.5,EMPTY ACTION,0
Large-Language-Models-play-StarCraftII/jev_runs/macro-v2-20260922-harder-001,438.5714285714286,BUILD PYLON,1
Large-Language-Models-play-StarCraftII/jev_runs/macro-v2-20260922-harder-001,439.64285714285717,TRAIN PROBE,1
Large-Language-Models-play-StarCraftII/jev_runs/macro-v2-20260922-harder-001,440.7142857142857,EMPTY ACTION,0
Large-Language-Models-play-StarCraftII/jev_runs/macro-v2-20260922-harder-001,441.78571428571433,TRAIN PROBE,1
Large-Language-Models-play-StarCraftII/jev_runs/macro-v2-20260922-harder-001,442.8571428571429,EMPTY ACTION,0
Large-Language-Models-play-StarCraftII/jev_runs/macro-v2-20260922-harder-001,443.92857142857144,TRAIN ZEALOT,1
Large-Language-Models-play-StarCraftII/jev_runs/macro-v2-20260922-harder-001,445.0,EMPTY ACTION,0
Large-Language-Models-play-StarCraftII/jev_runs/macro-v2-20260922-harder-001,446.0714285714286,EMPTY ACTION,0
Large-Language-Models-play-StarCraftII/jev_runs/macro-v2-20260922-harder-001,447.14285714285717,EMPTY ACTION,0
Large-Language-Models-play-StarCraftII/jev_runs/macro-v2-20260922-harder-001,449.28571428571433,EMPTY ACTION,0
Large-Language-Models-play-StarCraftII/jev_runs/macro-v2-20260922-harder-001,450.3571428571429,EMPTY ACTION,0
Large-Language-Models-play-StarCraftII/jev_runs/macro-v2-20260922-harder-001,451.42857142857144,EMPTY ACTION,0
Large-Language-Models-play-StarCraftII/jev_runs/macro-v2-20260922-harder-001,452.50000000000006,CHRONOBOOST NEXUS,1
Large-Language-Models-play-StarCraftII/jev_runs/macro-v2-20260922-harder-001,453.5714285714286,EMPTY ACTION,0
Large-Language-Models-play-StarCraftII/jev_runs/macro-v2-20260922-harder-001,454.64285714285717,EMPTY ACTION,0
Large-Language-Models-play-StarCraftII/jev_runs/macro-v2-20260922-harder-001,455.7142857142857,EMPTY ACTION,0
Large-Language-Models-play-StarCraftII/jev_runs/macro-v2-20260922-harder-001,456.78571428571433,BUILD NEXUS,1
Large-Language-Models-play-StarCraftII/jev_runs/macro-v2-20260922-harder-001,457.8571428571429,TRAIN PROBE,1
Large-Language-Models-play-StarCraftII/jev_runs/macro-v2-20260922-harder-001,458.92857142857144,EMPTY ACTION,0
Large-Language-Models-play-StarCraftII/jev_runs/macro-v2-20260922-harder-001,460.00000000000006,TRAIN PROBE,1
Large-Language-Models-play-StarCraftII/jev_runs/macro-v2-20260922-harder-001,461.0714285714286,EMPTY ACTION,0
Large-Language-Models-play-StarCraftII/jev_runs/macro-v2-20260922-harder-001,462.14285714285717,EMPTY ACTION,0
Large-Language-Models-play-StarCraftII/jev_runs/macro-v2-20260922-harder-001,463.2142857142857,TRAIN STALKER,1
Large-Language-Models-play-StarCraftII/jev_runs/macro-v2-20260922-harder-001,464.28571428571433,CHRONOBOOST NEXUS,1
Large-Language-Models-play-StarCraftII/jev_runs/macro-v2-20260922-harder-001,465.3571428571429,EMPTY ACTION,0
Large-Language-Models-play-StarCraftII/jev_runs/macro-v2-20260922-harder-001,466.42857142857144,EMPTY ACTION,0
Large-Language-Models-play-StarCraftII/jev_runs/macro-v2-20260922-harder-001,467.50000000000006,BUILD PYLON,1
Large-Language-Models-play-StarCraftII/jev_runs/macro-v2-20260922-harder-001,468.5714285714286,TRAIN PROBE,1
Large-Language-Models-play-StarCraftII/jev_runs/macro-v2-20260922-harder-001,469.64285714285717,EMPTY ACTION,0
Large-Language-Models-play-StarCraftII/jev_runs/macro-v2-20260922-harder-001,470.89285714285717,TRAIN PROBE,1
Large-Language-Models-play-StarCraftII/jev_runs/macro-v2-20260922-harder-001,471.78571428571433,EMPTY ACTION,0
Large-Language-Models-play-StarCraftII/jev_runs/macro-v2-20260922-harder-001,472.8571428571429,TRAIN ZEALOT,1
Large-Language-Models-play-StarCraftII/jev_runs/macro-v2-20260922-harder-001,473.92857142857144,EMPTY ACTION,0
Large-Language-Models-play-StarCraftII/jev_runs/macro-v2-20260922-harder-001,475.00000000000006,EMPTY ACTION,0
Large-Language-Models-play-StarCraftII/jev_runs/macro-v2-20260922-harder-001,476.0714285714286,BUILD PYLON,1
Large-Language-Models-play-StarCraftII/jev_runs/macro-v2-20260922-harder-001,477.14285714285717,EMPTY ACTION,0
Large-Language-Models-play-StarCraftII/jev_runs/macro-v2-20260922-harder-001,478.2142857142857,EMPTY ACTION,0
Large-Language-Models-play-StarCraftII/jev_runs/macro-v2-20260922-harder-001,479.28571428571433,TRAIN STALKER,1
Large-Language-Models-play-StarCraftII/jev_runs/macro-v2-20260922-harder-001,480.3571428571429,EMPTY ACTION,0
Large-Language-Models-play-StarCraftII/jev_runs/macro-v2-20260922-harder-001,481.42857142857144,TRAIN PROBE,1
Large-Language-Models-play-StarCraftII/jev_runs/macro-v2-20260922-harder-001,482.50000000000006,TRAIN PROBE,1
Large-Language-Models-play-StarCraftII/jev_runs/macro-v2-20260922-harder-001,483.5714285714286,EMPTY ACTION,0
Large-Language-Models-play-StarCraftII/jev_runs/macro-v2-20260922-harder-001,484.64285714285717,EMPTY ACTION,0
Large-Language-Models-play-StarCraftII/jev_runs/macro-v2-20260922-harder-001,485.7142857142857,TRAIN ZEALOT,1
Large-Language-Models-play-StarCraftII/jev_runs/macro-v2-20260922-harder-001,486.78571428571433,EMPTY ACTION,0
Large-Language-Models-play-StarCraftII/jev_runs/macro-v2-20260922-harder-001,487.8571428571429,EMPTY ACTION,0
Large-Language-Models-play-StarCraftII/jev_runs/macro-v2-20260922-harder-001,488.92857142857144,TRAIN STALKER,1
Large-Language-Models-play-StarCraftII/jev_runs/macro-v2-20260922-harder-001,490.00000000000006,EMPTY ACTION,0
Large-Language-Models-play-StarCraftII/jev_runs/macro-v2-20260922-harder-001,491.0714285714286,MULTI-ATTACK,23
Large-Language-Models-play-StarCraftII/jev_runs/macro-v2-20260922-harder-001,492.14285714285717,BUILD PYLON,1
Large-Language-Models-play-StarCraftII/jev_runs/macro-v2-20260922-harder-001,493.2142857142857,EMPTY ACTION,0
Large-Language-Models-play-StarCraftII/jev_runs/macro-v2-20260922-harder-001,494.28571428571433,TRAIN PROBE,1
Large-Language-Models-play-StarCraftII/jev_runs/macro-v2-20260922-harder-001,495.3571428571429,TRAIN PROBE,1
Large-Language-Models-play-StarCraftII/jev_runs/macro-v2-20260922-harder-001,496.42857142857144,EMPTY ACTION,0
Large-Language-Models-play-StarCraftII/jev_runs/macro-v2-20260922-harder-001,497.50000000000006,EMPTY ACTION,0
Large-Language-Models-play-StarCraftII/jev_runs/macro-v2-20260922-harder-001,498.5714285714286,TRAIN STALKER,1
Large-Language-Models-play-StarCraftII/jev_runs/macro-v2-20260922-harder-001,499.64285714285717,EMPTY ACTION,0
Large-Language-Models-play-StarCraftII/jev_runs/macro-v2-20260922-harder-001,500.7142857142857,EMPTY ACTION,0
Large-Language-Models-play-StarCraftII/jev_runs/macro-v2-20260922-harder-001,501.78571428571433,EMPTY ACTION,0
Large-Language-Models-play-StarCraftII/jev_runs/macro-v2-20260922-harder-001,502.8571428571429,TRAIN STALKER,1
Large-Language-Models-play-StarCraftII/jev_runs/macro-v2-20260922-harder-001,503.92857142857144,EMPTY ACTION,0
Large-Language-Models-play-StarCraftII/jev_runs/macro-v2-20260922-harder-001,505.00000000000006,EMPTY ACTION,0
Large-Language-Models-play-StarCraftII/jev_runs/macro-v2-20260922-harder-001,506.0714285714286,BUILD GATEWAY,1
Large-Language-Models-play-StarCraftII/jev_runs/macro-v2-20260922-harder-001,507.14285714285717,TRAIN PROBE,1
Large-Language-Models-play-StarCraftII/jev_runs/macro-v2-20260922-harder-001,508.2142857142857,EMPTY ACTION,0
Large-Language-Models-play-StarCraftII/jev_runs/macro-v2-20260922-harder-001,509.28571428571433,EMPTY ACTION,0
Large-Language-Models-play-StarCraftII/jev_runs/macro-v2-20260922-harder-001,510.3571428571429,TRAIN ZEALOT,1
Large-Language-Models-play-StarCraftII/jev_runs/macro-v2-20260922-harder-001,511.42857142857144,EMPTY ACTION,0
Large-Language-Models-play-StarCraftII/jev_runs/macro-v2-20260922-harder-001,512.5,EMPTY ACTION,0
Large-Language-Models-play-StarCraftII/jev_runs/macro-v2-20260922-harder-001,513.5714285714286,BUILD PYLON,1
Large-Language-Models-play-StarCraftII/jev_runs/macro-v2-20260922-harder-001,514.6428571428572,EMPTY ACTION,0
Large-Language-Models-play-StarCraftII/jev_runs/macro-v2-20260922-harder-001,515.7142857142858,TRAIN ZEALOT,1
Large-Language-Models-play-StarCraftII/jev_runs/macro-v2-20260922-harder-001,516.7857142857143,EMPTY ACTION,0
Large-Language-Models-play-StarCraftII/jev_runs/macro-v2-20260922-harder-001,517.8571428571429,CHRONOBOOST NEXUS,1
Large-Language-Models-play-StarCraftII/jev_runs/macro-v2-20260922-harder-001,518.9285714285714,EMPTY ACTION,0
Large-Language-Models-play-StarCraftII/jev_runs/macro-v2-20260922-harder-001,520.0,BUILD TWILIGHTCOUNCIL,1
Large-Language-Models-play-StarCraftII/jev_runs/macro-v2-20260922-harder-001,521.0714285714286,EMPTY ACTION,0
Large-Language-Models-play-StarCraftII/jev_runs/macro-v2-20260922-harder-001,522.1428571428572,EMPTY ACTION,0
Large-Language-Models-play-StarCraftII/jev_runs/macro-v2-20260922-harder-001,523.2142857142858,TRAIN STALKER,1
Large-Language-Models-play-StarCraftII/jev_runs/macro-v2-20260922-harder-001,524.2857142857143,EMPTY ACTION,0
Large-Language-Models-play-StarCraftII/jev_runs/macro-v2-20260922-harder-001,525.3571428571429,EMPTY ACTION,0
Large-Language-Models-play-StarCraftII/jev_runs/macro-v2-20260922-harder-001,526.4285714285714,TRAIN ZEALOT,1
Large-Language-Models-play-StarCraftII/jev_runs/macro-v2-20260922-harder-001,527.5,TRAIN STALKER,1
Large-Language-Models-play-StarCraftII/jev_runs/macro-v2-20260922-harder-001,528.5714285714286,EMPTY ACTION,0
Large-Language-Models-play-StarCraftII/jev_runs/macro-v2-20260922-harder-001,529.6428571428572,EMPTY ACTION,0
Large-Language-Models-play-StarCraftII/jev_runs/macro-v2-20260922-harder-001,530.7142857142858,EMPTY ACTION,0
Large-Language-Models-play-StarCraftII/jev_runs/macro-v2-20260922-harder-001,531.7857142857143,EMPTY ACTION,0
Large-Language-Models-play-StarCraftII/jev_runs/macro-v2-20260922-harder-001,532.8571428571429,EMPTY ACTION,0
Large-Language-Models-play-StarCraftII/jev_runs/macro-v2-20260922-harder-001,533.9285714285714,TRAIN IMMORTAL,1
Large-Language-Models-play-StarCraftII/jev_runs/macro-v2-20260922-harder-001,535.0,EMPTY ACTION,0
Large-Language-Models-play-StarCraftII/jev_runs/macro-v2-20260922-harder-001,536.0714285714286,TRAIN ZEALOT,1
Large-Language-Models-play-StarCraftII/jev_runs/macro-v2-20260922-harder-001,537.1428571428572,EMPTY ACTION,0
Large-Language-Models-play-StarCraftII/jev_runs/macro-v2-20260922-harder-001,538.2142857142858,EMPTY ACTION,0
Large-Language-Models-play-StarCraftII/jev_runs/macro-v2-20260922-harder-001,539.2857142857143,TRAIN ZEALOT,1
Large-Language-Models-play-StarCraftII/jev_runs/macro-v2-20260922-harder-001,540.3571428571429,EMPTY ACTION,0
Large-Language-Models-play-StarCraftII/jev_runs/macro-v2-20260922-harder-001,541.4285714285714,EMPTY ACTION,0
Large-Language-Models-play-StarCraftII/jev_runs/macro-v2-20260922-harder-001,542.5,EMPTY ACTION,0
Large-Language-Models-play-StarCraftII/jev_runs/macro-v2-20260922-harder-001,543.5714285714286,EMPTY ACTION,0
Large-Language-Models-play-StarCraftII/jev_runs/macro-v2-20260922-harder-001,544.6428571428572,EMPTY ACTION,0
Large-Language-Models-play-StarCraftII/jev_runs/macro-v2-20260922-harder-001,545.7142857142858,EMPTY ACTION,0
Large-Language-Models-play-StarCraftII/jev_runs/macro-v2-20260922-harder-001,546.7857142857143,TRAIN STALKER,1
Large-Language-Models-play-StarCraftII/jev_runs/macro-v2-20260922-harder-001,547.8571428571429,EMPTY ACTION,0
Large-Language-Models-play-StarCraftII/jev_runs/macro-v2-20260922-harder-001,548.9285714285714,EMPTY ACTION,0
Large-Language-Models-play-StarCraftII/jev_runs/macro-v2-20260922-harder-001,550.0,EMPTY ACTION,0
Large-Language-Models-play-StarCraftII/jev_runs/macro-v2-20260922-harder-001,551.0714285714286,TRAIN STALKER,1
Large-Language-Models-play-StarCraftII/jev_runs/macro-v2-20260922-harder-001,552.1428571428572,EMPTY ACTION,0
Large-Language-Models-play-StarCraftII/jev_runs/macro-v2-20260922-harder-001,553.2142857142858,EMPTY ACTION,0
Large-Language-Models-play-StarCraftII/jev_runs/macro-v2-20260922-harder-001,554.2857142857143,EMPTY ACTION,0
Large-Language-Models-play-StarCraftII/jev_runs/macro-v2-20260922-harder-001,556.4285714285714,EMPTY ACTION,0
Large-Language-Models-play-StarCraftII/jev_runs/macro-v2-20260922-harder-001,557.5,EMPTY ACTION,0
Large-Language-Models-play-StarCraftII/jev_runs/macro-v2-20260922-harder-001,558.5714285714286,EMPTY ACTION,0
Large-Language-Models-play-StarCraftII/jev_runs/macro-v2-20260922-harder-001,559.6428571428572,TRAIN STALKER,1
Large-Language-Models-play-StarCraftII/jev_runs/macro-v2-20260922-harder-001,560.7142857142858,TRAIN STALKER,1
Large-Language-Models-play-StarCraftII/jev_runs/macro-v2-20260922-harder-001,561.7857142857143,RESEARCH CHARGE,1
Large-Language-Models-play-StarCraftII/jev_runs/macro-v2-20260922-harder-001,562.8571428571429,TRAIN STALKER,1
Large-Language-Models-play-StarCraftII/jev_runs/macro-v2-20260922-harder-001,563.9285714285714,EMPTY ACTION,0
Large-Language-Models-play-StarCraftII/jev_runs/macro-v2-20260922-harder-001,565.0,EMPTY ACTION,0
Large-Language-Models-play-StarCraftII/jev_runs/macro-v2-20260922-harder-001,566.0714285714286,EMPTY ACTION,0
Large-Language-Models-play-StarCraftII/jev_runs/macro-v2-20260922-harder-001,567.1428571428572,EMPTY ACTION,0
Large-Language-Models-play-StarCraftII/jev_runs/macro-v2-20260922-harder-001,568.2142857142858,EMPTY ACTION,0
Large-Language-Models-play-StarCraftII/jev_runs/macro-v2-20260922-harder-001,569.2857142857143,EMPTY ACTION,0
Large-Language-Models-play-StarCraftII/jev_runs/macro-v2-20260922-harder-001,570.3571428571429,TRAIN STALKER,1
Large-Language-Models-play-StarCraftII/jev_runs/macro-v2-20260922-harder-001,571.4285714285714,EMPTY ACTION,0
Large-Language-Models-play-StarCraftII/jev_runs/macro-v2-20260922-harder-001,572.5,EMPTY ACTION,0
Large-Language-Models-play-StarCraftII/jev_runs/macro-v2-20260922-harder-001,573.5714285714286,EMPTY ACTION,0
Large-Language-Models-play-StarCraftII/jev_runs/macro-v2-20260922-harder-001,574.6428571428572,TRAIN IMMORTAL,1
Large-Language-Models-play-StarCraftII/jev_runs/macro-v2-20260922-harder-001,575.7142857142858,TRAIN STALKER,1
Large-Language-Models-play-StarCraftII/jev_runs/macro-v2-20260922-harder-001,576.7857142857143,EMPTY ACTION,0
Large-Language-Models-play-StarCraftII/jev_runs/macro-v2-20260922-harder-001,577.8571428571429,EMPTY ACTION,0
Large-Language-Models-play-StarCraftII/jev_runs/macro-v2-20260922-harder-001,578.9285714285714,EMPTY ACTION,0
Large-Language-Models-play-StarCraftII/jev_runs/macro-v2-20260922-harder-001,580.0,EMPTY ACTION,0
Large-Language-Models-play-StarCraftII/jev_runs/macro-v2-20260922-harder-001,581.0714285714286,EMPTY ACTION,0
Large-Language-Models-play-StarCraftII/jev_runs/macro-v2-20260922-harder-001,582.1428571428572,EMPTY ACTION,0
Large-Language-Models-play-StarCraftII/jev_runs/macro-v2-20260922-harder-001,583.2142857142858,TRAIN STALKER,1
Large-Language-Models-play-StarCraftII/jev_runs/macro-v2-20260922-harder-001,584.2857142857143,TRAIN STALKER,1
Large-Language-Models-play-StarCraftII/jev_runs/macro-v2-20260922-harder-001,585.3571428571429,EMPTY ACTION,0
Large-Language-Models-play-StarCraftII/jev_runs/macro-v2-20260922-harder-001,586.4285714285714,TRAIN ZEALOT,1
Large-Language-Models-play-StarCraftII/jev_runs/macro-v2-20260922-harder-001,587.5,EMPTY ACTION,0
Large-Language-Models-play-StarCraftII/jev_runs/macro-v2-20260922-harder-001,588.5714285714286,EMPTY ACTION,0
Large-Language-Models-play-StarCraftII/jev_runs/macro-v2-20260922-harder-001,589.6428571428572,EMPTY ACTION,0
Large-Language-Models-play-StarCraftII/jev_runs/macro-v2-20260922-harder-001,590.7142857142858,EMPTY ACTION,0
Large-Language-Models-play-StarCraftII/jev_runs/macro-v2-20260922-harder-001,591.7857142857143,EMPTY ACTION,0
Large-Language-Models-play-StarCraftII/jev_runs/macro-v2-20260922-harder-001,592.8571428571429,EMPTY ACTION,0
Large-Language-Models-play-StarCraftII/jev_runs/macro-v2-20260922-harder-001,593.9285714285714,TRAIN ZEALOT,1
Large-Language-Models-play-StarCraftII/jev_runs/macro-v2-20260922-harder-001,595.0,EMPTY ACTION,0
Large-Language-Models-play-StarCraftII/jev_runs/macro-v2-20260922-harder-001,596.0714285714286,EMPTY ACTION,0
Large-Language-Models-play-StarCraftII/jev_runs/macro-v2-20260922-harder-001,597.1428571428572,EMPTY ACTION,0
Large-Language-Models-play-StarCraftII/jev_runs/macro-v2-20260922-harder-001,598.2142857142858,EMPTY ACTION,0
Large-Language-Models-play-StarCraftII/jev_runs/macro-v2-20260922-harder-001,599.2857142857143,TRAIN ZEALOT,1
Large-Language-Models-play-StarCraftII/jev_runs/macro-v2-20260922-harder-001,600.3571428571429,EMPTY ACTION,0
Large-Language-Models-play-StarCraftII/jev_runs/macro-v2-20260922-harder-001,601.4285714285714,EMPTY ACTION,0
Large-Language-Models-play-StarCraftII/jev_runs/macro-v2-20260922-harder-001,602.5,EMPTY ACTION,0
Large-Language-Models-play-StarCraftII/jev_runs/macro-v2-20260922-harder-001,603.5714285714286,EMPTY ACTION,0
Large-Language-Models-play-StarCraftII/jev_runs/macro-v2-20260922-harder-001,604.6428571428572,BUILD NEXUS,1
Large-Language-Models-play-StarCraftII/jev_runs/macro-v2-20260922-harder-001,605.7142857142858,BUILD ASSIMILATOR,1
Large-Language-Models-play-StarCraftII/jev_runs/macro-v2-20260922-harder-001,606.7857142857143,TRAIN ZEALOT,1
Large-Language-Models-play-StarCraftII/jev_runs/macro-v2-20260922-harder-001,607.8571428571429,TRAIN ZEALOT,1
Large-Language-Models-play-StarCraftII/jev_runs/macro-v2-20260922-harder-001,608.9285714285714,TRAIN PROBE,1
Large-Language-Models-play-StarCraftII/jev_runs/macro-v2-20260922-harder-001,610.0,TRAIN ZEALOT,1
Large-Language-Models-play-StarCraftII/jev_runs/macro-v2-20260922-harder-001,611.0714285714286,TRAIN PROBE,1
Large-Language-Models-play-StarCraftII/jev_runs/macro-v2-20260922-harder-001,612.1428571428572,TRAIN PROBE,1
Large-Language-Models-play-StarCraftII/jev_runs/macro-v2-20260922-harder-001,613.2142857142858,BUILD GATEWAY,1
Large-Language-Models-play-StarCraftII/jev_runs/macro-v2-20260922-harder-001,614.2857142857143,EMPTY ACTION,0
Large-Language-Models-play-StarCraftII/jev_runs/macro-v2-20260922-harder-001,615.3571428571429,BUILD FORGE,1
Large-Language-Models-play-StarCraftII/jev_runs/macro-v2-20260922-harder-001,616.4285714285714,EMPTY ACTION,0
Large-Language-Models-play-StarCraftII/jev_runs/macro-v2-20260922-harder-001,617.5,TRAIN ZEALOT,1
Large-Language-Models-play-StarCraftII/jev_runs/macro-v2-20260922-harder-001,618.5714285714286,EMPTY ACTION,0
Large-Language-Models-play-StarCraftII/jev_runs/macro-v2-20260922-harder-001,619.6428571428572,EMPTY ACTION,0
Large-Language-Models-play-StarCraftII/jev_runs/macro-v2-20260922-harder-001,620.7142857142858,EMPTY ACTION,0
Large-Language-Models-play-StarCraftII/jev_runs/macro-v2-20260922-harder-001,621.7857142857143,TRAIN PROBE,1
Large-Language-Models-play-StarCraftII/jev_runs/macro-v2-20260922-harder-001,622.8571428571429,TRAIN ZEALOT,1
Large-Language-Models-play-StarCraftII/jev_runs/macro-v2-20260922-harder-001,623.9285714285714,BUILD PYLON,1
Large-Language-Models-play-StarCraftII/jev_runs/macro-v2-20260922-harder-001,625.0,TRAIN PROBE,1
Large-Language-Models-play-StarCraftII/jev_runs/macro-v2-20260922-harder-001,626.0714285714286,TRAIN PROBE,1
Large-Language-Models-play-StarCraftII/jev_runs/macro-v2-20260922-harder-001,627.1428571428572,EMPTY ACTION,0
Large-Language-Models-play-StarCraftII/jev_runs/macro-v2-20260922-harder-001,628.2142857142858,CHRONOBOOST NEXUS,1
Large-Language-Models-play-StarCraftII/jev_runs/macro-v2-20260922-harder-001,629.2857142857143,CHRONOBOOST NEXUS,1
Large-Language-Models-play-StarCraftII/jev_runs/macro-v2-20260922-harder-001,630.3571428571429,TRAIN ZEALOT,1
Large-Language-Models-play-StarCraftII/jev_runs/macro-v2-20260922-harder-001,631.4285714285714,TRAIN ZEALOT,1
Large-Language-Models-play-StarCraftII/jev_runs/macro-v2-20260922-harder-001,632.5,CHRONOBOOST NEXUS,1
Large-Language-Models-play-StarCraftII/jev_runs/macro-v2-20260922-harder-001,633.5714285714286,TRAIN ZEALOT,1
Large-Language-Models-play-StarCraftII/jev_runs/macro-v2-20260922-harder-001,634.6428571428572,TRAIN PROBE,1
Large-Language-Models-play-StarCraftII/jev_runs/macro-v2-20260922-harder-001,635.7142857142858,EMPTY ACTION,0
Large-Language-Models-play-StarCraftII/jev_runs/macro-v2-20260922-harder-001,636.7857142857143,TRAIN PROBE,1
Large-Language-Models-play-StarCraftII/jev_runs/macro-v2-20260922-harder-001,637.8571428571429,TRAIN PROBE,1
Large-Language-Models-play-StarCraftII/jev_runs/macro-v2-20260922-harder-001,638.9285714285714,CHRONOBOOST TWILIGHTCOUNCIL,1
Large-Language-Models-play-StarCraftII/jev_runs/macro-v2-20260922-harder-001,640.0,BUILD PYLON,1
Large-Language-Models-play-StarCraftII/jev_runs/macro-v2-20260922-harder-001,641.0714285714287,EMPTY ACTION,0
Large-Language-Models-play-StarCraftII/jev_runs/macro-v2-20260922-harder-001,642.1428571428572,TRAIN ZEALOT,1
Large-Language-Models-play-StarCraftII/jev_runs/macro-v2-20260922-harder-001,643.2142857142858,EMPTY ACTION,0
Large-Language-Models-play-StarCraftII/jev_runs/macro-v2-20260922-harder-001,644.2857142857143,EMPTY ACTION,0
Large-Language-Models-play-StarCraftII/jev_runs/macro-v2-20260922-harder-001,645.3571428571429,EMPTY ACTION,0
Large-Language-Models-play-StarCraftII/jev_runs/macro-v2-20260922-harder-001,646.4285714285714,TRAIN ZEALOT,1
Large-Language-Models-play-StarCraftII/jev_runs/macro-v2-20260922-harder-001,647.5,EMPTY ACTION,0
Large-Language-Models-play-StarCraftII/jev_runs/macro-v2-20260922-harder-001,648.5714285714287,EMPTY ACTION,0
Large-Language-Models-play-StarCraftII/jev_runs/macro-v2-20260922-veryhard-003,1.4285714285714286,TRAIN PROBE,1
Large-Language-Models-play-StarCraftII/jev_runs/macro-v2-20260922-veryhard-003,2.142857142857143,EMPTY ACTION,0
Large-Language-Models-play-StarCraftII/jev_runs/macro-v2-20260922-veryhard-003,3.2142857142857144,EMPTY ACTION,0
Large-Language-Models-play-StarCraftII/jev_runs/macro-v2-20260922-veryhard-003,4.285714285714286,EMPTY ACTION,0
Large-Language-Models-play-StarCraftII/jev_runs/macro-v2-20260922-veryhard-003,5.357142857142858,EMPTY ACTION,0
Large-Language-Models-play-StarCraftII/jev_runs/macro-v2-20260922-veryhard-003,6.428571428571429,EMPTY ACTION,0
Large-Language-Models-play-StarCraftII/jev_runs/macro-v2-20260922-veryhard-003,7.500000000000001,EMPTY ACTION,0
Large-Language-Models-play-StarCraftII/jev_runs/macro-v2-20260922-veryhard-003,8.571428571428571,EMPTY ACTION,0
Large-Language-Models-play-StarCraftII/jev_runs/macro-v2-20260922-veryhard-003,9.642857142857144,EMPTY ACTION,0
Large-Language-Models-play-StarCraftII/jev_runs/macro-v2-20260922-veryhard-003,10.714285714285715,CHRONOBOOST NEXUS,1
Large-Language-Models-play-StarCraftII/jev_runs/macro-v2-20260922-veryhard-003,13.035714285714286,EMPTY ACTION,0
Large-Language-Models-play-StarCraftII/jev_runs/macro-v2-20260922-veryhard-003,14.107142857142858,TRAIN PROBE,1
Large-Language-Models-play-StarCraftII/jev_runs/macro-v2-20260922-veryhard-003,15.535714285714286,SCOUTING PROBE,1
Large-Language-Models-play-StarCraftII/jev_runs/macro-v2-20260922-veryhard-003,20.0,EMPTY ACTION,0
Large-Language-Models-play-StarCraftII/jev_runs/macro-v2-20260922-veryhard-003,21.071428571428573,EMPTY ACTION,0
Large-Language-Models-play-StarCraftII/jev_runs/macro-v2-20260922-veryhard-003,22.321428571428573,EMPTY ACTION,0
Large-Language-Models-play-StarCraftII/jev_runs/macro-v2-20260922-veryhard-003,23.214285714285715,TRAIN PROBE,1
Large-Language-Models-play-StarCraftII/jev_runs/macro-v2-20260922-veryhard-003,27.5,EMPTY ACTION,0
Large-Language-Models-play-StarCraftII/jev_runs/macro-v2-20260922-veryhard-003,28.750000000000004,EMPTY ACTION,0
Large-Language-Models-play-StarCraftII/jev_runs/macro-v2-20260922-veryhard-003,29.642857142857146,BUILD PYLON,1
Large-Language-Models-play-StarCraftII/jev_runs/macro-v2-20260922-veryhard-003,31.071428571428573,EMPTY ACTION,0
Large-Language-Models-play-StarCraftII/jev_runs/macro-v2-20260922-veryhard-003,32.142857142857146,EMPTY ACTION,0
Large-Language-Models-play-StarCraftII/jev_runs/macro-v2-20260922-veryhard-003,33.214285714285715,EMPTY ACTION,0
Large-Language-Models-play-StarCraftII/jev_runs/macro-v2-20260922-veryhard-003,34.285714285714285,EMPTY ACTION,0
Large-Language-Models-play-StarCraftII/jev_runs/macro-v2-20260922-veryhard-003,35.35714285714286,TRAIN PROBE,1
Large-Language-Models-play-StarCraftII/jev_runs/macro-v2-20260922-veryhard-003,37.5,EMPTY ACTION,0
Large-Language-Models-play-StarCraftII/jev_runs/macro-v2-20260922-veryhard-003,38.57142857142858,EMPTY ACTION,0
Large-Language-Models-play-StarCraftII/jev_runs/macro-v2-20260922-veryhard-003,39.642857142857146,EMPTY ACTION,0
Large-Language-Models-play-StarCraftII/jev_runs/macro-v2-20260922-veryhard-003,40.714285714285715,EMPTY ACTION,0
Large-Language-Models-play-StarCraftII/jev_runs/macro-v2-20260922-veryhard-003,41.78571428571429,EMPTY ACTION,0
Large-Language-Models-play-StarCraftII/jev_runs/macro-v2-20260922-veryhard-003,42.85714285714286,EMPTY ACTION,0
Large-Language-Models-play-StarCraftII/jev_runs/macro-v2-20260922-veryhard-003,43.92857142857143,EMPTY ACTION,0
Large-Language-Models-play-StarCraftII/jev_runs/macro-v2-20260922-veryhard-003,45.0,BUILD ASSIMILATOR,1
Large-Language-Models-play-StarCraftII/jev_runs/macro-v2-20260922-veryhard-003,46.07142857142858,EMPTY ACTION,0
Large-Language-Models-play-StarCraftII/jev_runs/macro-v2-20260922-veryhard-003,47.142857142857146,EMPTY ACTION,0
Large-Language-Models-play-StarCraftII/jev_runs/macro-v2-20260922-veryhard-003,48.214285714285715,EMPTY ACTION,0
Large-Language-Models-play-StarCraftII/jev_runs/macro-v2-20260922-veryhard-003,49.28571428571429,EMPTY ACTION,0
Large-Language-Models-play-StarCraftII/jev_runs/macro-v2-20260922-veryhard-003,50.35714285714286,TRAIN PROBE,1
Large-Language-Models-play-StarCraftII/jev_runs/macro-v2-20260922-veryhard-003,51.42857142857143,EMPTY ACTION,0
Large-Language-Models-play-StarCraftII/jev_runs/macro-v2-20260922-veryhard-003,52.5,EMPTY ACTION,0
Large-Language-Models-play-StarCraftII/jev_runs/macro-v2-20260922-veryhard-003,53.57142857142858,EMPTY ACTION,0
Large-Language-Models-play-StarCraftII/jev_runs/macro-v2-20260922-veryhard-003,54.642857142857146,EMPTY ACTION,0
Large-Language-Models-play-StarCraftII/jev_runs/macro-v2-20260922-veryhard-003,55.714285714285715,EMPTY ACTION,0
Large-Language-Models-play-StarCraftII/jev_runs/macro-v2-20260922-veryhard-003,56.78571428571429,EMPTY ACTION,0
Large-Language-Models-play-StarCraftII/jev_runs/macro-v2-20260922-veryhard-003,57.85714285714286,EMPTY ACTION,0
Large-Language-Models-play-StarCraftII/jev_runs/macro-v2-20260922-veryhard-003,58.92857142857143,EMPTY ACTION,0
Large-Language-Models-play-StarCraftII/jev_runs/macro-v2-20260922-veryhard-003,60.00000000000001,EMPTY ACTION,0
Large-Language-Models-play-StarCraftII/jev_runs/macro-v2-20260922-veryhard-003,61.07142857142858,EMPTY ACTION,0
Large-Language-Models-play-StarCraftII/jev_runs/macro-v2-20260922-veryhard-003,62.142857142857146,EMPTY ACTION,0
Large-Language-Models-play-StarCraftII/jev_runs/macro-v2-20260922-veryhard-003,63.214285714285715,TRAIN PROBE,1
Large-Language-Models-play-StarCraftII/jev_runs/macro-v2-20260922-veryhard-003,64.28571428571429,CHRONOBOOST NEXUS,1
Large-Language-Models-play-StarCraftII/jev_runs/macro-v2-20260922-veryhard-003,65.35714285714286,EMPTY ACTION,0
Large-Language-Models-play-StarCraftII/jev_runs/macro-v2-20260922-veryhard-003,66.42857142857143,EMPTY ACTION,0
Large-Language-Models-play-StarCraftII/jev_runs/macro-v2-20260922-veryhard-003,67.5,EMPTY ACTION,0
Large-Language-Models-play-StarCraftII/jev_runs/macro-v2-20260922-veryhard-003,68.57142857142857,EMPTY ACTION,0
Large-Language-Models-play-StarCraftII/jev_runs/macro-v2-20260922-veryhard-003,69.64285714285715,EMPTY ACTION,0
Large-Language-Models-play-StarCraftII/jev_runs/macro-v2-20260922-veryhard-003,70.71428571428572,BUILD GATEWAY,1
Large-Language-Models-play-StarCraftII/jev_runs/macro-v2-20260922-veryhard-003,71.78571428571429,EMPTY ACTION,0
Large-Language-Models-play-StarCraftII/jev_runs/macro-v2-20260922-veryhard-003,72.85714285714286,EMPTY ACTION,0
Large-Language-Models-play-StarCraftII/jev_runs/macro-v2-20260922-veryhard-003,73.92857142857143,EMPTY ACTION,0
Large-Language-Models-play-StarCraftII/jev_runs/macro-v2-20260922-veryhard-003,75.0,TRAIN PROBE,1
Large-Language-Models-play-StarCraftII/jev_runs/macro-v2-20260922-veryhard-003,76.07142857142857,EMPTY ACTION,0
Large-Language-Models-play-StarCraftII/jev_runs/macro-v2-20260922-veryhard-003,77.14285714285715,EMPTY ACTION,0
Large-Language-Models-play-StarCraftII/jev_runs/macro-v2-20260922-veryhard-003,78.21428571428572,EMPTY ACTION,0
Large-Language-Models-play-StarCraftII/jev_runs/macro-v2-20260922-veryhard-003,79.28571428571429,EMPTY ACTION,0
Large-Language-Models-play-StarCraftII/jev_runs/macro-v2-20260922-veryhard-003,80.35714285714286,EMPTY ACTION,0
Large-Language-Models-play-StarCraftII/jev_runs/macro-v2-20260922-veryhard-003,81.42857142857143,EMPTY ACTION,0
Large-Language-Models-play-StarCraftII/jev_runs/macro-v2-20260922-veryhard-003,82.5,EMPTY ACTION,0
Large-Language-Models-play-StarCraftII/jev_runs/macro-v2-20260922-veryhard-003,83.57142857142858,EMPTY ACTION,0
Large-Language-Models-play-StarCraftII/jev_runs/macro-v2-20260922-veryhard-003,84.64285714285715,TRAIN PROBE,1
Large-Language-Models-play-StarCraftII/jev_runs/macro-v2-20260922-veryhard-003,85.71428571428572,EMPTY ACTION,0
Large-Language-Models-play-StarCraftII/jev_runs/macro-v2-20260922-veryhard-003,86.78571428571429,EMPTY ACTION,0
Large-Language-Models-play-StarCraftII/jev_runs/macro-v2-20260922-veryhard-003,87.85714285714286,EMPTY ACTION,0
Large-Language-Models-play-StarCraftII/jev_runs/macro-v2-20260922-veryhard-003,88.92857142857143,EMPTY ACTION,0
Large-Language-Models-play-StarCraftII/jev_runs/macro-v2-20260922-veryhard-003,90.0,EMPTY ACTION,0
Large-Language-Models-play-StarCraftII/jev_runs/macro-v2-20260922-veryhard-003,91.07142857142858,EMPTY ACTION,0
Large-Language-Models-play-StarCraftII/jev_runs/macro-v2-20260922-veryhard-003,92.14285714285715,EMPTY ACTION,0
Large-Language-Models-play-StarCraftII/jev_runs/macro-v2-20260922-veryhard-003,93.21428571428572,EMPTY ACTION,0
Large-Language-Models-play-StarCraftII/jev_runs/macro-v2-20260922-veryhard-003,95.35714285714286,EMPTY ACTION,0
Large-Language-Models-play-StarCraftII/jev_runs/macro-v2-20260922-veryhard-003,96.42857142857143,EMPTY ACTION,0
Large-Language-Models-play-StarCraftII/jev_runs/macro-v2-20260922-veryhard-003,97.5,TRAIN PROBE,1
Large-Language-Models-play-StarCraftII/jev_runs/macro-v2-20260922-veryhard-003,98.57142857142858,BUILD PYLON,1
Large-Language-Models-play-StarCraftII/jev_runs/macro-v2-20260922-veryhard-003,99.64285714285715,EMPTY ACTION,0
Large-Language-Models-play-StarCraftII/jev_runs/macro-v2-20260922-veryhard-003,100.71428571428572,EMPTY ACTION,0
Large-Language-Models-play-StarCraftII/jev_runs/macro-v2-20260922-veryhard-003,101.78571428571429,EMPTY ACTION,0
Large-Language-Models-play-StarCraftII/jev_runs/macro-v2-20260922-veryhard-003,102.85714285714286,EMPTY ACTION,0
Large-Language-Models-play-StarCraftII/jev_runs/macro-v2-20260922-veryhard-003,103.92857142857143,EMPTY ACTION,0
Large-Language-Models-play-StarCraftII/jev_runs/macro-v2-20260922-veryhard-003,105.0,EMPTY ACTION,0
Large-Language-Models-play-StarCraftII/jev_runs/macro-v2-20260922-veryhard-003,106.07142857142858,EMPTY ACTION,0
Large-Language-Models-play-StarCraftII/jev_runs/macro-v2-20260922-veryhard-003,107.14285714285715,EMPTY ACTION,0
Large-Language-Models-play-StarCraftII/jev_runs/macro-v2-20260922-veryhard-003,108.21428571428572,EMPTY ACTION,0
Large-Language-Models-play-StarCraftII/jev_runs/macro-v2-20260922-veryhard-003,109.28571428571429,EMPTY ACTION,0
Large-Language-Models-play-StarCraftII/jev_runs/macro-v2-20260922-veryhard-003,110.35714285714286,TRAIN PROBE,1
Large-Language-Models-play-StarCraftII/jev_runs/macro-v2-20260922-veryhard-003,111.42857142857143,EMPTY ACTION,0
Large-Language-Models-play-StarCraftII/jev_runs/macro-v2-20260922-veryhard-003,112.50000000000001,EMPTY ACTION,0
Large-Language-Models-play-StarCraftII/jev_runs/macro-v2-20260922-veryhard-003,113.57142857142858,EMPTY ACTION,0
Large-Language-Models-play-StarCraftII/jev_runs/macro-v2-20260922-veryhard-003,114.64285714285715,EMPTY ACTION,0
Large-Language-Models-play-StarCraftII/jev_runs/macro-v2-20260922-veryhard-003,115.71428571428572,EMPTY ACTION,0
Large-Language-Models-play-StarCraftII/jev_runs/macro-v2-20260922-veryhard-003,116.78571428571429,EMPTY ACTION,0
Large-Language-Models-play-StarCraftII/jev_runs/macro-v2-20260922-veryhard-003,117.85714285714286,EMPTY ACTION,0
Large-Language-Models-play-StarCraftII/jev_runs/macro-v2-20260922-veryhard-003,118.92857142857143,EMPTY ACTION,0
Large-Language-Models-play-StarCraftII/jev_runs/macro-v2-20260922-veryhard-003,120.00000000000001,EMPTY ACTION,0
Large-Language-Models-play-StarCraftII/jev_runs/macro-v2-20260922-veryhard-003,121.07142857142858,BUILD CYBERNETICSCORE,1
Large-Language-Models-play-StarCraftII/jev_runs/macro-v2-20260922-veryhard-003,122.14285714285715,TRAIN ZEALOT,1
Large-Language-Models-play-StarCraftII/jev_runs/macro-v2-20260922-veryhard-003,123.21428571428572,TRAIN PROBE,1
Large-Language-Models-play-StarCraftII/jev_runs/macro-v2-20260922-veryhard-003,124.28571428571429,EMPTY ACTION,0
Large-Language-Models-play-StarCraftII/jev_runs/macro-v2-20260922-veryhard-003,125.35714285714286,EMPTY ACTION,0
Large-Language-Models-play-StarCraftII/jev_runs/macro-v2-20260922-veryhard-003,126.42857142857143,EMPTY ACTION,0
Large-Language-Models-play-StarCraftII/jev_runs/macro-v2-20260922-veryhard-003,127.50000000000001,EMPTY ACTION,0
Large-Language-Models-play-StarCraftII/jev_runs/macro-v2-20260922-veryhard-003,128.57142857142858,CHRONOBOOST NEXUS,1
Large-Language-Models-play-StarCraftII/jev_runs/macro-v2-20260922-veryhard-003,129.64285714285714,EMPTY ACTION,0
Large-Language-Models-play-StarCraftII/jev_runs/macro-v2-20260922-veryhard-003,130.71428571428572,EMPTY ACTION,0
Large-Language-Models-play-StarCraftII/jev_runs/macro-v2-20260922-veryhard-003,131.7857142857143,EMPTY ACTION,0
Large-Language-Models-play-StarCraftII/jev_runs/macro-v2-20260922-veryhard-003,132.85714285714286,EMPTY ACTION,0
Large-Language-Models-play-StarCraftII/jev_runs/macro-v2-20260922-veryhard-003,133.92857142857144,TRAIN PROBE,1
Large-Language-Models-play-StarCraftII/jev_runs/macro-v2-20260922-veryhard-003,135.0,EMPTY ACTION,0
Large-Language-Models-play-StarCraftII/jev_runs/macro-v2-20260922-veryhard-003,136.07142857142858,EMPTY ACTION,0
Large-Language-Models-play-StarCraftII/jev_runs/macro-v2-20260922-veryhard-003,137.14285714285714,EMPTY ACTION,0
Large-Language-Models-play-StarCraftII/jev_runs/macro-v2-20260922-veryhard-003,138.21428571428572,EMPTY ACTION,0
Large-Language-Models-play-StarCraftII/jev_runs/macro-v2-20260922-veryhard-003,139.2857142857143,EMPTY ACTION,0
Large-Language-Models-play-StarCraftII/jev_runs/macro-v2-20260922-veryhard-003,140.35714285714286,EMPTY ACTION,0
Large-Language-Models-play-StarCraftII/jev_runs/macro-v2-20260922-veryhard-003,141.42857142857144,EMPTY ACTION,0
Large-Language-Models-play-StarCraftII/jev_runs/macro-v2-20260922-veryhard-003,142.5,EMPTY ACTION,0
Large-Language-Models-play-StarCraftII/jev_runs/macro-v2-20260922-veryhard-003,143.57142857142858,TRAIN PROBE,1
Large-Language-Models-play-StarCraftII/jev_runs/macro-v2-20260922-veryhard-003,144.64285714285714,EMPTY ACTION,0
Large-Language-Models-play-StarCraftII/jev_runs/macro-v2-20260922-veryhard-003,145.71428571428572,EMPTY ACTION,0
Large-Language-Models-play-StarCraftII/jev_runs/macro-v2-20260922-veryhard-003,146.7857142857143,EMPTY ACTION,0
Large-Language-Models-play-StarCraftII/jev_runs/macro-v2-20260922-veryhard-003,147.85714285714286,EMPTY ACTION,0
Large-Language-Models-play-StarCraftII/jev_runs/macro-v2-20260922-veryhard-003,148.92857142857144,EMPTY ACTION,0
Large-Language-Models-play-StarCraftII/jev_runs/macro-v2-20260922-veryhard-003,150.0,TRAIN ZEALOT,1
Large-Language-Models-play-StarCraftII/jev_runs/macro-v2-20260922-veryhard-003,151.07142857142858,BUILD PYLON,1
Large-Language-Models-play-StarCraftII/jev_runs/macro-v2-20260922-veryhard-003,152.14285714285714,EMPTY ACTION,0
Large-Language-Models-play-StarCraftII/jev_runs/macro-v2-20260922-veryhard-003,153.21428571428572,EMPTY ACTION,0
Large-Language-Models-play-StarCraftII/jev_runs/macro-v2-20260922-veryhard-003,154.46428571428572,TRAIN PROBE,1
Large-Language-Models-play-StarCraftII/jev_runs/macro-v2-20260922-veryhard-003,155.35714285714286,EMPTY ACTION,0
Large-Language-Models-play-StarCraftII/jev_runs/macro-v2-20260922-veryhard-003,156.42857142857144,EMPTY ACTION,0
Large-Language-Models-play-StarCraftII/jev_runs/macro-v2-20260922-veryhard-003,157.5,EMPTY ACTION,0
Large-Language-Models-play-StarCraftII/jev_runs/macro-v2-20260922-veryhard-003,158.57142857142858,EMPTY ACTION,0
Large-Language-Models-play-StarCraftII/jev_runs/macro-v2-20260922-veryhard-003,159.64285714285714,EMPTY ACTION,0
Large-Language-Models-play-StarCraftII/jev_runs/macro-v2-20260922-veryhard-003,160.71428571428572,EMPTY ACTION,0
Large-Language-Models-play-StarCraftII/jev_runs/macro-v2-20260922-veryhard-003,161.7857142857143,RESEARCH WARPGATERESEARCH,1
Large-Language-Models-play-StarCraftII/jev_runs/macro-v2-20260922-veryhard-003,162.85714285714286,EMPTY ACTION,0
Large-Language-Models-play-StarCraftII/jev_runs/macro-v2-20260922-veryhard-003,163.92857142857144,EMPTY ACTION,0
Large-Language-Models-play-StarCraftII/jev_runs/macro-v2-20260922-veryhard-003,165.0,EMPTY ACTION,0
Large-Language-Models-play-StarCraftII/jev_runs/macro-v2-20260922-veryhard-003,166.07142857142858,EMPTY ACTION,0
Large-Language-Models-play-StarCraftII/jev_runs/macro-v2-20260922-veryhard-003,167.14285714285717,TRAIN PROBE,1
Large-Language-Models-play-StarCraftII/jev_runs/macro-v2-20260922-veryhard-003,168.21428571428572,EMPTY ACTION,0
Large-Language-Models-play-StarCraftII/jev_runs/macro-v2-20260922-veryhard-003,169.2857142857143,EMPTY ACTION,0
Large-Language-Models-play-StarCraftII/jev_runs/macro-v2-20260922-veryhard-003,170.35714285714286,EMPTY ACTION,0
Large-Language-Models-play-StarCraftII/jev_runs/macro-v2-20260922-veryhard-003,171.42857142857144,EMPTY ACTION,0
Large-Language-Models-play-StarCraftII/jev_runs/macro-v2-20260922-veryhard-003,172.67857142857144,EMPTY ACTION,0
Large-Language-Models-play-StarCraftII/jev_runs/macro-v2-20260922-veryhard-003,173.57142857142858,EMPTY ACTION,0
Large-Language-Models-play-StarCraftII/jev_runs/macro-v2-20260922-veryhard-003,174.64285714285717,EMPTY ACTION,0
Large-Language-Models-play-StarCraftII/jev_runs/macro-v2-20260922-veryhard-003,175.71428571428572,EMPTY ACTION,0
Large-Language-Models-play-StarCraftII/jev_runs/macro-v2-20260922-veryhard-003,176.7857142857143,BUILD NEXUS,1
Large-Language-Models-play-StarCraftII/jev_runs/macro-v2-20260922-veryhard-003,177.85714285714286,EMPTY ACTION,0
Large-Language-Models-play-StarCraftII/jev_runs/macro-v2-20260922-veryhard-003,179.10714285714286,EMPTY ACTION,0
Large-Language-Models-play-StarCraftII/jev_runs/macro-v2-20260922-veryhard-003,180.0,TRAIN PROBE,1
Large-Language-Models-play-StarCraftII/jev_runs/macro-v2-20260922-veryhard-003,181.07142857142858,EMPTY ACTION,0
Large-Language-Models-play-StarCraftII/jev_runs/macro-v2-20260922-veryhard-003,182.14285714285717,EMPTY ACTION,0
Large-Language-Models-play-StarCraftII/jev_runs/macro-v2-20260922-veryhard-003,183.21428571428572,EMPTY ACTION,0
Large-Language-Models-play-StarCraftII/jev_runs/macro-v2-20260922-veryhard-003,184.2857142857143,EMPTY ACTION,0
Large-Language-Models-play-StarCraftII/jev_runs/macro-v2-20260922-veryhard-003,185.35714285714286,EMPTY ACTION,0
Large-Language-Models-play-StarCraftII/jev_runs/macro-v2-20260922-veryhard-003,186.42857142857144,EMPTY ACTION,0
Large-Language-Models-play-StarCraftII/jev_runs/macro-v2-20260922-veryhard-003,187.5,EMPTY ACTION,0
Large-Language-Models-play-StarCraftII/jev_runs/macro-v2-20260922-veryhard-003,188.57142857142858,TRAIN STALKER,1
Large-Language-Models-play-StarCraftII/jev_runs/macro-v2-20260922-veryhard-003,189.64285714285717,EMPTY ACTION,0
Large-Language-Models-play-StarCraftII/jev_runs/macro-v2-20260922-veryhard-003,190.71428571428572,EMPTY ACTION,0
Large-Language-Models-play-StarCraftII/jev_runs/macro-v2-20260922-veryhard-003,191.7857142857143,EMPTY ACTION,0
Large-Language-Models-play-StarCraftII/jev_runs/macro-v2-20260922-veryhard-003,192.85714285714286,TRAIN PROBE,1
Large-Language-Models-play-StarCraftII/jev_runs/macro-v2-20260922-veryhard-003,193.92857142857144,EMPTY ACTION,0
Large-Language-Models-play-StarCraftII/jev_runs/macro-v2-20260922-veryhard-003,195.0,EMPTY ACTION,0
Large-Language-Models-play-StarCraftII/jev_runs/macro-v2-20260922-veryhard-003,196.07142857142858,EMPTY ACTION,0
Large-Language-Models-play-StarCraftII/jev_runs/macro-v2-20260922-veryhard-003,197.14285714285717,EMPTY ACTION,0
Large-Language-Models-play-StarCraftII/jev_runs/macro-v2-20260922-veryhard-003,198.21428571428572,EMPTY ACTION,0
Large-Language-Models-play-StarCraftII/jev_runs/macro-v2-20260922-veryhard-003,199.2857142857143,EMPTY ACTION,0
Large-Language-Models-play-StarCraftII/jev_runs/macro-v2-20260922-veryhard-003,200.35714285714286,EMPTY ACTION,0
Large-Language-Models-play-StarCraftII/jev_runs/macro-v2-20260922-veryhard-003,201.42857142857144,EMPTY ACTION,0
Large-Language-Models-play-StarCraftII/jev_runs/macro-v2-20260922-veryhard-003,202.5,EMPTY ACTION,0
Large-Language-Models-play-StarCraftII/jev_runs/macro-v2-20260922-veryhard-003,204.64285714285717,BUILD GATEWAY,1
Large-Language-Models-play-StarCraftII/jev_runs/macro-v2-20260922-veryhard-003,205.71428571428572,TRAIN PROBE,1
Large-Language-Models-play-StarCraftII/jev_runs/macro-v2-20260922-veryhard-003,206.7857142857143,EMPTY ACTION,0
Large-Language-Models-play-StarCraftII/jev_runs/macro-v2-20260922-veryhard-003,207.85714285714286,BUILD ASSIMILATOR,1
Large-Language-Models-play-StarCraftII/jev_runs/macro-v2-20260922-veryhard-003,208.92857142857144,EMPTY ACTION,0
Large-Language-Models-play-StarCraftII/jev_runs/macro-v2-20260922-veryhard-003,210.0,EMPTY ACTION,0
Large-Language-Models-play-StarCraftII/jev_runs/macro-v2-20260922-veryhard-003,211.07142857142858,EMPTY ACTION,0
Large-Language-Models-play-StarCraftII/jev_runs/macro-v2-20260922-veryhard-003,212.14285714285717,EMPTY ACTION,0
Large-Language-Models-play-StarCraftII/jev_runs/macro-v2-20260922-veryhard-003,213.21428571428572,EMPTY ACTION,0
Large-Language-Models-play-StarCraftII/jev_runs/macro-v2-20260922-veryhard-003,214.2857142857143,BUILD SHIELDBATTERY,1
Large-Language-Models-play-StarCraftII/jev_runs/macro-v2-20260922-veryhard-003,215.35714285714286,EMPTY ACTION,0
Large-Language-Models-play-StarCraftII/jev_runs/macro-v2-20260922-veryhard-003,216.42857142857144,EMPTY ACTION,0
Large-Language-Models-play-StarCraftII/jev_runs/macro-v2-20260922-veryhard-003,217.5,EMPTY ACTION,0
Large-Language-Models-play-StarCraftII/jev_runs/macro-v2-20260922-veryhard-003,218.57142857142858,TRAIN PROBE,1
Large-Language-Models-play-StarCraftII/jev_runs/macro-v2-20260922-veryhard-003,219.64285714285717,EMPTY ACTION,0
Large-Language-Models-play-StarCraftII/jev_runs/macro-v2-20260922-veryhard-003,220.71428571428572,EMPTY ACTION,0
Large-Language-Models-play-StarCraftII/jev_runs/macro-v2-20260922-veryhard-003,221.7857142857143,EMPTY ACTION,0
Large-Language-Models-play-StarCraftII/jev_runs/macro-v2-20260922-veryhard-003,222.85714285714286,EMPTY ACTION,0
Large-Language-Models-play-StarCraftII/jev_runs/macro-v2-20260922-veryhard-003,223.92857142857144,BUILD PYLON,1
Large-Language-Models-play-StarCraftII/jev_runs/macro-v2-20260922-veryhard-003,225.00000000000003,EMPTY ACTION,0
Large-Language-Models-play-StarCraftII/jev_runs/macro-v2-20260922-veryhard-003,226.07142857142858,EMPTY ACTION,0
Large-Language-Models-play-StarCraftII/jev_runs/macro-v2-20260922-veryhard-003,227.14285714285717,EMPTY ACTION,0
Large-Language-Models-play-StarCraftII/jev_runs/macro-v2-20260922-veryhard-003,228.21428571428572,EMPTY ACTION,0
Large-Language-Models-play-StarCraftII/jev_runs/macro-v2-20260922-veryhard-003,229.2857142857143,TRAIN ZEALOT,1
Large-Language-Models-play-StarCraftII/jev_runs/macro-v2-20260922-veryhard-003,230.35714285714286,EMPTY ACTION,0
Large-Language-Models-play-StarCraftII/jev_runs/macro-v2-20260922-veryhard-003,231.42857142857144,EMPTY ACTION,0
Large-Language-Models-play-StarCraftII/jev_runs/macro-v2-20260922-veryhard-003,232.50000000000003,TRAIN PROBE,1
Large-Language-Models-play-StarCraftII/jev_runs/macro-v2-20260922-veryhard-003,233.57142857142858,EMPTY ACTION,0
Large-Language-Models-play-StarCraftII/jev_runs/macro-v2-20260922-veryhard-003,234.64285714285717,EMPTY ACTION,0
Large-Language-Models-play-StarCraftII/jev_runs/macro-v2-20260922-veryhard-003,235.71428571428572,EMPTY ACTION,0
Large-Language-Models-play-StarCraftII/jev_runs/macro-v2-20260922-veryhard-003,236.7857142857143,BUILD ASSIMILATOR,0
Large-Language-Models-play-StarCraftII/jev_runs/macro-v2-20260922-veryhard-003,237.85714285714286,EMPTY ACTION,0
Large-Language-Models-play-StarCraftII/jev_runs/macro-v2-20260922-veryhard-003,238.92857142857144,EMPTY ACTION,0
Large-Language-Models-play-StarCraftII/jev_runs/macro-v2-20260922-veryhard-003,240.00000000000003,EMPTY ACTION,0
Large-Language-Models-play-StarCraftII/jev_runs/macro-v2-20260922-veryhard-003,241.07142857142858,BUILD ROBOTICSFACILITY,1
Large-Language-Models-play-StarCraftII/jev_runs/macro-v2-20260922-veryhard-003,242.14285714285717,EMPTY ACTION,0
Large-Language-Models-play-StarCraftII/jev_runs/macro-v2-20260922-veryhard-003,243.21428571428572,EMPTY ACTION,0
Large-Language-Models-play-StarCraftII/jev_runs/macro-v2-20260922-veryhard-003,244.2857142857143,EMPTY ACTION,0
Large-Language-Models-play-StarCraftII/jev_runs/macro-v2-20260922-veryhard-003,245.35714285714286,TRAIN PROBE,1
Large-Language-Models-play-StarCraftII/jev_runs/macro-v2-20260922-veryhard-003,246.42857142857144,EMPTY ACTION,0
Large-Language-Models-play-StarCraftII/jev_runs/macro-v2-20260922-veryhard-003,247.50000000000003,EMPTY ACTION,0
Large-Language-Models-play-StarCraftII/jev_runs/macro-v2-20260922-veryhard-003,248.57142857142858,BUILD ASSIMILATOR,0
Large-Language-Models-play-StarCraftII/jev_runs/macro-v2-20260922-veryhard-003,249.64285714285717,EMPTY ACTION,0
Large-Language-Models-play-StarCraftII/jev_runs/macro-v2-20260922-veryhard-003,250.71428571428572,EMPTY ACTION,0
Large-Language-Models-play-StarCraftII/jev_runs/macro-v2-20260922-veryhard-003,251.7857142857143,EMPTY ACTION,0
Large-Language-Models-play-StarCraftII/jev_runs/macro-v2-20260922-veryhard-003,252.85714285714286,EMPTY ACTION,0
Large-Language-Models-play-StarCraftII/jev_runs/macro-v2-20260922-veryhard-003,253.92857142857144,EMPTY ACTION,0
Large-Language-Models-play-StarCraftII/jev_runs/macro-v2-20260922-veryhard-003,255.00000000000003,BUILD GATEWAY,1
Large-Language-Models-play-StarCraftII/jev_runs/macro-v2-20260922-veryhard-003,256.0714285714286,TRAIN PROBE,1
Large-Language-Models-play-StarCraftII/jev_runs/macro-v2-20260922-veryhard-003,257.14285714285717,EMPTY ACTION,0
Large-Language-Models-play-StarCraftII/jev_runs/macro-v2-20260922-veryhard-003,258.2142857142857,TRAIN PROBE,1
Large-Language-Models-play-StarCraftII/jev_runs/macro-v2-20260922-veryhard-003,259.4642857142857,EMPTY ACTION,0
Large-Language-Models-play-StarCraftII/jev_runs/macro-v2-20260922-veryhard-003,260.3571428571429,EMPTY ACTION,0
Large-Language-Models-play-StarCraftII/jev_runs/macro-v2-20260922-veryhard-003,261.42857142857144,EMPTY ACTION,0
Large-Language-Models-play-StarCraftII/jev_runs/macro-v2-20260922-veryhard-003,262.5,EMPTY ACTION,0
Large-Language-Models-play-StarCraftII/jev_runs/macro-v2-20260922-veryhard-003,263.5714285714286,EMPTY ACTION,0
Large-Language-Models-play-StarCraftII/jev_runs/macro-v2-20260922-veryhard-003,265.7142857142857,EMPTY ACTION,0
Large-Language-Models-play-StarCraftII/jev_runs/macro-v2-20260922-veryhard-003,266.7857142857143,EMPTY ACTION,0
Large-Language-Models-play-StarCraftII/jev_runs/macro-v2-20260922-veryhard-003,267.8571428571429,BUILD ASSIMILATOR,1
Large-Language-Models-play-StarCraftII/jev_runs/macro-v2-20260922-veryhard-003,268.92857142857144,EMPTY ACTION,0
Large-Language-Models-play-StarCraftII/jev_runs/macro-v2-20260922-veryhard-003,270.0,TRAIN PROBE,1
Large-Language-Models-play-StarCraftII/jev_runs/macro-v2-20260922-veryhard-003,271.0714285714286,EMPTY ACTION,0
Large-Language-Models-play-StarCraftII/jev_runs/macro-v2-20260922-veryhard-003,272.14285714285717,EMPTY ACTION,0
Large-Language-Models-play-StarCraftII/jev_runs/macro-v2-20260922-veryhard-003,273.2142857142857,TRAIN PROBE,1
Large-Language-Models-play-StarCraftII/jev_runs/macro-v2-20260922-veryhard-003,274.2857142857143,EMPTY ACTION,0
Large-Language-Models-play-StarCraftII/jev_runs/macro-v2-20260922-veryhard-003,275.3571428571429,EMPTY ACTION,0
Large-Language-Models-play-StarCraftII/jev_runs/macro-v2-20260922-veryhard-003,276.42857142857144,EMPTY ACTION,0
Large-Language-Models-play-StarCraftII/jev_runs/macro-v2-20260922-veryhard-003,277.5,EMPTY ACTION,0
Large-Language-Models-play-StarCraftII/jev_runs/macro-v2-20260922-veryhard-003,278.5714285714286,TRAIN ZEALOT,1
Large-Language-Models-play-StarCraftII/jev_runs/macro-v2-20260922-veryhard-003,279.64285714285717,EMPTY ACTION,0
Large-Language-Models-play-StarCraftII/jev_runs/macro-v2-20260922-veryhard-003,280.7142857142857,EMPTY ACTION,0
Large-Language-Models-play-StarCraftII/jev_runs/macro-v2-20260922-veryhard-003,281.7857142857143,EMPTY ACTION,0
Large-Language-Models-play-StarCraftII/jev_runs/macro-v2-20260922-veryhard-003,282.8571428571429,TRAIN PROBE,1
Large-Language-Models-play-StarCraftII/jev_runs/macro-v2-20260922-veryhard-003,284.1071428571429,EMPTY ACTION,0
Large-Language-Models-play-StarCraftII/jev_runs/macro-v2-20260922-veryhard-003,285.0,TRAIN ZEALOT,1
Large-Language-Models-play-StarCraftII/jev_runs/macro-v2-20260922-veryhard-003,286.0714285714286,EMPTY ACTION,0
Large-Language-Models-play-StarCraftII/jev_runs/macro-v2-20260922-veryhard-003,287.14285714285717,EMPTY ACTION,0
Large-Language-Models-play-StarCraftII/jev_runs/macro-v2-20260922-veryhard-003,288.2142857142857,TRAIN PROBE,1
Large-Language-Models-play-StarCraftII/jev_runs/macro-v2-20260922-veryhard-003,289.2857142857143,TRAIN OBSERVER,1
Large-Language-Models-play-StarCraftII/jev_runs/macro-v2-20260922-veryhard-003,290.3571428571429,EMPTY ACTION,0
Large-Language-Models-play-StarCraftII/jev_runs/macro-v2-20260922-veryhard-003,291.42857142857144,EMPTY ACTION,0
Large-Language-Models-play-StarCraftII/jev_runs/macro-v2-20260922-veryhard-003,292.5,BUILD ASSIMILATOR,1
Large-Language-Models-play-StarCraftII/jev_runs/macro-v2-20260922-veryhard-003,293.5714285714286,EMPTY ACTION,0
Large-Language-Models-play-StarCraftII/jev_runs/macro-v2-20260922-veryhard-003,294.64285714285717,EMPTY ACTION,0
Large-Language-Models-play-StarCraftII/jev_runs/macro-v2-20260922-veryhard-003,295.7142857142857,TRAIN PROBE,1
Large-Language-Models-play-StarCraftII/jev_runs/macro-v2-20260922-veryhard-003,296.7857142857143,EMPTY ACTION,0
Large-Language-Models-play-StarCraftII/jev_runs/macro-v2-20260922-veryhard-003,297.8571428571429,EMPTY ACTION,0
Large-Language-Models-play-StarCraftII/jev_runs/macro-v2-20260922-veryhard-003,298.92857142857144,EMPTY ACTION,0
Large-Language-Models-play-StarCraftII/jev_runs/macro-v2-20260922-veryhard-003,300.0,BUILD PYLON,1
Large-Language-Models-play-StarCraftII/jev_runs/macro-v2-20260922-veryhard-003,301.0714285714286,TRAIN PROBE,1
Large-Language-Models-play-StarCraftII/jev_runs/macro-v2-20260922-veryhard-003,302.14285714285717,EMPTY ACTION,0
Large-Language-Models-play-StarCraftII/jev_runs/macro-v2-20260922-veryhard-003,303.2142857142857,EMPTY ACTION,0
Large-Language-Models-play-StarCraftII/jev_runs/macro-v2-20260922-veryhard-003,304.2857142857143,EMPTY ACTION,0
Large-Language-Models-play-StarCraftII/jev_runs/macro-v2-20260922-veryhard-003,305.3571428571429,TRAIN ZEALOT,1
Large-Language-Models-play-StarCraftII/jev_runs/macro-v2-20260922-veryhard-003,306.42857142857144,EMPTY ACTION,0
Large-Language-Models-play-StarCraftII/jev_runs/macro-v2-20260922-veryhard-003,307.5,EMPTY ACTION,0
Large-Language-Models-play-StarCraftII/jev_runs/macro-v2-20260922-veryhard-003,308.5714285714286,TRAIN PROBE,1
Large-Language-Models-play-StarCraftII/jev_runs/macro-v2-20260922-veryhard-003,309.64285714285717,EMPTY ACTION,0
Large-Language-Models-play-StarCraftII/jev_runs/macro-v2-20260922-veryhard-003,310.7142857142857,TRAIN STALKER,1
Large-Language-Models-play-StarCraftII/jev_runs/macro-v2-20260922-veryhard-003,311.7857142857143,TRAIN ZEALOT,1
Large-Language-Models-play-StarCraftII/jev_runs/macro-v2-20260922-veryhard-003,312.8571428571429,EMPTY ACTION,0
Large-Language-Models-play-StarCraftII/jev_runs/macro-v2-20260922-veryhard-003,313.92857142857144,BUILD PYLON,1
Large-Language-Models-play-StarCraftII/jev_runs/macro-v2-20260922-veryhard-003,315.0,EMPTY ACTION,0
Large-Language-Models-play-StarCraftII/jev_runs/macro-v2-20260922-veryhard-003,316.0714285714286,TRAIN PROBE,1
Large-Language-Models-play-StarCraftII/jev_runs/macro-v2-20260922-veryhard-003,317.14285714285717,EMPTY ACTION,0
Large-Language-Models-play-StarCraftII/jev_runs/macro-v2-20260922-veryhard-003,318.2142857142857,EMPTY ACTION,0
Large-Language-Models-play-StarCraftII/jev_runs/macro-v2-20260922-veryhard-003,319.2857142857143,EMPTY ACTION,0
Large-Language-Models-play-StarCraftII/jev_runs/macro-v2-20260922-veryhard-003,320.3571428571429,TRAIN STALKER,1
Large-Language-Models-play-StarCraftII/jev_runs/macro-v2-20260922-veryhard-003,321.42857142857144,TRAIN PROBE,1
Large-Language-Models-play-StarCraftII/jev_runs/macro-v2-20260922-veryhard-003,322.5,TRAIN ZEALOT,1
Large-Language-Models-play-StarCraftII/jev_runs/macro-v2-20260922-veryhard-003,323.5714285714286,EMPTY ACTION,0
Large-Language-Models-play-StarCraftII/jev_runs/macro-v2-20260922-veryhard-003,324.64285714285717,EMPTY ACTION,0
Large-Language-Models-play-StarCraftII/jev_runs/macro-v2-20260922-veryhard-003,325.7142857142857,TRAIN ZEALOT,1
Large-Language-Models-play-StarCraftII/jev_runs/macro-v2-20260922-veryhard-003,326.78571428571433,EMPTY ACTION,0
Large-Language-Models-play-StarCraftII/jev_runs/macro-v2-20260922-veryhard-003,327.8571428571429,EMPTY ACTION,0
Large-Language-Models-play-StarCraftII/jev_runs/macro-v2-20260922-veryhard-003,328.92857142857144,TRAIN PROBE,1
Large-Language-Models-play-StarCraftII/jev_runs/macro-v2-20260922-veryhard-003,330.0,EMPTY ACTION,0
Large-Language-Models-play-StarCraftII/jev_runs/macro-v2-20260922-veryhard-003,331.0714285714286,EMPTY ACTION,0
Large-Language-Models-play-StarCraftII/jev_runs/macro-v2-20260922-veryhard-003,332.14285714285717,EMPTY ACTION,0
Large-Language-Models-play-StarCraftII/jev_runs/macro-v2-20260922-veryhard-003,334.28571428571433,EMPTY ACTION,0
Large-Language-Models-play-StarCraftII/jev_runs/macro-v2-20260922-veryhard-003,335.3571428571429,EMPTY ACTION,0
Large-Language-Models-play-StarCraftII/jev_runs/macro-v2-20260922-veryhard-003,336.42857142857144,EMPTY ACTION,0
Large-Language-Models-play-StarCraftII/jev_runs/macro-v2-20260922-veryhard-003,337.5,TRAIN IMMORTAL,1
Large-Language-Models-play-StarCraftII/jev_runs/macro-v2-20260922-veryhard-003,338.5714285714286,EMPTY ACTION,0
Large-Language-Models-play-StarCraftII/jev_runs/macro-v2-20260922-veryhard-003,339.64285714285717,TRAIN PROBE,1
Large-Language-Models-play-StarCraftII/jev_runs/macro-v2-20260922-veryhard-003,340.7142857142857,EMPTY ACTION,0
Large-Language-Models-play-StarCraftII/jev_runs/macro-v2-20260922-veryhard-003,341.78571428571433,TRAIN PROBE,1
Large-Language-Models-play-StarCraftII/jev_runs/macro-v2-20260922-veryhard-003,342.8571428571429,EMPTY ACTION,0
Large-Language-Models-play-StarCraftII/jev_runs/macro-v2-20260922-veryhard-003,343.92857142857144,BUILD PYLON,1
Large-Language-Models-play-StarCraftII/jev_runs/macro-v2-20260922-veryhard-003,345.0,EMPTY ACTION,0
Large-Language-Models-play-StarCraftII/jev_runs/macro-v2-20260922-veryhard-003,346.0714285714286,EMPTY ACTION,0
Large-Language-Models-play-StarCraftII/jev_runs/macro-v2-20260922-veryhard-003,347.14285714285717,EMPTY ACTION,0
Large-Language-Models-play-StarCraftII/jev_runs/macro-v2-20260922-veryhard-003,348.2142857142857,TRAIN STALKER,1
Large-Language-Models-play-StarCraftII/jev_runs/macro-v2-20260922-veryhard-003,349.28571428571433,EMPTY ACTION,0
Large-Language-Models-play-StarCraftII/jev_runs/macro-v2-20260922-veryhard-003,350.3571428571429,EMPTY ACTION,0
Large-Language-Models-play-StarCraftII/jev_runs/macro-v2-20260922-veryhard-003,351.42857142857144,EMPTY ACTION,0
Large-Language-Models-play-StarCraftII/jev_runs/macro-v2-20260922-veryhard-003,352.5,TRAIN PROBE,1
Large-Language-Models-play-StarCraftII/jev_runs/macro-v2-20260922-veryhard-003,353.5714285714286,BUILD PYLON,1
Large-Language-Models-play-StarCraftII/jev_runs/macro-v2-20260922-veryhard-003,354.64285714285717,EMPTY ACTION,0
Large-Language-Models-play-StarCraftII/jev_runs/macro-v2-20260922-veryhard-003,355.7142857142857,TRAIN PROBE,1
Large-Language-Models-play-StarCraftII/jev_runs/macro-v2-20260922-veryhard-003,356.78571428571433,EMPTY ACTION,0
Large-Language-Models-play-StarCraftII/jev_runs/macro-v2-20260922-veryhard-003,358.2142857142857,EMPTY ACTION,0
Large-Language-Models-play-StarCraftII/jev_runs/macro-v2-20260922-veryhard-003,358.92857142857144,EMPTY ACTION,0
Large-Language-Models-play-StarCraftII/jev_runs/macro-v2-20260922-veryhard-003,360.0,TRAIN STALKER,1
Large-Language-Models-play-StarCraftII/jev_runs/macro-v2-20260922-veryhard-003,361.0714285714286,EMPTY ACTION,0
Large-Language-Models-play-StarCraftII/jev_runs/macro-v2-20260922-veryhard-003,362.14285714285717,EMPTY ACTION,0
Large-Language-Models-play-StarCraftII/jev_runs/macro-v2-20260922-veryhard-003,363.2142857142857,EMPTY ACTION,0
Large-Language-Models-play-StarCraftII/jev_runs/macro-v2-20260922-veryhard-003,364.28571428571433,TRAIN ZEALOT,1
Large-Language-Models-play-StarCraftII/jev_runs/macro-v2-20260922-veryhard-003,365.3571428571429,EMPTY ACTION,0
Large-Language-Models-play-StarCraftII/jev_runs/macro-v2-20260922-veryhard-003,366.42857142857144,EMPTY ACTION,0
Large-Language-Models-play-StarCraftII/jev_runs/macro-v2-20260922-veryhard-003,367.5,EMPTY ACTION,0
Large-Language-Models-play-StarCraftII/jev_runs/macro-v2-20260922-veryhard-003,368.5714285714286,BUILD GATEWAY,1
Large-Language-Models-play-StarCraftII/jev_runs/macro-v2-20260922-veryhard-003,369.64285714285717,EMPTY ACTION,0
Large-Language-Models-play-StarCraftII/jev_runs/macro-v2-20260922-veryhard-003,370.7142857142857,EMPTY ACTION,0
Large-Language-Models-play-StarCraftII/jev_runs/macro-v2-20260922-veryhard-003,371.78571428571433,TRAIN ZEALOT,1
Large-Language-Models-play-StarCraftII/jev_runs/macro-v2-20260922-veryhard-003,372.8571428571429,EMPTY ACTION,0
Large-Language-Models-play-StarCraftII/jev_runs/macro-v2-20260922-veryhard-003,373.92857142857144,EMPTY ACTION,0
Large-Language-Models-play-StarCraftII/jev_runs/macro-v2-20260922-veryhard-003,375.0,EMPTY ACTION,0
Large-Language-Models-play-StarCraftII/jev_runs/macro-v2-20260922-veryhard-003,376.0714285714286,EMPTY ACTION,0
Large-Language-Models-play-StarCraftII/jev_runs/macro-v2-20260922-veryhard-003,377.14285714285717,EMPTY ACTION,0
Large-Language-Models-play-StarCraftII/jev_runs/macro-v2-20260922-veryhard-003,378.2142857142857,EMPTY ACTION,0
Large-Language-Models-play-StarCraftII/jev_runs/macro-v2-20260922-veryhard-003,379.28571428571433,EMPTY ACTION,0
Large-Language-Models-play-StarCraftII/jev_runs/macro-v2-20260922-veryhard-003,380.3571428571429,TRAIN IMMORTAL,1
Large-Language-Models-play-StarCraftII/jev_runs/macro-v2-20260922-veryhard-003,381.42857142857144,EMPTY ACTION,0
Large-Language-Models-play-StarCraftII/jev_runs/macro-v2-20260922-veryhard-003,382.5,EMPTY ACTION,0
Large-Language-Models-play-StarCraftII/jev_runs/macro-v2-20260922-veryhard-003,383.5714285714286,BUILD PYLON,1
Large-Language-Models-play-StarCraftII/jev_runs/macro-v2-20260922-veryhard-003,384.64285714285717,EMPTY ACTION,0
Large-Language-Models-play-StarCraftII/jev_runs/macro-v2-20260922-veryhard-003,385.7142857142857,EMPTY ACTION,0
Large-Language-Models-play-StarCraftII/jev_runs/macro-v2-20260922-veryhard-003,386.78571428571433,EMPTY ACTION,0
Large-Language-Models-play-StarCraftII/jev_runs/macro-v2-20260922-veryhard-003,387.8571428571429,TRAIN ZEALOT,1
Large-Language-Models-play-StarCraftII/jev_runs/macro-v2-20260922-veryhard-003,388.92857142857144,EMPTY ACTION,0
Large-Language-Models-play-StarCraftII/jev_runs/macro-v2-20260922-veryhard-003,390.0,EMPTY ACTION,0
Large-Language-Models-play-StarCraftII/jev_runs/macro-v2-20260922-veryhard-003,391.0714285714286,TRAIN STALKER,1
Large-Language-Models-play-StarCraftII/jev_runs/macro-v2-20260922-veryhard-003,392.14285714285717,EMPTY ACTION,0
Large-Language-Models-play-StarCraftII/jev_runs/macro-v2-20260922-veryhard-003,393.2142857142857,EMPTY ACTION,0
Large-Language-Models-play-StarCraftII/jev_runs/macro-v2-20260922-veryhard-003,394.28571428571433,EMPTY ACTION,0
Large-Language-Models-play-StarCraftII/jev_runs/macro-v2-20260922-veryhard-003,395.3571428571429,TRAIN STALKER,1
Large-Language-Models-play-StarCraftII/jev_runs/macro-v2-20260922-veryhard-003,396.42857142857144,EMPTY ACTION,0
Large-Language-Models-play-StarCraftII/jev_runs/macro-v2-20260922-veryhard-003,397.5,EMPTY ACTION,0
Large-Language-Models-play-StarCraftII/jev_runs/macro-v2-20260922-veryhard-003,398.5714285714286,EMPTY ACTION,0
Large-Language-Models-play-StarCraftII/jev_runs/macro-v2-20260922-veryhard-003,399.64285714285717,BUILD PYLON,1
Large-Language-Models-play-StarCraftII/jev_runs/macro-v2-20260922-veryhard-003,400.7142857142857,EMPTY ACTION,0
Large-Language-Models-play-StarCraftII/jev_runs/macro-v2-20260922-veryhard-003,401.78571428571433,EMPTY ACTION,0
Large-Language-Models-play-StarCraftII/jev_runs/macro-v2-20260922-veryhard-003,402.8571428571429,EMPTY ACTION,0
Large-Language-Models-play-StarCraftII/jev_runs/macro-v2-20260922-veryhard-003,403.92857142857144,BUILD TWILIGHTCOUNCIL,1
Large-Language-Models-play-StarCraftII/jev_runs/macro-v2-20260922-veryhard-003,405.0,EMPTY ACTION,0
Large-Language-Models-play-StarCraftII/jev_runs/macro-v2-20260922-veryhard-003,406.0714285714286,EMPTY ACTION,0
Large-Language-Models-play-StarCraftII/jev_runs/macro-v2-20260922-veryhard-003,407.14285714285717,EMPTY ACTION,0
Large-Language-Models-play-StarCraftII/jev_runs/macro-v2-20260922-veryhard-003,408.2142857142857,EMPTY ACTION,0
Large-Language-Models-play-StarCraftII/jev_runs/macro-v2-20260922-veryhard-003,409.28571428571433,EMPTY ACTION,0
Large-Language-Models-play-StarCraftII/jev_runs/macro-v2-20260922-veryhard-003,410.3571428571429,EMPTY ACTION,0
Large-Language-Models-play-StarCraftII/jev_runs/macro-v2-20260922-veryhard-003,411.42857142857144,TRAIN STALKER,1
Large-Language-Models-play-StarCraftII/jev_runs/macro-v2-20260922-veryhard-003,412.5,EMPTY ACTION,0
Large-Language-Models-play-StarCraftII/jev_runs/macro-v2-20260922-veryhard-003,413.5714285714286,EMPTY ACTION,0
Large-Language-Models-play-StarCraftII/jev_runs/macro-v2-20260922-veryhard-003,414.64285714285717,TRAIN STALKER,1
Large-Language-Models-play-StarCraftII/jev_runs/macro-v2-20260922-veryhard-003,415.7142857142857,EMPTY ACTION,0
Large-Language-Models-play-StarCraftII/jev_runs/macro-v2-20260922-veryhard-003,416.78571428571433,EMPTY ACTION,0
Large-Language-Models-play-StarCraftII/jev_runs/macro-v2-20260922-veryhard-003,417.8571428571429,EMPTY ACTION,0
Large-Language-Models-play-StarCraftII/jev_runs/macro-v2-20260922-veryhard-003,418.92857142857144,BUILD PYLON,1
Large-Language-Models-play-StarCraftII/jev_runs/macro-v2-20260922-veryhard-003,421.0714285714286,EMPTY ACTION,0
Large-Language-Models-play-StarCraftII/jev_runs/macro-v2-20260922-veryhard-003,422.14285714285717,EMPTY ACTION,0
Large-Language-Models-play-StarCraftII/jev_runs/macro-v2-20260922-veryhard-003,423.2142857142857,EMPTY ACTION,0
Large-Language-Models-play-StarCraftII/jev_runs/macro-v2-20260922-veryhard-003,424.28571428571433,EMPTY ACTION,0
Large-Language-Models-play-StarCraftII/jev_runs/macro-v2-20260922-veryhard-003,425.3571428571429,TRAIN IMMORTAL,1
Large-Language-Models-play-StarCraftII/jev_runs/macro-v2-20260922-veryhard-003,426.42857142857144,EMPTY ACTION,0
Large-Language-Models-play-StarCraftII/jev_runs/macro-v2-20260922-veryhard-003,427.5,EMPTY ACTION,0
Large-Language-Models-play-StarCraftII/jev_runs/macro-v2-20260922-veryhard-003,428.5714285714286,TRAIN ZEALOT,1
Large-Language-Models-play-StarCraftII/jev_runs/macro-v2-20260922-veryhard-003,429.64285714285717,EMPTY ACTION,0
Large-Language-Models-play-StarCraftII/jev_runs/macro-v2-20260922-veryhard-003,430.7142857142857,EMPTY ACTION,0
Large-Language-Models-play-StarCraftII/jev_runs/macro-v2-20260922-veryhard-003,431.78571428571433,EMPTY ACTION,0
Large-Language-Models-play-StarCraftII/jev_runs/macro-v2-20260922-veryhard-003,432.8571428571429,TRAIN STALKER,1
Large-Language-Models-play-StarCraftII/jev_runs/macro-v2-20260922-veryhard-003,433.92857142857144,EMPTY ACTION,0
Large-Language-Models-play-StarCraftII/jev_runs/macro-v2-20260922-veryhard-003,435.0,EMPTY ACTION,0
Large-Language-Models-play-StarCraftII/jev_runs/macro-v2-20260922-veryhard-003,436.0714285714286,BUILD PYLON,1
Large-Language-Models-play-StarCraftII/jev_runs/macro-v2-20260922-veryhard-003,437.14285714285717,EMPTY ACTION,0
Large-Language-Models-play-StarCraftII/jev_runs/macro-v2-20260922-veryhard-003,438.2142857142857,EMPTY ACTION,0
Large-Language-Models-play-StarCraftII/jev_runs/macro-v2-20260922-veryhard-003,439.28571428571433,EMPTY ACTION,0
Large-Language-Models-play-StarCraftII/jev_runs/macro-v2-20260922-veryhard-003,440.3571428571429,TRAIN STALKER,1
Large-Language-Models-play-StarCraftII/jev_runs/macro-v2-20260922-veryhard-003,441.42857142857144,EMPTY ACTION,0
Large-Language-Models-play-StarCraftII/jev_runs/macro-v2-20260922-veryhard-003,442.5,EMPTY ACTION,0
Large-Language-Models-play-StarCraftII/jev_runs/macro-v2-20260922-veryhard-003,443.92857142857144,RESEARCH CHARGE,1
Large-Language-Models-play-StarCraftII/jev_runs/macro-v2-20260922-veryhard-003,444.64285714285717,EMPTY ACTION,0
Large-Language-Models-play-StarCraftII/jev_runs/macro-v2-20260922-veryhard-003,445.7142857142857,EMPTY ACTION,0
Large-Language-Models-play-StarCraftII/jev_runs/macro-v2-20260922-veryhard-003,446.78571428571433,EMPTY ACTION,0
Large-Language-Models-play-StarCraftII/jev_runs/macro-v2-20260922-veryhard-003,447.8571428571429,TRAIN STALKER,1
Large-Language-Models-play-StarCraftII/jev_runs/macro-v2-20260922-veryhard-003,448.92857142857144,EMPTY ACTION,0
Large-Language-Models-play-StarCraftII/jev_runs/macro-v2-20260922-veryhard-003,450.00000000000006,EMPTY ACTION,0
Large-Language-Models-play-StarCraftII/jev_runs/macro-v2-20260922-veryhard-003,451.0714285714286,EMPTY ACTION,0
Large-Language-Models-play-StarCraftII/jev_runs/macro-v2-20260922-veryhard-003,452.14285714285717,EMPTY ACTION,0
Large-Language-Models-play-StarCraftII/jev_runs/macro-v2-20260922-veryhard-003,453.2142857142857,MULTI-ATTACK,24
Large-Language-Models-play-StarCraftII/jev_runs/macro-v2-20260922-veryhard-003,454.28571428571433,EMPTY ACTION,0
Large-Language-Models-play-StarCraftII/jev_runs/macro-v2-20260922-veryhard-003,455.3571428571429,EMPTY ACTION,0
Large-Language-Models-play-StarCraftII/jev_runs/macro-v2-20260922-veryhard-003,456.42857142857144,EMPTY ACTION,0
Large-Language-Models-play-StarCraftII/jev_runs/macro-v2-20260922-veryhard-003,457.67857142857144,EMPTY ACTION,0
Large-Language-Models-play-StarCraftII/jev_runs/macro-v2-20260922-veryhard-003,458.5714285714286,EMPTY ACTION,0
Large-Language-Models-play-StarCraftII/jev_runs/macro-v2-20260922-veryhard-003,459.64285714285717,EMPTY ACTION,0
Large-Language-Models-play-StarCraftII/jev_runs/macro-v2-20260922-veryhard-003,460.7142857142857,BUILD NEXUS,1
Large-Language-Models-play-StarCraftII/jev_runs/macro-v2-20260922-veryhard-003,461.78571428571433,EMPTY ACTION,0
Large-Language-Models-play-StarCraftII/jev_runs/macro-v2-20260922-veryhard-003,462.8571428571429,TRAIN PROBE,1
Large-Language-Models-play-StarCraftII/jev_runs/macro-v2-20260922-veryhard-003,463.92857142857144,CHRONOBOOST NEXUS,1
Large-Language-Models-play-StarCraftII/jev_runs/macro-v2-20260922-veryhard-003,465.00000000000006,TRAIN PROBE,1
Large-Language-Models-play-StarCraftII/jev_runs/macro-v2-20260922-veryhard-003,466.0714285714286,CHRONOBOOST NEXUS,1
Large-Language-Models-play-StarCraftII/jev_runs/macro-v2-20260922-veryhard-003,467.14285714285717,EMPTY ACTION,0
Large-Language-Models-play-StarCraftII/jev_runs/macro-v2-20260922-veryhard-003,468.2142857142857,TRAIN ZEALOT,1
Large-Language-Models-play-StarCraftII/jev_runs/macro-v2-20260922-veryhard-003,469.28571428571433,EMPTY ACTION,0
Large-Language-Models-play-StarCraftII/jev_runs/macro-v2-20260922-veryhard-003,470.3571428571429,EMPTY ACTION,0
Large-Language-Models-play-StarCraftII/jev_runs/macro-v2-20260922-veryhard-003,471.42857142857144,BUILD PYLON,1
Large-Language-Models-play-StarCraftII/jev_runs/macro-v2-20260922-veryhard-003,472.50000000000006,TRAIN PROBE,1
Large-Language-Models-play-StarCraftII/jev_runs/macro-v2-20260922-veryhard-003,473.5714285714286,EMPTY ACTION,0
Large-Language-Models-play-StarCraftII/jev_runs/macro-v2-20260922-veryhard-003,474.64285714285717,TRAIN PROBE,1
Large-Language-Models-play-StarCraftII/jev_runs/macro-v2-20260922-veryhard-003,475.7142857142857,EMPTY ACTION,0
Large-Language-Models-play-StarCraftII/jev_runs/macro-v2-20260922-veryhard-003,476.78571428571433,EMPTY ACTION,0
Large-Language-Models-play-StarCraftII/jev_runs/macro-v2-20260922-veryhard-003,477.8571428571429,EMPTY ACTION,0
Large-Language-Models-play-StarCraftII/jev_runs/macro-v2-20260922-veryhard-003,478.92857142857144,TRAIN ZEALOT,1
Large-Language-Models-play-StarCraftII/jev_runs/macro-v2-20260922-veryhard-003,480.00000000000006,EMPTY ACTION,0
Large-Language-Models-play-StarCraftII/jev_runs/macro-v2-20260922-veryhard-003,481.0714285714286,EMPTY ACTION,0
Large-Language-Models-play-StarCraftII/jev_runs/macro-v2-20260922-veryhard-003,482.14285714285717,TRAIN PROBE,1
Large-Language-Models-play-StarCraftII/jev_runs/macro-v2-20260922-veryhard-003,483.2142857142857,TRAIN ZEALOT,1
Large-Language-Models-play-StarCraftII/jev_runs/macro-v2-20260922-veryhard-003,484.28571428571433,EMPTY ACTION,0
Large-Language-Models-play-StarCraftII/jev_runs/macro-v2-20260922-veryhard-003,485.3571428571429,TRAIN PROBE,1
Large-Language-Models-play-StarCraftII/jev_runs/macro-v2-20260922-veryhard-003,486.42857142857144,EMPTY ACTION,0
Large-Language-Models-play-StarCraftII/jev_runs/macro-v2-20260922-veryhard-003,487.50000000000006,EMPTY ACTION,0
Large-Language-Models-play-StarCraftII/jev_runs/macro-v2-20260922-veryhard-003,488.5714285714286,BUILD PYLON,1
Large-Language-Models-play-StarCraftII/jev_runs/macro-v2-20260922-veryhard-003,489.64285714285717,CHRONOBOOST NEXUS,1
Large-Language-Models-play-StarCraftII/jev_runs/macro-v2-20260922-veryhard-003,490.7142857142857,CHRONOBOOST NEXUS,1
Large-Language-Models-play-StarCraftII/jev_runs/macro-v2-20260922-veryhard-003,491.78571428571433,TRAIN STALKER,1
Large-Language-Models-play-StarCraftII/jev_runs/macro-v2-20260922-veryhard-003,492.8571428571429,EMPTY ACTION,0
Large-Language-Models-play-StarCraftII/jev_runs/macro-v2-20260922-veryhard-003,493.92857142857144,TRAIN PROBE,1
Large-Language-Models-play-StarCraftII/jev_runs/macro-v2-20260922-veryhard-003,495.00000000000006,EMPTY ACTION,0
Large-Language-Models-play-StarCraftII/jev_runs/macro-v2-20260922-veryhard-003,496.0714285714286,TRAIN PROBE,1
Large-Language-Models-play-StarCraftII/jev_runs/macro-v2-20260922-veryhard-003,497.14285714285717,CHRONOBOOST TWILIGHTCOUNCIL,1
Large-Language-Models-play-StarCraftII/jev_runs/macro-v2-20260922-veryhard-003,498.2142857142857,TRAIN ZEALOT,1
Large-Language-Models-play-StarCraftII/jev_runs/macro-v2-20260922-veryhard-003,499.28571428571433,EMPTY ACTION,0
Large-Language-Models-play-StarCraftII/jev_runs/macro-v2-20260922-veryhard-003,500.3571428571429,EMPTY ACTION,0
Large-Language-Models-play-StarCraftII/jev_runs/macro-v2-20260922-veryhard-003,501.42857142857144,EMPTY ACTION,0
Large-Language-Models-play-StarCraftII/jev_runs/macro-v2-20260922-veryhard-003,502.50000000000006,TRAIN STALKER,1
Large-Language-Models-play-StarCraftII/jev_runs/macro-v2-20260922-veryhard-003,503.5714285714286,EMPTY ACTION,0
Large-Language-Models-play-StarCraftII/jev_runs/macro-v2-20260922-veryhard-003,504.64285714285717,TRAIN PROBE,1
Large-Language-Models-play-StarCraftII/jev_runs/macro-v2-20260922-veryhard-003,505.7142857142857,TRAIN PROBE,1
Large-Language-Models-play-StarCraftII/jev_runs/macro-v2-20260922-veryhard-003,506.78571428571433,EMPTY ACTION,0
Large-Language-Models-play-StarCraftII/jev_runs/macro-v2-20260922-veryhard-003,507.8571428571429,EMPTY ACTION,0
Large-Language-Models-play-StarCraftII/jev_runs/macro-v2-20260922-veryhard-003,508.92857142857144,TRAIN ZEALOT,1
Large-Language-Models-play-StarCraftII/jev_runs/macro-v2-20260922-veryhard-003,510.00000000000006,EMPTY ACTION,0
Large-Language-Models-play-StarCraftII/jev_runs/macro-v2-20260922-veryhard-003,511.0714285714286,CHRONOBOOST NEXUS,1
Large-Language-Models-play-StarCraftII/jev_runs/macro-v2-20260922-veryhard-003,512.3214285714286,CHRONOBOOST NEXUS,1
Large-Language-Models-play-StarCraftII/jev_runs/macro-v2-20260922-veryhard-003,513.2142857142858,BUILD GATEWAY,1
Large-Language-Models-play-StarCraftII/jev_runs/macro-v2-20260922-veryhard-003,514.2857142857143,EMPTY ACTION,0
Large-Language-Models-play-StarCraftII/jev_runs/macro-v2-20260922-veryhard-003,515.3571428571429,TRAIN PROBE,1
Large-Language-Models-play-StarCraftII/jev_runs/macro-v2-20260922-veryhard-003,516.4285714285714,TRAIN PROBE,1
Large-Language-Models-play-StarCraftII/jev_runs/macro-v2-20260922-veryhard-003,517.5,EMPTY ACTION,0
Large-Language-Models-play-StarCraftII/jev_runs/macro-v2-20260922-veryhard-003,518.5714285714286,CHRONOBOOST TWILIGHTCOUNCIL,1
Large-Language-Models-play-StarCraftII/jev_runs/macro-v2-20260922-veryhard-003,519.6428571428572,TRAIN ZEALOT,1
Large-Language-Models-play-StarCraftII/jev_runs/macro-v2-20260922-veryhard-003,520.7142857142858,EMPTY ACTION,0
Large-Language-Models-play-StarCraftII/jev_runs/macro-v2-20260922-veryhard-003,521.7857142857143,TRAIN ZEALOT,1
Large-Language-Models-play-StarCraftII/jev_runs/macro-v2-20260922-veryhard-003,522.8571428571429,EMPTY ACTION,0
Large-Language-Models-play-StarCraftII/jev_runs/macro-v2-20260922-veryhard-003,523.9285714285714,EMPTY ACTION,0
Large-Language-Models-play-StarCraftII/jev_runs/macro-v2-20260922-veryhard-003,525.0,TRAIN PROBE,1
Large-Language-Models-play-StarCraftII/jev_runs/macro-v2-20260922-veryhard-003,526.0714285714286,TRAIN PROBE,1
Large-Language-Models-play-StarCraftII/jev_runs/macro-v2-20260922-veryhard-003,527.1428571428572,EMPTY ACTION,0
Large-Language-Models-play-StarCraftII/jev_runs/macro-v2-20260922-veryhard-003,528.2142857142858,TRAIN ZEALOT,1
Large-Language-Models-play-StarCraftII/jev_runs/macro-v2-20260922-veryhard-003,529.2857142857143,EMPTY ACTION,0
Large-Language-Models-play-StarCraftII/jev_runs/macro-v2-20260922-veryhard-003,530.3571428571429,EMPTY ACTION,0
Large-Language-Models-play-StarCraftII/jev_runs/macro-v2-20260922-veryhard-003,531.4285714285714,EMPTY ACTION,0
Large-Language-Models-play-StarCraftII/jev_runs/macro-v2-20260922-veryhard-003,532.5,TRAIN STALKER,1
Large-Language-Models-play-StarCraftII/jev_runs/macro-v2-20260922-veryhard-003,533.5714285714286,TRAIN ZEALOT,1
Large-Language-Models-play-StarCraftII/jev_runs/macro-v2-20260922-veryhard-003,534.6428571428572,TRAIN PROBE,1
Large-Language-Models-play-StarCraftII/jev_runs/macro-v2-20260922-veryhard-003,535.7142857142858,TRAIN PROBE,1
Large-Language-Models-play-StarCraftII/jev_runs/macro-v2-20260922-veryhard-003,537.3214285714286,CHRONOBOOST NEXUS,1
Large-Language-Models-play-StarCraftII/jev_runs/macro-v2-20260922-veryhard-003,538.0357142857143,EMPTY ACTION,0
Large-Language-Models-play-StarCraftII/jev_runs/macro-v2-20260922-veryhard-003,539.1071428571429,EMPTY ACTION,0
Large-Language-Models-play-StarCraftII/jev_runs/macro-v2-20260922-veryhard-003,540.1785714285714,MULTI-DEFEND,14
Large-Language-Models-play-StarCraftII/jev_runs/macro-v2-20260922-veryhard-003,541.25,TRAIN IMMORTAL,1
Large-Language-Models-play-StarCraftII/jev_runs/macro-v2-20260922-veryhard-003,542.3214285714286,EMPTY ACTION,0
Large-Language-Models-play-StarCraftII/jev_runs/macro-v2-20260922-veryhard-003,543.3928571428572,CHRONOBOOST NEXUS,1
Large-Language-Models-play-StarCraftII/jev_runs/macro-v2-20260922-veryhard-003,544.4642857142858,TRAIN STALKER,1
Large-Language-Models-play-StarCraftII/jev_runs/macro-v2-20260922-veryhard-003,545.5357142857143,TRAIN ZEALOT,1
Large-Language-Models-play-StarCraftII/jev_runs/macro-v2-20260922-veryhard-003,546.6071428571429,EMPTY ACTION,0
Large-Language-Models-play-StarCraftII/jev_runs/macro-v2-20260922-veryhard-003,547.6785714285714,TRAIN ZEALOT,1
Large-Language-Models-play-StarCraftII/jev_runs/macro-v2-20260922-veryhard-003,548.75,EMPTY ACTION,0
Large-Language-Models-play-StarCraftII/jev_runs/macro-v2-20260922-veryhard-003,549.8214285714286,EMPTY ACTION,0
Large-Language-Models-play-StarCraftII/jev_runs/macro-v2-20260922-veryhard-003,550.8928571428572,TRAIN ZEALOT,1
Large-Language-Models-play-StarCraftII/jev_runs/macro-v2-20260922-veryhard-003,551.9642857142858,EMPTY ACTION,0
Large-Language-Models-play-StarCraftII/jev_runs/macro-v2-20260922-veryhard-003,553.0357142857143,EMPTY ACTION,0
Large-Language-Models-play-StarCraftII/jev_runs/macro-v2-20260922-veryhard-003,554.1071428571429,EMPTY ACTION,0
Large-Language-Models-play-StarCraftII/jev_runs/macro-v2-20260922-veryhard-003,555.1785714285714,EMPTY ACTION,0
Large-Language-Models-play-StarCraftII/jev_runs/macro-v2-20260922-veryhard-003,556.25,TRAIN STALKER,1
Large-Language-Models-play-StarCraftII/jev_runs/macro-v2-20260922-veryhard-003,557.3214285714286,EMPTY ACTION,0
Large-Language-Models-play-StarCraftII/jev_runs/macro-v2-20260922-veryhard-003,558.3928571428572,EMPTY ACTION,0
Large-Language-Models-play-StarCraftII/jev_runs/macro-v2-20260922-veryhard-003,559.4642857142858,EMPTY ACTION,0
Large-Language-Models-play-StarCraftII/jev_runs/macro-v2-20260922-veryhard-003,560.5357142857143,EMPTY ACTION,0
Large-Language-Models-play-StarCraftII/jev_runs/macro-v2-20260922-veryhard-003,561.6071428571429,EMPTY ACTION,0
Large-Language-Models-play-StarCraftII/jev_runs/macro-v2-20260922-veryhard-003,562.6785714285714,EMPTY ACTION,0
Large-Language-Models-play-StarCraftII/jev_runs/macro-v2-20260922-veryhard-003,563.75,EMPTY ACTION,0
Large-Language-Models-play-StarCraftII/jev_runs/macro-v2-20260922-veryhard-003,564.8214285714286,BUILD GATEWAY,1
Large-Language-Models-play-StarCraftII/jev_runs/macro-v2-20260922-veryhard-003,565.8928571428572,EMPTY ACTION,0
Large-Language-Models-play-StarCraftII/jev_runs/macro-v2-20260922-veryhard-003,566.9642857142858,EMPTY ACTION,0
Large-Language-Models-play-StarCraftII/jev_runs/macro-v2-20260922-veryhard-003,568.0357142857143,EMPTY ACTION,0
Large-Language-Models-play-StarCraftII/jev_runs/macro-v2-20260922-veryhard-003,569.1071428571429,TRAIN STALKER,1
Large-Language-Models-play-StarCraftII/jev_runs/macro-v2-20260922-veryhard-003,570.1785714285714,TRAIN STALKER,1
Large-Language-Models-play-StarCraftII/jev_runs/macro-v2-20260922-veryhard-003,571.25,TRAIN STALKER,1
Large-Language-Models-play-StarCraftII/jev_runs/macro-v2-20260922-veryhard-003,572.3214285714286,EMPTY ACTION,0
Large-Language-Models-play-StarCraftII/jev_runs/macro-v2-20260922-veryhard-003,573.3928571428572,EMPTY ACTION,0
Large-Language-Models-play-StarCraftII/jev_runs/macro-v2-20260922-veryhard-003,574.6428571428572,TRAIN STALKER,1
Large-Language-Models-play-StarCraftII/jev_runs/macro-v2-20260922-veryhard-003,575.5357142857143,EMPTY ACTION,0
Large-Language-Models-play-StarCraftII/jev_runs/macro-v2-20260922-veryhard-003,576.6071428571429,EMPTY ACTION,0
Large-Language-Models-play-StarCraftII/jev_runs/macro-v2-20260922-veryhard-003,577.6785714285714,EMPTY ACTION,0
Large-Language-Models-play-StarCraftII/jev_runs/macro-v2-20260922-veryhard-003,578.75,EMPTY ACTION,0
Large-Language-Models-play-StarCraftII/jev_runs/macro-v2-20260922-veryhard-003,579.8214285714286,TRAIN STALKER,1
Large-Language-Models-play-StarCraftII/jev_runs/macro-v2-20260922-veryhard-003,580.8928571428572,EMPTY ACTION,0
Large-Language-Models-play-StarCraftII/jev_runs/macro-v2-20260922-veryhard-003,582.1428571428572,TRAIN IMMORTAL,1
Large-Language-Models-play-StarCraftII/jev_runs/macro-v2-20260922-veryhard-003,583.0357142857143,EMPTY ACTION,0
Large-Language-Models-play-StarCraftII/jev_runs/macro-v2-20260922-veryhard-003,584.1071428571429,EMPTY ACTION,0
Large-Language-Models-play-StarCraftII/jev_runs/macro-v2-20260922-veryhard-003,585.1785714285714,EMPTY ACTION,0
Large-Language-Models-play-StarCraftII/jev_runs/macro-v2-20260922-veryhard-003,586.25,EMPTY ACTION,0
Large-Language-Models-play-StarCraftII/jev_runs/macro-v2-20260922-veryhard-003,587.3214285714286,EMPTY ACTION,0
Large-Language-Models-play-StarCraftII/jev_runs/macro-v2-20260922-veryhard-003,588.3928571428572,EMPTY ACTION,0
Large-Language-Models-play-StarCraftII/jev_runs/macro-v2-20260922-veryhard-003,589.4642857142858,EMPTY ACTION,0
Large-Language-Models-play-StarCraftII/jev_runs/macro-v2-20260922-veryhard-003,590.5357142857143,BUILD TEMPLARARCHIVE,1
Large-Language-Models-play-StarCraftII/jev_runs/macro-v2-20260922-veryhard-003,591.6071428571429,BUILD ROBOTICSFACILITY,1
Large-Language-Models-play-StarCraftII/jev_runs/macro-v2-20260922-veryhard-003,592.6785714285714,TRAIN STALKER,1
Large-Language-Models-play-StarCraftII/jev_runs/macro-v2-20260922-veryhard-003,593.75,TRAIN STALKER,1
Large-Language-Models-play-StarCraftII/jev_runs/macro-v2-20260922-veryhard-003,594.8214285714286,TRAIN STALKER,1
Large-Language-Models-play-StarCraftII/jev_runs/macro-v2-20260922-veryhard-003,595.8928571428572,EMPTY ACTION,0
Large-Language-Models-play-StarCraftII/jev_runs/macro-v2-20260922-veryhard-003,596.9642857142858,EMPTY ACTION,0
Large-Language-Models-play-StarCraftII/jev_runs/macro-v2-20260922-veryhard-003,598.0357142857143,TRAIN STALKER,1
Large-Language-Models-play-StarCraftII/jev_runs/macro-v2-20260922-veryhard-003,599.1071428571429,EMPTY ACTION,0
Large-Language-Models-play-StarCraftII/jev_runs/macro-v2-20260922-veryhard-003,600.1785714285714,EMPTY ACTION,0
Large-Language-Models-play-StarCraftII/jev_runs/macro-v2-20260922-veryhard-003,601.4285714285714,EMPTY ACTION,0
Large-Language-Models-play-StarCraftII/jev_runs/macro-v2-20260922-veryhard-003,602.3214285714286,EMPTY ACTION,0
Large-Language-Models-play-StarCraftII/jev_runs/macro-v2-20260922-veryhard-003,603.3928571428572,TRAIN STALKER,1
Large-Language-Models-play-StarCraftII/jev_runs/macro-v2-20260922-veryhard-003,604.4642857142858,EMPTY ACTION,0
Large-Language-Models-play-StarCraftII/jev_runs/macro-v2-20260922-veryhard-003,605.5357142857143,EMPTY ACTION,0
Large-Language-Models-play-StarCraftII/jev_runs/macro-v2-20260922-veryhard-003,606.6071428571429,EMPTY ACTION,0
Large-Language-Models-play-StarCraftII/jev_runs/macro-v2-20260922-veryhard-003,607.6785714285714,EMPTY ACTION,0
Large-Language-Models-play-StarCraftII/jev_runs/macro-v2-20260922-veryhard-003,608.75,EMPTY ACTION,0
Large-Language-Models-play-StarCraftII/jev_runs/macro-v2-20260922-veryhard-003,610.0,EMPTY ACTION,0
Large-Language-Models-play-StarCraftII/jev_runs/macro-v2-20260922-veryhard-003,610.8928571428572,EMPTY ACTION,0
Large-Language-Models-play-StarCraftII/jev_runs/macro-v2-20260922-veryhard-003,611.9642857142858,EMPTY ACTION,0
Large-Language-Models-play-StarCraftII/jev_runs/macro-v2-20260922-veryhard-003,613.0357142857143,EMPTY ACTION,0
Large-Language-Models-play-StarCraftII/jev_runs/macro-v2-20260922-veryhard-003,614.1071428571429,EMPTY ACTION,0
Large-Language-Models-play-StarCraftII/jev_runs/macro-v2-20260922-veryhard-003,615.1785714285714,TRAIN STALKER,1
Large-Language-Models-play-StarCraftII/jev_runs/macro-v2-20260922-veryhard-003,616.25,TRAIN STALKER,1
Large-Language-Models-play-StarCraftII/jev_runs/macro-v2-20260922-veryhard-003,617.3214285714286,TRAIN ZEALOT,1
Large-Language-Models-play-StarCraftII/jev_runs/macro-v2-20260922-veryhard-003,618.3928571428572,TRAIN ZEALOT,1
Large-Language-Models-play-StarCraftII/jev_runs/macro-v2-20260922-veryhard-003,619.4642857142858,EMPTY ACTION,0
Large-Language-Models-play-StarCraftII/jev_runs/macro-v2-20260922-veryhard-003,620.5357142857143,EMPTY ACTION,0
Large-Language-Models-play-StarCraftII/jev_runs/macro-v2-20260922-veryhard-003,621.6071428571429,TRAIN ZEALOT,1
Large-Language-Models-play-StarCraftII/jev_runs/macro-v2-20260922-veryhard-003,622.6785714285714,TRAIN IMMORTAL,1
Large-Language-Models-play-StarCraftII/jev_runs/macro-v2-20260922-veryhard-003,623.75,EMPTY ACTION,0
Large-Language-Models-play-StarCraftII/jev_runs/macro-v2-20260922-veryhard-003,624.8214285714286,EMPTY ACTION,0
Large-Language-Models-play-StarCraftII/jev_runs/macro-v2-20260922-veryhard-003,625.8928571428572,EMPTY ACTION,0
Large-Language-Models-play-StarCraftII/jev_runs/macro-v2-20260922-veryhard-003,626.9642857142858,TRAIN ZEALOT,1
Large-Language-Models-play-StarCraftII/jev_runs/macro-v2-20260922-veryhard-003,628.0357142857143,EMPTY ACTION,0
Large-Language-Models-play-StarCraftII/jev_runs/macro-v2-20260922-veryhard-003,629.1071428571429,EMPTY ACTION,0
Large-Language-Models-play-StarCraftII/jev_runs/macro-v2-20260922-veryhard-003,630.1785714285714,EMPTY ACTION,0
Large-Language-Models-play-StarCraftII/jev_runs/macro-v2-20260922-veryhard-003,631.25,EMPTY ACTION,0
Large-Language-Models-play-StarCraftII/jev_runs/macro-v2-20260922-veryhard-003,632.3214285714286,EMPTY ACTION,0
Large-Language-Models-play-StarCraftII/jev_runs/macro-v2-20260922-veryhard-003,633.3928571428572,EMPTY ACTION,0
Large-Language-Models-play-StarCraftII/jev_runs/macro-v2-20260922-veryhard-003,634.4642857142858,TRAIN HIGHTEMPLAR,1
Large-Language-Models-play-StarCraftII/jev_runs/macro-v2-20260922-veryhard-003,635.7142857142858,BUILD PYLON,1
Large-Language-Models-play-StarCraftII/jev_runs/macro-v2-20260922-veryhard-003,636.6071428571429,EMPTY ACTION,0
Large-Language-Models-play-StarCraftII/jev_runs/macro-v2-20260922-veryhard-003,637.6785714285714,EMPTY ACTION,0
Large-Language-Models-play-StarCraftII/jev_runs/macro-v2-20260922-veryhard-003,638.75,EMPTY ACTION,0
Large-Language-Models-play-StarCraftII/jev_runs/macro-v2-20260922-veryhard-003,640.0,TRAIN HIGHTEMPLAR,1
Large-Language-Models-play-StarCraftII/jev_runs/macro-v2-20260922-veryhard-003,640.8928571428572,TRAIN HIGHTEMPLAR,1
Large-Language-Models-play-StarCraftII/jev_runs/macro-v2-20260922-veryhard-003,641.9642857142858,TRAIN IMMORTAL,1
Large-Language-Models-play-StarCraftII/jev_runs/macro-v2-20260922-veryhard-003,643.0357142857143,TRAIN HIGHTEMPLAR,1
Large-Language-Models-play-StarCraftII/jev_runs/macro-v2-20260922-veryhard-003,644.1071428571429,BUILD PYLON,1
Large-Language-Models-play-StarCraftII/jev_runs/macro-v2-20260922-veryhard-003,645.1785714285714,TRAIN HIGHTEMPLAR,1
Large-Language-Models-play-StarCraftII/jev_runs/macro-v2-20260922-veryhard-003,646.25,TRAIN STALKER,1
Large-Language-Models-play-StarCraftII/jev_runs/macro-v2-20260922-veryhard-003,647.3214285714287,EMPTY ACTION,0
Large-Language-Models-play-StarCraftII/jev_runs/macro-v2-20260922-veryhard-003,648.3928571428572,BUILD NEXUS,1
Large-Language-Models-play-StarCraftII/jev_runs/macro-v2-20260922-veryhard-003,649.4642857142858,TRAIN PROBE,1
Large-Language-Models-play-StarCraftII/jev_runs/macro-v2-20260922-veryhard-003,650.5357142857143,BUILD PYLON,1
Large-Language-Models-play-StarCraftII/jev_runs/macro-v2-20260922-veryhard-003,651.6071428571429,TRAIN HIGHTEMPLAR,1
Large-Language-Models-play-StarCraftII/jev_runs/macro-v2-20260922-veryhard-003,652.6785714285714,TRAIN PROBE,1
Large-Language-Models-play-StarCraftII/jev_runs/macro-v2-20260922-veryhard-003,653.75,TRAIN PROBE,1
Large-Language-Models-play-StarCraftII/jev_runs/macro-v2-20260922-veryhard-003,654.8214285714287,CHRONOBOOST NEXUS,1
Large-Language-Models-play-StarCraftII/jev_runs/macro-v2-20260922-veryhard-003,655.8928571428572,CHRONOBOOST NEXUS,1
Large-Language-Models-play-StarCraftII/jev_runs/macro-v2-20260922-veryhard-003,656.9642857142858,MULTI-ATTACK,34
Large-Language-Models-play-StarCraftII/jev_runs/macro-v2-20260922-veryhard-003,658.0357142857143,BUILD FORGE,1
Large-Language-Models-play-StarCraftII/jev_runs/macro-v2-20260922-veryhard-003,659.1071428571429,EMPTY ACTION,0
Large-Language-Models-play-StarCraftII/jev_runs/macro-v2-20260922-veryhard-003,660.1785714285714,CHRONOBOOST NEXUS,1
Large-Language-Models-play-StarCraftII/jev_runs/macro-v2-20260922-veryhard-003,661.25,EMPTY ACTION,0
Large-Language-Models-play-StarCraftII/jev_runs/macro-v2-20260922-veryhard-003,662.3214285714287,TRAIN PROBE,1
Large-Language-Models-play-StarCraftII/jev_runs/macro-v2-20260922-veryhard-003,663.3928571428572,TRAIN PROBE,1
Large-Language-Models-play-StarCraftII/jev_runs/macro-v2-20260922-veryhard-003,664.4642857142858,TRAIN PROBE,1
Large-Language-Models-play-StarCraftII/jev_runs/macro-v2-20260922-veryhard-003,665.5357142857143,EMPTY ACTION,0
Large-Language-Models-play-StarCraftII/jev_runs/macro-v2-20260922-veryhard-003,666.6071428571429,EMPTY ACTION,0
Large-Language-Models-play-StarCraftII/jev_runs/macro-v2-20260922-veryhard-003,667.6785714285714,TRAIN IMMORTAL,1
Large-Language-Models-play-StarCraftII/jev_runs/macro-v2-20260922-veryhard-003,668.75,EMPTY ACTION,0
Large-Language-Models-play-StarCraftII/jev_runs/macro-v2-20260922-veryhard-003,669.8214285714287,TRAIN HIGHTEMPLAR,1
Large-Language-Models-play-StarCraftII/jev_runs/macro-v2-20260922-veryhard-003,670.8928571428572,TRAIN HIGHTEMPLAR,1
Large-Language-Models-play-StarCraftII/jev_runs/macro-v2-20260922-veryhard-003,671.9642857142858,BUILD PYLON,1
Large-Language-Models-play-StarCraftII/jev_runs/macro-v2-20260922-veryhard-003,673.0357142857143,TRAIN PROBE,1
Large-Language-Models-play-StarCraftII/jev_runs/macro-v2-20260922-veryhard-003,674.1071428571429,TRAIN PROBE,1
Large-Language-Models-play-StarCraftII/jev_runs/macro-v2-20260922-veryhard-003,675.1785714285714,TRAIN PROBE,1
Large-Language-Models-play-StarCraftII/jev_runs/macro-v2-20260922-veryhard-003,676.25,TRAIN HIGHTEMPLAR,1
Large-Language-Models-play-StarCraftII/jev_runs/macro-v2-20260922-veryhard-003,677.3214285714287,CHRONOBOOST NEXUS,1
Large-Language-Models-play-StarCraftII/jev_runs/macro-v2-20260922-veryhard-003,678.3928571428572,TRAIN ZEALOT,1
Large-Language-Models-play-StarCraftII/jev_runs/macro-v2-20260922-veryhard-003,679.4642857142858,CHRONOBOOST NEXUS,1
Large-Language-Models-play-StarCraftII/jev_runs/macro-v2-20260922-veryhard-003,680.5357142857143,TRAIN ZEALOT,1
Large-Language-Models-play-StarCraftII/jev_runs/macro-v2-20260922-veryhard-003,681.6071428571429,CHRONOBOOST NEXUS,1
Large-Language-Models-play-StarCraftII/jev_runs/macro-v2-20260922-veryhard-003,682.6785714285714,EMPTY ACTION,0
Large-Language-Models-play-StarCraftII/jev_runs/macro-v2-20260922-veryhard-003,683.75,TRAIN PROBE,1
Large-Language-Models-play-StarCraftII/jev_runs/macro-v2-20260922-veryhard-003,684.8214285714287,EMPTY ACTION,0
Large-Language-Models-play-StarCraftII/jev_runs/macro-v2-20260922-veryhard-003,685.8928571428572,EMPTY ACTION,0
Large-Language-Models-play-StarCraftII/jev_runs/macro-v2-20260922-veryhard-003,686.9642857142858,EMPTY ACTION,0
Large-Language-Models-play-StarCraftII/jev_runs/macro-v2-20260922-veryhard-003,688.0357142857143,TRAIN IMMORTAL,1
Large-Language-Models-play-StarCraftII/jev_runs/macro-v2-20260922-veryhard-003,689.1071428571429,TRAIN ZEALOT,1
Large-Language-Models-play-StarCraftII/jev_runs/macro-v2-20260922-veryhard-003,690.1785714285714,EMPTY ACTION,0
Large-Language-Models-play-StarCraftII/jev_runs/macro-v2-20260922-veryhard-003,691.25,EMPTY ACTION,0
Large-Language-Models-play-StarCraftII/jev_runs/macro-v2-20260922-veryhard-003,692.3214285714287,EMPTY ACTION,0
Large-Language-Models-play-StarCraftII/jev_runs/macro-v2-20260922-veryhard-003,693.75,RESEARCH PROTOSSGROUNDWEAPONSLEVEL1,1
Large-Language-Models-play-StarCraftII/jev_runs/macro-v2-20260922-veryhard-003,694.4642857142858,EMPTY ACTION,0
Large-Language-Models-play-StarCraftII/jev_runs/macro-v2-20260922-veryhard-003,695.5357142857143,EMPTY ACTION,0
Large-Language-Models-play-StarCraftII/jev_runs/macro-v2-20260922-veryhard-003,696.6071428571429,EMPTY ACTION,0
Large-Language-Models-play-StarCraftII/jev_runs/macro-v2-20260922-veryhard-003,697.6785714285714,EMPTY ACTION,0
Large-Language-Models-play-StarCraftII/jev_runs/macro-v2-20260922-veryhard-003,698.75,EMPTY ACTION,0
Large-Language-Models-play-StarCraftII/jev_runs/macro-v2-20260922-veryhard-003,699.8214285714287,EMPTY ACTION,0
Large-Language-Models-play-StarCraftII/jev_runs/macro-v2-20260922-veryhard-003,700.8928571428572,EMPTY ACTION,0
Large-Language-Models-play-StarCraftII/jev_runs/macro-v2-20260922-veryhard-003,701.9642857142858,TRAIN ZEALOT,1
Large-Language-Models-play-StarCraftII/jev_runs/macro-v2-20260922-veryhard-003,703.0357142857143,BUILD PYLON,1
Large-Language-Models-play-StarCraftII/jev_runs/macro-v2-20260922-veryhard-003,704.1071428571429,TRAIN ZEALOT,1
Large-Language-Models-play-StarCraftII/jev_runs/macro-v2-20260922-veryhard-003,705.1785714285714,EMPTY ACTION,0
Large-Language-Models-play-StarCraftII/jev_runs/macro-v2-20260922-veryhard-003,706.25,TRAIN ZEALOT,1
Large-Language-Models-play-StarCraftII/jev_runs/macro-v2-20260922-veryhard-003,707.3214285714287,TRAIN ZEALOT,1
Large-Language-Models-play-StarCraftII/jev_runs/macro-v2-20260922-veryhard-003,708.3928571428572,TRAIN IMMORTAL,1
Large-Language-Models-play-StarCraftII/jev_runs/macro-v2-20260922-veryhard-003,709.4642857142858,EMPTY ACTION,0
Large-Language-Models-play-StarCraftII/jev_runs/macro-v2-20260922-veryhard-003,710.5357142857143,BUILD PYLON,1
Large-Language-Models-play-StarCraftII/jev_runs/macro-v2-20260922-veryhard-003,711.6071428571429,EMPTY ACTION,0
Large-Language-Models-play-StarCraftII/jev_runs/macro-v2-20260922-veryhard-003,712.6785714285714,TRAIN ZEALOT,1
Large-Language-Models-play-StarCraftII/jev_runs/macro-v2-20260922-veryhard-003,714.8214285714287,BUILD ASSIMILATOR,1
Large-Language-Models-play-StarCraftII/jev_runs/macro-v2-20260922-veryhard-003,715.8928571428572,EMPTY ACTION,0
Large-Language-Models-play-StarCraftII/jev_runs/macro-v2-20260922-veryhard-003,716.9642857142858,TRAIN ZEALOT,1
Large-Language-Models-play-StarCraftII/jev_runs/macro-v2-20260922-veryhard-003,718.0357142857143,EMPTY ACTION,0
Large-Language-Models-play-StarCraftII/jev_runs/macro-v2-20260922-veryhard-003,719.1071428571429,EMPTY ACTION,0
Large-Language-Models-play-StarCraftII/jev_runs/macro-v2-20260922-veryhard-003,720.1785714285714,EMPTY ACTION,0
Large-Language-Models-play-StarCraftII/jev_runs/macro-v2-20260922-veryhard-003,721.25,EMPTY ACTION,0
Large-Language-Models-play-StarCraftII/jev_runs/macro-v2-20260922-veryhard-003,722.3214285714287,EMPTY ACTION,0
Large-Language-Models-play-StarCraftII/jev_runs/macro-v2-20260922-veryhard-003,723.3928571428572,EMPTY ACTION,0
Large-Language-Models-play-StarCraftII/jev_runs/macro-v2-20260922-veryhard-003,724.4642857142858,EMPTY ACTION,0
Large-Language-Models-play-StarCraftII/jev_runs/macro-v2-20260922-veryhard-003,725.5357142857143,TRAIN ZEALOT,1
Large-Language-Models-play-StarCraftII/jev_runs/macro-v2-20260922-veryhard-003,726.6071428571429,BUILD PYLON,1
Large-Language-Models-play-StarCraftII/jev_runs/macro-v2-20260922-veryhard-003,727.6785714285714,TRAIN ZEALOT,1
Large-Language-Models-play-StarCraftII/jev_runs/macro-v2-20260922-veryhard-003,728.9285714285714,EMPTY ACTION,0
Large-Language-Models-play-StarCraftII/jev_runs/macro-v2-20260922-veryhard-003,729.8214285714287,TRAIN IMMORTAL,1
Large-Language-Models-play-StarCraftII/jev_runs/macro-v2-20260922-veryhard-003,730.8928571428572,EMPTY ACTION,0
Large-Language-Models-play-StarCraftII/jev_runs/macro-v2-20260922-veryhard-003,731.9642857142858,EMPTY ACTION,0
Large-Language-Models-play-StarCraftII/jev_runs/macro-v2-20260922-veryhard-003,733.0357142857143,TRAIN ZEALOT,1
Large-Language-Models-play-StarCraftII/jev_runs/macro-v2-20260922-veryhard-003,734.1071428571429,EMPTY ACTION,0
Large-Language-Models-play-StarCraftII/jev_runs/macro-v2-20260922-veryhard-003,735.1785714285714,TRAIN ZEALOT,1
Large-Language-Models-play-StarCraftII/jev_runs/macro-v2-20260922-veryhard-003,736.25,EMPTY ACTION,0
Large-Language-Models-play-StarCraftII/jev_runs/macro-v2-20260922-veryhard-003,737.3214285714287,EMPTY ACTION,0
Large-Language-Models-play-StarCraftII/jev_runs/macro-v2-20260922-veryhard-003,738.3928571428572,TRAIN ZEALOT,1
Large-Language-Models-play-StarCraftII/jev_runs/macro-v2-20260922-veryhard-003,739.4642857142858,BUILD ASSIMILATOR,1
Large-Language-Models-play-StarCraftII/jev_runs/macro-v2-20260922-veryhard-003,740.5357142857143,EMPTY ACTION,0
Large-Language-Models-play-StarCraftII/jev_runs/macro-v2-20260922-veryhard-003,741.6071428571429,EMPTY ACTION,0
Large-Language-Models-play-StarCraftII/jev_runs/macro-v2-20260922-veryhard-003,742.6785714285714,TRAIN ZEALOT,1
Large-Language-Models-play-StarCraftII/jev_runs/macro-v2-20260922-veryhard-003,743.75,EMPTY ACTION,0
Large-Language-Models-play-StarCraftII/jev_runs/macro-v2-20260922-veryhard-003,744.8214285714287,EMPTY ACTION,0
Large-Language-Models-play-StarCraftII/jev_runs/macro-v2-20260922-veryhard-003,745.8928571428572,EMPTY ACTION,0
Large-Language-Models-play-StarCraftII/jev_runs/macro-v2-20260922-veryhard-003,746.9642857142858,EMPTY ACTION,0
Large-Language-Models-play-StarCraftII/jev_runs/macro-v2-20260922-veryhard-003,748.0357142857143,EMPTY ACTION,0
Large-Language-Models-play-StarCraftII/jev_runs/macro-v2-20260922-veryhard-003,749.1071428571429,TRAIN IMMORTAL,1
Large-Language-Models-play-StarCraftII/jev_runs/macro-v2-20260922-veryhard-003,750.1785714285714,EMPTY ACTION,0
Large-Language-Models-play-StarCraftII/jev_runs/macro-v2-20260922-veryhard-003,751.25,EMPTY ACTION,0
Large-Language-Models-play-StarCraftII/jev_runs/macro-v2-20260922-veryhard-003,752.3214285714287,TRAIN ZEALOT,1
Large-Language-Models-play-StarCraftII/jev_runs/macro-v2-20260922-veryhard-003,753.3928571428572,EMPTY ACTION,0
Large-Language-Models-play-StarCraftII/jev_runs/macro-v2-20260922-veryhard-003,754.4642857142858,TRAIN ZEALOT,1
Large-Language-Models-play-StarCraftII/jev_runs/macro-v2-20260922-veryhard-003,755.5357142857143,EMPTY ACTION,0
Large-Language-Models-play-StarCraftII/jev_runs/macro-v2-20260922-veryhard-003,756.6071428571429,TRAIN ZEALOT,1
Large-Language-Models-play-StarCraftII/jev_runs/macro-v2-20260922-veryhard-003,757.6785714285714,EMPTY ACTION,0
Large-Language-Models-play-StarCraftII/jev_runs/macro-v2-20260922-veryhard-003,758.75,TRAIN ZEALOT,1
Large-Language-Models-play-StarCraftII/jev_runs/macro-v2-20260922-veryhard-003,759.8214285714287,EMPTY ACTION,0
Large-Language-Models-play-StarCraftII/jev_runs/macro-v2-20260922-veryhard-003,760.8928571428572,EMPTY ACTION,0
Large-Language-Models-play-StarCraftII/jev_runs/macro-v2-20260922-veryhard-003,761.9642857142858,EMPTY ACTION,0
Large-Language-Models-play-StarCraftII/jev_runs/macro-v2-20260922-veryhard-003,763.0357142857143,EMPTY ACTION,0
Large-Language-Models-play-StarCraftII/jev_runs/macro-v2-20260922-veryhard-003,764.1071428571429,EMPTY ACTION,0
Large-Language-Models-play-StarCraftII/jev_runs/macro-v2-20260922-veryhard-003,765.1785714285714,EMPTY ACTION,0
Large-Language-Models-play-StarCraftII/jev_runs/macro-v2-20260922-veryhard-003,766.25,EMPTY ACTION,0
Large-Language-Models-play-StarCraftII/jev_runs/macro-v2-20260922-veryhard-003,767.3214285714287,MULTI-ATTACK,53
Large-Language-Models-play-StarCraftII/jev_runs/macro-v2-20260922-veryhard-004,1.25,TRAIN PROBE,1
Large-Language-Models-play-StarCraftII/jev_runs/macro-v2-20260922-veryhard-004,1.9642857142857144,EMPTY ACTION,0
Large-Language-Models-play-StarCraftII/jev_runs/macro-v2-20260922-veryhard-004,3.035714285714286,EMPTY ACTION,0
Large-Language-Models-play-StarCraftII/jev_runs/macro-v2-20260922-veryhard-004,4.107142857142858,EMPTY ACTION,0
Large-Language-Models-play-StarCraftII/jev_runs/macro-v2-20260922-veryhard-004,5.178571428571429,EMPTY ACTION,0
Large-Language-Models-play-StarCraftII/jev_runs/macro-v2-20260922-veryhard-004,6.25,EMPTY ACTION,0
Large-Language-Models-play-StarCraftII/jev_runs/macro-v2-20260922-veryhard-004,7.321428571428572,CHRONOBOOST NEXUS,1
Large-Language-Models-play-StarCraftII/jev_runs/macro-v2-20260922-veryhard-004,11.964285714285715,TRAIN PROBE,1
Large-Language-Models-play-StarCraftII/jev_runs/macro-v2-20260922-veryhard-004,15.535714285714286,EMPTY ACTION,0
Large-Language-Models-play-StarCraftII/jev_runs/macro-v2-20260922-veryhard-004,16.42857142857143,EMPTY ACTION,0
Large-Language-Models-play-StarCraftII/jev_runs/macro-v2-20260922-veryhard-004,17.67857142857143,EMPTY ACTION,0
Large-Language-Models-play-StarCraftII/jev_runs/macro-v2-20260922-veryhard-004,18.75,EMPTY ACTION,0
Large-Language-Models-play-StarCraftII/jev_runs/macro-v2-20260922-veryhard-004,19.821428571428573,EMPTY ACTION,0
Large-Language-Models-play-StarCraftII/jev_runs/macro-v2-20260922-veryhard-004,20.892857142857146,TRAIN PROBE,1
Large-Language-Models-play-StarCraftII/jev_runs/macro-v2-20260922-veryhard-004,21.78571428571429,EMPTY ACTION,0
Large-Language-Models-play-StarCraftII/jev_runs/macro-v2-20260922-veryhard-004,23.03571428571429,EMPTY ACTION,0
Large-Language-Models-play-StarCraftII/jev_runs/macro-v2-20260922-veryhard-004,24.107142857142858,EMPTY ACTION,0
Large-Language-Models-play-StarCraftII/jev_runs/macro-v2-20260922-veryhard-004,25.17857142857143,BUILD ASSIMILATOR,1
Large-Language-Models-play-StarCraftII/jev_runs/macro-v2-20260922-veryhard-004,26.071428571428573,EMPTY ACTION,0
Large-Language-Models-play-StarCraftII/jev_runs/macro-v2-20260922-veryhard-004,27.321428571428573,EMPTY ACTION,0
Large-Language-Models-play-StarCraftII/jev_runs/macro-v2-20260922-veryhard-004,28.392857142857146,EMPTY ACTION,0
Large-Language-Models-play-StarCraftII/jev_runs/macro-v2-20260922-veryhard-004,29.464285714285715,EMPTY ACTION,0
Large-Language-Models-play-StarCraftII/jev_runs/macro-v2-20260922-veryhard-004,30.357142857142858,EMPTY ACTION,0
Large-Language-Models-play-StarCraftII/jev_runs/macro-v2-20260922-veryhard-004,31.42857142857143,TRAIN PROBE,1
Large-Language-Models-play-StarCraftII/jev_runs/macro-v2-20260922-veryhard-004,32.67857142857143,EMPTY ACTION,0
Large-Language-Models-play-StarCraftII/jev_runs/macro-v2-20260922-veryhard-004,33.75,EMPTY ACTION,0
Large-Language-Models-play-StarCraftII/jev_runs/macro-v2-20260922-veryhard-004,34.82142857142858,EMPTY ACTION,0
Large-Language-Models-play-StarCraftII/jev_runs/macro-v2-20260922-veryhard-004,35.892857142857146,EMPTY ACTION,0
Large-Language-Models-play-StarCraftII/jev_runs/macro-v2-20260922-veryhard-004,37.142857142857146,EMPTY ACTION,0
Large-Language-Models-play-StarCraftII/jev_runs/macro-v2-20260922-veryhard-004,38.035714285714285,EMPTY ACTION,0
Large-Language-Models-play-StarCraftII/jev_runs/macro-v2-20260922-veryhard-004,39.10714285714286,EMPTY ACTION,0
Large-Language-Models-play-StarCraftII/jev_runs/macro-v2-20260922-veryhard-004,40.17857142857143,EMPTY ACTION,0
Large-Language-Models-play-StarCraftII/jev_runs/macro-v2-20260922-veryhard-004,41.25,BUILD PYLON,1
Large-Language-Models-play-StarCraftII/jev_runs/macro-v2-20260922-veryhard-004,42.32142857142858,EMPTY ACTION,0
Large-Language-Models-play-StarCraftII/jev_runs/macro-v2-20260922-veryhard-004,43.392857142857146,EMPTY ACTION,0
Large-Language-Models-play-StarCraftII/jev_runs/macro-v2-20260922-veryhard-004,44.464285714285715,EMPTY ACTION,0
Large-Language-Models-play-StarCraftII/jev_runs/macro-v2-20260922-veryhard-004,45.53571428571429,EMPTY ACTION,0
Large-Language-Models-play-StarCraftII/jev_runs/macro-v2-20260922-veryhard-004,46.60714285714286,TRAIN PROBE,1
Large-Language-Models-play-StarCraftII/jev_runs/macro-v2-20260922-veryhard-004,47.67857142857143,EMPTY ACTION,0
Large-Language-Models-play-StarCraftII/jev_runs/macro-v2-20260922-veryhard-004,48.75,EMPTY ACTION,0
Large-Language-Models-play-StarCraftII/jev_runs/macro-v2-20260922-veryhard-004,49.82142857142858,EMPTY ACTION,0
Large-Language-Models-play-StarCraftII/jev_runs/macro-v2-20260922-veryhard-004,50.892857142857146,EMPTY ACTION,0
Large-Language-Models-play-StarCraftII/jev_runs/macro-v2-20260922-veryhard-004,51.964285714285715,EMPTY ACTION,0
Large-Language-Models-play-StarCraftII/jev_runs/macro-v2-20260922-veryhard-004,53.03571428571429,EMPTY ACTION,0
Large-Language-Models-play-StarCraftII/jev_runs/macro-v2-20260922-veryhard-004,54.10714285714286,EMPTY ACTION,0
Large-Language-Models-play-StarCraftII/jev_runs/macro-v2-20260922-veryhard-004,55.17857142857143,EMPTY ACTION,0
Large-Language-Models-play-StarCraftII/jev_runs/macro-v2-20260922-veryhard-004,56.25000000000001,EMPTY ACTION,0
Large-Language-Models-play-StarCraftII/jev_runs/macro-v2-20260922-veryhard-004,57.142857142857146,EMPTY ACTION,0
Large-Language-Models-play-StarCraftII/jev_runs/macro-v2-20260922-veryhard-004,58.392857142857146,EMPTY ACTION,0
Large-Language-Models-play-StarCraftII/jev_runs/macro-v2-20260922-veryhard-004,59.464285714285715,EMPTY ACTION,0
Large-Language-Models-play-StarCraftII/jev_runs/macro-v2-20260922-veryhard-004,60.53571428571429,EMPTY ACTION,0
Large-Language-Models-play-StarCraftII/jev_runs/macro-v2-20260922-veryhard-004,61.60714285714286,SCOUTING PROBE,1
Large-Language-Models-play-StarCraftII/jev_runs/macro-v2-20260922-veryhard-004,62.67857142857143,TRAIN PROBE,1
Large-Language-Models-play-StarCraftII/jev_runs/macro-v2-20260922-veryhard-004,64.10714285714286,CHRONOBOOST NEXUS,1
Large-Language-Models-play-StarCraftII/jev_runs/macro-v2-20260922-veryhard-004,67.67857142857143,BUILD GATEWAY,1
Large-Language-Models-play-StarCraftII/jev_runs/macro-v2-20260922-veryhard-004,71.60714285714286,TRAIN PROBE,1
Large-Language-Models-play-StarCraftII/jev_runs/macro-v2-20260922-veryhard-004,77.85714285714286,EMPTY ACTION,0
Large-Language-Models-play-StarCraftII/jev_runs/macro-v2-20260922-veryhard-004,78.57142857142857,EMPTY ACTION,0
Large-Language-Models-play-StarCraftII/jev_runs/macro-v2-20260922-veryhard-004,79.64285714285715,EMPTY ACTION,0
Large-Language-Models-play-StarCraftII/jev_runs/macro-v2-20260922-veryhard-004,80.71428571428572,TRAIN PROBE,1
Large-Language-Models-play-StarCraftII/jev_runs/macro-v2-20260922-veryhard-004,81.78571428571429,EMPTY ACTION,0
Large-Language-Models-play-StarCraftII/jev_runs/macro-v2-20260922-veryhard-004,83.92857142857143,EMPTY ACTION,0
Large-Language-Models-play-StarCraftII/jev_runs/macro-v2-20260922-veryhard-004,85.0,EMPTY ACTION,0
Large-Language-Models-play-StarCraftII/jev_runs/macro-v2-20260922-veryhard-004,86.07142857142858,EMPTY ACTION,0
Large-Language-Models-play-StarCraftII/jev_runs/macro-v2-20260922-veryhard-004,87.14285714285715,EMPTY ACTION,0
Large-Language-Models-play-StarCraftII/jev_runs/macro-v2-20260922-veryhard-004,88.21428571428572,EMPTY ACTION,0
Large-Language-Models-play-StarCraftII/jev_runs/macro-v2-20260922-veryhard-004,89.28571428571429,EMPTY ACTION,0
Large-Language-Models-play-StarCraftII/jev_runs/macro-v2-20260922-veryhard-004,90.35714285714286,EMPTY ACTION,0
Large-Language-Models-play-StarCraftII/jev_runs/macro-v2-20260922-veryhard-004,91.42857142857143,EMPTY ACTION,0
Large-Language-Models-play-StarCraftII/jev_runs/macro-v2-20260922-veryhard-004,92.5,TRAIN PROBE,1
Large-Language-Models-play-StarCraftII/jev_runs/macro-v2-20260922-veryhard-004,93.57142857142858,BUILD PYLON,1
Large-Language-Models-play-StarCraftII/jev_runs/macro-v2-20260922-veryhard-004,94.64285714285715,EMPTY ACTION,0
Large-Language-Models-play-StarCraftII/jev_runs/macro-v2-20260922-veryhard-004,95.71428571428572,EMPTY ACTION,0
Large-Language-Models-play-StarCraftII/jev_runs/macro-v2-20260922-veryhard-004,96.78571428571429,EMPTY ACTION,0
Large-Language-Models-play-StarCraftII/jev_runs/macro-v2-20260922-veryhard-004,97.85714285714286,EMPTY ACTION,0
Large-Language-Models-play-StarCraftII/jev_runs/macro-v2-20260922-veryhard-004,98.92857142857143,EMPTY ACTION,0
Large-Language-Models-play-StarCraftII/jev_runs/macro-v2-20260922-veryhard-004,100.0,EMPTY ACTION,0
Large-Language-Models-play-StarCraftII/jev_runs/macro-v2-20260922-veryhard-004,101.07142857142858,EMPTY ACTION,0
Large-Language-Models-play-StarCraftII/jev_runs/macro-v2-20260922-veryhard-004,102.14285714285715,EMPTY ACTION,0
Large-Language-Models-play-StarCraftII/jev_runs/macro-v2-20260922-veryhard-004,103.21428571428572,EMPTY ACTION,0
Large-Language-Models-play-StarCraftII/jev_runs/macro-v2-20260922-veryhard-004,104.28571428571429,EMPTY ACTION,0
Large-Language-Models-play-StarCraftII/jev_runs/macro-v2-20260922-veryhard-004,105.89285714285715,TRAIN PROBE,1
Large-Language-Models-play-StarCraftII/jev_runs/macro-v2-20260922-veryhard-004,106.60714285714286,EMPTY ACTION,0
Large-Language-Models-play-StarCraftII/jev_runs/macro-v2-20260922-veryhard-004,108.21428571428572,EMPTY ACTION,0
Large-Language-Models-play-StarCraftII/jev_runs/macro-v2-20260922-veryhard-004,108.92857142857143,EMPTY ACTION,0
Large-Language-Models-play-StarCraftII/jev_runs/macro-v2-20260922-veryhard-004,110.0,EMPTY ACTION,0
Large-Language-Models-play-StarCraftII/jev_runs/macro-v2-20260922-veryhard-004,111.07142857142858,EMPTY ACTION,0
Large-Language-Models-play-StarCraftII/jev_runs/macro-v2-20260922-veryhard-004,112.14285714285715,EMPTY ACTION,0
Large-Language-Models-play-StarCraftII/jev_runs/macro-v2-20260922-veryhard-004,113.21428571428572,EMPTY ACTION,0
Large-Language-Models-play-StarCraftII/jev_runs/macro-v2-20260922-veryhard-004,114.28571428571429,EMPTY ACTION,0
Large-Language-Models-play-StarCraftII/jev_runs/macro-v2-20260922-veryhard-004,115.35714285714286,EMPTY ACTION,0
Large-Language-Models-play-StarCraftII/jev_runs/macro-v2-20260922-veryhard-004,116.42857142857143,EMPTY ACTION,0
Large-Language-Models-play-StarCraftII/jev_runs/macro-v2-20260922-veryhard-004,117.67857142857143,BUILD GATEWAY,1
Large-Language-Models-play-StarCraftII/jev_runs/macro-v2-20260922-veryhard-004,119.10714285714286,TRAIN PROBE,1
Large-Language-Models-play-StarCraftII/jev_runs/macro-v2-20260922-veryhard-004,119.82142857142858,TRAIN ZEALOT,1
Large-Language-Models-play-StarCraftII/jev_runs/macro-v2-20260922-veryhard-004,120.89285714285715,EMPTY ACTION,0
Large-Language-Models-play-StarCraftII/jev_runs/macro-v2-20260922-veryhard-004,121.96428571428572,EMPTY ACTION,0
Large-Language-Models-play-StarCraftII/jev_runs/macro-v2-20260922-veryhard-004,123.03571428571429,EMPTY ACTION,0
Large-Language-Models-play-StarCraftII/jev_runs/macro-v2-20260922-veryhard-004,124.10714285714286,EMPTY ACTION,0
Large-Language-Models-play-StarCraftII/jev_runs/macro-v2-20260922-veryhard-004,125.17857142857143,EMPTY ACTION,0
Large-Language-Models-play-StarCraftII/jev_runs/macro-v2-20260922-veryhard-004,126.25000000000001,EMPTY ACTION,0
Large-Language-Models-play-StarCraftII/jev_runs/macro-v2-20260922-veryhard-004,127.32142857142858,EMPTY ACTION,0
Large-Language-Models-play-StarCraftII/jev_runs/macro-v2-20260922-veryhard-004,128.39285714285714,EMPTY ACTION,0
Large-Language-Models-play-StarCraftII/jev_runs/macro-v2-20260922-veryhard-004,129.46428571428572,BUILD CYBERNETICSCORE,1
Large-Language-Models-play-StarCraftII/jev_runs/macro-v2-20260922-veryhard-004,130.5357142857143,CHRONOBOOST NEXUS,1
Large-Language-Models-play-StarCraftII/jev_runs/macro-v2-20260922-veryhard-004,131.60714285714286,EMPTY ACTION,0
Large-Language-Models-play-StarCraftII/jev_runs/macro-v2-20260922-veryhard-004,132.67857142857144,EMPTY ACTION,0
Large-Language-Models-play-StarCraftII/jev_runs/macro-v2-20260922-veryhard-004,133.75,EMPTY ACTION,0
Large-Language-Models-play-StarCraftII/jev_runs/macro-v2-20260922-veryhard-004,134.82142857142858,EMPTY ACTION,0
Large-Language-Models-play-StarCraftII/jev_runs/macro-v2-20260922-veryhard-004,135.89285714285714,EMPTY ACTION,0
Large-Language-Models-play-StarCraftII/jev_runs/macro-v2-20260922-veryhard-004,136.96428571428572,EMPTY ACTION,0
Large-Language-Models-play-StarCraftII/jev_runs/macro-v2-20260922-veryhard-004,139.10714285714286,TRAIN PROBE,1
Large-Language-Models-play-StarCraftII/jev_runs/macro-v2-20260922-veryhard-004,140.17857142857144,BUILD ASSIMILATOR,1
Large-Language-Models-play-StarCraftII/jev_runs/macro-v2-20260922-veryhard-004,141.25,EMPTY ACTION,0
Large-Language-Models-play-StarCraftII/jev_runs/macro-v2-20260922-veryhard-004,142.32142857142858,EMPTY ACTION,0
Large-Language-Models-play-StarCraftII/jev_runs/macro-v2-20260922-veryhard-004,143.39285714285714,EMPTY ACTION,0
Large-Language-Models-play-StarCraftII/jev_runs/macro-v2-20260922-veryhard-004,144.46428571428572,EMPTY ACTION,0
Large-Language-Models-play-StarCraftII/jev_runs/macro-v2-20260922-veryhard-004,145.5357142857143,EMPTY ACTION,0
Large-Language-Models-play-StarCraftII/jev_runs/macro-v2-20260922-veryhard-004,146.60714285714286,EMPTY ACTION,0
Large-Language-Models-play-StarCraftII/jev_runs/macro-v2-20260922-veryhard-004,148.75,EMPTY ACTION,0
Large-Language-Models-play-StarCraftII/jev_runs/macro-v2-20260922-veryhard-004,149.82142857142858,EMPTY ACTION,0
Large-Language-Models-play-StarCraftII/jev_runs/macro-v2-20260922-veryhard-004,150.89285714285714,EMPTY ACTION,0
Large-Language-Models-play-StarCraftII/jev_runs/macro-v2-20260922-veryhard-004,151.96428571428572,EMPTY ACTION,0
Large-Language-Models-play-StarCraftII/jev_runs/macro-v2-20260922-veryhard-004,153.21428571428572,EMPTY ACTION,0
Large-Language-Models-play-StarCraftII/jev_runs/macro-v2-20260922-veryhard-004,154.10714285714286,EMPTY ACTION,0
Large-Language-Models-play-StarCraftII/jev_runs/macro-v2-20260922-veryhard-004,155.17857142857144,EMPTY ACTION,0
Large-Language-Models-play-StarCraftII/jev_runs/macro-v2-20260922-veryhard-004,156.25,EMPTY ACTION,0
Large-Language-Models-play-StarCraftII/jev_runs/macro-v2-20260922-veryhard-004,157.32142857142858,EMPTY ACTION,0
Large-Language-Models-play-StarCraftII/jev_runs/macro-v2-20260922-veryhard-004,158.39285714285714,EMPTY ACTION,0
Large-Language-Models-play-StarCraftII/jev_runs/macro-v2-20260922-veryhard-004,159.46428571428572,EMPTY ACTION,0
Large-Language-Models-play-StarCraftII/jev_runs/macro-v2-20260922-veryhard-004,160.5357142857143,EMPTY ACTION,0
Large-Language-Models-play-StarCraftII/jev_runs/macro-v2-20260922-veryhard-004,161.60714285714286,EMPTY ACTION,0
Large-Language-Models-play-StarCraftII/jev_runs/macro-v2-20260922-veryhard-004,162.67857142857144,EMPTY ACTION,0
Large-Language-Models-play-StarCraftII/jev_runs/macro-v2-20260922-veryhard-004,163.75,EMPTY ACTION,0
Large-Language-Models-play-StarCraftII/jev_runs/macro-v2-20260922-veryhard-004,164.82142857142858,EMPTY ACTION,0
Large-Language-Models-play-StarCraftII/jev_runs/macro-v2-20260922-veryhard-004,165.89285714285717,BUILD NEXUS,1
Large-Language-Models-play-StarCraftII/jev_runs/macro-v2-20260922-veryhard-004,166.96428571428572,EMPTY ACTION,0
Large-Language-Models-play-StarCraftII/jev_runs/macro-v2-20260922-veryhard-004,168.0357142857143,EMPTY ACTION,0
Large-Language-Models-play-StarCraftII/jev_runs/macro-v2-20260922-veryhard-004,169.10714285714286,TRAIN PROBE,1
Large-Language-Models-play-StarCraftII/jev_runs/macro-v2-20260922-veryhard-004,170.17857142857144,EMPTY ACTION,0
Large-Language-Models-play-StarCraftII/jev_runs/macro-v2-20260922-veryhard-004,171.25,EMPTY ACTION,0
Large-Language-Models-play-StarCraftII/jev_runs/macro-v2-20260922-veryhard-004,172.32142857142858,RESEARCH WARPGATERESEARCH,1
Large-Language-Models-play-StarCraftII/jev_runs/macro-v2-20260922-veryhard-004,173.39285714285717,EMPTY ACTION,0
Large-Language-Models-play-StarCraftII/jev_runs/macro-v2-20260922-veryhard-004,174.46428571428572,EMPTY ACTION,0
Large-Language-Models-play-StarCraftII/jev_runs/macro-v2-20260922-veryhard-004,175.5357142857143,EMPTY ACTION,0
Large-Language-Models-play-StarCraftII/jev_runs/macro-v2-20260922-veryhard-004,176.60714285714286,EMPTY ACTION,0
Large-Language-Models-play-StarCraftII/jev_runs/macro-v2-20260922-veryhard-004,177.67857142857144,EMPTY ACTION,0
Large-Language-Models-play-StarCraftII/jev_runs/macro-v2-20260922-veryhard-004,178.75,TRAIN ZEALOT,1
Large-Language-Models-play-StarCraftII/jev_runs/macro-v2-20260922-veryhard-004,179.82142857142858,EMPTY ACTION,0
Large-Language-Models-play-StarCraftII/jev_runs/macro-v2-20260922-veryhard-004,180.89285714285717,EMPTY ACTION,0
Large-Language-Models-play-StarCraftII/jev_runs/macro-v2-20260922-veryhard-004,181.96428571428572,TRAIN PROBE,1
Large-Language-Models-play-StarCraftII/jev_runs/macro-v2-20260922-veryhard-004,183.0357142857143,EMPTY ACTION,0
Large-Language-Models-play-StarCraftII/jev_runs/macro-v2-20260922-veryhard-004,184.10714285714286,EMPTY ACTION,0
Large-Language-Models-play-StarCraftII/jev_runs/macro-v2-20260922-veryhard-004,185.17857142857144,EMPTY ACTION,0
Large-Language-Models-play-StarCraftII/jev_runs/macro-v2-20260922-veryhard-004,186.25,EMPTY ACTION,0
Large-Language-Models-play-StarCraftII/jev_runs/macro-v2-20260922-veryhard-004,187.32142857142858,EMPTY ACTION,0
Large-Language-Models-play-StarCraftII/jev_runs/macro-v2-20260922-veryhard-004,188.39285714285717,EMPTY ACTION,0
Large-Language-Models-play-StarCraftII/jev_runs/macro-v2-20260922-veryhard-004,189.46428571428572,TRAIN ADEPT,1
Large-Language-Models-play-StarCraftII/jev_runs/macro-v2-20260922-veryhard-004,190.5357142857143,EMPTY ACTION,0
Large-Language-Models-play-StarCraftII/jev_runs/macro-v2-20260922-veryhard-004,191.60714285714286,EMPTY ACTION,0
Large-Language-Models-play-StarCraftII/jev_runs/macro-v2-20260922-veryhard-004,192.67857142857144,EMPTY ACTION,0
Large-Language-Models-play-StarCraftII/jev_runs/macro-v2-20260922-veryhard-004,193.75,EMPTY ACTION,0
Large-Language-Models-play-StarCraftII/jev_runs/macro-v2-20260922-veryhard-004,195.35714285714286,TRAIN PROBE,1
Large-Language-Models-play-StarCraftII/jev_runs/macro-v2-20260922-veryhard-004,196.25,EMPTY ACTION,0
Large-Language-Models-play-StarCraftII/jev_runs/macro-v2-20260922-veryhard-004,197.14285714285717,EMPTY ACTION,0
Large-Language-Models-play-StarCraftII/jev_runs/macro-v2-20260922-veryhard-004,198.21428571428572,EMPTY ACTION,0
Large-Language-Models-play-StarCraftII/jev_runs/macro-v2-20260922-veryhard-004,200.35714285714286,BUILD PYLON,1
Large-Language-Models-play-StarCraftII/jev_runs/macro-v2-20260922-veryhard-004,201.42857142857144,EMPTY ACTION,0
Large-Language-Models-play-StarCraftII/jev_runs/macro-v2-20260922-veryhard-004,202.5,EMPTY ACTION,0
Large-Language-Models-play-StarCraftII/jev_runs/macro-v2-20260922-veryhard-004,203.57142857142858,EMPTY ACTION,0
Large-Language-Models-play-StarCraftII/jev_runs/macro-v2-20260922-veryhard-004,204.64285714285717,EMPTY ACTION,0
Large-Language-Models-play-StarCraftII/jev_runs/macro-v2-20260922-veryhard-004,205.71428571428572,EMPTY ACTION,0
Large-Language-Models-play-StarCraftII/jev_runs/macro-v2-20260922-veryhard-004,206.7857142857143,EMPTY ACTION,0
Large-Language-Models-play-StarCraftII/jev_runs/macro-v2-20260922-veryhard-004,207.85714285714286,EMPTY ACTION,0
Large-Language-Models-play-StarCraftII/jev_runs/macro-v2-20260922-veryhard-004,208.92857142857144,EMPTY ACTION,0
Large-Language-Models-play-StarCraftII/jev_runs/macro-v2-20260922-veryhard-004,210.0,EMPTY ACTION,0
Large-Language-Models-play-StarCraftII/jev_runs/macro-v2-20260922-veryhard-004,211.07142857142858,BUILD ROBOTICSFACILITY,1
Large-Language-Models-play-StarCraftII/jev_runs/macro-v2-20260922-veryhard-004,212.14285714285717,EMPTY ACTION,0
Large-Language-Models-play-StarCraftII/jev_runs/macro-v2-20260922-veryhard-004,213.21428571428572,EMPTY ACTION,0
Large-Language-Models-play-StarCraftII/jev_runs/macro-v2-20260922-veryhard-004,214.82142857142858,EMPTY ACTION,0
Large-Language-Models-play-StarCraftII/jev_runs/macro-v2-20260922-veryhard-004,215.5357142857143,EMPTY ACTION,0
Large-Language-Models-play-StarCraftII/jev_runs/macro-v2-20260922-veryhard-004,216.60714285714286,EMPTY ACTION,0
Large-Language-Models-play-StarCraftII/jev_runs/macro-v2-20260922-veryhard-004,217.67857142857144,EMPTY ACTION,0
Large-Language-Models-play-StarCraftII/jev_runs/macro-v2-20260922-veryhard-004,218.75,EMPTY ACTION,0
Large-Language-Models-play-StarCraftII/jev_runs/macro-v2-20260922-veryhard-004,220.35714285714286,EMPTY ACTION,0
Large-Language-Models-play-StarCraftII/jev_runs/macro-v2-20260922-veryhard-004,221.07142857142858,TRAIN PROBE,1
Large-Language-Models-play-StarCraftII/jev_runs/macro-v2-20260922-veryhard-004,222.14285714285717,BUILD PYLON,1
Large-Language-Models-play-StarCraftII/jev_runs/macro-v2-20260922-veryhard-004,223.21428571428572,EMPTY ACTION,0
Large-Language-Models-play-StarCraftII/jev_runs/macro-v2-20260922-veryhard-004,224.2857142857143,EMPTY ACTION,0
Large-Language-Models-play-StarCraftII/jev_runs/macro-v2-20260922-veryhard-004,225.35714285714286,EMPTY ACTION,0
Large-Language-Models-play-StarCraftII/jev_runs/macro-v2-20260922-veryhard-004,226.42857142857144,EMPTY ACTION,0
Large-Language-Models-play-StarCraftII/jev_runs/macro-v2-20260922-veryhard-004,227.50000000000003,EMPTY ACTION,0
Large-Language-Models-play-StarCraftII/jev_runs/macro-v2-20260922-veryhard-004,228.57142857142858,EMPTY ACTION,0
Large-Language-Models-play-StarCraftII/jev_runs/macro-v2-20260922-veryhard-004,229.64285714285717,TRAIN ADEPT,1
Large-Language-Models-play-StarCraftII/jev_runs/macro-v2-20260922-veryhard-004,230.71428571428572,EMPTY ACTION,0
Large-Language-Models-play-StarCraftII/jev_runs/macro-v2-20260922-veryhard-004,231.7857142857143,EMPTY ACTION,0
Large-Language-Models-play-StarCraftII/jev_runs/macro-v2-20260922-veryhard-004,232.85714285714286,EMPTY ACTION,0
Large-Language-Models-play-StarCraftII/jev_runs/macro-v2-20260922-veryhard-004,233.92857142857144,TRAIN PROBE,1
Large-Language-Models-play-StarCraftII/jev_runs/macro-v2-20260922-veryhard-004,235.00000000000003,CHRONOBOOST CYBERNETICSCORE,1
Large-Language-Models-play-StarCraftII/jev_runs/macro-v2-20260922-veryhard-004,236.07142857142858,EMPTY ACTION,0
Large-Language-Models-play-StarCraftII/jev_runs/macro-v2-20260922-veryhard-004,237.14285714285717,EMPTY ACTION,0
Large-Language-Models-play-StarCraftII/jev_runs/macro-v2-20260922-veryhard-004,238.21428571428572,EMPTY ACTION,0
Large-Language-Models-play-StarCraftII/jev_runs/macro-v2-20260922-veryhard-004,239.2857142857143,EMPTY ACTION,0
Large-Language-Models-play-StarCraftII/jev_runs/macro-v2-20260922-veryhard-004,240.5357142857143,TRAIN ADEPT,1
Large-Language-Models-play-StarCraftII/jev_runs/macro-v2-20260922-veryhard-004,241.42857142857144,EMPTY ACTION,0
Large-Language-Models-play-StarCraftII/jev_runs/macro-v2-20260922-veryhard-004,242.50000000000003,EMPTY ACTION,0
Large-Language-Models-play-StarCraftII/jev_runs/macro-v2-20260922-veryhard-004,243.57142857142858,EMPTY ACTION,0
Large-Language-Models-play-StarCraftII/jev_runs/macro-v2-20260922-veryhard-004,244.64285714285717,TRAIN PROBE,1
Large-Language-Models-play-StarCraftII/jev_runs/macro-v2-20260922-veryhard-004,245.71428571428572,EMPTY ACTION,0
Large-Language-Models-play-StarCraftII/jev_runs/macro-v2-20260922-veryhard-004,246.7857142857143,TRAIN PROBE,1
Large-Language-Models-play-StarCraftII/jev_runs/macro-v2-20260922-veryhard-004,247.85714285714286,EMPTY ACTION,0
Large-Language-Models-play-StarCraftII/jev_runs/macro-v2-20260922-veryhard-004,248.92857142857144,EMPTY ACTION,0
Large-Language-Models-play-StarCraftII/jev_runs/macro-v2-20260922-veryhard-004,250.00000000000003,EMPTY ACTION,0
Large-Language-Models-play-StarCraftII/jev_runs/macro-v2-20260922-veryhard-004,251.07142857142858,EMPTY ACTION,0
Large-Language-Models-play-StarCraftII/jev_runs/macro-v2-20260922-veryhard-004,252.14285714285717,EMPTY ACTION,0
Large-Language-Models-play-StarCraftII/jev_runs/macro-v2-20260922-veryhard-004,253.21428571428572,EMPTY ACTION,0
Large-Language-Models-play-StarCraftII/jev_runs/macro-v2-20260922-veryhard-004,254.2857142857143,EMPTY ACTION,0
Large-Language-Models-play-StarCraftII/jev_runs/macro-v2-20260922-veryhard-004,255.5357142857143,EMPTY ACTION,0
Large-Language-Models-play-StarCraftII/jev_runs/macro-v2-20260922-veryhard-004,256.42857142857144,CHRONOBOOST CYBERNETICSCORE,1
Large-Language-Models-play-StarCraftII/jev_runs/macro-v2-20260922-veryhard-004,257.5,TRAIN PROBE,1
Large-Language-Models-play-StarCraftII/jev_runs/macro-v2-20260922-veryhard-004,258.5714285714286,EMPTY ACTION,0
Large-Language-Models-play-StarCraftII/jev_runs/macro-v2-20260922-veryhard-004,259.64285714285717,TRAIN PROBE,1
Large-Language-Models-play-StarCraftII/jev_runs/macro-v2-20260922-veryhard-004,260.7142857142857,EMPTY ACTION,0
Large-Language-Models-play-StarCraftII/jev_runs/macro-v2-20260922-veryhard-004,262.3214285714286,TRAIN OBSERVER,1
Large-Language-Models-play-StarCraftII/jev_runs/macro-v2-20260922-veryhard-004,264.1071428571429,EMPTY ACTION,0
Large-Language-Models-play-StarCraftII/jev_runs/macro-v2-20260922-veryhard-004,265.17857142857144,EMPTY ACTION,0
Large-Language-Models-play-StarCraftII/jev_runs/macro-v2-20260922-veryhard-004,266.25,BUILD GATEWAY,1
Large-Language-Models-play-StarCraftII/jev_runs/macro-v2-20260922-veryhard-004,267.3214285714286,EMPTY ACTION,0
Large-Language-Models-play-StarCraftII/jev_runs/macro-v2-20260922-veryhard-004,268.39285714285717,EMPTY ACTION,0
Large-Language-Models-play-StarCraftII/jev_runs/macro-v2-20260922-veryhard-004,269.4642857142857,EMPTY ACTION,0
Large-Language-Models-play-StarCraftII/jev_runs/macro-v2-20260922-veryhard-004,270.5357142857143,TRAIN PROBE,1
Large-Language-Models-play-StarCraftII/jev_runs/macro-v2-20260922-veryhard-004,271.6071428571429,EMPTY ACTION,0
Large-Language-Models-play-StarCraftII/jev_runs/macro-v2-20260922-veryhard-004,272.67857142857144,TRAIN PROBE,1
Large-Language-Models-play-StarCraftII/jev_runs/macro-v2-20260922-veryhard-004,273.75,EMPTY ACTION,0
Large-Language-Models-play-StarCraftII/jev_runs/macro-v2-20260922-veryhard-004,274.8214285714286,EMPTY ACTION,0
Large-Language-Models-play-StarCraftII/jev_runs/macro-v2-20260922-veryhard-004,275.89285714285717,EMPTY ACTION,0
Large-Language-Models-play-StarCraftII/jev_runs/macro-v2-20260922-veryhard-004,276.9642857142857,EMPTY ACTION,0
Large-Language-Models-play-StarCraftII/jev_runs/macro-v2-20260922-veryhard-004,278.0357142857143,EMPTY ACTION,0
Large-Language-Models-play-StarCraftII/jev_runs/macro-v2-20260922-veryhard-004,279.1071428571429,TRAIN ADEPT,1
Large-Language-Models-play-StarCraftII/jev_runs/macro-v2-20260922-veryhard-004,280.17857142857144,EMPTY ACTION,0
Large-Language-Models-play-StarCraftII/jev_runs/macro-v2-20260922-veryhard-004,281.25,EMPTY ACTION,0
Large-Language-Models-play-StarCraftII/jev_runs/macro-v2-20260922-veryhard-004,282.3214285714286,EMPTY ACTION,0
Large-Language-Models-play-StarCraftII/jev_runs/macro-v2-20260922-veryhard-004,283.39285714285717,TRAIN PROBE,1
Large-Language-Models-play-StarCraftII/jev_runs/macro-v2-20260922-veryhard-004,284.4642857142857,EMPTY ACTION,0
Large-Language-Models-play-StarCraftII/jev_runs/macro-v2-20260922-veryhard-004,285.5357142857143,TRAIN PROBE,1
Large-Language-Models-play-StarCraftII/jev_runs/macro-v2-20260922-veryhard-004,287.14285714285717,EMPTY ACTION,0
Large-Language-Models-play-StarCraftII/jev_runs/macro-v2-20260922-veryhard-004,288.0357142857143,EMPTY ACTION,0
Large-Language-Models-play-StarCraftII/jev_runs/macro-v2-20260922-veryhard-004,288.92857142857144,TRAIN ADEPT,1
Large-Language-Models-play-StarCraftII/jev_runs/macro-v2-20260922-veryhard-004,290.5357142857143,EMPTY ACTION,0
Large-Language-Models-play-StarCraftII/jev_runs/macro-v2-20260922-veryhard-004,291.7857142857143,EMPTY ACTION,0
Large-Language-Models-play-StarCraftII/jev_runs/macro-v2-20260922-veryhard-004,292.5,EMPTY ACTION,0
Large-Language-Models-play-StarCraftII/jev_runs/macro-v2-20260922-veryhard-004,293.5714285714286,BUILD PYLON,1
Large-Language-Models-play-StarCraftII/jev_runs/macro-v2-20260922-veryhard-004,294.64285714285717,EMPTY ACTION,0
Large-Language-Models-play-StarCraftII/jev_runs/macro-v2-20260922-veryhard-004,295.7142857142857,EMPTY ACTION,0
Large-Language-Models-play-StarCraftII/jev_runs/macro-v2-20260922-veryhard-004,296.7857142857143,TRAIN PROBE,1
Large-Language-Models-play-StarCraftII/jev_runs/macro-v2-20260922-veryhard-004,297.8571428571429,EMPTY ACTION,0
Large-Language-Models-play-StarCraftII/jev_runs/macro-v2-20260922-veryhard-004,298.92857142857144,CHRONOBOOST NEXUS,1
Large-Language-Models-play-StarCraftII/jev_runs/macro-v2-20260922-veryhard-004,300.0,TRAIN PROBE,1
Large-Language-Models-play-StarCraftII/jev_runs/macro-v2-20260922-veryhard-004,301.0714285714286,EMPTY ACTION,0
Large-Language-Models-play-StarCraftII/jev_runs/macro-v2-20260922-veryhard-004,302.14285714285717,EMPTY ACTION,0
Large-Language-Models-play-StarCraftII/jev_runs/macro-v2-20260922-veryhard-004,303.75,TRAIN ADEPT,1
Large-Language-Models-play-StarCraftII/jev_runs/macro-v2-20260922-veryhard-004,304.4642857142857,EMPTY ACTION,0
Large-Language-Models-play-StarCraftII/jev_runs/macro-v2-20260922-veryhard-004,305.5357142857143,EMPTY ACTION,0
Large-Language-Models-play-StarCraftII/jev_runs/macro-v2-20260922-veryhard-004,306.6071428571429,TRAIN PROBE,1
Large-Language-Models-play-StarCraftII/jev_runs/macro-v2-20260922-veryhard-004,307.67857142857144,EMPTY ACTION,0
Large-Language-Models-play-StarCraftII/jev_runs/macro-v2-20260922-veryhard-004,308.75,BUILD SHIELDBATTERY,1
Large-Language-Models-play-StarCraftII/jev_runs/macro-v2-20260922-veryhard-004,309.8214285714286,CHRONOBOOST NEXUS,1
Large-Language-Models-play-StarCraftII/jev_runs/macro-v2-20260922-veryhard-004,310.89285714285717,EMPTY ACTION,0
Large-Language-Models-play-StarCraftII/jev_runs/macro-v2-20260922-veryhard-004,311.9642857142857,TRAIN PROBE,1
Large-Language-Models-play-StarCraftII/jev_runs/macro-v2-20260922-veryhard-004,313.0357142857143,EMPTY ACTION,0
Large-Language-Models-play-StarCraftII/jev_runs/macro-v2-20260922-veryhard-004,314.1071428571429,EMPTY ACTION,0
Large-Language-Models-play-StarCraftII/jev_runs/macro-v2-20260922-veryhard-004,315.17857142857144,EMPTY ACTION,0
Large-Language-Models-play-StarCraftII/jev_runs/macro-v2-20260922-veryhard-004,316.25,TRAIN PROBE,1
Large-Language-Models-play-StarCraftII/jev_runs/macro-v2-20260922-veryhard-004,317.3214285714286,EMPTY ACTION,0
Large-Language-Models-play-StarCraftII/jev_runs/macro-v2-20260922-veryhard-004,318.39285714285717,BUILD PYLON,1
Large-Language-Models-play-StarCraftII/jev_runs/macro-v2-20260922-veryhard-004,319.4642857142857,CHRONOBOOST NEXUS,1
Large-Language-Models-play-StarCraftII/jev_runs/macro-v2-20260922-veryhard-004,320.53571428571433,EMPTY ACTION,0
Large-Language-Models-play-StarCraftII/jev_runs/macro-v2-20260922-veryhard-004,321.6071428571429,EMPTY ACTION,0
Large-Language-Models-play-StarCraftII/jev_runs/macro-v2-20260922-veryhard-004,322.67857142857144,TRAIN ADEPT,1
Large-Language-Models-play-StarCraftII/jev_runs/macro-v2-20260922-veryhard-004,323.75,EMPTY ACTION,0
Large-Language-Models-play-StarCraftII/jev_runs/macro-v2-20260922-veryhard-004,324.8214285714286,EMPTY ACTION,0
Large-Language-Models-play-StarCraftII/jev_runs/macro-v2-20260922-veryhard-004,325.89285714285717,EMPTY ACTION,0
Large-Language-Models-play-StarCraftII/jev_runs/macro-v2-20260922-veryhard-004,326.9642857142857,TRAIN ADEPT,1
Large-Language-Models-play-StarCraftII/jev_runs/macro-v2-20260922-veryhard-004,328.03571428571433,EMPTY ACTION,0
Large-Language-Models-play-StarCraftII/jev_runs/macro-v2-20260922-veryhard-004,329.1071428571429,EMPTY ACTION,0
Large-Language-Models-play-StarCraftII/jev_runs/macro-v2-20260922-veryhard-004,330.17857142857144,TRAIN ZEALOT,1
Large-Language-Models-play-StarCraftII/jev_runs/macro-v2-20260922-veryhard-004,331.25,EMPTY ACTION,0
Large-Language-Models-play-StarCraftII/jev_runs/macro-v2-20260922-veryhard-004,332.3214285714286,EMPTY ACTION,0
Large-Language-Models-play-StarCraftII/jev_runs/macro-v2-20260922-veryhard-004,333.39285714285717,BUILD PYLON,1
Large-Language-Models-play-StarCraftII/jev_runs/macro-v2-20260922-veryhard-004,334.4642857142857,EMPTY ACTION,0
Large-Language-Models-play-StarCraftII/jev_runs/macro-v2-20260922-veryhard-004,335.53571428571433,EMPTY ACTION,0
Large-Language-Models-play-StarCraftII/jev_runs/macro-v2-20260922-veryhard-004,336.6071428571429,EMPTY ACTION,0
Large-Language-Models-play-StarCraftII/jev_runs/macro-v2-20260922-veryhard-004,337.67857142857144,EMPTY ACTION,0
Large-Language-Models-play-StarCraftII/jev_runs/macro-v2-20260922-veryhard-004,338.75,BUILD GATEWAY,1
Large-Language-Models-play-StarCraftII/jev_runs/macro-v2-20260922-veryhard-004,339.8214285714286,EMPTY ACTION,0
Large-Language-Models-play-StarCraftII/jev_runs/macro-v2-20260922-veryhard-004,341.42857142857144,EMPTY ACTION,0
Large-Language-Models-play-StarCraftII/jev_runs/macro-v2-20260922-veryhard-004,342.14285714285717,EMPTY ACTION,0
Large-Language-Models-play-StarCraftII/jev_runs/macro-v2-20260922-veryhard-004,343.2142857142857,EMPTY ACTION,0
Large-Language-Models-play-StarCraftII/jev_runs/macro-v2-20260922-veryhard-004,344.28571428571433,EMPTY ACTION,0
Large-Language-Models-play-StarCraftII/jev_runs/macro-v2-20260922-veryhard-004,345.3571428571429,EMPTY ACTION,0
Large-Language-Models-play-StarCraftII/jev_runs/macro-v2-20260922-veryhard-004,346.42857142857144,EMPTY ACTION,0
Large-Language-Models-play-StarCraftII/jev_runs/macro-v2-20260922-veryhard-004,347.5,TRAIN IMMORTAL,1
Large-Language-Models-play-StarCraftII/jev_runs/macro-v2-20260922-veryhard-004,348.5714285714286,EMPTY ACTION,0
Large-Language-Models-play-StarCraftII/jev_runs/macro-v2-20260922-veryhard-004,349.64285714285717,EMPTY ACTION,0
Large-Language-Models-play-StarCraftII/jev_runs/macro-v2-20260922-veryhard-004,350.7142857142857,TRAIN ADEPT,1
Large-Language-Models-play-StarCraftII/jev_runs/macro-v2-20260922-veryhard-004,351.78571428571433,EMPTY ACTION,0
Large-Language-Models-play-StarCraftII/jev_runs/macro-v2-20260922-veryhard-004,352.8571428571429,EMPTY ACTION,0
Large-Language-Models-play-StarCraftII/jev_runs/macro-v2-20260922-veryhard-004,353.92857142857144,TRAIN ADEPT,1
Large-Language-Models-play-StarCraftII/jev_runs/macro-v2-20260922-veryhard-004,355.0,EMPTY ACTION,0
Large-Language-Models-play-StarCraftII/jev_runs/macro-v2-20260922-veryhard-004,356.0714285714286,EMPTY ACTION,0
Large-Language-Models-play-StarCraftII/jev_runs/macro-v2-20260922-veryhard-004,357.14285714285717,EMPTY ACTION,0
Large-Language-Models-play-StarCraftII/jev_runs/macro-v2-20260922-veryhard-004,358.2142857142857,BUILD PYLON,1
Large-Language-Models-play-StarCraftII/jev_runs/macro-v2-20260922-veryhard-004,359.28571428571433,EMPTY ACTION,0
Large-Language-Models-play-StarCraftII/jev_runs/macro-v2-20260922-veryhard-004,360.3571428571429,TRAIN ADEPT,1
Large-Language-Models-play-StarCraftII/jev_runs/macro-v2-20260922-veryhard-004,361.42857142857144,EMPTY ACTION,0
Large-Language-Models-play-StarCraftII/jev_runs/macro-v2-20260922-veryhard-004,362.5,EMPTY ACTION,0
Large-Language-Models-play-StarCraftII/jev_runs/macro-v2-20260922-veryhard-004,363.5714285714286,EMPTY ACTION,0
Large-Language-Models-play-StarCraftII/jev_runs/macro-v2-20260922-veryhard-004,364.64285714285717,TRAIN PROBE,1
Large-Language-Models-play-StarCraftII/jev_runs/macro-v2-20260922-veryhard-004,365.7142857142857,EMPTY ACTION,0
Large-Language-Models-play-StarCraftII/jev_runs/macro-v2-20260922-veryhard-004,366.78571428571433,EMPTY ACTION,0
Large-Language-Models-play-StarCraftII/jev_runs/macro-v2-20260922-veryhard-004,367.8571428571429,EMPTY ACTION,0
Large-Language-Models-play-StarCraftII/jev_runs/macro-v2-20260922-veryhard-004,368.92857142857144,EMPTY ACTION,0
Large-Language-Models-play-StarCraftII/jev_runs/macro-v2-20260922-veryhard-004,370.0,EMPTY ACTION,0
Large-Language-Models-play-StarCraftII/jev_runs/macro-v2-20260922-veryhard-004,371.0714285714286,EMPTY ACTION,0
Large-Language-Models-play-StarCraftII/jev_runs/macro-v2-20260922-veryhard-004,372.14285714285717,EMPTY ACTION,0
Large-Language-Models-play-StarCraftII/jev_runs/macro-v2-20260922-veryhard-004,373.2142857142857,BUILD SHIELDBATTERY,1
Large-Language-Models-play-StarCraftII/jev_runs/macro-v2-20260922-veryhard-004,374.28571428571433,TRAIN STALKER,1
Large-Language-Models-play-StarCraftII/jev_runs/macro-v2-20260922-veryhard-004,375.3571428571429,EMPTY ACTION,0
Large-Language-Models-play-StarCraftII/jev_runs/macro-v2-20260922-veryhard-004,376.42857142857144,EMPTY ACTION,0
Large-Language-Models-play-StarCraftII/jev_runs/macro-v2-20260922-veryhard-004,377.5,TRAIN STALKER,1
Large-Language-Models-play-StarCraftII/jev_runs/macro-v2-20260922-veryhard-004,378.5714285714286,EMPTY ACTION,0
Large-Language-Models-play-StarCraftII/jev_runs/macro-v2-20260922-veryhard-004,379.64285714285717,EMPTY ACTION,0
Large-Language-Models-play-StarCraftII/jev_runs/macro-v2-20260922-veryhard-004,380.7142857142857,EMPTY ACTION,0
Large-Language-Models-play-StarCraftII/jev_runs/macro-v2-20260922-veryhard-004,381.78571428571433,EMPTY ACTION,0
Large-Language-Models-play-StarCraftII/jev_runs/macro-v2-20260922-veryhard-004,382.8571428571429,EMPTY ACTION,0
Large-Language-Models-play-StarCraftII/jev_runs/macro-v2-20260922-veryhard-004,383.92857142857144,EMPTY ACTION,0
Large-Language-Models-play-StarCraftII/jev_runs/macro-v2-20260922-veryhard-004,385.0,EMPTY ACTION,0
Large-Language-Models-play-StarCraftII/jev_runs/macro-v2-20260922-veryhard-004,386.0714285714286,EMPTY ACTION,0
Large-Language-Models-play-StarCraftII/jev_runs/macro-v2-20260922-veryhard-004,387.14285714285717,EMPTY ACTION,0
Large-Language-Models-play-StarCraftII/jev_runs/macro-v2-20260922-veryhard-004,388.2142857142857,BUILD PYLON,1
Large-Language-Models-play-StarCraftII/jev_runs/macro-v2-20260922-veryhard-004,389.28571428571433,EMPTY ACTION,0
Large-Language-Models-play-StarCraftII/jev_runs/macro-v2-20260922-veryhard-004,390.3571428571429,EMPTY ACTION,0
Large-Language-Models-play-StarCraftII/jev_runs/macro-v2-20260922-veryhard-004,391.42857142857144,EMPTY ACTION,0
Large-Language-Models-play-StarCraftII/jev_runs/macro-v2-20260922-veryhard-004,392.5,EMPTY ACTION,0
Large-Language-Models-play-StarCraftII/jev_runs/macro-v2-20260922-veryhard-004,393.5714285714286,BUILD NEXUS,1
Large-Language-Models-play-StarCraftII/jev_runs/macro-v2-20260922-veryhard-004,394.64285714285717,EMPTY ACTION,0
Large-Language-Models-play-StarCraftII/jev_runs/macro-v2-20260922-veryhard-004,395.7142857142857,TRAIN PROBE,1
Large-Language-Models-play-StarCraftII/jev_runs/macro-v2-20260922-veryhard-004,396.78571428571433,TRAIN PROBE,1
Large-Language-Models-play-StarCraftII/jev_runs/macro-v2-20260922-veryhard-004,397.8571428571429,EMPTY ACTION,0
Large-Language-Models-play-StarCraftII/jev_runs/macro-v2-20260922-veryhard-004,398.92857142857144,EMPTY ACTION,0
Large-Language-Models-play-StarCraftII/jev_runs/macro-v2-20260922-veryhard-004,400.0,TRAIN ADEPT,1
Large-Language-Models-play-StarCraftII/jev_runs/macro-v2-20260922-veryhard-004,401.0714285714286,EMPTY ACTION,0
Large-Language-Models-play-StarCraftII/jev_runs/macro-v2-20260922-veryhard-004,402.14285714285717,EMPTY ACTION,0
Large-Language-Models-play-StarCraftII/jev_runs/macro-v2-20260922-veryhard-004,403.2142857142857,TRAIN ADEPT,1
Large-Language-Models-play-StarCraftII/jev_runs/macro-v2-20260922-veryhard-004,404.28571428571433,EMPTY ACTION,0
Large-Language-Models-play-StarCraftII/jev_runs/macro-v2-20260922-veryhard-004,405.3571428571429,EMPTY ACTION,0
Large-Language-Models-play-StarCraftII/jev_runs/macro-v2-20260922-veryhard-004,406.42857142857144,EMPTY ACTION,0
Large-Language-Models-play-StarCraftII/jev_runs/macro-v2-20260922-veryhard-004,407.5,BUILD PYLON,1
Large-Language-Models-play-StarCraftII/jev_runs/macro-v2-20260922-veryhard-004,408.5714285714286,TRAIN PROBE,1
Large-Language-Models-play-StarCraftII/jev_runs/macro-v2-20260922-veryhard-004,409.64285714285717,EMPTY ACTION,0
Large-Language-Models-play-StarCraftII/jev_runs/macro-v2-20260922-veryhard-004,410.7142857142857,TRAIN PROBE,1
Large-Language-Models-play-StarCraftII/jev_runs/macro-v2-20260922-veryhard-004,411.78571428571433,EMPTY ACTION,0
Large-Language-Models-play-StarCraftII/jev_runs/macro-v2-20260922-veryhard-004,412.8571428571429,EMPTY ACTION,0
Large-Language-Models-play-StarCraftII/jev_runs/macro-v2-20260922-veryhard-004,413.92857142857144,TRAIN ADEPT,1
Large-Language-Models-play-StarCraftII/jev_runs/macro-v2-20260922-veryhard-004,415.0,EMPTY ACTION,0
Large-Language-Models-play-StarCraftII/jev_runs/macro-v2-20260922-veryhard-004,416.0714285714286,EMPTY ACTION,0
Large-Language-Models-play-StarCraftII/jev_runs/macro-v2-20260922-veryhard-004,417.14285714285717,EMPTY ACTION,0
Large-Language-Models-play-StarCraftII/jev_runs/macro-v2-20260922-veryhard-004,418.2142857142857,TRAIN STALKER,1
Large-Language-Models-play-StarCraftII/jev_runs/macro-v2-20260922-veryhard-004,419.28571428571433,EMPTY ACTION,0
Large-Language-Models-play-StarCraftII/jev_runs/macro-v2-20260922-veryhard-004,420.3571428571429,EMPTY ACTION,0
Large-Language-Models-play-StarCraftII/jev_runs/macro-v2-20260922-veryhard-004,421.42857142857144,TRAIN PROBE,1
Large-Language-Models-play-StarCraftII/jev_runs/macro-v2-20260922-veryhard-004,422.5,EMPTY ACTION,0
Large-Language-Models-play-StarCraftII/jev_runs/macro-v2-20260922-veryhard-004,423.5714285714286,TRAIN PROBE,1
Large-Language-Models-play-StarCraftII/jev_runs/macro-v2-20260922-veryhard-004,424.64285714285717,EMPTY ACTION,0
Large-Language-Models-play-StarCraftII/jev_runs/macro-v2-20260922-veryhard-004,425.7142857142857,BUILD PYLON,1
Large-Language-Models-play-StarCraftII/jev_runs/macro-v2-20260922-veryhard-004,426.78571428571433,EMPTY ACTION,0
Large-Language-Models-play-StarCraftII/jev_runs/macro-v2-20260922-veryhard-004,427.8571428571429,EMPTY ACTION,0
Large-Language-Models-play-StarCraftII/jev_runs/macro-v2-20260922-veryhard-004,428.92857142857144,TRAIN ADEPT,1
Large-Language-Models-play-StarCraftII/jev_runs/macro-v2-20260922-veryhard-004,430.0,EMPTY ACTION,0
Large-Language-Models-play-StarCraftII/jev_runs/macro-v2-20260922-veryhard-004,431.0714285714286,EMPTY ACTION,0
Large-Language-Models-play-StarCraftII/jev_runs/macro-v2-20260922-veryhard-004,432.14285714285717,TRAIN ADEPT,1
Large-Language-Models-play-StarCraftII/jev_runs/macro-v2-20260922-veryhard-004,433.75,EMPTY ACTION,0
Large-Language-Models-play-StarCraftII/jev_runs/macro-v2-20260922-veryhard-004,434.4642857142857,TRAIN PROBE,1
Large-Language-Models-play-StarCraftII/jev_runs/macro-v2-20260922-veryhard-004,435.53571428571433,EMPTY ACTION,0
Large-Language-Models-play-StarCraftII/jev_runs/macro-v2-20260922-veryhard-004,436.6071428571429,TRAIN PROBE,1
Large-Language-Models-play-StarCraftII/jev_runs/macro-v2-20260922-veryhard-004,437.67857142857144,EMPTY ACTION,0
Large-Language-Models-play-StarCraftII/jev_runs/macro-v2-20260922-veryhard-004,438.75,TRAIN ADEPT,1
Large-Language-Models-play-StarCraftII/jev_runs/macro-v2-20260922-veryhard-004,439.8214285714286,EMPTY ACTION,0
Large-Language-Models-play-StarCraftII/jev_runs/macro-v2-20260922-veryhard-004,442.14285714285717,MULTI-ATTACK,24
Large-Language-Models-play-StarCraftII/jev_runs/macro-v2-20260922-veryhard-004,443.2142857142857,BUILD PYLON,1
Large-Language-Models-play-StarCraftII/jev_runs/macro-v2-20260922-veryhard-004,444.28571428571433,EMPTY ACTION,0
Large-Language-Models-play-StarCraftII/jev_runs/macro-v2-20260922-veryhard-004,446.42857142857144,EMPTY ACTION,0
Large-Language-Models-play-StarCraftII/jev_runs/macro-v2-20260922-veryhard-004,447.5,EMPTY ACTION,0
Large-Language-Models-play-StarCraftII/jev_runs/macro-v2-20260922-veryhard-004,448.5714285714286,TRAIN STALKER,1
Large-Language-Models-play-StarCraftII/jev_runs/macro-v2-20260922-veryhard-004,449.64285714285717,EMPTY ACTION,0
Large-Language-Models-play-StarCraftII/jev_runs/macro-v2-20260922-veryhard-004,450.7142857142857,EMPTY ACTION,0
Large-Language-Models-play-StarCraftII/jev_runs/macro-v2-20260922-veryhard-004,451.78571428571433,EMPTY ACTION,0
Large-Language-Models-play-StarCraftII/jev_runs/macro-v2-20260922-veryhard-004,452.8571428571429,EMPTY ACTION,0
Large-Language-Models-play-StarCraftII/jev_runs/macro-v2-20260922-veryhard-004,453.92857142857144,TRAIN IMMORTAL,1
Large-Language-Models-play-StarCraftII/jev_runs/macro-v2-20260922-veryhard-004,455.00000000000006,TRAIN PROBE,1
Large-Language-Models-play-StarCraftII/jev_runs/macro-v2-20260922-veryhard-004,456.0714285714286,EMPTY ACTION,0
Large-Language-Models-play-StarCraftII/jev_runs/macro-v2-20260922-veryhard-004,457.14285714285717,TRAIN PROBE,1
Large-Language-Models-play-StarCraftII/jev_runs/macro-v2-20260922-veryhard-004,458.2142857142857,EMPTY ACTION,0
Large-Language-Models-play-StarCraftII/jev_runs/macro-v2-20260922-veryhard-004,459.28571428571433,BUILD PYLON,1
Large-Language-Models-play-StarCraftII/jev_runs/macro-v2-20260922-veryhard-004,461.0714285714286,EMPTY ACTION,0
Large-Language-Models-play-StarCraftII/jev_runs/macro-v2-20260922-veryhard-004,461.78571428571433,EMPTY ACTION,0
Large-Language-Models-play-StarCraftII/jev_runs/macro-v2-20260922-veryhard-004,462.8571428571429,TRAIN STALKER,1
Large-Language-Models-play-StarCraftII/jev_runs/macro-v2-20260922-veryhard-004,463.92857142857144,EMPTY ACTION,0
Large-Language-Models-play-StarCraftII/jev_runs/macro-v2-20260922-veryhard-004,465.00000000000006,EMPTY ACTION,0
Large-Language-Models-play-StarCraftII/jev_runs/macro-v2-20260922-veryhard-004,466.0714285714286,TRAIN ADEPT,1
Large-Language-Models-play-StarCraftII/jev_runs/macro-v2-20260922-veryhard-004,467.14285714285717,TRAIN STALKER,1
Large-Language-Models-play-StarCraftII/jev_runs/macro-v2-20260922-veryhard-004,468.2142857142857,TRAIN PROBE,1
Large-Language-Models-play-StarCraftII/jev_runs/macro-v2-20260922-veryhard-004,469.28571428571433,EMPTY ACTION,0
Large-Language-Models-play-StarCraftII/jev_runs/macro-v2-20260922-veryhard-004,470.3571428571429,TRAIN PROBE,1
Large-Language-Models-play-StarCraftII/jev_runs/macro-v2-20260922-veryhard-004,471.42857142857144,EMPTY ACTION,0
Large-Language-Models-play-StarCraftII/jev_runs/macro-v2-20260922-veryhard-004,472.50000000000006,TRAIN ADEPT,1
Large-Language-Models-play-StarCraftII/jev_runs/macro-v2-20260922-veryhard-004,473.5714285714286,TRAIN STALKER,1
Large-Language-Models-play-StarCraftII/jev_runs/macro-v2-20260922-veryhard-004,474.64285714285717,BUILD TWILIGHTCOUNCIL,1
Large-Language-Models-play-StarCraftII/jev_runs/macro-v2-20260922-veryhard-004,475.7142857142857,CHRONOBOOST NEXUS,1
Large-Language-Models-play-StarCraftII/jev_runs/macro-v2-20260922-veryhard-004,476.78571428571433,CHRONOBOOST NEXUS,1
Large-Language-Models-play-StarCraftII/jev_runs/macro-v2-20260922-veryhard-004,478.03571428571433,EMPTY ACTION,0
Large-Language-Models-play-StarCraftII/jev_runs/macro-v2-20260922-veryhard-004,478.92857142857144,TRAIN ADEPT,1
Large-Language-Models-play-StarCraftII/jev_runs/macro-v2-20260922-veryhard-004,480.00000000000006,TRAIN PROBE,1
Large-Language-Models-play-StarCraftII/jev_runs/macro-v2-20260922-veryhard-004,481.0714285714286,EMPTY ACTION,0
Large-Language-Models-play-StarCraftII/jev_runs/macro-v2-20260922-veryhard-004,482.14285714285717,TRAIN PROBE,1
Large-Language-Models-play-StarCraftII/jev_runs/macro-v2-20260922-veryhard-004,483.2142857142857,TRAIN PROBE,1
Large-Language-Models-play-StarCraftII/jev_runs/macro-v2-20260922-veryhard-004,484.28571428571433,EMPTY ACTION,0
Large-Language-Models-play-StarCraftII/jev_runs/macro-v2-20260922-veryhard-004,485.3571428571429,TRAIN STALKER,1
Large-Language-Models-play-StarCraftII/jev_runs/macro-v2-20260922-veryhard-004,486.42857142857144,EMPTY ACTION,0
Large-Language-Models-play-StarCraftII/jev_runs/macro-v2-20260922-veryhard-004,488.2142857142857,EMPTY ACTION,0
Large-Language-Models-play-StarCraftII/jev_runs/macro-v2-20260922-veryhard-004,488.92857142857144,TRAIN PROBE,1
Large-Language-Models-play-StarCraftII/jev_runs/macro-v2-20260922-veryhard-004,490.00000000000006,CHRONOBOOST NEXUS,1
Large-Language-Models-play-StarCraftII/jev_runs/macro-v2-20260922-veryhard-004,491.0714285714286,TRAIN ADEPT,1
Large-Language-Models-play-StarCraftII/jev_runs/macro-v2-20260922-veryhard-004,492.14285714285717,TRAIN STALKER,1
Large-Language-Models-play-StarCraftII/jev_runs/macro-v2-20260922-veryhard-004,493.2142857142857,EMPTY ACTION,0
Large-Language-Models-play-StarCraftII/jev_runs/macro-v2-20260922-veryhard-004,494.4642857142857,EMPTY ACTION,0
Large-Language-Models-play-StarCraftII/jev_runs/macro-v2-20260922-veryhard-004,495.3571428571429,EMPTY ACTION,0
Large-Language-Models-play-StarCraftII/jev_runs/macro-v2-20260922-veryhard-004,496.42857142857144,CHRONOBOOST NEXUS,1
Large-Language-Models-play-StarCraftII/jev_runs/macro-v2-20260922-veryhard-004,497.50000000000006,EMPTY ACTION,0
Large-Language-Models-play-StarCraftII/jev_runs/macro-v2-20260922-veryhard-004,498.5714285714286,EMPTY ACTION,0
Large-Language-Models-play-StarCraftII/jev_runs/macro-v2-20260922-veryhard-004,499.64285714285717,TRAIN IMMORTAL,1
Large-Language-Models-play-StarCraftII/jev_runs/macro-v2-20260922-veryhard-004,500.7142857142857,EMPTY ACTION,0
Large-Language-Models-play-StarCraftII/jev_runs/macro-v2-20260922-veryhard-004,501.78571428571433,TRAIN ADEPT,1
Large-Language-Models-play-StarCraftII/jev_runs/macro-v2-20260922-veryhard-004,502.8571428571429,EMPTY ACTION,0
Large-Language-Models-play-StarCraftII/jev_runs/macro-v2-20260922-veryhard-004,503.92857142857144,EMPTY ACTION,0
Large-Language-Models-play-StarCraftII/jev_runs/macro-v2-20260922-veryhard-004,505.00000000000006,TRAIN ADEPT,1
Large-Language-Models-play-StarCraftII/jev_runs/macro-v2-20260922-veryhard-004,506.0714285714286,TRAIN STALKER,1
Large-Language-Models-play-StarCraftII/jev_runs/macro-v2-20260922-veryhard-004,507.14285714285717,EMPTY ACTION,0
Large-Language-Models-play-StarCraftII/jev_runs/macro-v2-20260922-veryhard-004,508.2142857142857,TRAIN STALKER,1
Large-Language-Models-play-StarCraftII/jev_runs/macro-v2-20260922-veryhard-004,509.28571428571433,EMPTY ACTION,0
Large-Language-Models-play-StarCraftII/jev_runs/macro-v2-20260922-veryhard-004,510.89285714285717,EMPTY ACTION,0
Large-Language-Models-play-StarCraftII/jev_runs/macro-v2-20260922-veryhard-004,511.6071428571429,EMPTY ACTION,0
Large-Language-Models-play-StarCraftII/jev_runs/macro-v2-20260922-veryhard-004,512.6785714285714,RESEARCH ADEPTPIERCINGATTACK,1
Large-Language-Models-play-StarCraftII/jev_runs/macro-v2-20260922-veryhard-004,513.75,EMPTY ACTION,0
Large-Language-Models-play-StarCraftII/jev_runs/macro-v2-20260922-veryhard-004,514.8214285714286,TRAIN STALKER,1
Large-Language-Models-play-StarCraftII/jev_runs/macro-v2-20260922-veryhard-004,515.8928571428572,EMPTY ACTION,0
Large-Language-Models-play-StarCraftII/jev_runs/macro-v2-20260922-veryhard-004,516.9642857142858,BUILD GATEWAY,1
Large-Language-Models-play-StarCraftII/jev_runs/macro-v2-20260922-veryhard-004,518.0357142857143,EMPTY ACTION,0
Large-Language-Models-play-StarCraftII/jev_runs/macro-v2-20260922-veryhard-004,519.1071428571429,EMPTY ACTION,0
Large-Language-Models-play-StarCraftII/jev_runs/macro-v2-20260922-veryhard-004,520.1785714285714,EMPTY ACTION,0
Large-Language-Models-play-StarCraftII/jev_runs/macro-v2-20260922-veryhard-004,521.25,EMPTY ACTION,0
Large-Language-Models-play-StarCraftII/jev_runs/macro-v2-20260922-veryhard-004,522.3214285714286,EMPTY ACTION,0
Large-Language-Models-play-StarCraftII/jev_runs/macro-v2-20260922-veryhard-004,523.3928571428572,EMPTY ACTION,0
Large-Language-Models-play-StarCraftII/jev_runs/macro-v2-20260922-veryhard-004,524.4642857142858,TRAIN STALKER,1
Large-Language-Models-play-StarCraftII/jev_runs/macro-v2-20260922-veryhard-004,525.5357142857143,EMPTY ACTION,0
Large-Language-Models-play-StarCraftII/jev_runs/macro-v2-20260922-veryhard-004,526.6071428571429,EMPTY ACTION,0
Large-Language-Models-play-StarCraftII/jev_runs/macro-v2-20260922-veryhard-004,527.6785714285714,EMPTY ACTION,0
Large-Language-Models-play-StarCraftII/jev_runs/macro-v2-20260922-veryhard-004,528.75,TRAIN STALKER,1
Large-Language-Models-play-StarCraftII/jev_runs/macro-v2-20260922-veryhard-004,529.8214285714286,EMPTY ACTION,0
Large-Language-Models-play-StarCraftII/jev_runs/macro-v2-20260922-veryhard-004,530.8928571428572,TRAIN ADEPT,1
Large-Language-Models-play-StarCraftII/jev_runs/macro-v2-20260922-veryhard-004,532.5,EMPTY ACTION,0
Large-Language-Models-play-StarCraftII/jev_runs/macro-v2-20260922-veryhard-004,533.2142857142858,EMPTY ACTION,0
Large-Language-Models-play-StarCraftII/jev_runs/macro-v2-20260922-veryhard-004,534.2857142857143,EMPTY ACTION,0
Large-Language-Models-play-StarCraftII/jev_runs/macro-v2-20260922-veryhard-004,536.9642857142858,MULTI-DEFEND,15
Large-Language-Models-play-StarCraftII/jev_runs/macro-v2-20260922-veryhard-004,537.8571428571429,BUILD ASSIMILATOR,1
Large-Language-Models-play-StarCraftII/jev_runs/macro-v2-20260922-veryhard-004,538.9285714285714,TRAIN ZEALOT,1
Large-Language-Models-play-StarCraftII/jev_runs/macro-v2-20260922-veryhard-004,540.0,TRAIN PROBE,1
Large-Language-Models-play-StarCraftII/jev_runs/macro-v2-20260922-veryhard-004,541.0714285714286,TRAIN PROBE,1
Large-Language-Models-play-StarCraftII/jev_runs/macro-v2-20260922-veryhard-004,542.1428571428572,TRAIN PROBE,1
Large-Language-Models-play-StarCraftII/jev_runs/macro-v2-20260922-veryhard-004,543.75,EMPTY ACTION,0
Large-Language-Models-play-StarCraftII/jev_runs/macro-v2-20260922-veryhard-004,544.4642857142858,EMPTY ACTION,0
Large-Language-Models-play-StarCraftII/jev_runs/macro-v2-20260922-veryhard-004,545.5357142857143,EMPTY ACTION,0
Large-Language-Models-play-StarCraftII/jev_runs/macro-v2-20260922-veryhard-004,546.6071428571429,TRAIN IMMORTAL,1
Large-Language-Models-play-StarCraftII/jev_runs/macro-v2-20260922-veryhard-004,547.6785714285714,TRAIN ZEALOT,1
Large-Language-Models-play-StarCraftII/jev_runs/macro-v2-20260922-veryhard-004,548.75,EMPTY ACTION,0
Large-Language-Models-play-StarCraftII/jev_runs/macro-v2-20260922-veryhard-004,549.8214285714286,EMPTY ACTION,0
Large-Language-Models-play-StarCraftII/jev_runs/macro-v2-20260922-veryhard-004,550.8928571428572,EMPTY ACTION,0
Large-Language-Models-play-StarCraftII/jev_runs/macro-v2-20260922-veryhard-004,555.3571428571429,TRAIN ZEALOT,1
Large-Language-Models-play-StarCraftII/jev_runs/macro-v2-20260922-veryhard-004,556.4285714285714,TRAIN ZEALOT,1
Large-Language-Models-play-StarCraftII/jev_runs/macro-v2-20260922-veryhard-004,557.5,TRAIN PROBE,1
Large-Language-Models-play-StarCraftII/jev_runs/macro-v2-20260922-veryhard-004,558.5714285714286,TRAIN PROBE,1
Large-Language-Models-play-StarCraftII/jev_runs/macro-v2-20260922-veryhard-004,559.6428571428572,TRAIN PROBE,1
Large-Language-Models-play-StarCraftII/jev_runs/macro-v2-20260922-veryhard-004,560.7142857142858,EMPTY ACTION,0
Large-Language-Models-play-StarCraftII/jev_runs/macro-v2-20260922-veryhard-004,561.7857142857143,BUILD ASSIMILATOR,1
Large-Language-Models-play-StarCraftII/jev_runs/macro-v2-20260922-veryhard-004,562.8571428571429,TRAIN ZEALOT,1
Large-Language-Models-play-StarCraftII/jev_runs/macro-v2-20260922-veryhard-004,563.9285714285714,EMPTY ACTION,0
Large-Language-Models-play-StarCraftII/jev_runs/macro-v2-20260922-veryhard-004,565.0,EMPTY ACTION,0
Large-Language-Models-play-StarCraftII/jev_runs/macro-v2-20260922-veryhard-004,566.0714285714286,BUILD GATEWAY,1
Large-Language-Models-play-StarCraftII/jev_runs/macro-v2-20260922-veryhard-004,567.1428571428572,EMPTY ACTION,0
Large-Language-Models-play-StarCraftII/jev_runs/macro-v2-20260922-veryhard-004,568.75,MULTI-RETREAT,21
Large-Language-Models-play-StarCraftII/jev_runs/macro-v2-20260922-veryhard-004,569.4642857142858,TRAIN ZEALOT,1
Large-Language-Models-play-StarCraftII/jev_runs/macro-v2-20260922-veryhard-004,571.0714285714286,TRAIN ZEALOT,1
Large-Language-Models-play-StarCraftII/jev_runs/macro-v2-20260922-veryhard-004,572.8571428571429,CHRONOBOOST TWILIGHTCOUNCIL,1
Large-Language-Models-play-StarCraftII/jev_runs/macro-v2-20260922-veryhard-004,573.9285714285714,EMPTY ACTION,0
Large-Language-Models-play-StarCraftII/jev_runs/macro-v2-20260922-veryhard-004,575.0,EMPTY ACTION,0
Large-Language-Models-play-StarCraftII/jev_runs/macro-v2-20260922-veryhard-004,576.0714285714286,EMPTY ACTION,0
Large-Language-Models-play-StarCraftII/jev_runs/macro-v2-20260922-veryhard-004,577.1428571428572,EMPTY ACTION,0
Large-Language-Models-play-StarCraftII/jev_runs/macro-v2-20260922-veryhard-004,578.2142857142858,TRAIN ZEALOT,1
Large-Language-Models-play-StarCraftII/jev_runs/macro-v2-20260922-veryhard-004,579.2857142857143,TRAIN ZEALOT,1
Large-Language-Models-play-StarCraftII/jev_runs/macro-v2-20260922-veryhard-004,580.3571428571429,EMPTY ACTION,0
Large-Language-Models-play-StarCraftII/jev_runs/macro-v2-20260922-veryhard-004,581.4285714285714,EMPTY ACTION,0
Large-Language-Models-play-StarCraftII/jev_runs/macro-v2-20260922-veryhard-004,582.5,EMPTY ACTION,0
Large-Language-Models-play-StarCraftII/jev_runs/macro-v2-20260922-veryhard-004,583.5714285714286,EMPTY ACTION,0
Large-Language-Models-play-StarCraftII/jev_runs/macro-v2-20260922-veryhard-004,584.6428571428572,EMPTY ACTION,0
Large-Language-Models-play-StarCraftII/jev_runs/macro-v2-20260922-veryhard-004,585.7142857142858,TRAIN ZEALOT,1
Large-Language-Models-play-StarCraftII/jev_runs/macro-v2-20260922-veryhard-004,586.7857142857143,TRAIN IMMORTAL,1
Large-Language-Models-play-StarCraftII/jev_runs/macro-v2-20260922-veryhard-004,588.0357142857143,EMPTY ACTION,0
Large-Language-Models-play-StarCraftII/jev_runs/macro-v2-20260922-veryhard-004,588.9285714285714,EMPTY ACTION,0
Large-Language-Models-play-StarCraftII/jev_runs/macro-v2-20260922-veryhard-004,590.0,EMPTY ACTION,0
Large-Language-Models-play-StarCraftII/jev_runs/macro-v2-20260922-veryhard-004,591.0714285714286,EMPTY ACTION,0
Large-Language-Models-play-StarCraftII/jev_runs/macro-v2-20260922-veryhard-004,592.1428571428572,TRAIN ZEALOT,1
Large-Language-Models-play-StarCraftII/jev_runs/macro-v2-20260922-veryhard-004,593.2142857142858,BUILD PYLON,1
Large-Language-Models-play-StarCraftII/jev_runs/macro-v2-20260922-veryhard-004,594.4642857142858,TRAIN ZEALOT,1
Large-Language-Models-play-StarCraftII/jev_runs/macro-v2-20260922-veryhard-004,595.3571428571429,EMPTY ACTION,0
Large-Language-Models-play-StarCraftII/jev_runs/macro-v2-20260922-veryhard-004,597.5,BUILD ASSIMILATOR,1
Large-Language-Models-play-StarCraftII/jev_runs/macro-v2-20260922-veryhard-004,598.5714285714286,BUILD ROBOTICSBAY,1
Large-Language-Models-play-StarCraftII/jev_runs/macro-v2-20260922-veryhard-004,599.6428571428572,TRAIN PROBE,1
Large-Language-Models-play-StarCraftII/jev_runs/macro-v2-20260922-veryhard-004,600.7142857142858,TRAIN PROBE,1
Large-Language-Models-play-StarCraftII/jev_runs/macro-v2-20260922-veryhard-004,601.7857142857143,TRAIN ZEALOT,1
Large-Language-Models-play-StarCraftII/jev_runs/macro-v2-20260922-veryhard-004,602.8571428571429,TRAIN ZEALOT,1
Large-Language-Models-play-StarCraftII/jev_runs/macro-v2-20260922-veryhard-004,603.9285714285714,RESEARCH CHARGE,1
Large-Language-Models-play-StarCraftII/jev_runs/macro-v2-20260922-veryhard-004,605.0,TRAIN PROBE,1
Large-Language-Models-play-StarCraftII/jev_runs/macro-v2-20260922-veryhard-004,606.0714285714286,BUILD PYLON,1
Large-Language-Models-play-StarCraftII/jev_runs/macro-v2-20260922-veryhard-004,607.8571428571429,EMPTY ACTION,0
Large-Language-Models-play-StarCraftII/jev_runs/macro-v2-20260922-veryhard-004,608.5714285714286,TRAIN ZEALOT,1
Large-Language-Models-play-StarCraftII/jev_runs/macro-v2-20260922-veryhard-004,609.6428571428572,EMPTY ACTION,0
Large-Language-Models-play-StarCraftII/jev_runs/macro-v2-20260922-veryhard-004,610.7142857142858,EMPTY ACTION,0
Large-Language-Models-play-StarCraftII/jev_runs/macro-v2-20260922-veryhard-004,612.3214285714286,EMPTY ACTION,0
Large-Language-Models-play-StarCraftII/jev_runs/macro-v2-20260922-veryhard-004,613.0357142857143,TRAIN PROBE,1
Large-Language-Models-play-StarCraftII/jev_runs/macro-v2-20260922-veryhard-004,614.1071428571429,EMPTY ACTION,0
Large-Language-Models-play-StarCraftII/jev_runs/macro-v2-20260922-veryhard-004,615.1785714285714,TRAIN ZEALOT,1
Large-Language-Models-play-StarCraftII/jev_runs/macro-v2-20260922-veryhard-004,616.25,TRAIN STALKER,1
Large-Language-Models-play-StarCraftII/jev_runs/macro-v2-20260922-veryhard-004,617.3214285714286,TRAIN STALKER,1
Large-Language-Models-play-StarCraftII/jev_runs/macro-v2-20260922-veryhard-004,618.3928571428572,BUILD GATEWAY,1
Large-Language-Models-play-StarCraftII/jev_runs/macro-v2-20260922-veryhard-004,619.4642857142858,TRAIN STALKER,1
Large-Language-Models-play-StarCraftII/jev_runs/macro-v2-20260922-veryhard-004,620.5357142857143,BUILD ASSIMILATOR,1
Large-Language-Models-play-StarCraftII/jev_runs/macro-v2-20260922-veryhard-004,621.6071428571429,BUILD PYLON,1
Large-Language-Models-play-StarCraftII/jev_runs/macro-v2-20260922-veryhard-004,622.6785714285714,EMPTY ACTION,0
Large-Language-Models-play-StarCraftII/jev_runs/macro-v2-20260922-veryhard-004,623.75,EMPTY ACTION,0
Large-Language-Models-play-StarCraftII/jev_runs/macro-v2-20260922-veryhard-004,624.8214285714286,MULTI-DEFEND,31
Large-Language-Models-play-StarCraftII/jev_runs/macro-v2-20260922-veryhard-004,625.8928571428572,EMPTY ACTION,0
Large-Language-Models-play-StarCraftII/jev_runs/macro-v2-20260922-veryhard-004,626.9642857142858,EMPTY ACTION,0
Large-Language-Models-play-StarCraftII/jev_runs/macro-v2-20260922-veryhard-004,628.0357142857143,EMPTY ACTION,0
Large-Language-Models-play-StarCraftII/jev_runs/macro-v2-20260922-veryhard-004,629.1071428571429,EMPTY ACTION,0
Large-Language-Models-play-StarCraftII/jev_runs/macro-v2-20260922-veryhard-004,630.1785714285714,BUILD NEXUS,1
Large-Language-Models-play-StarCraftII/jev_runs/macro-v2-20260922-veryhard-004,631.7857142857143,TRAIN PROBE,1
Large-Language-Models-play-StarCraftII/jev_runs/macro-v2-20260922-veryhard-004,632.5,TRAIN PROBE,1
Large-Language-Models-play-StarCraftII/jev_runs/macro-v2-20260922-veryhard-004,633.5714285714286,EMPTY ACTION,0
Large-Language-Models-play-StarCraftII/jev_runs/macro-v2-20260922-veryhard-004,634.6428571428572,TRAIN PROBE,1
Large-Language-Models-play-StarCraftII/jev_runs/macro-v2-20260922-veryhard-004,635.7142857142858,EMPTY ACTION,0
Large-Language-Models-play-StarCraftII/jev_runs/macro-v2-20260922-veryhard-004,636.7857142857143,TRAIN ZEALOT,1
Large-Language-Models-play-StarCraftII/jev_runs/macro-v2-20260922-veryhard-004,637.8571428571429,EMPTY ACTION,0
Large-Language-Models-play-StarCraftII/jev_runs/macro-v2-20260922-veryhard-004,638.9285714285714,TRAIN ZEALOT,1
Large-Language-Models-play-StarCraftII/jev_runs/macro-v2-20260922-veryhard-004,640.0,EMPTY ACTION,0
Large-Language-Models-play-StarCraftII/jev_runs/macro-v2-20260922-veryhard-004,641.0714285714287,TRAIN ZEALOT,1
Large-Language-Models-play-StarCraftII/jev_runs/macro-v2-20260922-veryhard-004,642.1428571428572,TRAIN STALKER,1
Large-Language-Models-play-StarCraftII/jev_runs/macro-v2-20260922-veryhard-004,643.2142857142858,EMPTY ACTION,0
Large-Language-Models-play-StarCraftII/jev_runs/macro-v2-20260922-veryhard-004,644.2857142857143,TRAIN STALKER,1
Large-Language-Models-play-StarCraftII/jev_runs/macro-v2-20260922-veryhard-004,645.3571428571429,EMPTY ACTION,0
Large-Language-Models-play-StarCraftII/jev_runs/macro-v2-20260922-veryhard-004,646.4285714285714,TRAIN PROBE,1
Large-Language-Models-play-StarCraftII/jev_runs/macro-v2-20260922-veryhard-004,647.5,EMPTY ACTION,0
Large-Language-Models-play-StarCraftII/jev_runs/macro-v2-20260922-veryhard-004,648.5714285714287,TRAIN ZEALOT,1
Large-Language-Models-play-StarCraftII/jev_runs/macro-v2-20260922-veryhard-004,649.6428571428572,MULTI-RETREAT,38
Large-Language-Models-play-StarCraftII/jev_runs/macro-v2-20260922-veryhard-004,650.7142857142858,TRAIN ZEALOT,1
Large-Language-Models-play-StarCraftII/jev_runs/macro-v2-20260922-veryhard-004,652.3214285714287,EMPTY ACTION,0
Large-Language-Models-play-StarCraftII/jev_runs/macro-v2-20260922-veryhard-004,653.0357142857143,BUILD PYLON,1
Large-Language-Models-play-StarCraftII/jev_runs/macro-v2-20260922-veryhard-004,654.1071428571429,EMPTY ACTION,0
Large-Language-Models-play-StarCraftII/jev_runs/macro-v2-20260922-veryhard-004,655.1785714285714,BUILD PYLON,1
Large-Language-Models-play-StarCraftII/jev_runs/macro-v2-20260922-veryhard-004,656.25,EMPTY ACTION,0
Large-Language-Models-play-StarCraftII/jev_runs/macro-v2-20260922-veryhard-004,657.3214285714287,EMPTY ACTION,0
Large-Language-Models-play-StarCraftII/jev_runs/macro-v2-20260922-veryhard-004,658.3928571428572,EMPTY ACTION,0
Large-Language-Models-play-StarCraftII/jev_runs/macro-v2-20260922-veryhard-004,659.4642857142858,RESEARCH EXTENDEDTHERMALLANCE,1
Large-Language-Models-play-StarCraftII/jev_runs/macro-v2-20260922-veryhard-004,660.5357142857143,EMPTY ACTION,0
Large-Language-Models-play-StarCraftII/jev_runs/macro-v2-20260922-veryhard-004,661.6071428571429,TRAIN ZEALOT,1
Large-Language-Models-play-StarCraftII/jev_runs/macro-v2-20260922-veryhard-004,662.6785714285714,EMPTY ACTION,0
Large-Language-Models-play-StarCraftII/jev_runs/macro-v2-20260922-veryhard-004,663.75,TRAIN ZEALOT,1
Large-Language-Models-play-StarCraftII/jev_runs/macro-v2-20260922-veryhard-004,664.8214285714287,EMPTY ACTION,0
Large-Language-Models-play-StarCraftII/jev_runs/macro-v2-20260922-veryhard-004,665.8928571428572,TRAIN ZEALOT,1
Large-Language-Models-play-StarCraftII/jev_runs/macro-v2-20260922-veryhard-004,666.9642857142858,EMPTY ACTION,0
Large-Language-Models-play-StarCraftII/jev_runs/macro-v2-20260922-veryhard-004,668.2142857142858,EMPTY ACTION,0
Large-Language-Models-play-StarCraftII/jev_runs/macro-v2-20260922-veryhard-004,669.1071428571429,TRAIN ZEALOT,1
Large-Language-Models-play-StarCraftII/jev_runs/macro-v2-20260922-veryhard-004,670.1785714285714,MULTI-DEFEND,43
Large-Language-Models-play-StarCraftII/jev_runs/macro-v2-20260922-veryhard-004,671.25,TRAIN ZEALOT,1
Large-Language-Models-play-StarCraftII/jev_runs/macro-v2-20260922-veryhard-004,672.3214285714287,EMPTY ACTION,0
Large-Language-Models-play-StarCraftII/jev_runs/macro-v2-20260922-veryhard-004,673.9285714285714,BUILD PYLON,1
Large-Language-Models-play-StarCraftII/jev_runs/macro-v2-20260922-veryhard-004,674.6428571428572,EMPTY ACTION,0
Large-Language-Models-play-StarCraftII/jev_runs/macro-v2-20260922-veryhard-004,676.25,EMPTY ACTION,0
Large-Language-Models-play-StarCraftII/jev_runs/macro-v2-20260922-veryhard-004,676.9642857142858,BUILD GATEWAY,1
Large-Language-Models-play-StarCraftII/jev_runs/macro-v2-20260922-veryhard-004,678.0357142857143,EMPTY ACTION,0
Large-Language-Models-play-StarCraftII/jev_runs/macro-v2-20260922-veryhard-004,679.1071428571429,TRAIN ZEALOT,1
Large-Language-Models-play-StarCraftII/jev_runs/macro-v2-20260922-veryhard-004,680.1785714285714,EMPTY ACTION,0
Large-Language-Models-play-StarCraftII/jev_runs/macro-v2-20260922-veryhard-004,682.3214285714287,BUILD PYLON,1
Large-Language-Models-play-StarCraftII/jev_runs/macro-v2-20260922-veryhard-004,683.3928571428572,EMPTY ACTION,0
Large-Language-Models-play-StarCraftII/jev_runs/macro-v2-20260922-veryhard-004,684.4642857142858,EMPTY ACTION,0
Large-Language-Models-play-StarCraftII/jev_runs/macro-v2-20260922-veryhard-004,685.5357142857143,EMPTY ACTION,0
Large-Language-Models-play-StarCraftII/jev_runs/macro-v2-20260922-veryhard-004,686.6071428571429,EMPTY ACTION,0
Large-Language-Models-play-StarCraftII/jev_runs/macro-v2-20260922-veryhard-004,687.6785714285714,TRAIN COLOSSUS,1
Large-Language-Models-play-StarCraftII/jev_runs/macro-v2-20260922-veryhard-004,688.9285714285714,TRAIN PROBE,1
Large-Language-Models-play-StarCraftII/jev_runs/macro-v2-20260922-veryhard-004,689.8214285714287,TRAIN PROBE,1
Large-Language-Models-play-StarCraftII/jev_runs/macro-v2-20260922-veryhard-004,690.8928571428572,TRAIN PROBE,1
Large-Language-Models-play-StarCraftII/jev_runs/macro-v2-20260922-veryhard-004,691.9642857142858,EMPTY ACTION,0
Large-Language-Models-play-StarCraftII/jev_runs/macro-v2-20260922-veryhard-004,693.0357142857143,BUILD PYLON,1
Large-Language-Models-play-StarCraftII/jev_runs/macro-v2-20260922-veryhard-004,694.1071428571429,EMPTY ACTION,0
Large-Language-Models-play-StarCraftII/jev_runs/macro-v2-20260922-veryhard-004,695.1785714285714,EMPTY ACTION,0
Large-Language-Models-play-StarCraftII/jev_runs/macro-v2-20260922-veryhard-004,696.4285714285714,TRAIN STALKER,1
Large-Language-Models-play-StarCraftII/jev_runs/macro-v2-20260922-veryhard-004,697.3214285714287,EMPTY ACTION,0
Large-Language-Models-play-StarCraftII/jev_runs/macro-v2-20260922-veryhard-004,698.3928571428572,BUILD PYLON,1
Large-Language-Models-play-StarCraftII/jev_runs/macro-v2-20260922-veryhard-004,699.6428571428572,EMPTY ACTION,0
Large-Language-Models-play-StarCraftII/jev_runs/macro-v2-20260922-veryhard-004,700.5357142857143,EMPTY ACTION,0
Large-Language-Models-play-StarCraftII/jev_runs/macro-v2-20260922-veryhard-004,701.6071428571429,MULTI-ATTACK,46
Large-Language-Models-play-StarCraftII/jev_runs/macro-v2-20260922-veryhard-004,702.6785714285714,TRAIN PROBE,1
Large-Language-Models-play-StarCraftII/jev_runs/macro-v2-20260922-veryhard-004,703.75,TRAIN PROBE,1
Large-Language-Models-play-StarCraftII/jev_runs/macro-v2-20260922-veryhard-004,704.8214285714287,TRAIN PROBE,1
Large-Language-Models-play-StarCraftII/jev_runs/macro-v2-20260922-veryhard-004,705.8928571428572,TRAIN STALKER,1
Large-Language-Models-play-StarCraftII/jev_runs/macro-v2-20260922-veryhard-004,706.9642857142858,EMPTY ACTION,0
Large-Language-Models-play-StarCraftII/jev_runs/macro-v2-20260922-veryhard-004,708.0357142857143,TRAIN STALKER,1
Large-Language-Models-play-StarCraftII/jev_runs/macro-v2-20260922-veryhard-004,709.1071428571429,EMPTY ACTION,0
Large-Language-Models-play-StarCraftII/jev_runs/macro-v2-20260922-veryhard-004,710.1785714285714,TRAIN ZEALOT,1
Large-Language-Models-play-StarCraftII/jev_runs/macro-v2-20260922-veryhard-004,711.25,EMPTY ACTION,0
Large-Language-Models-play-StarCraftII/jev_runs/macro-v2-20260922-veryhard-004,712.5,EMPTY ACTION,0
Large-Language-Models-play-StarCraftII/jev_runs/macro-v2-20260922-veryhard-004,713.3928571428572,TRAIN STALKER,1
Large-Language-Models-play-StarCraftII/jev_runs/macro-v2-20260922-veryhard-004,714.4642857142858,EMPTY ACTION,0
Large-Language-Models-play-StarCraftII/jev_runs/macro-v2-20260922-veryhard-004,715.5357142857143,CHRONOBOOST NEXUS,1
Large-Language-Models-play-StarCraftII/jev_runs/macro-v2-20260922-veryhard-004,716.7857142857143,TRAIN STALKER,1
Large-Language-Models-play-StarCraftII/jev_runs/macro-v2-20260922-veryhard-004,717.6785714285714,EMPTY ACTION,0
Large-Language-Models-play-StarCraftII/jev_runs/macro-v2-20260922-veryhard-004,718.75,EMPTY ACTION,0
Large-Language-Models-play-StarCraftII/jev_runs/macro-v2-20260922-veryhard-004,719.8214285714287,TRAIN ZEALOT,1
Large-Language-Models-play-StarCraftII/jev_runs/macro-v2-20260922-veryhard-004,720.8928571428572,EMPTY ACTION,0
Large-Language-Models-play-StarCraftII/jev_runs/macro-v2-20260922-veryhard-004,721.9642857142858,EMPTY ACTION,0
Large-Language-Models-play-StarCraftII/jev_runs/macro-v2-20260922-veryhard-004,723.0357142857143,TRAIN STALKER,1
Large-Language-Models-play-StarCraftII/jev_runs/macro-v2-20260922-veryhard-004,724.1071428571429,EMPTY ACTION,0
Large-Language-Models-play-StarCraftII/jev_runs/macro-v2-20260922-veryhard-004,725.1785714285714,EMPTY ACTION,0
Large-Language-Models-play-StarCraftII/jev_runs/macro-v2-20260922-veryhard-004,726.25,EMPTY ACTION,0
Large-Language-Models-play-StarCraftII/jev_runs/macro-v2-20260922-veryhard-004,727.3214285714287,BUILD FORGE,1
Large-Language-Models-play-StarCraftII/jev_runs/macro-v2-20260922-veryhard-004,728.3928571428572,EMPTY ACTION,0
Large-Language-Models-play-StarCraftII/jev_runs/macro-v2-20260922-veryhard-004,729.4642857142858,TRAIN ZEALOT,1
Large-Language-Models-play-StarCraftII/jev_runs/macro-v2-20260922-veryhard-004,730.5357142857143,EMPTY ACTION,0
Large-Language-Models-play-StarCraftII/jev_runs/macro-v2-20260922-veryhard-004,731.6071428571429,TRAIN ZEALOT,1
Large-Language-Models-play-StarCraftII/jev_runs/macro-v2-20260922-veryhard-004,732.6785714285714,EMPTY ACTION,0
Large-Language-Models-play-StarCraftII/jev_runs/macro-v2-20260922-veryhard-004,734.2857142857143,TRAIN ZEALOT,1
Large-Language-Models-play-StarCraftII/jev_runs/macro-v2-20260922-veryhard-004,735.7142857142858,EMPTY ACTION,0
Large-Language-Models-play-StarCraftII/jev_runs/macro-v2-20260922-veryhard-004,736.4285714285714,TRAIN ZEALOT,1
Large-Language-Models-play-StarCraftII/jev_runs/macro-v2-20260922-veryhard-004,738.75,MULTI-DEFEND,45
Large-Language-Models-play-StarCraftII/jev_runs/macro-v2-20260922-veryhard-004,739.8214285714287,EMPTY ACTION,0
Large-Language-Models-play-StarCraftII/jev_runs/macro-v2-20260922-veryhard-004,740.8928571428572,EMPTY ACTION,0
Large-Language-Models-play-StarCraftII/jev_runs/macro-v2-20260922-veryhard-004,741.9642857142858,EMPTY ACTION,0
Large-Language-Models-play-StarCraftII/jev_runs/macro-v2-20260922-veryhard-004,743.0357142857143,EMPTY ACTION,0
Large-Language-Models-play-StarCraftII/jev_runs/macro-v2-20260922-veryhard-004,744.2857142857143,EMPTY ACTION,0
Large-Language-Models-play-StarCraftII/jev_runs/macro-v2-20260922-veryhard-004,745.1785714285714,BUILD NEXUS,1
Large-Language-Models-play-StarCraftII/jev_runs/macro-v2-20260922-veryhard-004,746.25,EMPTY ACTION,0
Large-Language-Models-play-StarCraftII/jev_runs/macro-v2-20260922-veryhard-004,747.3214285714287,TRAIN STALKER,1
Large-Language-Models-play-StarCraftII/jev_runs/macro-v2-20260922-veryhard-004,748.3928571428572,EMPTY ACTION,0
Large-Language-Models-play-StarCraftII/jev_runs/macro-v2-20260922-veryhard-004,749.4642857142858,TRAIN STALKER,1
Large-Language-Models-play-StarCraftII/jev_runs/macro-v2-20260922-veryhard-004,750.5357142857143,EMPTY ACTION,0
Large-Language-Models-play-StarCraftII/jev_runs/macro-v2-20260922-veryhard-004,751.6071428571429,EMPTY ACTION,0
Large-Language-Models-play-StarCraftII/jev_runs/macro-v2-20260922-veryhard-004,752.6785714285714,TRAIN STALKER,1
Large-Language-Models-play-StarCraftII/jev_runs/macro-v2-20260922-veryhard-004,753.75,EMPTY ACTION,0
Large-Language-Models-play-StarCraftII/jev_runs/macro-v2-20260922-veryhard-004,754.8214285714287,TRAIN STALKER,1
Large-Language-Models-play-StarCraftII/jev_runs/macro-v2-20260922-veryhard-004,755.8928571428572,EMPTY ACTION,0
Large-Language-Models-play-StarCraftII/jev_runs/macro-v2-20260922-veryhard-004,756.9642857142858,TRAIN STALKER,1
Large-Language-Models-play-StarCraftII/jev_runs/macro-v2-20260922-veryhard-004,758.5714285714287,EMPTY ACTION,0
Large-Language-Models-play-StarCraftII/jev_runs/macro-v2-20260922-veryhard-004,759.2857142857143,TRAIN STALKER,1
Large-Language-Models-play-StarCraftII/jev_runs/macro-v2-20260922-veryhard-004,760.3571428571429,EMPTY ACTION,0
Large-Language-Models-play-StarCraftII/jev_runs/macro-v2-20260922-veryhard-004,761.4285714285714,TRAIN ZEALOT,1
Large-Language-Models-play-StarCraftII/jev_runs/macro-v2-20260922-veryhard-004,762.5,EMPTY ACTION,0
Large-Language-Models-play-StarCraftII/jev_runs/macro-v2-20260922-veryhard-004,763.5714285714287,TRAIN ZEALOT,1
Large-Language-Models-play-StarCraftII/jev_runs/macro-v2-20260922-veryhard-004,764.6428571428572,MULTI-RETREAT,51
Large-Language-Models-play-StarCraftII/jev_runs/macro-v2-20260922-veryhard-004,765.7142857142858,RESEARCH PROTOSSGROUNDWEAPONSLEVEL1,1
Large-Language-Models-play-StarCraftII/jev_runs/macro-v2-20260922-veryhard-004,766.7857142857143,EMPTY ACTION,0
Large-Language-Models-play-StarCraftII/jev_runs/macro-v2-20260922-veryhard-004,767.8571428571429,EMPTY ACTION,0
Large-Language-Models-play-StarCraftII/jev_runs/macro-v2-20260922-veryhard-004,768.9285714285714,EMPTY ACTION,0
Large-Language-Models-play-StarCraftII/jev_runs/macro-v2-20260922-veryhard-004,770.0,TRAIN STALKER,1
Large-Language-Models-play-StarCraftII/jev_runs/macro-v2-20260922-veryhard-004,771.0714285714287,EMPTY ACTION,0
Large-Language-Models-play-StarCraftII/jev_runs/macro-v2-20260922-veryhard-004,772.1428571428572,TRAIN STALKER,1
Large-Language-Models-play-StarCraftII/jev_runs/macro-v2-20260922-veryhard-004,773.2142857142858,EMPTY ACTION,0
Large-Language-Models-play-StarCraftII/jev_runs/macro-v2-20260922-veryhard-004,774.8214285714287,EMPTY ACTION,0
Large-Language-Models-play-StarCraftII/jev_runs/macro-v2-20260922-veryhard-004,775.5357142857143,TRAIN STALKER,1
Large-Language-Models-play-StarCraftII/jev_runs/macro-v2-20260922-veryhard-004,777.1428571428572,EMPTY ACTION,0
Large-Language-Models-play-StarCraftII/jev_runs/macro-v2-20260922-veryhard-004,777.8571428571429,TRAIN STALKER,1
Large-Language-Models-play-StarCraftII/jev_runs/macro-v2-20260922-veryhard-004,778.9285714285714,EMPTY ACTION,0
Large-Language-Models-play-StarCraftII/jev_runs/macro-v2-20260922-veryhard-004,780.0,TRAIN STALKER,1
Large-Language-Models-play-StarCraftII/jev_runs/macro-v2-20260922-veryhard-004,781.0714285714287,MULTI-DEFEND,55
Large-Language-Models-play-StarCraftII/jev_runs/macro-v2-20260922-veryhard-004,782.1428571428572,TRAIN STALKER,1
Large-Language-Models-play-StarCraftII/jev_runs/macro-v2-20260922-veryhard-004,783.2142857142858,EMPTY ACTION,0
Large-Language-Models-play-StarCraftII/jev_runs/macro-v2-20260922-veryhard-004,784.8214285714287,TRAIN ZEALOT,1
Large-Language-Models-play-StarCraftII/jev_runs/macro-v2-20260922-veryhard-004,785.5357142857143,EMPTY ACTION,0
Large-Language-Models-play-StarCraftII/jev_runs/macro-v2-20260922-veryhard-004,786.6071428571429,TRAIN ZEALOT,1
Large-Language-Models-play-StarCraftII/jev_runs/macro-v2-20260922-veryhard-004,787.6785714285714,EMPTY ACTION,0
Large-Language-Models-play-StarCraftII/jev_runs/macro-v2-20260922-veryhard-004,788.75,EMPTY ACTION,0
Large-Language-Models-play-StarCraftII/jev_runs/macro-v2-20260922-veryhard-004,789.8214285714287,EMPTY ACTION,0
Large-Language-Models-play-StarCraftII/jev_runs/macro-v2-20260922-veryhard-004,790.8928571428572,EMPTY ACTION,0
Large-Language-Models-play-StarCraftII/jev_runs/macro-v2-20260922-veryhard-004,791.9642857142858,EMPTY ACTION,0
Large-Language-Models-play-StarCraftII/jev_runs/macro-v2-20260922-veryhard-004,793.0357142857143,EMPTY ACTION,0
Large-Language-Models-play-StarCraftII/jev_runs/macro-v2-20260922-veryhard-004,795.1785714285714,BUILD ROBOTICSFACILITY,1
Large-Language-Models-play-StarCraftII/jev_runs/macro-v2-20260922-veryhard-004,796.25,EMPTY ACTION,0
Large-Language-Models-play-StarCraftII/jev_runs/macro-v2-20260922-veryhard-004,797.3214285714287,EMPTY ACTION,0
Large-Language-Models-play-StarCraftII/jev_runs/macro-v2-20260922-veryhard-004,798.3928571428572,EMPTY ACTION,0
Large-Language-Models-play-StarCraftII/jev_runs/macro-v2-20260922-veryhard-004,799.6428571428572,EMPTY ACTION,0
Large-Language-Models-play-StarCraftII/jev_runs/macro-v2-20260922-veryhard-004,800.5357142857143,EMPTY ACTION,0
Large-Language-Models-play-StarCraftII/jev_runs/macro-v2-20260922-veryhard-004,801.6071428571429,EMPTY ACTION,0
Large-Language-Models-play-StarCraftII/jev_runs/macro-v2-20260922-veryhard-004,802.6785714285714,EMPTY ACTION,0
Large-Language-Models-play-StarCraftII/jev_runs/macro-v2-20260922-veryhard-004,803.75,EMPTY ACTION,0
Large-Language-Models-play-StarCraftII/jev_runs/macro-v2-20260922-veryhard-004,804.8214285714287,EMPTY ACTION,0
Large-Language-Models-play-StarCraftII/jev_runs/macro-v2-20260922-veryhard-004,805.8928571428572,EMPTY ACTION,0
Large-Language-Models-play-StarCraftII/jev_runs/macro-v2-20260922-veryhard-004,806.9642857142858,EMPTY ACTION,0
Large-Language-Models-play-StarCraftII/jev_runs/macro-v2-20260922-veryhard-004,808.0357142857143,EMPTY ACTION,0
Large-Language-Models-play-StarCraftII/jev_runs/macro-v2-20260922-veryhard-004,809.1071428571429,EMPTY ACTION,0
Large-Language-Models-play-StarCraftII/jev_runs/macro-v2-20260922-veryhard-004,810.1785714285714,EMPTY ACTION,0
Large-Language-Models-play-StarCraftII/jev_runs/macro-v2-20260922-veryhard-004,811.25,EMPTY ACTION,0
Large-Language-Models-play-StarCraftII/jev_runs/macro-v2-20260922-veryhard-004,812.3214285714287,MULTI-ATTACK,59
Large-Language-Models-play-StarCraftII/jev_runs/macro-v2-20260922-veryhard-004,813.5714285714287,EMPTY ACTION,0
Large-Language-Models-play-StarCraftII/jev_runs/macro-v2-20260922-veryhard-004,815.0,EMPTY ACTION,0
Large-Language-Models-play-StarCraftII/jev_runs/macro-v2-20260922-veryhard-004,815.7142857142858,EMPTY ACTION,0
Large-Language-Models-play-StarCraftII/jev_runs/macro-v2-20260922-veryhard-004,816.7857142857143,EMPTY ACTION,0
Large-Language-Models-play-StarCraftII/jev_runs/macro-v2-20260922-veryhard-004,817.8571428571429,EMPTY ACTION,0
Large-Language-Models-play-StarCraftII/jev_runs/macro-v2-20260922-veryhard-004,818.9285714285714,EMPTY ACTION,0
Large-Language-Models-play-StarCraftII/jev_runs/macro-v2-20260922-veryhard-004,820.0,EMPTY ACTION,0
Large-Language-Models-play-StarCraftII/jev_runs/macro-v2-20260922-veryhard-004,821.25,EMPTY ACTION,0
Large-Language-Models-play-StarCraftII/jev_runs/macro-v2-20260922-veryhard-004,822.1428571428572,EMPTY ACTION,0
Large-Language-Models-play-StarCraftII/jev_runs/macro-v2-20260922-veryhard-004,823.75,EMPTY ACTION,0
Large-Language-Models-play-StarCraftII/jev_runs/macro-v2-20260922-veryhard-004,824.4642857142858,EMPTY ACTION,0
Large-Language-Models-play-StarCraftII/jev_runs/macro-v2-20260922-veryhard-004,825.5357142857143,EMPTY ACTION,0
Large-Language-Models-play-StarCraftII/jev_runs/macro-v2-20260922-veryhard-004,826.6071428571429,EMPTY ACTION,0
Large-Language-Models-play-StarCraftII/jev_runs/macro-v2-20260922-veryhard-004,827.6785714285714,EMPTY ACTION,0
Large-Language-Models-play-StarCraftII/jev_runs/macro-v2-20260922-veryhard-004,828.75,EMPTY ACTION,0
Large-Language-Models-play-StarCraftII/jev_runs/macro-v2-20260922-veryhard-004,829.8214285714287,EMPTY ACTION,0
Large-Language-Models-play-StarCraftII/jev_runs/macro-v2-20260922-veryhard-004,830.8928571428572,TRAIN STALKER,1
Large-Language-Models-play-StarCraftII/jev_runs/macro-v2-20260922-veryhard-004,831.9642857142858,EMPTY ACTION,0
Large-Language-Models-play-StarCraftII/jev_runs/macro-v2-20260922-veryhard-004,833.0357142857143,TRAIN STALKER,1
Large-Language-Models-play-StarCraftII/jev_runs/macro-v2-20260922-veryhard-004,834.1071428571429,TRAIN ZEALOT,1
Large-Language-Models-play-StarCraftII/jev_runs/macro-v2-20260922-veryhard-004,835.1785714285714,EMPTY ACTION,0
Large-Language-Models-play-StarCraftII/jev_runs/macro-v2-20260922-veryhard-004,836.25,TRAIN ZEALOT,1
Large-Language-Models-play-StarCraftII/jev_runs/macro-v2-20260922-veryhard-004,837.3214285714287,EMPTY ACTION,0
Large-Language-Models-play-StarCraftII/jev_runs/macro-v2-20260922-veryhard-004,838.5714285714287,TRAIN ZEALOT,1
Large-Language-Models-play-StarCraftII/jev_runs/macro-v2-20260922-veryhard-004,839.6428571428572,TRAIN ZEALOT,1
Large-Language-Models-play-StarCraftII/jev_runs/macro-v2-20260922-veryhard-004,840.5357142857143,EMPTY ACTION,0
Large-Language-Models-play-StarCraftII/jev_runs/macro-v2-20260922-veryhard-004,841.6071428571429,TRAIN ZEALOT,1
Large-Language-Models-play-StarCraftII/jev_runs/macro-v2-20260922-veryhard-004,842.6785714285714,TRAIN IMMORTAL,1
Large-Language-Models-play-StarCraftII/jev_runs/macro-v2-20260922-veryhard-004,843.75,TRAIN ZEALOT,1
Large-Language-Models-play-StarCraftII/jev_runs/macro-v2-20260922-veryhard-004,844.8214285714287,EMPTY ACTION,0
Large-Language-Models-play-StarCraftII/jev_runs/macro-v2-20260922-veryhard-004,846.9642857142858,BUILD FORGE,1
Large-Language-Models-play-StarCraftII/jev_runs/macro-v2-20260922-veryhard-004,848.0357142857143,CHRONOBOOST FORGE,1
Large-Language-Models-play-StarCraftII/jev_runs/macro-v2-20260922-veryhard-004,849.1071428571429,EMPTY ACTION,0
Large-Language-Models-play-StarCraftII/jev_runs/macro-v2-20260922-veryhard-004,850.1785714285714,EMPTY ACTION,0
Large-Language-Models-play-StarCraftII/jev_runs/macro-v2-20260922-veryhard-004,851.25,EMPTY ACTION,0
Large-Language-Models-play-StarCraftII/jev_runs/macro-v2-20260922-veryhard-004,852.5,EMPTY ACTION,0
Large-Language-Models-play-StarCraftII/jev_runs/macro-v2-20260922-veryhard-004,853.3928571428572,EMPTY ACTION,0
Large-Language-Models-play-StarCraftII/jev_runs/macro-v2-20260922-veryhard-004,854.6428571428572,TRAIN STALKER,1
Large-Language-Models-play-StarCraftII/jev_runs/macro-v2-20260922-veryhard-004,855.5357142857143,EMPTY ACTION,0
Large-Language-Models-play-StarCraftII/jev_runs/macro-v2-20260922-veryhard-004,856.6071428571429,EMPTY ACTION,0
Large-Language-Models-play-StarCraftII/jev_runs/macro-v2-20260922-veryhard-004,857.8571428571429,EMPTY ACTION,0
Large-Language-Models-play-StarCraftII/jev_runs/macro-v2-20260922-veryhard-004,858.75,EMPTY ACTION,0
Large-Language-Models-play-StarCraftII/jev_runs/macro-v2-20260922-veryhard-004,860.0,EMPTY ACTION,0
Large-Language-Models-play-StarCraftII/jev_runs/macro-v2-20260922-veryhard-004,861.6071428571429,EMPTY ACTION,0
Large-Language-Models-play-StarCraftII/jev_runs/macro-v2-20260922-veryhard-004,862.3214285714287,EMPTY ACTION,0
Large-Language-Models-play-StarCraftII/jev_runs/macro-v2-20260922-veryhard-004,863.3928571428572,EMPTY ACTION,0
Large-Language-Models-play-StarCraftII/jev_runs/macro-v2-20260922-veryhard-004,864.4642857142858,EMPTY ACTION,0
Large-Language-Models-play-StarCraftII/jev_runs/macro-v2-20260922-veryhard-004,865.5357142857143,EMPTY ACTION,0
Large-Language-Models-play-StarCraftII/jev_runs/macro-v2-20260922-veryhard-004,866.6071428571429,EMPTY ACTION,0
Large-Language-Models-play-StarCraftII/jev_runs/macro-v2-20260922-veryhard-004,867.6785714285714,EMPTY ACTION,0
Large-Language-Models-play-StarCraftII/jev_runs/macro-v2-20260922-veryhard-004,868.75,CHRONOBOOST FORGE,1
Large-Language-Models-play-StarCraftII/jev_runs/macro-v2-20260922-veryhard-004,869.8214285714287,EMPTY ACTION,0
Large-Language-Models-play-StarCraftII/jev_runs/macro-v2-20260922-veryhard-004,870.8928571428572,EMPTY ACTION,0
Large-Language-Models-play-StarCraftII/jev_runs/macro-v2-20260922-veryhard-004,871.9642857142858,EMPTY ACTION,0
Large-Language-Models-play-StarCraftII/jev_runs/macro-v2-20260922-veryhard-004,873.0357142857143,EMPTY ACTION,0
Large-Language-Models-play-StarCraftII/jev_runs/macro-v2-20260922-veryhard-004,874.1071428571429,EMPTY ACTION,0
Large-Language-Models-play-StarCraftII/jev_runs/macro-v2-20260922-veryhard-004,875.1785714285714,RESEARCH PROTOSSGROUNDWEAPONSLEVEL2,1
Large-Language-Models-play-StarCraftII/jev_runs/macro-v2-20260922-veryhard-004,876.25,EMPTY ACTION,0
Large-Language-Models-play-StarCraftII/jev_runs/macro-v2-20260922-veryhard-004,877.3214285714287,EMPTY ACTION,0
Large-Language-Models-play-StarCraftII/jev_runs/macro-v2-20260922-veryhard-004,878.5714285714287,EMPTY ACTION,0
Large-Language-Models-play-StarCraftII/jev_runs/macro-v2-20260922-veryhard-004,879.4642857142858,EMPTY ACTION,0
Large-Language-Models-play-StarCraftII/jev_runs/macro-v2-20260922-veryhard-004,880.5357142857143,EMPTY ACTION,0
Large-Language-Models-play-StarCraftII/jev_runs/macro-v2-20260922-veryhard-004,881.6071428571429,EMPTY ACTION,0
Large-Language-Models-play-StarCraftII/jev_runs/macro-v2-20260922-veryhard-004,882.6785714285714,EMPTY ACTION,0
Large-Language-Models-play-StarCraftII/jev_runs/macro-v2-20260922-veryhard-004,884.4642857142858,RESEARCH PROTOSSGROUNDARMORSLEVEL1,1
Large-Language-Models-play-StarCraftII/jev_runs/macro-v2-20260922-veryhard-004,885.1785714285714,CHRONOBOOST FORGE,1
Large-Language-Models-play-StarCraftII/jev_runs/macro-v2-20260922-veryhard-004,886.25,TRAIN STALKER,1
Large-Language-Models-play-StarCraftII/jev_runs/macro-v2-20260922-veryhard-004,887.3214285714287,EMPTY ACTION,0
Large-Language-Models-play-StarCraftII/jev_runs/macro-v2-20260922-veryhard-004,888.3928571428572,EMPTY ACTION,0
Large-Language-Models-play-StarCraftII/jev_runs/macro-v2-20260922-veryhard-004,889.4642857142858,CHRONOBOOST FORGE,1
Large-Language-Models-play-StarCraftII/jev_runs/macro-v2-20260922-veryhard-004,890.7142857142858,EMPTY ACTION,0
Large-Language-Models-play-StarCraftII/jev_runs/macro-v2-20260922-veryhard-004,892.1428571428572,EMPTY ACTION,0
Large-Language-Models-play-StarCraftII/jev_runs/macro-v2-20260922-veryhard-004,893.0357142857143,EMPTY ACTION,0
Large-Language-Models-play-StarCraftII/jev_runs/macro-v2-20260922-veryhard-004,893.9285714285714,EMPTY ACTION,0
Large-Language-Models-play-StarCraftII/jev_runs/macro-v2-20260922-veryhard-004,895.1785714285714,EMPTY ACTION,0
Large-Language-Models-play-StarCraftII/jev_runs/macro-v2-20260922-veryhard-004,896.2500000000001,EMPTY ACTION,0
Large-Language-Models-play-StarCraftII/jev_runs/macro-v2-20260922-veryhard-004,897.3214285714287,EMPTY ACTION,0
Large-Language-Models-play-StarCraftII/jev_runs/macro-v2-20260922-veryhard-004,898.3928571428572,EMPTY ACTION,0
Large-Language-Models-play-StarCraftII/jev_runs/macro-v2-20260922-veryhard-004,899.2857142857143,EMPTY ACTION,0
Large-Language-Models-play-StarCraftII/jev_runs/macro-v2-20260922-veryhard-004,900.3571428571429,EMPTY ACTION,0
Large-Language-Models-play-StarCraftII/jev_runs/macro-v2-20260922-veryhard-004,901.4285714285714,EMPTY ACTION,0
Large-Language-Models-play-StarCraftII/jev_runs/macro-v2-20260922-veryhard-004,902.5000000000001,EMPTY ACTION,0
Large-Language-Models-play-StarCraftII/jev_runs/macro-v2-20260922-veryhard-004,903.5714285714287,EMPTY ACTION,0
Large-Language-Models-play-StarCraftII/jev_runs/macro-v2-20260922-veryhard-004,904.6428571428572,EMPTY ACTION,0
Large-Language-Models-play-StarCraftII/jev_runs/macro-v2-20260922-veryhard-004,905.7142857142858,EMPTY ACTION,0
Large-Language-Models-play-StarCraftII/jev_runs/macro-v2-20260922-veryhard-004,906.7857142857143,MULTI-ATTACK,58
Large-Language-Models-play-StarCraftII/jev_runs/macro-v2-20260922-veryhard-004,907.8571428571429,BUILD NEXUS,1
Large-Language-Models-play-StarCraftII/jev_runs/macro-v2-20260922-veryhard-004,908.9285714285714,TRAIN OBSERVER,1
Large-Language-Models-play-StarCraftII/jev_runs/macro-v2-20260922-veryhard-004,910.0000000000001,BUILD GATEWAY,1
Large-Language-Models-play-StarCraftII/jev_runs/macro-v2-20260922-veryhard-004,911.0714285714287,EMPTY ACTION,0
Large-Language-Models-play-StarCraftII/jev_runs/macro-v2-20260922-veryhard-004,912.3214285714287,EMPTY ACTION,0
Large-Language-Models-play-StarCraftII/jev_runs/macro-v2-20260922-veryhard-004,913.2142857142858,EMPTY ACTION,0
Large-Language-Models-play-StarCraftII/jev_runs/macro-v2-20260922-veryhard-004,914.2857142857143,EMPTY ACTION,0
Large-Language-Models-play-StarCraftII/jev_runs/macro-v2-20260922-veryhard-004,915.3571428571429,EMPTY ACTION,0
Large-Language-Models-play-StarCraftII/jev_runs/macro-v2-20260922-veryhard-004,916.4285714285714,EMPTY ACTION,0
Large-Language-Models-play-StarCraftII/jev_runs/macro-v2-20260922-veryhard-004,917.6785714285714,EMPTY ACTION,0
Large-Language-Models-play-StarCraftII/jev_runs/macro-v2-20260922-veryhard-004,918.7500000000001,EMPTY ACTION,0
Large-Language-Models-play-StarCraftII/jev_runs/macro-v2-20260922-veryhard-004,919.6428571428572,EMPTY ACTION,0
Large-Language-Models-play-StarCraftII/jev_runs/macro-v2-20260922-veryhard-004,920.7142857142858,EMPTY ACTION,0
Large-Language-Models-play-StarCraftII/jev_runs/macro-v2-20260922-veryhard-004,921.9642857142858,EMPTY ACTION,0
Large-Language-Models-play-StarCraftII/jev_runs/macro-v2-20260922-veryhard-004,922.8571428571429,EMPTY ACTION,0
Large-Language-Models-play-StarCraftII/jev_runs/macro-v2-20260922-veryhard-004,924.1071428571429,EMPTY ACTION,0
Large-Language-Models-play-StarCraftII/jev_runs/macro-v2-20260922-veryhard-004,925.0000000000001,EMPTY ACTION,0
Large-Language-Models-play-StarCraftII/jev_runs/macro-v2-20260922-veryhard-004,926.0714285714287,EMPTY ACTION,0
Large-Language-Models-play-StarCraftII/jev_runs/macro-v2-20260922-veryhard-004,927.3214285714287,EMPTY ACTION,0
Large-Language-Models-play-StarCraftII/jev_runs/macro-v2-20260922-veryhard-004,928.7500000000001,EMPTY ACTION,0
Large-Language-Models-play-StarCraftII/jev_runs/macro-v2-20260922-veryhard-004,929.4642857142858,EMPTY ACTION,0
Large-Language-Models-play-StarCraftII/jev_runs/macro-v2-20260922-veryhard-004,930.7142857142858,EMPTY ACTION,0
Large-Language-Models-play-StarCraftII/jev_runs/macro-v2-20260922-veryhard-004,931.6071428571429,EMPTY ACTION,0
Large-Language-Models-play-StarCraftII/jev_runs/macro-v2-20260922-veryhard-004,932.6785714285714,EMPTY ACTION,0
Large-Language-Models-play-StarCraftII/jev_runs/macro-v2-20260922-veryhard-004,933.7500000000001,EMPTY ACTION,0
Large-Language-Models-play-StarCraftII/jev_runs/macro-v2-20260922-veryhard-004,934.8214285714287,EMPTY ACTION,0
Large-Language-Models-play-StarCraftII/jev_runs/macro-v2-20260922-veryhard-004,935.8928571428572,TRAIN STALKER,1
Large-Language-Models-play-StarCraftII/jev_runs/macro-v2-20260922-veryhard-004,937.1428571428572,EMPTY ACTION,0
Large-Language-Models-play-StarCraftII/jev_runs/macro-v2-20260922-veryhard-004,938.0357142857143,EMPTY ACTION,0
Large-Language-Models-play-StarCraftII/jev_runs/macro-v2-20260922-veryhard-004,939.1071428571429,EMPTY ACTION,0
Large-Language-Models-play-StarCraftII/jev_runs/macro-v2-20260922-veryhard-004,941.0714285714287,EMPTY ACTION,0
Large-Language-Models-play-StarCraftII/jev_runs/macro-v2-20260922-veryhard-004,941.7857142857143,EMPTY ACTION,0
Large-Language-Models-play-StarCraftII/jev_runs/macro-v2-20260922-veryhard-004,942.8571428571429,TRAIN STALKER,1
Large-Language-Models-play-StarCraftII/jev_runs/macro-v2-20260922-veryhard-004,944.1071428571429,EMPTY ACTION,0
Large-Language-Models-play-StarCraftII/jev_runs/macro-v2-20260922-veryhard-004,945.0000000000001,TRAIN ZEALOT,1
Large-Language-Models-play-StarCraftII/jev_runs/macro-v2-20260922-veryhard-004,946.2500000000001,TRAIN ZEALOT,1
Large-Language-Models-play-StarCraftII/jev_runs/macro-v2-20260922-veryhard-004,947.1428571428572,EMPTY ACTION,0
Large-Language-Models-play-StarCraftII/jev_runs/macro-v2-20260922-veryhard-004,948.2142857142858,EMPTY ACTION,0
Large-Language-Models-play-StarCraftII/jev_runs/macro-v2-20260922-veryhard-004,949.2857142857143,EMPTY ACTION,0
Large-Language-Models-play-StarCraftII/jev_runs/macro-v2-20260922-veryhard-004,950.3571428571429,EMPTY ACTION,0
Large-Language-Models-play-StarCraftII/jev_runs/macro-v2-20260922-veryhard-004,951.4285714285714,EMPTY ACTION,0
Large-Language-Models-play-StarCraftII/jev_runs/macro-v2-20260922-veryhard-004,952.5000000000001,EMPTY ACTION,0
Large-Language-Models-play-StarCraftII/jev_runs/macro-v2-20260922-veryhard-004,953.5714285714287,EMPTY ACTION,0
Large-Language-Models-play-StarCraftII/jev_runs/macro-v2-20260922-veryhard-004,954.6428571428572,EMPTY ACTION,0
Large-Language-Models-play-StarCraftII/jev_runs/macro-v22-20260922-cheatvision-001,1.25,TRAIN PROBE,1
Large-Language-Models-play-StarCraftII/jev_runs/macro-v22-20260922-cheatvision-001,1.9642857142857144,EMPTY ACTION,0
Large-Language-Models-play-StarCraftII/jev_runs/macro-v22-20260922-cheatvision-001,3.035714285714286,EMPTY ACTION,0
Large-Language-Models-play-StarCraftII/jev_runs/macro-v22-20260922-cheatvision-001,4.107142857142858,EMPTY ACTION,0
Large-Language-Models-play-StarCraftII/jev_runs/macro-v22-20260922-cheatvision-001,5.0,EMPTY ACTION,0
Large-Language-Models-play-StarCraftII/jev_runs/macro-v22-20260922-cheatvision-001,6.25,EMPTY ACTION,0
Large-Language-Models-play-StarCraftII/jev_runs/macro-v22-20260922-cheatvision-001,7.321428571428572,EMPTY ACTION,0
Large-Language-Models-play-StarCraftII/jev_runs/macro-v22-20260922-cheatvision-001,8.392857142857144,CHRONOBOOST NEXUS,1
Large-Language-Models-play-StarCraftII/jev_runs/macro-v22-20260922-cheatvision-001,12.142857142857144,TRAIN PROBE,1
Large-Language-Models-play-StarCraftII/jev_runs/macro-v22-20260922-cheatvision-001,15.535714285714286,SCOUTING PROBE,1
Large-Language-Models-play-StarCraftII/jev_runs/macro-v22-20260922-cheatvision-001,19.642857142857142,EMPTY ACTION,0
Large-Language-Models-play-StarCraftII/jev_runs/macro-v22-20260922-cheatvision-001,20.53571428571429,EMPTY ACTION,0
Large-Language-Models-play-StarCraftII/jev_runs/macro-v22-20260922-cheatvision-001,21.607142857142858,TRAIN PROBE,1
Large-Language-Models-play-StarCraftII/jev_runs/macro-v22-20260922-cheatvision-001,26.42857142857143,BUILD ASSIMILATOR,1
Large-Language-Models-play-StarCraftII/jev_runs/macro-v22-20260922-cheatvision-001,30.892857142857146,EMPTY ACTION,0
Large-Language-Models-play-StarCraftII/jev_runs/macro-v22-20260922-cheatvision-001,32.142857142857146,EMPTY ACTION,0
Large-Language-Models-play-StarCraftII/jev_runs/macro-v22-20260922-cheatvision-001,33.214285714285715,EMPTY ACTION,0
Large-Language-Models-play-StarCraftII/jev_runs/macro-v22-20260922-cheatvision-001,34.285714285714285,TRAIN PROBE,1
Large-Language-Models-play-StarCraftII/jev_runs/macro-v22-20260922-cheatvision-001,35.17857142857143,EMPTY ACTION,0
Large-Language-Models-play-StarCraftII/jev_runs/macro-v22-20260922-cheatvision-001,36.42857142857143,EMPTY ACTION,0
Large-Language-Models-play-StarCraftII/jev_runs/macro-v22-20260922-cheatvision-001,37.32142857142858,EMPTY ACTION,0
Large-Language-Models-play-StarCraftII/jev_runs/macro-v22-20260922-cheatvision-001,38.57142857142858,EMPTY ACTION,0
Large-Language-Models-play-StarCraftII/jev_runs/macro-v22-20260922-cheatvision-001,39.642857142857146,EMPTY ACTION,0
Large-Language-Models-play-StarCraftII/jev_runs/macro-v22-20260922-cheatvision-001,40.53571428571429,EMPTY ACTION,0
Large-Language-Models-play-StarCraftII/jev_runs/macro-v22-20260922-cheatvision-001,41.78571428571429,EMPTY ACTION,0
Large-Language-Models-play-StarCraftII/jev_runs/macro-v22-20260922-cheatvision-001,42.85714285714286,EMPTY ACTION,0
Large-Language-Models-play-StarCraftII/jev_runs/macro-v22-20260922-cheatvision-001,44.28571428571429,EMPTY ACTION,0
Large-Language-Models-play-StarCraftII/jev_runs/macro-v22-20260922-cheatvision-001,45.0,EMPTY ACTION,0
Large-Language-Models-play-StarCraftII/jev_runs/macro-v22-20260922-cheatvision-001,45.892857142857146,BUILD PYLON,1
Large-Language-Models-play-StarCraftII/jev_runs/macro-v22-20260922-cheatvision-001,47.142857142857146,EMPTY ACTION,0
Large-Language-Models-play-StarCraftII/jev_runs/macro-v22-20260922-cheatvision-001,48.03571428571429,EMPTY ACTION,0
Large-Language-Models-play-StarCraftII/jev_runs/macro-v22-20260922-cheatvision-001,49.10714285714286,EMPTY ACTION,0
Large-Language-Models-play-StarCraftII/jev_runs/macro-v22-20260922-cheatvision-001,50.35714285714286,EMPTY ACTION,0
Large-Language-Models-play-StarCraftII/jev_runs/macro-v22-20260922-cheatvision-001,51.42857142857143,TRAIN PROBE,1
Large-Language-Models-play-StarCraftII/jev_runs/macro-v22-20260922-cheatvision-001,52.5,EMPTY ACTION,0
Large-Language-Models-play-StarCraftII/jev_runs/macro-v22-20260922-cheatvision-001,53.57142857142858,EMPTY ACTION,0
Large-Language-Models-play-StarCraftII/jev_runs/macro-v22-20260922-cheatvision-001,54.642857142857146,EMPTY ACTION,0
Large-Language-Models-play-StarCraftII/jev_runs/macro-v22-20260922-cheatvision-001,55.714285714285715,EMPTY ACTION,0
Large-Language-Models-play-StarCraftII/jev_runs/macro-v22-20260922-cheatvision-001,56.78571428571429,EMPTY ACTION,0
Large-Language-Models-play-StarCraftII/jev_runs/macro-v22-20260922-cheatvision-001,57.67857142857143,EMPTY ACTION,0
Large-Language-Models-play-StarCraftII/jev_runs/macro-v22-20260922-cheatvision-001,58.92857142857143,EMPTY ACTION,0
Large-Language-Models-play-StarCraftII/jev_runs/macro-v22-20260922-cheatvision-001,59.82142857142858,EMPTY ACTION,0
Large-Language-Models-play-StarCraftII/jev_runs/macro-v22-20260922-cheatvision-001,61.07142857142858,EMPTY ACTION,0
Large-Language-Models-play-StarCraftII/jev_runs/macro-v22-20260922-cheatvision-001,62.142857142857146,EMPTY ACTION,0
Large-Language-Models-play-StarCraftII/jev_runs/macro-v22-20260922-cheatvision-001,63.214285714285715,EMPTY ACTION,0
Large-Language-Models-play-StarCraftII/jev_runs/macro-v22-20260922-cheatvision-001,64.10714285714286,EMPTY ACTION,0
Large-Language-Models-play-StarCraftII/jev_runs/macro-v22-20260922-cheatvision-001,65.17857142857143,EMPTY ACTION,0
Large-Language-Models-play-StarCraftII/jev_runs/macro-v22-20260922-cheatvision-001,66.25,TRAIN PROBE,1
Large-Language-Models-play-StarCraftII/jev_runs/macro-v22-20260922-cheatvision-001,67.5,CHRONOBOOST NEXUS,1
Large-Language-Models-play-StarCraftII/jev_runs/macro-v22-20260922-cheatvision-001,68.57142857142857,EMPTY ACTION,0
Large-Language-Models-play-StarCraftII/jev_runs/macro-v22-20260922-cheatvision-001,69.64285714285715,EMPTY ACTION,0
Large-Language-Models-play-StarCraftII/jev_runs/macro-v22-20260922-cheatvision-001,70.71428571428572,EMPTY ACTION,0
Large-Language-Models-play-StarCraftII/jev_runs/macro-v22-20260922-cheatvision-001,71.78571428571429,EMPTY ACTION,0
Large-Language-Models-play-StarCraftII/jev_runs/macro-v22-20260922-cheatvision-001,72.85714285714286,BUILD GATEWAY,1
Large-Language-Models-play-StarCraftII/jev_runs/macro-v22-20260922-cheatvision-001,73.92857142857143,EMPTY ACTION,0
Large-Language-Models-play-StarCraftII/jev_runs/macro-v22-20260922-cheatvision-001,75.0,EMPTY ACTION,0
Large-Language-Models-play-StarCraftII/jev_runs/macro-v22-20260922-cheatvision-001,75.89285714285715,EMPTY ACTION,0
Large-Language-Models-play-StarCraftII/jev_runs/macro-v22-20260922-cheatvision-001,76.96428571428572,TRAIN PROBE,1
Large-Language-Models-play-StarCraftII/jev_runs/macro-v22-20260922-cheatvision-001,78.21428571428572,EMPTY ACTION,0
Large-Language-Models-play-StarCraftII/jev_runs/macro-v22-20260922-cheatvision-001,79.28571428571429,EMPTY ACTION,0
Large-Language-Models-play-StarCraftII/jev_runs/macro-v22-20260922-cheatvision-001,80.17857142857143,EMPTY ACTION,0
Large-Language-Models-play-StarCraftII/jev_runs/macro-v22-20260922-cheatvision-001,81.25,EMPTY ACTION,0
Large-Language-Models-play-StarCraftII/jev_runs/macro-v22-20260922-cheatvision-001,82.5,EMPTY ACTION,0
Large-Language-Models-play-StarCraftII/jev_runs/macro-v22-20260922-cheatvision-001,83.39285714285715,EMPTY ACTION,0
Large-Language-Models-play-StarCraftII/jev_runs/macro-v22-20260922-cheatvision-001,84.64285714285715,EMPTY ACTION,0
Large-Language-Models-play-StarCraftII/jev_runs/macro-v22-20260922-cheatvision-001,85.71428571428572,TRAIN PROBE,1
Large-Language-Models-play-StarCraftII/jev_runs/macro-v22-20260922-cheatvision-001,86.78571428571429,EMPTY ACTION,0
Large-Language-Models-play-StarCraftII/jev_runs/macro-v22-20260922-cheatvision-001,87.85714285714286,EMPTY ACTION,0
Large-Language-Models-play-StarCraftII/jev_runs/macro-v22-20260922-cheatvision-001,88.92857142857143,EMPTY ACTION,0
Large-Language-Models-play-StarCraftII/jev_runs/macro-v22-20260922-cheatvision-001,90.0,EMPTY ACTION,0
Large-Language-Models-play-StarCraftII/jev_runs/macro-v22-20260922-cheatvision-001,91.07142857142858,EMPTY ACTION,0
Large-Language-Models-play-StarCraftII/jev_runs/macro-v22-20260922-cheatvision-001,92.14285714285715,EMPTY ACTION,0
Large-Language-Models-play-StarCraftII/jev_runs/macro-v22-20260922-cheatvision-001,93.21428571428572,EMPTY ACTION,0
Large-Language-Models-play-StarCraftII/jev_runs/macro-v22-20260922-cheatvision-001,94.28571428571429,EMPTY ACTION,0
Large-Language-Models-play-StarCraftII/jev_runs/macro-v22-20260922-cheatvision-001,95.35714285714286,EMPTY ACTION,0
Large-Language-Models-play-StarCraftII/jev_runs/macro-v22-20260922-cheatvision-001,96.42857142857143,EMPTY ACTION,0
Large-Language-Models-play-StarCraftII/jev_runs/macro-v22-20260922-cheatvision-001,97.5,TRAIN PROBE,1
Large-Language-Models-play-StarCraftII/jev_runs/macro-v22-20260922-cheatvision-001,98.57142857142858,BUILD PYLON,1
Large-Language-Models-play-StarCraftII/jev_runs/macro-v22-20260922-cheatvision-001,99.64285714285715,EMPTY ACTION,0
Large-Language-Models-play-StarCraftII/jev_runs/macro-v22-20260922-cheatvision-001,100.71428571428572,EMPTY ACTION,0
Large-Language-Models-play-StarCraftII/jev_runs/macro-v22-20260922-cheatvision-001,101.78571428571429,EMPTY ACTION,0
Large-Language-Models-play-StarCraftII/jev_runs/macro-v22-20260922-cheatvision-001,102.85714285714286,EMPTY ACTION,0
Large-Language-Models-play-StarCraftII/jev_runs/macro-v22-20260922-cheatvision-001,103.92857142857143,EMPTY ACTION,0
Large-Language-Models-play-StarCraftII/jev_runs/macro-v22-20260922-cheatvision-001,105.0,EMPTY ACTION,0
Large-Language-Models-play-StarCraftII/jev_runs/macro-v22-20260922-cheatvision-001,105.89285714285715,EMPTY ACTION,0
Large-Language-Models-play-StarCraftII/jev_runs/macro-v22-20260922-cheatvision-001,107.14285714285715,EMPTY ACTION,0
Large-Language-Models-play-StarCraftII/jev_runs/macro-v22-20260922-cheatvision-001,108.21428571428572,EMPTY ACTION,0
Large-Language-Models-play-StarCraftII/jev_runs/macro-v22-20260922-cheatvision-001,109.28571428571429,EMPTY ACTION,0
Large-Language-Models-play-StarCraftII/jev_runs/macro-v22-20260922-cheatvision-001,110.35714285714286,TRAIN PROBE,1
Large-Language-Models-play-StarCraftII/jev_runs/macro-v22-20260922-cheatvision-001,111.42857142857143,EMPTY ACTION,0
Large-Language-Models-play-StarCraftII/jev_runs/macro-v22-20260922-cheatvision-001,112.32142857142858,EMPTY ACTION,0
Large-Language-Models-play-StarCraftII/jev_runs/macro-v22-20260922-cheatvision-001,113.39285714285715,EMPTY ACTION,0
Large-Language-Models-play-StarCraftII/jev_runs/macro-v22-20260922-cheatvision-001,114.64285714285715,EMPTY ACTION,0
Large-Language-Models-play-StarCraftII/jev_runs/macro-v22-20260922-cheatvision-001,115.71428571428572,EMPTY ACTION,0
Large-Language-Models-play-StarCraftII/jev_runs/macro-v22-20260922-cheatvision-001,116.78571428571429,EMPTY ACTION,0
Large-Language-Models-play-StarCraftII/jev_runs/macro-v22-20260922-cheatvision-001,117.85714285714286,EMPTY ACTION,0
Large-Language-Models-play-StarCraftII/jev_runs/macro-v22-20260922-cheatvision-001,118.92857142857143,EMPTY ACTION,0
Large-Language-Models-play-StarCraftII/jev_runs/macro-v22-20260922-cheatvision-001,120.00000000000001,EMPTY ACTION,0
Large-Language-Models-play-StarCraftII/jev_runs/macro-v22-20260922-cheatvision-001,121.07142857142858,EMPTY ACTION,0
Large-Language-Models-play-StarCraftII/jev_runs/macro-v22-20260922-cheatvision-001,122.14285714285715,BUILD GATEWAY,1
Large-Language-Models-play-StarCraftII/jev_runs/macro-v22-20260922-cheatvision-001,123.21428571428572,TRAIN PROBE,1
Large-Language-Models-play-StarCraftII/jev_runs/macro-v22-20260922-cheatvision-001,124.28571428571429,TRAIN ZEALOT,1
Large-Language-Models-play-StarCraftII/jev_runs/macro-v22-20260922-cheatvision-001,125.17857142857143,EMPTY ACTION,0
Large-Language-Models-play-StarCraftII/jev_runs/macro-v22-20260922-cheatvision-001,126.25000000000001,EMPTY ACTION,0
Large-Language-Models-play-StarCraftII/jev_runs/macro-v22-20260922-cheatvision-001,127.50000000000001,EMPTY ACTION,0
Large-Language-Models-play-StarCraftII/jev_runs/macro-v22-20260922-cheatvision-001,128.57142857142858,EMPTY ACTION,0
Large-Language-Models-play-StarCraftII/jev_runs/macro-v22-20260922-cheatvision-001,129.64285714285714,EMPTY ACTION,0
Large-Language-Models-play-StarCraftII/jev_runs/macro-v22-20260922-cheatvision-001,130.71428571428572,EMPTY ACTION,0
Large-Language-Models-play-StarCraftII/jev_runs/macro-v22-20260922-cheatvision-001,131.7857142857143,EMPTY ACTION,0
Large-Language-Models-play-StarCraftII/jev_runs/macro-v22-20260922-cheatvision-001,132.67857142857144,EMPTY ACTION,0
Large-Language-Models-play-StarCraftII/jev_runs/macro-v22-20260922-cheatvision-001,133.92857142857144,BUILD CYBERNETICSCORE,1
Large-Language-Models-play-StarCraftII/jev_runs/macro-v22-20260922-cheatvision-001,135.0,EMPTY ACTION,0
Large-Language-Models-play-StarCraftII/jev_runs/macro-v22-20260922-cheatvision-001,136.07142857142858,EMPTY ACTION,0
Large-Language-Models-play-StarCraftII/jev_runs/macro-v22-20260922-cheatvision-001,137.14285714285714,EMPTY ACTION,0
Large-Language-Models-play-StarCraftII/jev_runs/macro-v22-20260922-cheatvision-001,138.21428571428572,EMPTY ACTION,0
Large-Language-Models-play-StarCraftII/jev_runs/macro-v22-20260922-cheatvision-001,139.2857142857143,EMPTY ACTION,0
Large-Language-Models-play-StarCraftII/jev_runs/macro-v22-20260922-cheatvision-001,140.35714285714286,EMPTY ACTION,0
Large-Language-Models-play-StarCraftII/jev_runs/macro-v22-20260922-cheatvision-001,141.42857142857144,EMPTY ACTION,0
Large-Language-Models-play-StarCraftII/jev_runs/macro-v22-20260922-cheatvision-001,142.5,EMPTY ACTION,0
Large-Language-Models-play-StarCraftII/jev_runs/macro-v22-20260922-cheatvision-001,143.39285714285714,EMPTY ACTION,0
Large-Language-Models-play-StarCraftII/jev_runs/macro-v22-20260922-cheatvision-001,144.64285714285714,EMPTY ACTION,0
Large-Language-Models-play-StarCraftII/jev_runs/macro-v22-20260922-cheatvision-001,145.71428571428572,EMPTY ACTION,0
Large-Language-Models-play-StarCraftII/jev_runs/macro-v22-20260922-cheatvision-001,146.7857142857143,EMPTY ACTION,0
Large-Language-Models-play-StarCraftII/jev_runs/macro-v22-20260922-cheatvision-001,147.67857142857144,EMPTY ACTION,0
Large-Language-Models-play-StarCraftII/jev_runs/macro-v22-20260922-cheatvision-001,148.92857142857144,EMPTY ACTION,0
Large-Language-Models-play-StarCraftII/jev_runs/macro-v22-20260922-cheatvision-001,150.0,EMPTY ACTION,0
Large-Language-Models-play-StarCraftII/jev_runs/macro-v22-20260922-cheatvision-001,151.07142857142858,EMPTY ACTION,0
Large-Language-Models-play-StarCraftII/jev_runs/macro-v22-20260922-cheatvision-001,151.96428571428572,EMPTY ACTION,0
Large-Language-Models-play-StarCraftII/jev_runs/macro-v22-20260922-cheatvision-001,153.21428571428572,EMPTY ACTION,0
Large-Language-Models-play-StarCraftII/jev_runs/macro-v22-20260922-cheatvision-001,154.2857142857143,EMPTY ACTION,0
Large-Language-Models-play-StarCraftII/jev_runs/macro-v22-20260922-cheatvision-001,155.17857142857144,EMPTY ACTION,0
Large-Language-Models-play-StarCraftII/jev_runs/macro-v22-20260922-cheatvision-001,156.42857142857144,EMPTY ACTION,0
Large-Language-Models-play-StarCraftII/jev_runs/macro-v22-20260922-cheatvision-001,157.5,EMPTY ACTION,0
Large-Language-Models-play-StarCraftII/jev_runs/macro-v22-20260922-cheatvision-001,158.57142857142858,EMPTY ACTION,0
Large-Language-Models-play-StarCraftII/jev_runs/macro-v22-20260922-cheatvision-001,159.64285714285714,EMPTY ACTION,0
Large-Language-Models-play-StarCraftII/jev_runs/macro-v22-20260922-cheatvision-001,160.5357142857143,EMPTY ACTION,0
Large-Language-Models-play-StarCraftII/jev_runs/macro-v22-20260922-cheatvision-001,161.7857142857143,BUILD NEXUS,1
Large-Language-Models-play-StarCraftII/jev_runs/macro-v22-20260922-cheatvision-001,162.85714285714286,EMPTY ACTION,0
Large-Language-Models-play-StarCraftII/jev_runs/macro-v22-20260922-cheatvision-001,163.92857142857144,EMPTY ACTION,0
Large-Language-Models-play-StarCraftII/jev_runs/macro-v22-20260922-cheatvision-001,165.0,TRAIN PROBE,1
Large-Language-Models-play-StarCraftII/jev_runs/macro-v22-20260922-cheatvision-001,166.07142857142858,EMPTY ACTION,0
Large-Language-Models-play-StarCraftII/jev_runs/macro-v22-20260922-cheatvision-001,166.96428571428572,EMPTY ACTION,0
Large-Language-Models-play-StarCraftII/jev_runs/macro-v22-20260922-cheatvision-001,168.21428571428572,EMPTY ACTION,0
Large-Language-Models-play-StarCraftII/jev_runs/macro-v22-20260922-cheatvision-001,169.2857142857143,EMPTY ACTION,0
Large-Language-Models-play-StarCraftII/jev_runs/macro-v22-20260922-cheatvision-001,170.35714285714286,BUILD ASSIMILATOR,1
Large-Language-Models-play-StarCraftII/jev_runs/macro-v22-20260922-cheatvision-001,171.25,EMPTY ACTION,0
Large-Language-Models-play-StarCraftII/jev_runs/macro-v22-20260922-cheatvision-001,172.5,EMPTY ACTION,0
Large-Language-Models-play-StarCraftII/jev_runs/macro-v22-20260922-cheatvision-001,173.57142857142858,RESEARCH WARPGATERESEARCH,1
Large-Language-Models-play-StarCraftII/jev_runs/macro-v22-20260922-cheatvision-001,174.64285714285717,EMPTY ACTION,0
Large-Language-Models-play-StarCraftII/jev_runs/macro-v22-20260922-cheatvision-001,175.71428571428572,EMPTY ACTION,0
Large-Language-Models-play-StarCraftII/jev_runs/macro-v22-20260922-cheatvision-001,176.60714285714286,EMPTY ACTION,0
Large-Language-Models-play-StarCraftII/jev_runs/macro-v22-20260922-cheatvision-001,177.85714285714286,TRAIN PROBE,1
Large-Language-Models-play-StarCraftII/jev_runs/macro-v22-20260922-cheatvision-001,178.75,EMPTY ACTION,0
Large-Language-Models-play-StarCraftII/jev_runs/macro-v22-20260922-cheatvision-001,180.17857142857144,EMPTY ACTION,0
Large-Language-Models-play-StarCraftII/jev_runs/macro-v22-20260922-cheatvision-001,181.07142857142858,EMPTY ACTION,0
Large-Language-Models-play-StarCraftII/jev_runs/macro-v22-20260922-cheatvision-001,182.14285714285717,EMPTY ACTION,0
Large-Language-Models-play-StarCraftII/jev_runs/macro-v22-20260922-cheatvision-001,183.21428571428572,EMPTY ACTION,0
Large-Language-Models-play-StarCraftII/jev_runs/macro-v22-20260922-cheatvision-001,184.2857142857143,EMPTY ACTION,0
Large-Language-Models-play-StarCraftII/jev_runs/macro-v22-20260922-cheatvision-001,185.35714285714286,EMPTY ACTION,0
Large-Language-Models-play-StarCraftII/jev_runs/macro-v22-20260922-cheatvision-001,186.25,BUILD PYLON,1
Large-Language-Models-play-StarCraftII/jev_runs/macro-v22-20260922-cheatvision-001,187.5,EMPTY ACTION,0
Large-Language-Models-play-StarCraftII/jev_runs/macro-v22-20260922-cheatvision-001,188.57142857142858,EMPTY ACTION,0
Large-Language-Models-play-StarCraftII/jev_runs/macro-v22-20260922-cheatvision-001,189.64285714285717,EMPTY ACTION,0
Large-Language-Models-play-StarCraftII/jev_runs/macro-v22-20260922-cheatvision-001,190.71428571428572,TRAIN PROBE,1
Large-Language-Models-play-StarCraftII/jev_runs/macro-v22-20260922-cheatvision-001,191.7857142857143,EMPTY ACTION,0
Large-Language-Models-play-StarCraftII/jev_runs/macro-v22-20260922-cheatvision-001,192.85714285714286,EMPTY ACTION,0
Large-Language-Models-play-StarCraftII/jev_runs/macro-v22-20260922-cheatvision-001,193.75,EMPTY ACTION,0
Large-Language-Models-play-StarCraftII/jev_runs/macro-v22-20260922-cheatvision-001,195.0,EMPTY ACTION,0
Large-Language-Models-play-StarCraftII/jev_runs/macro-v22-20260922-cheatvision-001,196.07142857142858,TRAIN ZEALOT,1
Large-Language-Models-play-StarCraftII/jev_runs/macro-v22-20260922-cheatvision-001,197.14285714285717,EMPTY ACTION,0
Large-Language-Models-play-StarCraftII/jev_runs/macro-v22-20260922-cheatvision-001,198.21428571428572,EMPTY ACTION,0
Large-Language-Models-play-StarCraftII/jev_runs/macro-v22-20260922-cheatvision-001,199.2857142857143,EMPTY ACTION,0
Large-Language-Models-play-StarCraftII/jev_runs/macro-v22-20260922-cheatvision-001,200.35714285714286,EMPTY ACTION,0
Large-Language-Models-play-StarCraftII/jev_runs/macro-v22-20260922-cheatvision-001,201.42857142857144,EMPTY ACTION,0
Large-Language-Models-play-StarCraftII/jev_runs/macro-v22-20260922-cheatvision-001,202.5,TRAIN ADEPT,1
Large-Language-Models-play-StarCraftII/jev_runs/macro-v22-20260922-cheatvision-001,203.57142857142858,EMPTY ACTION,0
Large-Language-Models-play-StarCraftII/jev_runs/macro-v22-20260922-cheatvision-001,204.64285714285717,EMPTY ACTION,0
Large-Language-Models-play-StarCraftII/jev_runs/macro-v22-20260922-cheatvision-001,205.71428571428572,EMPTY ACTION,0
Large-Language-Models-play-StarCraftII/jev_runs/macro-v22-20260922-cheatvision-001,206.7857142857143,TRAIN PROBE,1
Large-Language-Models-play-StarCraftII/jev_runs/macro-v22-20260922-cheatvision-001,207.85714285714286,EMPTY ACTION,0
Large-Language-Models-play-StarCraftII/jev_runs/macro-v22-20260922-cheatvision-001,208.92857142857144,EMPTY ACTION,0
Large-Language-Models-play-StarCraftII/jev_runs/macro-v22-20260922-cheatvision-001,210.0,EMPTY ACTION,0
Large-Language-Models-play-StarCraftII/jev_runs/macro-v22-20260922-cheatvision-001,210.89285714285717,EMPTY ACTION,0
Large-Language-Models-play-StarCraftII/jev_runs/macro-v22-20260922-cheatvision-001,212.14285714285717,EMPTY ACTION,0
Large-Language-Models-play-StarCraftII/jev_runs/macro-v22-20260922-cheatvision-001,213.21428571428572,EMPTY ACTION,0
Large-Language-Models-play-StarCraftII/jev_runs/macro-v22-20260922-cheatvision-001,214.2857142857143,EMPTY ACTION,0
Large-Language-Models-play-StarCraftII/jev_runs/macro-v22-20260922-cheatvision-001,215.35714285714286,EMPTY ACTION,0
Large-Language-Models-play-StarCraftII/jev_runs/macro-v22-20260922-cheatvision-001,216.25,BUILD ROBOTICSFACILITY,1
Large-Language-Models-play-StarCraftII/jev_runs/macro-v22-20260922-cheatvision-001,217.5,EMPTY ACTION,0
Large-Language-Models-play-StarCraftII/jev_runs/macro-v22-20260922-cheatvision-001,218.57142857142858,EMPTY ACTION,0
Large-Language-Models-play-StarCraftII/jev_runs/macro-v22-20260922-cheatvision-001,219.64285714285717,EMPTY ACTION,0
Large-Language-Models-play-StarCraftII/jev_runs/macro-v22-20260922-cheatvision-001,220.71428571428572,TRAIN PROBE,1
Large-Language-Models-play-StarCraftII/jev_runs/macro-v22-20260922-cheatvision-001,221.60714285714286,EMPTY ACTION,0
Large-Language-Models-play-StarCraftII/jev_runs/macro-v22-20260922-cheatvision-001,222.85714285714286,EMPTY ACTION,0
Large-Language-Models-play-StarCraftII/jev_runs/macro-v22-20260922-cheatvision-001,223.92857142857144,EMPTY ACTION,0
Large-Language-Models-play-StarCraftII/jev_runs/macro-v22-20260922-cheatvision-001,225.00000000000003,EMPTY ACTION,0
Large-Language-Models-play-StarCraftII/jev_runs/macro-v22-20260922-cheatvision-001,225.89285714285717,EMPTY ACTION,0
Large-Language-Models-play-StarCraftII/jev_runs/macro-v22-20260922-cheatvision-001,227.14285714285717,EMPTY ACTION,0
Large-Language-Models-play-StarCraftII/jev_runs/macro-v22-20260922-cheatvision-001,228.21428571428572,BUILD PYLON,1
Large-Language-Models-play-StarCraftII/jev_runs/macro-v22-20260922-cheatvision-001,229.2857142857143,EMPTY ACTION,0
Large-Language-Models-play-StarCraftII/jev_runs/macro-v22-20260922-cheatvision-001,230.35714285714286,EMPTY ACTION,0
Large-Language-Models-play-StarCraftII/jev_runs/macro-v22-20260922-cheatvision-001,231.42857142857144,EMPTY ACTION,0
Large-Language-Models-play-StarCraftII/jev_runs/macro-v22-20260922-cheatvision-001,232.50000000000003,EMPTY ACTION,0
Large-Language-Models-play-StarCraftII/jev_runs/macro-v22-20260922-cheatvision-001,233.57142857142858,TRAIN PROBE,1
Large-Language-Models-play-StarCraftII/jev_runs/macro-v22-20260922-cheatvision-001,234.64285714285717,EMPTY ACTION,0
Large-Language-Models-play-StarCraftII/jev_runs/macro-v22-20260922-cheatvision-001,235.5357142857143,EMPTY ACTION,0
Large-Language-Models-play-StarCraftII/jev_runs/macro-v22-20260922-cheatvision-001,236.60714285714286,EMPTY ACTION,0
Large-Language-Models-play-StarCraftII/jev_runs/macro-v22-20260922-cheatvision-001,237.85714285714286,EMPTY ACTION,0
Large-Language-Models-play-StarCraftII/jev_runs/macro-v22-20260922-cheatvision-001,238.92857142857144,TRAIN ADEPT,1
Large-Language-Models-play-StarCraftII/jev_runs/macro-v22-20260922-cheatvision-001,240.00000000000003,EMPTY ACTION,0
Large-Language-Models-play-StarCraftII/jev_runs/macro-v22-20260922-cheatvision-001,241.07142857142858,EMPTY ACTION,0
Large-Language-Models-play-StarCraftII/jev_runs/macro-v22-20260922-cheatvision-001,242.14285714285717,TRAIN PROBE,1
Large-Language-Models-play-StarCraftII/jev_runs/macro-v22-20260922-cheatvision-001,243.21428571428572,EMPTY ACTION,0
Large-Language-Models-play-StarCraftII/jev_runs/macro-v22-20260922-cheatvision-001,244.2857142857143,EMPTY ACTION,0
Large-Language-Models-play-StarCraftII/jev_runs/macro-v22-20260922-cheatvision-001,245.35714285714286,EMPTY ACTION,0
Large-Language-Models-play-StarCraftII/jev_runs/macro-v22-20260922-cheatvision-001,246.42857142857144,TRAIN PROBE,1
Large-Language-Models-play-StarCraftII/jev_runs/macro-v22-20260922-cheatvision-001,247.50000000000003,EMPTY ACTION,0
Large-Language-Models-play-StarCraftII/jev_runs/macro-v22-20260922-cheatvision-001,248.57142857142858,EMPTY ACTION,0
Large-Language-Models-play-StarCraftII/jev_runs/macro-v22-20260922-cheatvision-001,249.46428571428572,EMPTY ACTION,0
Large-Language-Models-play-StarCraftII/jev_runs/macro-v22-20260922-cheatvision-001,250.71428571428572,EMPTY ACTION,0
Large-Language-Models-play-StarCraftII/jev_runs/macro-v22-20260922-cheatvision-001,251.7857142857143,TRAIN ADEPT,1
Large-Language-Models-play-StarCraftII/jev_runs/macro-v22-20260922-cheatvision-001,252.85714285714286,EMPTY ACTION,0
Large-Language-Models-play-StarCraftII/jev_runs/macro-v22-20260922-cheatvision-001,253.92857142857144,EMPTY ACTION,0
Large-Language-Models-play-StarCraftII/jev_runs/macro-v22-20260922-cheatvision-001,255.00000000000003,TRAIN PROBE,1
Large-Language-Models-play-StarCraftII/jev_runs/macro-v22-20260922-cheatvision-001,256.0714285714286,EMPTY ACTION,0
Large-Language-Models-play-StarCraftII/jev_runs/macro-v22-20260922-cheatvision-001,257.14285714285717,EMPTY ACTION,0
Large-Language-Models-play-StarCraftII/jev_runs/macro-v22-20260922-cheatvision-001,258.2142857142857,EMPTY ACTION,0
Large-Language-Models-play-StarCraftII/jev_runs/macro-v22-20260922-cheatvision-001,260.3571428571429,TRAIN PROBE,1
Large-Language-Models-play-StarCraftII/jev_runs/macro-v22-20260922-cheatvision-001,261.42857142857144,EMPTY ACTION,0
Large-Language-Models-play-StarCraftII/jev_runs/macro-v22-20260922-cheatvision-001,262.5,EMPTY ACTION,0
Large-Language-Models-play-StarCraftII/jev_runs/macro-v22-20260922-cheatvision-001,263.5714285714286,EMPTY ACTION,0
Large-Language-Models-play-StarCraftII/jev_runs/macro-v22-20260922-cheatvision-001,264.64285714285717,EMPTY ACTION,0
Large-Language-Models-play-StarCraftII/jev_runs/macro-v22-20260922-cheatvision-001,265.7142857142857,EMPTY ACTION,0
Large-Language-Models-play-StarCraftII/jev_runs/macro-v22-20260922-cheatvision-001,266.7857142857143,BUILD GATEWAY,1
Large-Language-Models-play-StarCraftII/jev_runs/macro-v22-20260922-cheatvision-001,267.8571428571429,EMPTY ACTION,0
Large-Language-Models-play-StarCraftII/jev_runs/macro-v22-20260922-cheatvision-001,268.92857142857144,TRAIN OBSERVER,1
Large-Language-Models-play-StarCraftII/jev_runs/macro-v22-20260922-cheatvision-001,270.0,EMPTY ACTION,0
Large-Language-Models-play-StarCraftII/jev_runs/macro-v22-20260922-cheatvision-001,271.0714285714286,EMPTY ACTION,0
Large-Language-Models-play-StarCraftII/jev_runs/macro-v22-20260922-cheatvision-001,272.14285714285717,TRAIN PROBE,1
Large-Language-Models-play-StarCraftII/jev_runs/macro-v22-20260922-cheatvision-001,273.2142857142857,TRAIN PROBE,1
Large-Language-Models-play-StarCraftII/jev_runs/macro-v22-20260922-cheatvision-001,274.1071428571429,EMPTY ACTION,0
Large-Language-Models-play-StarCraftII/jev_runs/macro-v22-20260922-cheatvision-001,275.3571428571429,EMPTY ACTION,0
Large-Language-Models-play-StarCraftII/jev_runs/macro-v22-20260922-cheatvision-001,276.25,EMPTY ACTION,0
Large-Language-Models-play-StarCraftII/jev_runs/macro-v22-20260922-cheatvision-001,277.3214285714286,EMPTY ACTION,0
Large-Language-Models-play-StarCraftII/jev_runs/macro-v22-20260922-cheatvision-001,278.5714285714286,EMPTY ACTION,0
Large-Language-Models-play-StarCraftII/jev_runs/macro-v22-20260922-cheatvision-001,279.4642857142857,EMPTY ACTION,0
Large-Language-Models-play-StarCraftII/jev_runs/macro-v22-20260922-cheatvision-001,280.5357142857143,TRAIN ADEPT,1
Large-Language-Models-play-StarCraftII/jev_runs/macro-v22-20260922-cheatvision-001,281.6071428571429,EMPTY ACTION,0
Large-Language-Models-play-StarCraftII/jev_runs/macro-v22-20260922-cheatvision-001,282.8571428571429,EMPTY ACTION,0
Large-Language-Models-play-StarCraftII/jev_runs/macro-v22-20260922-cheatvision-001,283.92857142857144,EMPTY ACTION,0
Large-Language-Models-play-StarCraftII/jev_runs/macro-v22-20260922-cheatvision-001,285.0,TRAIN PROBE,1
Large-Language-Models-play-StarCraftII/jev_runs/macro-v22-20260922-cheatvision-001,286.0714285714286,EMPTY ACTION,0
Large-Language-Models-play-StarCraftII/jev_runs/macro-v22-20260922-cheatvision-001,287.14285714285717,TRAIN PROBE,1
Large-Language-Models-play-StarCraftII/jev_runs/macro-v22-20260922-cheatvision-001,288.2142857142857,EMPTY ACTION,0
Large-Language-Models-play-StarCraftII/jev_runs/macro-v22-20260922-cheatvision-001,289.2857142857143,EMPTY ACTION,0
Large-Language-Models-play-StarCraftII/jev_runs/macro-v22-20260922-cheatvision-001,290.3571428571429,EMPTY ACTION,0
Large-Language-Models-play-StarCraftII/jev_runs/macro-v22-20260922-cheatvision-001,291.42857142857144,TRAIN ZEALOT,1
Large-Language-Models-play-StarCraftII/jev_runs/macro-v22-20260922-cheatvision-001,292.3214285714286,EMPTY ACTION,0
Large-Language-Models-play-StarCraftII/jev_runs/macro-v22-20260922-cheatvision-001,293.39285714285717,EMPTY ACTION,0
Large-Language-Models-play-StarCraftII/jev_runs/macro-v22-20260922-cheatvision-001,294.64285714285717,EMPTY ACTION,0
Large-Language-Models-play-StarCraftII/jev_runs/macro-v22-20260922-cheatvision-001,295.7142857142857,EMPTY ACTION,0
Large-Language-Models-play-StarCraftII/jev_runs/macro-v22-20260922-cheatvision-001,296.875,BUILD PYLON,1
Large-Language-Models-play-StarCraftII/jev_runs/macro-v22-20260922-cheatvision-001,297.9464285714286,EMPTY ACTION,0
Large-Language-Models-play-StarCraftII/jev_runs/macro-v22-20260922-cheatvision-001,299.01785714285717,TRAIN PROBE,1
Large-Language-Models-play-StarCraftII/jev_runs/macro-v22-20260922-cheatvision-001,300.0892857142857,EMPTY ACTION,0
Large-Language-Models-play-StarCraftII/jev_runs/macro-v22-20260922-cheatvision-001,300.9821428571429,TRAIN PROBE,1
Large-Language-Models-play-StarCraftII/jev_runs/macro-v22-20260922-cheatvision-001,302.05357142857144,EMPTY ACTION,0
Large-Language-Models-play-StarCraftII/jev_runs/macro-v22-20260922-cheatvision-001,303.125,EMPTY ACTION,0
Large-Language-Models-play-StarCraftII/jev_runs/macro-v22-20260922-cheatvision-001,304.375,EMPTY ACTION,0
Large-Language-Models-play-StarCraftII/jev_runs/macro-v22-20260922-cheatvision-001,305.4464285714286,TRAIN ZEALOT,1
Large-Language-Models-play-StarCraftII/jev_runs/macro-v22-20260922-cheatvision-001,306.51785714285717,EMPTY ACTION,0
Large-Language-Models-play-StarCraftII/jev_runs/macro-v22-20260922-cheatvision-001,307.5892857142857,EMPTY ACTION,0
Large-Language-Models-play-StarCraftII/jev_runs/macro-v22-20260922-cheatvision-001,308.6607142857143,EMPTY ACTION,0
Large-Language-Models-play-StarCraftII/jev_runs/macro-v22-20260922-cheatvision-001,309.7321428571429,EMPTY ACTION,0
Large-Language-Models-play-StarCraftII/jev_runs/macro-v22-20260922-cheatvision-001,310.80357142857144,BUILD SHIELDBATTERY,1
Large-Language-Models-play-StarCraftII/jev_runs/macro-v22-20260922-cheatvision-001,311.875,EMPTY ACTION,0
Large-Language-Models-play-StarCraftII/jev_runs/macro-v22-20260922-cheatvision-001,312.9464285714286,TRAIN PROBE,1
Large-Language-Models-play-StarCraftII/jev_runs/macro-v22-20260922-cheatvision-001,314.01785714285717,EMPTY ACTION,0
Large-Language-Models-play-StarCraftII/jev_runs/macro-v22-20260922-cheatvision-001,315.0892857142857,TRAIN PROBE,1
Large-Language-Models-play-StarCraftII/jev_runs/macro-v22-20260922-cheatvision-001,316.1607142857143,EMPTY ACTION,0
Large-Language-Models-play-StarCraftII/jev_runs/macro-v22-20260922-cheatvision-001,317.2321428571429,EMPTY ACTION,0
Large-Language-Models-play-StarCraftII/jev_runs/macro-v22-20260922-cheatvision-001,318.125,EMPTY ACTION,0
Large-Language-Models-play-StarCraftII/jev_runs/macro-v22-20260922-cheatvision-001,319.375,EMPTY ACTION,0
Large-Language-Models-play-StarCraftII/jev_runs/macro-v22-20260922-cheatvision-001,320.4464285714286,TRAIN ADEPT,1
Large-Language-Models-play-StarCraftII/jev_runs/macro-v22-20260922-cheatvision-001,321.51785714285717,EMPTY ACTION,0
Large-Language-Models-play-StarCraftII/jev_runs/macro-v22-20260922-cheatvision-001,322.5892857142857,EMPTY ACTION,0
Large-Language-Models-play-StarCraftII/jev_runs/macro-v22-20260922-cheatvision-001,323.4821428571429,TRAIN ADEPT,1
Large-Language-Models-play-StarCraftII/jev_runs/macro-v22-20260922-cheatvision-001,324.7321428571429,EMPTY ACTION,0
Large-Language-Models-play-StarCraftII/jev_runs/macro-v22-20260922-cheatvision-001,325.625,TRAIN PROBE,1
Large-Language-Models-play-StarCraftII/jev_runs/macro-v22-20260922-cheatvision-001,326.6964285714286,EMPTY ACTION,0
Large-Language-Models-play-StarCraftII/jev_runs/macro-v22-20260922-cheatvision-001,327.9464285714286,MULTI-RETREAT,2
Large-Language-Models-play-StarCraftII/jev_runs/macro-v22-20260922-cheatvision-001,329.01785714285717,EMPTY ACTION,0
Large-Language-Models-play-StarCraftII/jev_runs/macro-v22-20260922-cheatvision-001,329.91071428571433,TRAIN ADEPT,1
Large-Language-Models-play-StarCraftII/jev_runs/macro-v22-20260922-cheatvision-001,330.9821428571429,EMPTY ACTION,0
Large-Language-Models-play-StarCraftII/jev_runs/macro-v22-20260922-cheatvision-001,332.2321428571429,EMPTY ACTION,0
Large-Language-Models-play-StarCraftII/jev_runs/macro-v22-20260922-cheatvision-001,333.30357142857144,EMPTY ACTION,0
Large-Language-Models-play-StarCraftII/jev_runs/macro-v22-20260922-cheatvision-001,334.375,EMPTY ACTION,0
Large-Language-Models-play-StarCraftII/jev_runs/macro-v22-20260922-cheatvision-001,335.4464285714286,TRAIN PROBE,1
Large-Language-Models-play-StarCraftII/jev_runs/macro-v22-20260922-cheatvision-001,336.51785714285717,EMPTY ACTION,0
Large-Language-Models-play-StarCraftII/jev_runs/macro-v22-20260922-cheatvision-001,337.41071428571433,EMPTY ACTION,0
Large-Language-Models-play-StarCraftII/jev_runs/macro-v22-20260922-cheatvision-001,338.66071428571433,TRAIN PROBE,1
Large-Language-Models-play-StarCraftII/jev_runs/macro-v22-20260922-cheatvision-001,339.7321428571429,EMPTY ACTION,0
Large-Language-Models-play-StarCraftII/jev_runs/macro-v22-20260922-cheatvision-001,340.80357142857144,EMPTY ACTION,0
Large-Language-Models-play-StarCraftII/jev_runs/macro-v22-20260922-cheatvision-001,342.05357142857144,BUILD SHIELDBATTERY,1
Large-Language-Models-play-StarCraftII/jev_runs/macro-v22-20260922-cheatvision-001,342.9464285714286,EMPTY ACTION,0
Large-Language-Models-play-StarCraftII/jev_runs/macro-v22-20260922-cheatvision-001,344.01785714285717,TRAIN STALKER,1
Large-Language-Models-play-StarCraftII/jev_runs/macro-v22-20260922-cheatvision-001,345.0892857142857,TRAIN ADEPT,1
Large-Language-Models-play-StarCraftII/jev_runs/macro-v22-20260922-cheatvision-001,346.16071428571433,TRAIN IMMORTAL,1
Large-Language-Models-play-StarCraftII/jev_runs/macro-v22-20260922-cheatvision-001,347.2321428571429,EMPTY ACTION,0
Large-Language-Models-play-StarCraftII/jev_runs/macro-v22-20260922-cheatvision-001,348.30357142857144,EMPTY ACTION,0
Large-Language-Models-play-StarCraftII/jev_runs/macro-v22-20260922-cheatvision-001,349.375,CHRONOBOOST NEXUS,1
Large-Language-Models-play-StarCraftII/jev_runs/macro-v22-20260922-cheatvision-001,350.4464285714286,TRAIN ZEALOT,1
Large-Language-Models-play-StarCraftII/jev_runs/macro-v22-20260922-cheatvision-001,351.51785714285717,EMPTY ACTION,0
Large-Language-Models-play-StarCraftII/jev_runs/macro-v22-20260922-cheatvision-001,352.5892857142857,EMPTY ACTION,0
Large-Language-Models-play-StarCraftII/jev_runs/macro-v22-20260922-cheatvision-001,353.66071428571433,EMPTY ACTION,0
Large-Language-Models-play-StarCraftII/jev_runs/macro-v22-20260922-cheatvision-001,354.7321428571429,TRAIN STALKER,1
Large-Language-Models-play-StarCraftII/jev_runs/macro-v22-20260922-cheatvision-001,355.80357142857144,TRAIN ADEPT,1
Large-Language-Models-play-StarCraftII/jev_runs/macro-v22-20260922-cheatvision-001,356.6964285714286,TRAIN ZEALOT,1
Large-Language-Models-play-StarCraftII/jev_runs/macro-v22-20260922-cheatvision-001,357.9464285714286,EMPTY ACTION,0
Large-Language-Models-play-StarCraftII/jev_runs/macro-v22-20260922-cheatvision-001,359.01785714285717,MULTI-DEFEND,3
Large-Language-Models-play-StarCraftII/jev_runs/macro-v22-20260922-cheatvision-001,360.0892857142857,EMPTY ACTION,0
Large-Language-Models-play-StarCraftII/jev_runs/macro-v22-20260922-cheatvision-001,361.16071428571433,TRAIN STALKER,1
Large-Language-Models-play-StarCraftII/jev_runs/macro-v22-20260922-cheatvision-001,362.2321428571429,TRAIN PROBE,1
Large-Language-Models-play-StarCraftII/jev_runs/macro-v22-20260922-cheatvision-001,363.30357142857144,TRAIN STALKER,1
Large-Language-Models-play-StarCraftII/jev_runs/macro-v22-20260922-cheatvision-001,365.4464285714286,EMPTY ACTION,0
Large-Language-Models-play-StarCraftII/jev_runs/macro-v22-20260922-cheatvision-001,366.51785714285717,TRAIN ZEALOT,1
Large-Language-Models-play-StarCraftII/jev_runs/macro-v22-20260922-cheatvision-001,367.41071428571433,TRAIN PROBE,1
Large-Language-Models-play-StarCraftII/jev_runs/macro-v22-20260922-cheatvision-001,368.66071428571433,EMPTY ACTION,0
Large-Language-Models-play-StarCraftII/jev_runs/macro-v22-20260922-cheatvision-001,369.55357142857144,EMPTY ACTION,0
Large-Language-Models-play-StarCraftII/jev_runs/macro-v22-20260922-cheatvision-001,370.80357142857144,EMPTY ACTION,0
Large-Language-Models-play-StarCraftII/jev_runs/macro-v22-20260922-cheatvision-001,371.875,EMPTY ACTION,0
Large-Language-Models-play-StarCraftII/jev_runs/macro-v22-20260922-cheatvision-001,372.9464285714286,EMPTY ACTION,0
Large-Language-Models-play-StarCraftII/jev_runs/macro-v22-20260922-cheatvision-001,374.01785714285717,TRAIN STALKER,1
Large-Language-Models-play-StarCraftII/jev_runs/macro-v22-20260922-cheatvision-001,375.0892857142857,BUILD SHIELDBATTERY,1
Large-Language-Models-play-StarCraftII/jev_runs/macro-v22-20260922-cheatvision-001,376.16071428571433,TRAIN PROBE,1
Large-Language-Models-play-StarCraftII/jev_runs/macro-v22-20260922-cheatvision-001,377.2321428571429,BUILD PYLON,1
Large-Language-Models-play-StarCraftII/jev_runs/macro-v22-20260922-cheatvision-001,378.30357142857144,EMPTY ACTION,0
Large-Language-Models-play-StarCraftII/jev_runs/macro-v22-20260922-cheatvision-001,379.375,EMPTY ACTION,0
Large-Language-Models-play-StarCraftII/jev_runs/macro-v22-20260922-cheatvision-001,380.4464285714286,EMPTY ACTION,0
Large-Language-Models-play-StarCraftII/jev_runs/macro-v22-20260922-cheatvision-001,381.51785714285717,EMPTY ACTION,0
Large-Language-Models-play-StarCraftII/jev_runs/macro-v22-20260922-cheatvision-001,382.5892857142857,EMPTY ACTION,0
Large-Language-Models-play-StarCraftII/jev_runs/macro-v22-20260922-cheatvision-001,383.66071428571433,EMPTY ACTION,0
Large-Language-Models-play-StarCraftII/jev_runs/macro-v22-20260922-cheatvision-001,384.7321428571429,TRAIN STALKER,1
Large-Language-Models-play-StarCraftII/jev_runs/macro-v22-20260922-cheatvision-001,385.80357142857144,EMPTY ACTION,0
Large-Language-Models-play-StarCraftII/jev_runs/macro-v22-20260922-cheatvision-001,386.875,CHRONOBOOST NEXUS,1
Large-Language-Models-play-StarCraftII/jev_runs/macro-v22-20260922-cheatvision-001,387.9464285714286,EMPTY ACTION,0
Large-Language-Models-play-StarCraftII/jev_runs/macro-v22-20260922-cheatvision-001,389.01785714285717,EMPTY ACTION,0
Large-Language-Models-play-StarCraftII/jev_runs/macro-v22-20260922-cheatvision-001,390.0892857142857,TRAIN STALKER,1
Large-Language-Models-play-StarCraftII/jev_runs/macro-v22-20260922-cheatvision-001,391.16071428571433,MULTI-RETREAT,2
Large-Language-Models-play-StarCraftII/jev_runs/macro-v22-20260922-cheatvision-001,392.2321428571429,EMPTY ACTION,0
Large-Language-Models-play-StarCraftII/jev_runs/macro-v22-20260922-cheatvision-001,393.30357142857144,EMPTY ACTION,0
Large-Language-Models-play-StarCraftII/jev_runs/macro-v22-20260922-cheatvision-001,394.375,EMPTY ACTION,0
Large-Language-Models-play-StarCraftII/jev_runs/macro-v22-20260922-cheatvision-001,395.4464285714286,EMPTY ACTION,0
Large-Language-Models-play-StarCraftII/jev_runs/macro-v22-20260922-cheatvision-001,396.51785714285717,EMPTY ACTION,0
Large-Language-Models-play-StarCraftII/jev_runs/macro-v22-20260922-cheatvision-001,397.5892857142857,TRAIN STALKER,1
Large-Language-Models-play-StarCraftII/jev_runs/macro-v22-20260922-cheatvision-001,398.66071428571433,EMPTY ACTION,0
Large-Language-Models-play-StarCraftII/jev_runs/macro-v22-20260922-cheatvision-001,399.7321428571429,EMPTY ACTION,0
Large-Language-Models-play-StarCraftII/jev_runs/macro-v22-20260922-cheatvision-001,400.80357142857144,EMPTY ACTION,0
Large-Language-Models-play-StarCraftII/jev_runs/macro-v22-20260922-cheatvision-001,401.875,TRAIN PROBE,1
Large-Language-Models-play-StarCraftII/jev_runs/macro-v22-20260922-cheatvision-001,402.9464285714286,EMPTY ACTION,0
Large-Language-Models-play-StarCraftII/jev_runs/macro-v22-20260922-cheatvision-001,404.01785714285717,BUILD ROBOTICSFACILITY,1
Large-Language-Models-play-StarCraftII/jev_runs/macro-v22-20260922-cheatvision-001,405.0892857142857,EMPTY ACTION,0
Large-Language-Models-play-StarCraftII/jev_runs/macro-v22-20260922-cheatvision-001,406.16071428571433,EMPTY ACTION,0
Large-Language-Models-play-StarCraftII/jev_runs/macro-v22-20260922-cheatvision-001,407.05357142857144,EMPTY ACTION,0
Large-Language-Models-play-StarCraftII/jev_runs/macro-v22-20260922-cheatvision-001,408.30357142857144,MULTI-DEFEND,3
Large-Language-Models-play-StarCraftII/jev_runs/macro-v22-20260922-cheatvision-001,409.375,TRAIN ZEALOT,1
Large-Language-Models-play-StarCraftII/jev_runs/macro-v22-20260922-cheatvision-001,410.4464285714286,BUILD PYLON,1
Large-Language-Models-play-StarCraftII/jev_runs/macro-v22-20260922-cheatvision-001,411.51785714285717,TRAIN STALKER,1
Large-Language-Models-play-StarCraftII/jev_runs/macro-v22-20260922-cheatvision-001,412.5892857142857,EMPTY ACTION,0
Large-Language-Models-play-StarCraftII/jev_runs/macro-v22-20260922-cheatvision-001,413.4821428571429,EMPTY ACTION,0
Large-Language-Models-play-StarCraftII/jev_runs/macro-v22-20260922-cheatvision-001,414.7321428571429,BUILD SHIELDBATTERY,1
Large-Language-Models-play-StarCraftII/jev_runs/macro-v22-20260922-cheatvision-001,415.80357142857144,EMPTY ACTION,0
Large-Language-Models-play-StarCraftII/jev_runs/macro-v22-20260922-cheatvision-001,416.875,EMPTY ACTION,0
Large-Language-Models-play-StarCraftII/jev_runs/macro-v22-20260922-cheatvision-001,417.9464285714286,EMPTY ACTION,0
Large-Language-Models-play-StarCraftII/jev_runs/macro-v22-20260922-cheatvision-001,419.01785714285717,EMPTY ACTION,0
Large-Language-Models-play-StarCraftII/jev_runs/macro-v22-20260922-cheatvision-001,420.0892857142857,TRAIN ZEALOT,1
Large-Language-Models-play-StarCraftII/jev_runs/macro-v22-20260922-cheatvision-001,420.9821428571429,EMPTY ACTION,0
Large-Language-Models-play-StarCraftII/jev_runs/macro-v22-20260922-cheatvision-001,422.05357142857144,EMPTY ACTION,0
Large-Language-Models-play-StarCraftII/jev_runs/macro-v22-20260922-cheatvision-001,423.30357142857144,EMPTY ACTION,0
Large-Language-Models-play-StarCraftII/jev_runs/macro-v22-20260922-cheatvision-001,424.375,EMPTY ACTION,0
Large-Language-Models-play-StarCraftII/jev_runs/macro-v22-20260922-cheatvision-001,425.4464285714286,TRAIN ZEALOT,1
Large-Language-Models-play-StarCraftII/jev_runs/macro-v22-20260922-cheatvision-001,426.51785714285717,EMPTY ACTION,0
Large-Language-Models-play-StarCraftII/jev_runs/macro-v22-20260922-cheatvision-001,427.5892857142857,EMPTY ACTION,0
Large-Language-Models-play-StarCraftII/jev_runs/macro-v22-20260922-cheatvision-001,428.66071428571433,EMPTY ACTION,0
Large-Language-Models-play-StarCraftII/jev_runs/macro-v22-20260922-cheatvision-001,429.7321428571429,EMPTY ACTION,0
Large-Language-Models-play-StarCraftII/jev_runs/macro-v22-20260922-cheatvision-001,430.80357142857144,EMPTY ACTION,0
Large-Language-Models-play-StarCraftII/jev_runs/macro-v22-20260922-cheatvision-001,431.875,EMPTY ACTION,0
Large-Language-Models-play-StarCraftII/jev_runs/macro-v22-20260922-cheatvision-001,432.9464285714286,EMPTY ACTION,0
Large-Language-Models-play-StarCraftII/jev_runs/macro-v22-20260922-cheatvision-001,434.01785714285717,TRAIN STALKER,1
Large-Language-Models-play-StarCraftII/jev_runs/macro-v22-20260922-cheatvision-001,435.0892857142857,EMPTY ACTION,0
Large-Language-Models-play-StarCraftII/jev_runs/macro-v22-20260922-cheatvision-001,435.9821428571429,EMPTY ACTION,0
Large-Language-Models-play-StarCraftII/jev_runs/macro-v22-20260922-cheatvision-001,437.2321428571429,EMPTY ACTION,0
Large-Language-Models-play-StarCraftII/jev_runs/macro-v22-20260922-cheatvision-001,438.30357142857144,EMPTY ACTION,0
Large-Language-Models-play-StarCraftII/jev_runs/macro-v22-20260922-cheatvision-001,439.375,MULTI-RETREAT,1
Large-Language-Models-play-StarCraftII/jev_runs/macro-v22-20260922-cheatvision-001,440.4464285714286,EMPTY ACTION,0
Large-Language-Models-play-StarCraftII/jev_runs/macro-v22-20260922-cheatvision-001,441.51785714285717,BUILD ROBOTICSFACILITY,1
Large-Language-Models-play-StarCraftII/jev_runs/macro-v22-20260922-cheatvision-001,442.5892857142857,EMPTY ACTION,0
Large-Language-Models-play-StarCraftII/jev_runs/macro-v22-20260922-cheatvision-001,443.66071428571433,EMPTY ACTION,0
Large-Language-Models-play-StarCraftII/jev_runs/macro-v22-20260922-cheatvision-001,444.7321428571429,EMPTY ACTION,0
Large-Language-Models-play-StarCraftII/jev_runs/macro-v22-20260922-cheatvision-001,445.80357142857144,EMPTY ACTION,0
Large-Language-Models-play-StarCraftII/jev_runs/macro-v22-20260922-cheatvision-001,446.875,TRAIN ZEALOT,1
Large-Language-Models-play-StarCraftII/jev_runs/macro-v22-20260922-cheatvision-001,447.9464285714286,EMPTY ACTION,0
Large-Language-Models-play-StarCraftII/jev_runs/macro-v22-20260922-cheatvision-001,449.01785714285717,EMPTY ACTION,0
Large-Language-Models-play-StarCraftII/jev_runs/macro-v22-20260922-cheatvision-001,450.0892857142857,EMPTY ACTION,0
Large-Language-Models-play-StarCraftII/jev_runs/macro-v22-20260922-cheatvision-001,451.16071428571433,EMPTY ACTION,0
Large-Language-Models-play-StarCraftII/jev_runs/macro-v22-20260922-cheatvision-001,452.2321428571429,EMPTY ACTION,0
Large-Language-Models-play-StarCraftII/jev_runs/macro-v22-20260922-cheatvision-001,453.12500000000006,TRAIN ZEALOT,1
Large-Language-Models-play-StarCraftII/jev_runs/macro-v22-20260922-cheatvision-001,454.1964285714286,EMPTY ACTION,0
Large-Language-Models-play-StarCraftII/jev_runs/macro-v22-20260922-cheatvision-001,455.4464285714286,EMPTY ACTION,0
Large-Language-Models-play-StarCraftII/jev_runs/macro-v22-20260922-cheatvision-001,456.3392857142857,EMPTY ACTION,0
Large-Language-Models-play-StarCraftII/jev_runs/macro-v22-20260922-cheatvision-001,457.5892857142857,EMPTY ACTION,0
Large-Language-Models-play-StarCraftII/jev_runs/macro-v22-20260922-cheatvision-001,458.66071428571433,TRAIN ZEALOT,1
Large-Language-Models-play-StarCraftII/jev_runs/macro-v22-20260922-cheatvision-001,459.7321428571429,EMPTY ACTION,0
Large-Language-Models-play-StarCraftII/jev_runs/macro-v22-20260922-cheatvision-001,460.80357142857144,EMPTY ACTION,0
Large-Language-Models-play-StarCraftII/jev_runs/macro-v22-20260922-cheatvision-001,461.87500000000006,EMPTY ACTION,0
Large-Language-Models-play-StarCraftII/jev_runs/macro-v22-20260922-cheatvision-001,464.01785714285717,MULTI-DEFEND,2
Large-Language-Models-play-StarCraftII/jev_runs/macro-v22-20260922-cheatvision-001,465.0892857142857,EMPTY ACTION,0
Large-Language-Models-play-StarCraftII/jev_runs/macro-v22-20260922-cheatvision-001,466.16071428571433,EMPTY ACTION,0
Large-Language-Models-play-StarCraftII/jev_runs/macro-v22-20260922-cheatvision-001,467.2321428571429,EMPTY ACTION,0
Large-Language-Models-play-StarCraftII/jev_runs/macro-v22-20260922-cheatvision-001,468.30357142857144,EMPTY ACTION,0
Large-Language-Models-play-StarCraftII/jev_runs/macro-v22-20260922-cheatvision-001,469.37500000000006,EMPTY ACTION,0
Large-Language-Models-play-StarCraftII/jev_runs/macro-v22-20260922-cheatvision-001,470.4464285714286,TRAIN STALKER,1
Large-Language-Models-play-StarCraftII/jev_runs/macro-v22-20260922-cheatvision-001,471.51785714285717,TRAIN ZEALOT,1
Large-Language-Models-play-StarCraftII/jev_runs/macro-v22-20260922-cheatvision-001,472.41071428571433,EMPTY ACTION,0
Large-Language-Models-play-StarCraftII/jev_runs/macro-v22-20260922-cheatvision-001,473.66071428571433,EMPTY ACTION,0
Large-Language-Models-play-StarCraftII/jev_runs/macro-v22-20260922-cheatvision-001,474.7321428571429,TRAIN PROBE,1
Large-Language-Models-play-StarCraftII/jev_runs/macro-v22-20260922-cheatvision-001,475.80357142857144,TRAIN ZEALOT,1
Large-Language-Models-play-StarCraftII/jev_runs/macro-v22-20260922-cheatvision-001,476.87500000000006,EMPTY ACTION,0
Large-Language-Models-play-StarCraftII/jev_runs/macro-v22-20260922-cheatvision-001,477.9464285714286,EMPTY ACTION,0
Large-Language-Models-play-StarCraftII/jev_runs/macro-v22-20260922-cheatvision-001,479.01785714285717,EMPTY ACTION,0
Large-Language-Models-play-StarCraftII/jev_runs/macro-v22-20260922-cheatvision-001,480.0892857142857,EMPTY ACTION,0
Large-Language-Models-play-StarCraftII/jev_runs/macro-v22-20260922-cheatvision-001,481.16071428571433,EMPTY ACTION,0
Large-Language-Models-play-StarCraftII/jev_runs/macro-v22-20260922-cheatvision-001,482.2321428571429,TRAIN STALKER,1
Large-Language-Models-play-StarCraftII/jev_runs/macro-v22-20260922-cheatvision-001,483.30357142857144,TRAIN ZEALOT,1
Large-Language-Models-play-StarCraftII/jev_runs/macro-v22-20260922-cheatvision-001,484.37500000000006,BUILD SHIELDBATTERY,1
Large-Language-Models-play-StarCraftII/jev_runs/macro-v22-20260922-cheatvision-001,485.4464285714286,EMPTY ACTION,0
Large-Language-Models-play-StarCraftII/jev_runs/macro-v22-20260922-cheatvision-001,486.51785714285717,EMPTY ACTION,0
Large-Language-Models-play-StarCraftII/jev_runs/macro-v22-20260922-cheatvision-001,487.5892857142857,TRAIN PROBE,1
Large-Language-Models-play-StarCraftII/jev_runs/macro-v22-20260922-cheatvision-001,488.4821428571429,EMPTY ACTION,0
Large-Language-Models-play-StarCraftII/jev_runs/macro-v22-20260922-cheatvision-001,489.7321428571429,EMPTY ACTION,0
Large-Language-Models-play-StarCraftII/jev_runs/macro-v22-20260922-cheatvision-001,490.62500000000006,EMPTY ACTION,0
Large-Language-Models-play-StarCraftII/jev_runs/macro-v22-20260922-cheatvision-001,492.9464285714286,EMPTY ACTION,0
Large-Language-Models-play-StarCraftII/jev_runs/macro-v22-20260922-cheatvision-001,494.01785714285717,EMPTY ACTION,0
Large-Language-Models-play-StarCraftII/jev_runs/macro-v22-20260922-cheatvision-001,495.0892857142857,TRAIN STALKER,1
Large-Language-Models-play-StarCraftII/jev_runs/macro-v22-20260922-cheatvision-001,496.16071428571433,TRAIN ZEALOT,1
Large-Language-Models-play-StarCraftII/jev_runs/macro-v22-20260922-cheatvision-001,497.2321428571429,EMPTY ACTION,0
Large-Language-Models-play-StarCraftII/jev_runs/macro-v22-20260922-cheatvision-001,498.30357142857144,EMPTY ACTION,0
Large-Language-Models-play-StarCraftII/jev_runs/macro-v22-20260922-cheatvision-001,499.37500000000006,EMPTY ACTION,0
Large-Language-Models-play-StarCraftII/jev_runs/macro-v22-20260922-cheatvision-001,500.4464285714286,TRAIN IMMORTAL,1
Large-Language-Models-play-StarCraftII/jev_runs/macro-v22-20260922-cheatvision-001,501.51785714285717,EMPTY ACTION,0
Large-Language-Models-play-StarCraftII/jev_runs/macro-v22-20260922-cheatvision-001,502.5892857142857,TRAIN PROBE,1
Large-Language-Models-play-StarCraftII/jev_runs/macro-v22-20260922-cheatvision-001,503.4821428571429,EMPTY ACTION,0
Large-Language-Models-play-StarCraftII/jev_runs/macro-v22-20260922-cheatvision-001,504.55357142857144,EMPTY ACTION,0
Large-Language-Models-play-StarCraftII/jev_runs/macro-v22-20260922-cheatvision-001,505.62500000000006,EMPTY ACTION,0
Large-Language-Models-play-StarCraftII/jev_runs/macro-v22-20260922-cheatvision-001,506.87500000000006,TRAIN STALKER,1
Large-Language-Models-play-StarCraftII/jev_runs/macro-v22-20260922-cheatvision-001,507.76785714285717,EMPTY ACTION,0
Large-Language-Models-play-StarCraftII/jev_runs/macro-v22-20260922-cheatvision-001,509.01785714285717,EMPTY ACTION,0
Large-Language-Models-play-StarCraftII/jev_runs/macro-v22-20260922-cheatvision-001,510.0892857142857,EMPTY ACTION,0
Large-Language-Models-play-StarCraftII/jev_runs/macro-v22-20260922-cheatvision-001,511.16071428571433,EMPTY ACTION,0
Large-Language-Models-play-StarCraftII/jev_runs/macro-v22-20260922-cheatvision-001,512.2321428571429,EMPTY ACTION,0
Large-Language-Models-play-StarCraftII/jev_runs/macro-v22-20260922-cheatvision-001,513.3035714285714,EMPTY ACTION,0
Large-Language-Models-play-StarCraftII/jev_runs/macro-v22-20260922-cheatvision-001,514.375,EMPTY ACTION,0
Large-Language-Models-play-StarCraftII/jev_runs/macro-v22-20260922-cheatvision-001,515.2678571428572,EMPTY ACTION,0
Large-Language-Models-play-StarCraftII/jev_runs/macro-v22-20260922-cheatvision-001,516.5178571428572,EMPTY ACTION,0
Large-Language-Models-play-StarCraftII/jev_runs/macro-v22-20260922-cheatvision-001,517.5892857142858,EMPTY ACTION,0
Large-Language-Models-play-StarCraftII/jev_runs/macro-v22-20260922-cheatvision-001,518.6607142857143,EMPTY ACTION,0
Large-Language-Models-play-StarCraftII/jev_runs/macro-v22-20260922-cheatvision-001,519.7321428571429,EMPTY ACTION,0
Large-Language-Models-play-StarCraftII/jev_runs/macro-v22-20260922-cheatvision-001,520.8035714285714,EMPTY ACTION,0
Large-Language-Models-play-StarCraftII/jev_runs/macro-v22-20260922-cheatvision-001,521.875,EMPTY ACTION,0
Large-Language-Models-play-StarCraftII/jev_runs/macro-v22-20260922-cheatvision-001,522.7678571428572,EMPTY ACTION,0
Large-Language-Models-play-StarCraftII/jev_runs/macro-v22-20260922-cheatvision-001,525.0892857142858,EMPTY ACTION,0
Large-Language-Models-play-StarCraftII/jev_runs/macro-v22-20260922-cheatvision-001,526.1607142857143,EMPTY ACTION,0
Large-Language-Models-play-StarCraftII/jev_runs/macro-v22-20260922-cheatvision-001,527.2321428571429,EMPTY ACTION,0
Large-Language-Models-play-StarCraftII/jev_runs/macro-v22-20260922-cheatvision-001,528.3035714285714,EMPTY ACTION,0
Large-Language-Models-play-StarCraftII/jev_runs/macro-v22-20260922-cheatvision-001,529.375,EMPTY ACTION,0
Large-Language-Models-play-StarCraftII/jev_runs/macro-v22-20260922-cheatvision-001,530.4464285714286,EMPTY ACTION,0
Large-Language-Models-play-StarCraftII/jev_runs/macro-v22-20260922-cheatvision-001,531.5178571428572,EMPTY ACTION,0
Large-Language-Models-play-StarCraftII/jev_runs/macro-v22-20260922-cheatvision-001,532.5892857142858,EMPTY ACTION,0
Large-Language-Models-play-StarCraftII/jev_runs/macro-v22-20260922-cheatvision-001,533.6607142857143,EMPTY ACTION,0
Large-Language-Models-play-StarCraftII/jev_runs/macro-v22-20260922-cheatvision-001,534.7321428571429,EMPTY ACTION,0
Large-Language-Models-play-StarCraftII/jev_runs/macro-v22-20260922-cheatvision-001,535.625,EMPTY ACTION,0
Large-Language-Models-play-StarCraftII/jev_runs/macro-v22-20260922-cheatvision-001,536.875,EMPTY ACTION,0
Large-Language-Models-play-StarCraftII/jev_runs/macro-v22-20260922-cheatvision-001,537.9464285714286,EMPTY ACTION,0
Large-Language-Models-play-StarCraftII/jev_runs/macro-v22-20260922-cheatvision-001,539.0178571428572,EMPTY ACTION,0
Large-Language-Models-play-StarCraftII/jev_runs/macro-v22-20260922-cheatvision-001,540.0892857142858,EMPTY ACTION,0
Large-Language-Models-play-StarCraftII/jev_runs/macro-v22-20260922-cheatvision-001,541.1607142857143,EMPTY ACTION,0
Large-Language-Models-play-StarCraftII/jev_runs/macro-v22-20260922-cheatvision-001,542.0535714285714,EMPTY ACTION,0
Large-Language-Models-play-StarCraftII/jev_runs/macro-v22-20260922-cheatvision-001,543.3035714285714,EMPTY ACTION,0
Large-Language-Models-play-StarCraftII/jev_runs/macro-v22-20260922-cheatvision-001,544.375,EMPTY ACTION,0
Large-Language-Models-play-StarCraftII/jev_runs/macro-v22-20260922-cheatvision-001,545.4464285714286,EMPTY ACTION,0
Large-Language-Models-play-StarCraftII/jev_runs/macro-v22-20260922-cheatvision-001,546.5178571428572,EMPTY ACTION,0
Large-Language-Models-play-StarCraftII/jev_runs/macro-v22-20260922-cheatvision-001,547.5892857142858,BUILD PYLON,1
Large-Language-Models-play-StarCraftII/jev_runs/macro-v22-20260922-cheatvision-001,548.6607142857143,EMPTY ACTION,0
Large-Language-Models-play-StarCraftII/jev_runs/macro-v22-20260922-cheatvision-001,549.7321428571429,EMPTY ACTION,0
Large-Language-Models-play-StarCraftII/jev_runs/macro-v22-20260922-cheatvision-001,550.8035714285714,BUILD PYLON,1
Large-Language-Models-play-StarCraftII/jev_runs/macro-v22-20260922-cheatvision-001,551.875,EMPTY ACTION,0
Large-Language-Models-play-StarCraftII/jev_runs/macro-v22-20260922-cheatvision-001,552.9464285714286,EMPTY ACTION,0
Large-Language-Models-play-StarCraftII/jev_runs/macro-v22-20260922-cheatvision-001,554.0178571428572,BUILD PYLON,1
Large-Language-Models-play-StarCraftII/jev_runs/macro-v22-20260922-cheatvision-001,555.0892857142858,EMPTY ACTION,0
Large-Language-Models-play-StarCraftII/jev_runs/macro-v22-20260922-cheatvision-001,556.1607142857143,EMPTY ACTION,0
Large-Language-Models-play-StarCraftII/jev_runs/macro-v22-20260922-cheatvision-001,557.0535714285714,EMPTY ACTION,0
Large-Language-Models-play-StarCraftII/jev_runs/macro-v22-20260922-cheatvision-001,558.3035714285714,EMPTY ACTION,0
Large-Language-Models-play-StarCraftII/jev_runs/macro-v22-20260922-cheatvision-001,559.375,EMPTY ACTION,0
Large-Language-Models-play-StarCraftII/jev_runs/macro-v22-20260922-cheatvision-001,560.4464285714286,EMPTY ACTION,0
Large-Language-Models-play-StarCraftII/jev_runs/macro-v22-20260922-cheatvision-001,561.3392857142858,EMPTY ACTION,0
Large-Language-Models-play-StarCraftII/jev_runs/macro-v22-20260922-cheatvision-001,562.5892857142858,EMPTY ACTION,0
Large-Language-Models-play-StarCraftII/jev_runs/macro-v22-20260922-cheatvision-001,563.6607142857143,EMPTY ACTION,0
Large-Language-Models-play-StarCraftII/jev_runs/macro-v22-20260922-cheatvision-001,564.5535714285714,EMPTY ACTION,0
Large-Language-Models-play-StarCraftII/jev_runs/macro-v22-20260922-cheatvision-001,565.8035714285714,EMPTY ACTION,0
Large-Language-Models-play-StarCraftII/jev_runs/macro-v22-20260922-cheatvision-001,566.6964285714286,EMPTY ACTION,0
Large-Language-Models-play-StarCraftII/jev_runs/macro-v22-20260922-cheatvision-001,567.7678571428572,EMPTY ACTION,0
Large-Language-Models-play-StarCraftII/jev_runs/macro-v22-20260922-cheatvision-001,569.0178571428572,EMPTY ACTION,0
Large-Language-Models-play-StarCraftII/jev_runs/macro-v22-20260922-cheatvision-001,569.9107142857143,EMPTY ACTION,0
Large-Language-Models-play-StarCraftII/jev_runs/macro-v22-20260922-cheatvision-001,570.9821428571429,EMPTY ACTION,0
Large-Language-Models-play-StarCraftII/jev_runs/macro-v22-20260922-cheatvision-001,572.0535714285714,EMPTY ACTION,0
Large-Language-Models-play-StarCraftII/jev_runs/macro-v22-20260922-cheatvision-001,573.3035714285714,EMPTY ACTION,0
Large-Language-Models-play-StarCraftII/jev_runs/macro-v22-20260922-cheatvision-001,574.1964285714286,EMPTY ACTION,0
Large-Language-Models-play-StarCraftII/jev_runs/macro-v22-20260922-cheatvision-001,575.2678571428572,EMPTY ACTION,0
Large-Language-Models-play-StarCraftII/jev_runs/macro-v22-20260922-cheatvision-001,576.5178571428572,EMPTY ACTION,0
Large-Language-Models-play-StarCraftII/jev_runs/macro-v22-20260922-cheatvision-001,577.5892857142858,EMPTY ACTION,0
Large-Language-Models-play-StarCraftII/jev_runs/macro-v22-20260922-cheatvision-001,578.6607142857143,EMPTY ACTION,0
Large-Language-Models-play-StarCraftII/jev_runs/macro-v22-20260922-cheatvision-001,579.7321428571429,EMPTY ACTION,0
Large-Language-Models-play-StarCraftII/jev_runs/macro-v22-20260922-cheatvision-001,580.8035714285714,EMPTY ACTION,0
Large-Language-Models-play-StarCraftII/jev_runs/macro-v22-20260922-cheatvision-001,581.875,EMPTY ACTION,0
Large-Language-Models-play-StarCraftII/jev_runs/macro-v22-20260922-cheatvision-001,582.9464285714286,EMPTY ACTION,0
Large-Language-Models-play-StarCraftII/jev_runs/macro-v22-20260922-cheatvision-001,584.0178571428572,EMPTY ACTION,0
Large-Language-Models-play-StarCraftII/jev_runs/macro-v22-20260922-cheatvision-001,585.0892857142858,EMPTY ACTION,0
Large-Language-Models-play-StarCraftII/jev_runs/macro-v22-20260922-cheatvision-001,586.1607142857143,EMPTY ACTION,0
Large-Language-Models-play-StarCraftII/jev_runs/macro-v22-20260922-cheatvision-001,587.2321428571429,EMPTY ACTION,0
Large-Language-Models-play-StarCraftII/jev_runs/macro-v22-20260922-cheatvision-001,588.3035714285714,EMPTY ACTION,0
Large-Language-Models-play-StarCraftII/jev_runs/macro-v22-20260922-cheatvision-001,589.375,EMPTY ACTION,0
Large-Language-Models-play-StarCraftII/jev_runs/macro-v22-20260922-cheatvision-001,590.4464285714286,EMPTY ACTION,0
Large-Language-Models-play-StarCraftII/jev_runs/macro-v22-20260922-cheatvision-001,591.5178571428572,EMPTY ACTION,0
Large-Language-Models-play-StarCraftII/jev_runs/macro-v22-20260922-cheatvision-001,592.4107142857143,EMPTY ACTION,0
