run,method,level,seed,game_seconds,workers,army_supply,supply_used,bases,minerals
Large-Language-Models-play-StarCraftII/jev_runs/long-20m-001,jev_only,2,1,0.17857142857142858,8,0,8,1,50
Large-Language-Models-play-StarCraftII/jev_runs/long-20m-001,jev_only,2,1,5.178571428571429,8,0,9,1,5
Large-Language-Models-play-StarCraftII/jev_runs/long-20m-001,jev_only,2,1,10.178571428571429,8,0,9,1,45
Large-Language-Models-play-StarCraftII/jev_runs/long-20m-001,jev_only,2,1,15.178571428571429,9,0,10,1,35
Large-Language-Models-play-StarCraftII/jev_runs/long-20m-001,jev_only,2,1,20.17857142857143,10,0,10,1,80
Large-Language-Models-play-StarCraftII/jev_runs/long-20m-001,jev_only,2,1,25.17857142857143,10,0,11,1,75
Large-Language-Models-play-StarCraftII/jev_runs/long-20m-001,jev_only,2,1,30.17857142857143,10,0,11,1,30
Large-Language-Models-play-StarCraftII/jev_runs/long-20m-001,jev_only,2,1,35.17857142857143,11,0,12,1,25
Large-Language-Models-play-StarCraftII/jev_runs/long-20m-001,jev_only,2,1,40.17857142857143,11,0,12,1,80
Large-Language-Models-play-StarCraftII/jev_runs/long-20m-001,jev_only,2,1,45.17857142857143,11,0,12,1,45
Large-Language-Models-play-StarCraftII/jev_runs/long-20m-001,jev_only,2,1,50.17857142857143,12,0,13,1,40
Large-Language-Models-play-StarCraftII/jev_runs/long-20m-001,jev_only,2,1,55.17857142857143,12,0,13,1,100
Large-Language-Models-play-StarCraftII/jev_runs/long-20m-001,jev_only,2,1,60.17857142857143,13,0,14,1,100
Large-Language-Models-play-StarCraftII/jev_runs/long-20m-001,jev_only,2,1,65.17857142857143,13,0,14,1,145
Large-Language-Models-play-StarCraftII/jev_runs/long-20m-001,jev_only,2,1,70.17857142857143,14,0,14,1,40
Large-Language-Models-play-StarCraftII/jev_runs/long-20m-001,jev_only,2,1,75.17857142857143,14,0,15,1,45
Large-Language-Models-play-StarCraftII/jev_runs/long-20m-001,jev_only,2,1,80.17857142857143,14,0,16,1,40
Large-Language-Models-play-StarCraftII/jev_runs/long-20m-001,jev_only,2,1,85.17857142857143,15,0,16,1,95
Large-Language-Models-play-StarCraftII/jev_runs/long-20m-001,jev_only,2,1,90.17857142857143,16,0,16,1,75
Large-Language-Models-play-StarCraftII/jev_runs/long-20m-001,jev_only,2,1,95.17857142857143,16,0,17,1,85
Large-Language-Models-play-StarCraftII/jev_runs/long-20m-001,jev_only,2,1,100.17857142857143,15,0,17,1,145
Large-Language-Models-play-StarCraftII/jev_runs/long-20m-001,jev_only,2,1,105.17857142857143,17,0,18,1,5
Large-Language-Models-play-StarCraftII/jev_runs/long-20m-001,jev_only,2,1,110.17857142857143,16,0,17,1,60
Large-Language-Models-play-StarCraftII/jev_runs/long-20m-001,jev_only,2,1,115.17857142857143,15,0,17,1,125
Large-Language-Models-play-StarCraftII/jev_runs/long-20m-001,jev_only,2,1,120.17857142857143,15,2,20,1,35
Large-Language-Models-play-StarCraftII/jev_runs/long-20m-001,jev_only,2,1,125.17857142857143,17,2,20,1,95
Large-Language-Models-play-StarCraftII/jev_runs/long-20m-001,jev_only,2,1,130.17857142857144,17,2,20,1,50
Large-Language-Models-play-StarCraftII/jev_runs/long-20m-001,jev_only,2,1,135.17857142857144,17,2,21,1,60
Large-Language-Models-play-StarCraftII/jev_runs/long-20m-001,jev_only,2,1,140.17857142857144,17,2,21,1,30
Large-Language-Models-play-StarCraftII/jev_runs/long-20m-001,jev_only,2,1,145.17857142857144,19,2,21,1,95
Large-Language-Models-play-StarCraftII/jev_runs/long-20m-001,jev_only,2,1,150.17857142857144,19,4,23,1,65
Large-Language-Models-play-StarCraftII/jev_runs/long-20m-001,jev_only,2,1,155.17857142857144,16,4,23,1,80
Large-Language-Models-play-StarCraftII/jev_runs/long-20m-001,jev_only,2,1,160.17857142857144,17,4,23,1,155
Large-Language-Models-play-StarCraftII/jev_runs/long-20m-001,jev_only,2,1,165.17857142857144,19,4,24,1,25
Large-Language-Models-play-StarCraftII/jev_runs/long-20m-001,jev_only,2,1,170.17857142857144,18,4,24,1,100
Large-Language-Models-play-StarCraftII/jev_runs/long-20m-001,jev_only,2,1,175.17857142857144,17,4,24,1,20
Large-Language-Models-play-StarCraftII/jev_runs/long-20m-001,jev_only,2,1,180.17857142857144,19,4,25,1,40
Large-Language-Models-play-StarCraftII/jev_runs/long-20m-001,jev_only,2,1,185.17857142857144,19,4,25,1,110
Large-Language-Models-play-StarCraftII/jev_runs/long-20m-001,jev_only,2,1,190.17857142857144,19,6,27,1,85
Large-Language-Models-play-StarCraftII/jev_runs/long-20m-001,jev_only,2,1,195.17857142857144,19,6,28,1,100
Large-Language-Models-play-StarCraftII/jev_runs/long-20m-001,jev_only,2,1,200.17857142857144,19,6,28,1,15
Large-Language-Models-play-StarCraftII/jev_runs/long-20m-001,jev_only,2,1,205.17857142857144,20,6,29,1,40
Large-Language-Models-play-StarCraftII/jev_runs/long-20m-001,jev_only,2,1,210.17857142857144,20,6,29,1,100
Large-Language-Models-play-StarCraftII/jev_runs/long-20m-001,jev_only,2,1,215.17857142857144,20,4,27,1,75
Large-Language-Models-play-StarCraftII/jev_runs/long-20m-001,jev_only,2,1,220.17857142857144,21,6,30,1,40
Large-Language-Models-play-StarCraftII/jev_runs/long-20m-001,jev_only,2,1,225.17857142857144,21,6,30,1,125
Large-Language-Models-play-StarCraftII/jev_runs/long-20m-001,jev_only,2,1,230.17857142857144,22,6,30,1,50
Large-Language-Models-play-StarCraftII/jev_runs/long-20m-001,jev_only,2,1,235.17857142857144,22,6,31,1,75
Large-Language-Models-play-StarCraftII/jev_runs/long-20m-001,jev_only,2,1,240.17857142857144,22,6,31,1,150
Large-Language-Models-play-StarCraftII/jev_runs/long-20m-001,jev_only,2,1,245.17857142857144,23,8,34,1,70
Large-Language-Models-play-StarCraftII/jev_runs/long-20m-001,jev_only,2,1,250.17857142857144,23,8,34,1,65
Large-Language-Models-play-StarCraftII/jev_runs/long-20m-001,jev_only,2,1,255.17857142857144,23,8,34,1,35
Large-Language-Models-play-StarCraftII/jev_runs/long-20m-001,jev_only,2,1,260.17857142857144,24,8,35,1,70
Large-Language-Models-play-StarCraftII/jev_runs/long-20m-001,jev_only,2,1,265.17857142857144,25,8,35,1,155
Large-Language-Models-play-StarCraftII/jev_runs/long-20m-001,jev_only,2,1,270.17857142857144,25,6,34,1,35
Large-Language-Models-play-StarCraftII/jev_runs/long-20m-001,jev_only,2,1,275.17857142857144,25,8,36,1,75
Large-Language-Models-play-StarCraftII/jev_runs/long-20m-001,jev_only,2,1,280.17857142857144,26,8,36,1,45
Large-Language-Models-play-StarCraftII/jev_runs/long-20m-001,jev_only,2,1,285.17857142857144,26,8,37,1,85
Large-Language-Models-play-StarCraftII/jev_runs/long-20m-001,jev_only,2,1,290.17857142857144,26,8,37,1,10
Large-Language-Models-play-StarCraftII/jev_runs/long-20m-001,jev_only,2,1,295.17857142857144,27,8,38,1,45
Large-Language-Models-play-StarCraftII/jev_runs/long-20m-001,jev_only,2,1,300.17857142857144,27,10,40,1,35
Large-Language-Models-play-StarCraftII/jev_runs/long-20m-001,jev_only,2,1,305.17857142857144,27,10,40,1,30
Large-Language-Models-play-StarCraftII/jev_runs/long-20m-001,jev_only,2,1,310.17857142857144,28,10,41,1,65
Large-Language-Models-play-StarCraftII/jev_runs/long-20m-001,jev_only,2,1,315.17857142857144,27,10,40,1,155
Large-Language-Models-play-StarCraftII/jev_runs/long-20m-001,jev_only,2,1,320.17857142857144,28,10,40,1,75
Large-Language-Models-play-StarCraftII/jev_runs/long-20m-001,jev_only,2,1,325.17857142857144,28,10,41,1,115
Large-Language-Models-play-StarCraftII/jev_runs/long-20m-001,jev_only,2,1,330.17857142857144,29,12,43,1,90
Large-Language-Models-play-StarCraftII/jev_runs/long-20m-001,jev_only,2,1,335.17857142857144,30,12,44,1,30
Large-Language-Models-play-StarCraftII/jev_runs/long-20m-001,jev_only,2,1,340.17857142857144,30,12,45,1,70
Large-Language-Models-play-StarCraftII/jev_runs/long-20m-001,jev_only,2,1,345.17857142857144,31,12,45,1,165
Large-Language-Models-play-StarCraftII/jev_runs/long-20m-001,jev_only,2,1,350.17857142857144,30,12,45,1,115
Large-Language-Models-play-StarCraftII/jev_runs/long-20m-001,jev_only,2,1,355.17857142857144,31,12,45,1,210
Large-Language-Models-play-StarCraftII/jev_runs/long-20m-001,jev_only,2,1,360.17857142857144,31,12,45,1,300
Large-Language-Models-play-StarCraftII/jev_runs/long-20m-001,jev_only,2,1,365.17857142857144,32,14,48,1,125
Large-Language-Models-play-StarCraftII/jev_runs/long-20m-001,jev_only,2,1,370.17857142857144,31,11,45,1,170
Large-Language-Models-play-StarCraftII/jev_runs/long-20m-001,jev_only,2,1,375.17857142857144,31,11,45,1,165
Large-Language-Models-play-StarCraftII/jev_runs/long-20m-001,jev_only,2,1,380.17857142857144,32,11,46,1,60
Large-Language-Models-play-StarCraftII/jev_runs/long-20m-001,jev_only,2,1,385.17857142857144,32,13,48,1,60
Large-Language-Models-play-StarCraftII/jev_runs/long-20m-001,jev_only,2,1,390.17857142857144,33,14,50,1,70
Large-Language-Models-play-StarCraftII/jev_runs/long-20m-001,jev_only,2,1,395.17857142857144,33,16,52,1,80
Large-Language-Models-play-StarCraftII/jev_runs/long-20m-001,jev_only,2,1,400.17857142857144,34,18,55,1,20
Large-Language-Models-play-StarCraftII/jev_runs/long-20m-001,jev_only,2,1,405.17857142857144,34,18,55,1,115
Large-Language-Models-play-StarCraftII/jev_runs/long-20m-001,jev_only,2,1,410.17857142857144,35,20,58,1,40
Large-Language-Models-play-StarCraftII/jev_runs/long-20m-001,jev_only,2,1,415.17857142857144,36,20,58,1,35
Large-Language-Models-play-StarCraftII/jev_runs/long-20m-001,jev_only,2,1,420.17857142857144,35,22,60,1,90
Large-Language-Models-play-StarCraftII/jev_runs/long-20m-001,jev_only,2,1,425.17857142857144,36,22,61,1,135
Large-Language-Models-play-StarCraftII/jev_runs/long-20m-001,jev_only,2,1,430.17857142857144,36,22,61,1,235
Large-Language-Models-play-StarCraftII/jev_runs/long-20m-001,jev_only,2,1,435.17857142857144,36,22,61,1,100
Large-Language-Models-play-StarCraftII/jev_runs/long-20m-001,jev_only,2,1,440.17857142857144,36,22,61,1,205
Large-Language-Models-play-StarCraftII/jev_runs/long-20m-001,jev_only,2,1,445.17857142857144,36,22,61,1,145
Large-Language-Models-play-StarCraftII/jev_runs/long-20m-001,jev_only,2,1,450.17857142857144,37,24,64,1,95
Large-Language-Models-play-StarCraftII/jev_runs/long-20m-001,jev_only,2,1,455.17857142857144,37,24,64,1,90
Large-Language-Models-play-StarCraftII/jev_runs/long-20m-001,jev_only,2,1,460.17857142857144,38,26,67,1,40
Large-Language-Models-play-StarCraftII/jev_runs/long-20m-001,jev_only,2,1,465.17857142857144,38,28,69,1,90
Large-Language-Models-play-StarCraftII/jev_runs/long-20m-001,jev_only,2,1,470.17857142857144,39,28,69,1,180
Large-Language-Models-play-StarCraftII/jev_runs/long-20m-001,jev_only,2,1,475.17857142857144,39,30,72,1,30
Large-Language-Models-play-StarCraftII/jev_runs/long-20m-001,jev_only,2,1,480.17857142857144,39,30,72,1,130
Large-Language-Models-play-StarCraftII/jev_runs/long-20m-001,jev_only,2,1,485.17857142857144,40,32,74,1,100
Large-Language-Models-play-StarCraftII/jev_runs/long-20m-001,jev_only,2,1,490.17857142857144,40,32,75,1,115
Large-Language-Models-play-StarCraftII/jev_runs/long-20m-001,jev_only,2,1,495.17857142857144,40,32,75,1,45
Large-Language-Models-play-StarCraftII/jev_runs/long-20m-001,jev_only,2,1,500.17857142857144,41,32,76,1,85
Large-Language-Models-play-StarCraftII/jev_runs/long-20m-001,jev_only,2,1,505.17857142857144,41,34,78,1,110
Large-Language-Models-play-StarCraftII/jev_runs/long-20m-001,jev_only,2,1,510.17857142857144,42,34,78,1,100
Large-Language-Models-play-StarCraftII/jev_runs/long-20m-001,jev_only,2,1,515.1785714285714,42,34,79,1,135
Large-Language-Models-play-StarCraftII/jev_runs/long-20m-001,jev_only,2,1,520.1785714285714,43,34,79,1,220
Large-Language-Models-play-StarCraftII/jev_runs/long-20m-001,jev_only,2,1,525.1785714285714,44,36,82,1,120
Large-Language-Models-play-StarCraftII/jev_runs/long-20m-001,jev_only,2,1,530.1785714285714,44,36,82,1,165
Large-Language-Models-play-StarCraftII/jev_runs/long-20m-001,jev_only,2,1,535.1785714285714,44,38,85,1,70
Large-Language-Models-play-StarCraftII/jev_runs/long-20m-001,jev_only,2,1,540.1785714285714,44,38,85,1,140
Large-Language-Models-play-StarCraftII/jev_runs/long-20m-001,jev_only,2,1,545.1785714285714,45,38,86,1,145
Large-Language-Models-play-StarCraftII/jev_runs/long-20m-001,jev_only,2,1,550.1785714285714,45,40,88,1,10
Large-Language-Models-play-StarCraftII/jev_runs/long-20m-001,jev_only,2,1,555.1785714285714,45,40,88,1,90
Large-Language-Models-play-StarCraftII/jev_runs/long-20m-001,jev_only,2,1,560.1785714285714,46,42,91,1,60
Large-Language-Models-play-StarCraftII/jev_runs/long-20m-001,jev_only,2,1,565.1785714285714,46,42,91,1,130
Large-Language-Models-play-StarCraftII/jev_runs/long-20m-001,jev_only,2,1,570.1785714285714,47,42,91,1,45
Large-Language-Models-play-StarCraftII/jev_runs/long-20m-001,jev_only,2,1,575.1785714285714,47,42,92,1,55
Large-Language-Models-play-StarCraftII/jev_runs/long-20m-001,jev_only,2,1,580.1785714285714,47,44,94,1,70
Large-Language-Models-play-StarCraftII/jev_runs/long-20m-001,jev_only,2,1,585.1785714285714,48,44,94,1,20
Large-Language-Models-play-StarCraftII/jev_runs/long-20m-001,jev_only,2,1,590.1785714285714,48,44,95,1,40
Large-Language-Models-play-StarCraftII/jev_runs/long-20m-001,jev_only,2,1,595.1785714285714,48,44,95,1,95
Large-Language-Models-play-StarCraftII/jev_runs/long-20m-001,jev_only,2,1,600.1785714285714,49,44,96,1,110
Large-Language-Models-play-StarCraftII/jev_runs/long-20m-001,jev_only,2,1,605.1785714285714,49,48,100,1,15
Large-Language-Models-play-StarCraftII/jev_runs/long-20m-001,jev_only,2,1,610.1785714285714,49,48,100,1,65
Large-Language-Models-play-StarCraftII/jev_runs/long-20m-001,jev_only,2,1,615.1785714285714,50,48,101,1,65
Large-Language-Models-play-StarCraftII/jev_runs/long-20m-001,jev_only,2,1,620.1785714285714,50,46,99,1,80
Large-Language-Models-play-StarCraftII/jev_runs/long-20m-001,jev_only,2,1,625.1785714285714,51,48,101,1,35
Large-Language-Models-play-StarCraftII/jev_runs/long-20m-001,jev_only,2,1,630.1785714285714,51,48,102,1,30
Large-Language-Models-play-StarCraftII/jev_runs/long-20m-001,jev_only,2,1,635.1785714285714,51,50,104,1,30
Large-Language-Models-play-StarCraftII/jev_runs/long-20m-001,jev_only,2,1,640.1785714285714,52,50,105,1,30
Large-Language-Models-play-StarCraftII/jev_runs/long-20m-001,jev_only,2,1,645.1785714285714,52,52,107,1,30
Large-Language-Models-play-StarCraftII/jev_runs/long-20m-001,jev_only,2,1,650.1785714285714,53,52,108,1,30
Large-Language-Models-play-StarCraftII/jev_runs/long-20m-001,jev_only,2,1,655.1785714285714,53,52,108,1,50
Large-Language-Models-play-StarCraftII/jev_runs/long-20m-001,jev_only,2,1,660.1785714285714,54,52,109,1,50
Large-Language-Models-play-StarCraftII/jev_runs/long-20m-001,jev_only,2,1,665.1785714285714,54,52,109,1,95
Large-Language-Models-play-StarCraftII/jev_runs/long-20m-001,jev_only,2,1,670.1785714285714,54,52,109,1,50
Large-Language-Models-play-StarCraftII/jev_runs/long-20m-001,jev_only,2,1,675.1785714285714,56,52,109,1,95
Large-Language-Models-play-StarCraftII/jev_runs/long-20m-001,jev_only,2,1,680.1785714285714,55,52,109,1,45
Large-Language-Models-play-StarCraftII/jev_runs/long-20m-001,jev_only,2,1,685.1785714285714,55,52,109,1,95
Large-Language-Models-play-StarCraftII/jev_runs/long-20m-001,jev_only,2,1,690.1785714285714,56,54,112,1,45
Large-Language-Models-play-StarCraftII/jev_runs/long-20m-001,jev_only,2,1,695.1785714285714,55,54,112,1,90
Large-Language-Models-play-StarCraftII/jev_runs/long-20m-001,jev_only,2,1,700.1785714285714,55,54,112,1,35
Large-Language-Models-play-StarCraftII/jev_runs/long-20m-001,jev_only,2,1,705.1785714285714,56,54,113,1,35
Large-Language-Models-play-StarCraftII/jev_runs/long-20m-001,jev_only,2,1,710.1785714285714,56,55,114,1,35
Large-Language-Models-play-StarCraftII/jev_runs/long-20m-001,jev_only,2,1,715.1785714285714,57,55,115,1,30
Large-Language-Models-play-StarCraftII/jev_runs/long-20m-001,jev_only,2,1,720.1785714285714,57,55,115,1,70
Large-Language-Models-play-StarCraftII/jev_runs/long-20m-001,jev_only,2,1,725.1785714285714,58,56,117,1,30
Large-Language-Models-play-StarCraftII/jev_runs/long-20m-001,jev_only,2,1,730.1785714285714,58,56,117,1,70
Large-Language-Models-play-StarCraftII/jev_runs/long-20m-001,jev_only,2,1,735.1785714285714,59,56,117,1,100
Large-Language-Models-play-StarCraftII/jev_runs/long-20m-001,jev_only,2,1,740.1785714285714,59,58,120,1,20
Large-Language-Models-play-StarCraftII/jev_runs/long-20m-001,jev_only,2,1,745.1785714285714,59,58,120,1,50
Large-Language-Models-play-StarCraftII/jev_runs/long-20m-001,jev_only,2,1,750.1785714285714,60,57,120,1,20
Large-Language-Models-play-StarCraftII/jev_runs/long-20m-001,jev_only,2,1,755.1785714285714,60,58,121,1,20
Large-Language-Models-play-StarCraftII/jev_runs/long-20m-001,jev_only,2,1,760.1785714285714,60,58,121,1,45
Large-Language-Models-play-StarCraftII/jev_runs/long-20m-001,jev_only,2,1,765.1785714285714,61,58,122,1,20
Large-Language-Models-play-StarCraftII/jev_runs/long-20m-001,jev_only,2,1,770.1785714285714,61,58,122,1,45
Large-Language-Models-play-StarCraftII/jev_runs/long-20m-001,jev_only,2,1,775.1785714285714,62,58,123,1,15
Large-Language-Models-play-StarCraftII/jev_runs/long-20m-001,jev_only,2,1,780.1785714285714,63,58,123,1,45
Large-Language-Models-play-StarCraftII/jev_runs/long-20m-001,jev_only,2,1,785.1785714285714,63,58,124,1,15
Large-Language-Models-play-StarCraftII/jev_runs/long-20m-001,jev_only,2,1,790.1785714285714,63,58,124,1,45
Large-Language-Models-play-StarCraftII/jev_runs/long-20m-001,jev_only,2,1,795.1785714285714,64,58,124,1,65
Large-Language-Models-play-StarCraftII/jev_runs/long-20m-001,jev_only,2,1,800.1785714285714,64,58,125,1,45
Large-Language-Models-play-StarCraftII/jev_runs/long-20m-001,jev_only,2,1,805.1785714285714,64,58,125,1,40
Large-Language-Models-play-StarCraftII/jev_runs/long-20m-001,jev_only,2,1,810.1785714285714,65,58,125,1,65
Large-Language-Models-play-StarCraftII/jev_runs/long-20m-001,jev_only,2,1,815.1785714285714,65,58,125,1,90
Large-Language-Models-play-StarCraftII/jev_runs/long-20m-001,jev_only,2,1,820.1785714285714,65,58,125,1,10
Large-Language-Models-play-StarCraftII/jev_runs/long-20m-001,jev_only,2,1,825.1785714285714,65,58,125,1,30
Large-Language-Models-play-StarCraftII/jev_runs/long-20m-001,jev_only,2,1,830.1785714285714,65,58,125,1,40
Large-Language-Models-play-StarCraftII/jev_runs/long-20m-001,jev_only,2,1,835.1785714285714,65,58,125,1,55
Large-Language-Models-play-StarCraftII/jev_runs/long-20m-001,jev_only,2,1,840.1785714285714,66,56,124,1,15
Large-Language-Models-play-StarCraftII/jev_runs/long-20m-001,jev_only,2,1,845.1785714285714,65,52,120,1,15
Large-Language-Models-play-StarCraftII/jev_runs/long-20m-001,jev_only,2,1,850.1785714285714,66,50,118,1,15
Large-Language-Models-play-StarCraftII/jev_runs/long-20m-001,jev_only,2,1,855.1785714285714,67,48,116,1,15
Large-Language-Models-play-StarCraftII/jev_runs/long-20m-001,jev_only,2,1,860.1785714285714,66,48,116,1,15
Large-Language-Models-play-StarCraftII/jev_runs/long-20m-001,jev_only,2,1,865.1785714285714,67,48,116,1,15
Large-Language-Models-play-StarCraftII/jev_runs/long-20m-001,jev_only,2,1,870.1785714285714,67,48,116,1,15
Large-Language-Models-play-StarCraftII/jev_runs/long-20m-001,jev_only,2,1,875.1785714285714,67,48,116,1,15
Large-Language-Models-play-StarCraftII/jev_runs/long-20m-001,jev_only,2,1,880.1785714285714,67,48,116,1,15
Large-Language-Models-play-StarCraftII/jev_runs/long-20m-001,jev_only,2,1,885.1785714285714,67,47,115,1,15
Large-Language-Models-play-StarCraftII/jev_runs/long-20m-001,jev_only,2,1,890.1785714285714,67,47,115,1,15
Large-Language-Models-play-StarCraftII/jev_runs/long-20m-001,jev_only,2,1,895.1785714285714,67,47,115,1,15
Large-Language-Models-play-StarCraftII/jev_runs/long-20m-001,jev_only,2,1,900.1785714285714,67,47,115,1,15
Large-Language-Models-play-StarCraftII/jev_runs/long-20m-001,jev_only,2,1,905.1785714285714,67,47,115,1,15
Large-Language-Models-play-StarCraftII/jev_runs/long-20m-001,jev_only,2,1,910.1785714285714,68,47,115,1,15
Large-Language-Models-play-StarCraftII/jev_runs/long-20m-001,jev_only,2,1,915.1785714285714,68,47,115,1,15
Large-Language-Models-play-StarCraftII/jev_runs/long-20m-001,jev_only,2,1,920.1785714285714,68,47,115,1,15
Large-Language-Models-play-StarCraftII/jev_runs/long-20m-001,jev_only,2,1,925.1785714285714,68,46,114,1,15
Large-Language-Models-play-StarCraftII/jev_runs/long-20m-001,jev_only,2,1,930.1785714285714,68,46,114,1,15
Large-Language-Models-play-StarCraftII/jev_runs/long-20m-001,jev_only,2,1,935.1785714285714,68,46,114,1,15
Large-Language-Models-play-StarCraftII/jev_runs/long-20m-001,jev_only,2,1,940.1785714285714,68,46,114,1,15
Large-Language-Models-play-StarCraftII/jev_runs/long-20m-001,jev_only,2,1,945.1785714285714,68,46,114,1,15
Large-Language-Models-play-StarCraftII/jev_runs/long-20m-001,jev_only,2,1,950.1785714285714,68,46,114,1,15
Large-Language-Models-play-StarCraftII/jev_runs/long-20m-001,jev_only,2,1,955.1785714285714,68,46,114,1,15
Large-Language-Models-play-StarCraftII/jev_runs/long-20m-001,jev_only,2,1,960.1785714285714,68,46,114,1,15
Large-Language-Models-play-StarCraftII/jev_runs/long-20m-001,jev_only,2,1,965.1785714285714,68,46,114,1,15
Large-Language-Models-play-StarCraftII/jev_runs/long-20m-001,jev_only,2,1,970.1785714285714,68,46,114,1,15
Large-Language-Models-play-StarCraftII/jev_runs/long-20m-001,jev_only,2,1,975.1785714285714,68,46,114,1,15
Large-Language-Models-play-StarCraftII/jev_runs/long-20m-001,jev_only,2,1,980.1785714285714,67,46,113,1,15
Large-Language-Models-play-StarCraftII/jev_runs/long-20m-001,jev_only,2,1,985.1785714285714,67,46,113,1,15
Large-Language-Models-play-StarCraftII/jev_runs/long-20m-001,jev_only,2,1,990.1785714285714,67,46,113,1,15
Large-Language-Models-play-StarCraftII/jev_runs/long-20m-001,jev_only,2,1,995.1785714285714,67,46,113,1,15
Large-Language-Models-play-StarCraftII/jev_runs/long-20m-001,jev_only,2,1,1000.1785714285714,67,46,113,1,15
Large-Language-Models-play-StarCraftII/jev_runs/long-20m-001,jev_only,2,1,1005.1785714285714,67,46,113,1,15
Large-Language-Models-play-StarCraftII/jev_runs/long-20m-001,jev_only,2,1,1010.1785714285714,67,46,113,1,15
Large-Language-Models-play-StarCraftII/jev_runs/long-20m-001,jev_only,2,1,1015.1785714285714,67,46,113,1,15
Large-Language-Models-play-StarCraftII/jev_runs/long-20m-001,jev_only,2,1,1020.1785714285714,67,46,113,1,15
Large-Language-Models-play-StarCraftII/jev_runs/long-20m-001,jev_only,2,1,1025.1785714285716,67,46,113,1,15
Large-Language-Models-play-StarCraftII/jev_runs/long-20m-001,jev_only,2,1,1030.1785714285716,67,46,113,1,15
Large-Language-Models-play-StarCraftII/jev_runs/long-20m-001,jev_only,2,1,1035.1785714285716,67,46,113,1,15
Large-Language-Models-play-StarCraftII/jev_runs/long-20m-001,jev_only,2,1,1040.1785714285716,67,46,113,1,15
Large-Language-Models-play-StarCraftII/jev_runs/long-20m-001,jev_only,2,1,1045.1785714285716,67,46,113,1,15
Large-Language-Models-play-StarCraftII/jev_runs/long-20m-001,jev_only,2,1,1050.1785714285716,67,46,113,1,15
Large-Language-Models-play-StarCraftII/jev_runs/long-20m-001,jev_only,2,1,1055.1785714285716,67,46,113,1,15
Large-Language-Models-play-StarCraftII/jev_runs/long-20m-001,jev_only,2,1,1060.1785714285716,67,44,111,1,15
Large-Language-Models-play-StarCraftII/jev_runs/long-20m-001,jev_only,2,1,1065.1785714285716,67,44,111,1,15
Large-Language-Models-play-StarCraftII/jev_runs/long-20m-001,jev_only,2,1,1070.1785714285716,67,44,111,1,15
Large-Language-Models-play-StarCraftII/jev_runs/long-20m-001,jev_only,2,1,1075.1785714285716,67,44,111,1,15
Large-Language-Models-play-StarCraftII/jev_runs/long-20m-001,jev_only,2,1,1080.1785714285716,67,44,111,1,15
Large-Language-Models-play-StarCraftII/jev_runs/long-20m-001,jev_only,2,1,1085.1785714285716,67,44,111,1,15
Large-Language-Models-play-StarCraftII/jev_runs/long-20m-001,jev_only,2,1,1090.1785714285716,66,44,110,1,15
Large-Language-Models-play-StarCraftII/jev_runs/long-20m-001,jev_only,2,1,1095.1785714285716,66,44,110,1,15
Large-Language-Models-play-StarCraftII/jev_runs/long-20m-001,jev_only,2,1,1100.1785714285716,66,44,110,1,15
Large-Language-Models-play-StarCraftII/jev_runs/long-20m-001,jev_only,2,1,1105.1785714285716,66,44,110,1,15
Large-Language-Models-play-StarCraftII/jev_runs/long-20m-001,jev_only,2,1,1110.1785714285716,66,44,110,1,15
Large-Language-Models-play-StarCraftII/jev_runs/long-20m-001,jev_only,2,1,1115.1785714285716,66,44,110,1,15
Large-Language-Models-play-StarCraftII/jev_runs/long-20m-001,jev_only,2,1,1120.1785714285716,66,44,110,1,15
Large-Language-Models-play-StarCraftII/jev_runs/long-20m-001,jev_only,2,1,1125.1785714285716,66,44,110,1,15
Large-Language-Models-play-StarCraftII/jev_runs/long-20m-001,jev_only,2,1,1130.1785714285716,66,40,106,1,15
Large-Language-Models-play-StarCraftII/jev_runs/long-20m-001,jev_only,2,1,1135.1785714285716,66,40,106,1,15
Large-Language-Models-play-StarCraftII/jev_runs/long-20m-001,jev_only,2,1,1140.1785714285716,65,40,105,1,15
Large-Language-Models-play-StarCraftII/jev_runs/long-20m-001,jev_only,2,1,1145.1785714285716,65,40,105,1,15
Large-Language-Models-play-StarCraftII/jev_runs/long-20m-001,jev_only,2,1,1150.1785714285716,65,40,105,1,15
Large-Language-Models-play-StarCraftII/jev_runs/long-20m-001,jev_only,2,1,1155.1785714285716,65,40,105,1,15
Large-Language-Models-play-StarCraftII/jev_runs/long-20m-001,jev_only,2,1,1160.1785714285716,65,40,105,1,15
Large-Language-Models-play-StarCraftII/jev_runs/long-20m-001,jev_only,2,1,1165.1785714285716,65,40,105,1,15
Large-Language-Models-play-StarCraftII/jev_runs/long-20m-001,jev_only,2,1,1170.1785714285716,65,40,105,1,15
Large-Language-Models-play-StarCraftII/jev_runs/long-20m-001,jev_only,2,1,1175.1785714285716,65,38,103,1,15
Large-Language-Models-play-StarCraftII/jev_runs/long-20m-001,jev_only,2,1,1180.1785714285716,65,38,103,1,15
Large-Language-Models-play-StarCraftII/jev_runs/long-20m-001,jev_only,2,1,1185.1785714285716,65,38,103,1,15
Large-Language-Models-play-StarCraftII/jev_runs/long-20m-001,jev_only,2,1,1190.1785714285716,65,38,103,1,15
Large-Language-Models-play-StarCraftII/jev_runs/long-20m-001,jev_only,2,1,1195.1785714285716,64,38,102,1,15
Large-Language-Models-play-StarCraftII/jev_runs/macro-v2-20260922-hard-002,jev_gpt6,5,1,0.17857142857142858,8,0,8,1,50
Large-Language-Models-play-StarCraftII/jev_runs/macro-v2-20260922-hard-002,jev_gpt6,5,1,5.178571428571429,8,0,9,1,5
Large-Language-Models-play-StarCraftII/jev_runs/macro-v2-20260922-hard-002,jev_gpt6,5,1,10.178571428571429,8,0,9,1,45
Large-Language-Models-play-StarCraftII/jev_runs/macro-v2-20260922-hard-002,jev_gpt6,5,1,15.178571428571429,9,0,10,1,35
Large-Language-Models-play-StarCraftII/jev_runs/macro-v2-20260922-hard-002,jev_gpt6,5,1,20.17857142857143,9,0,10,1,75
Large-Language-Models-play-StarCraftII/jev_runs/macro-v2-20260922-hard-002,jev_gpt6,5,1,25.17857142857143,10,0,11,1,65
Large-Language-Models-play-StarCraftII/jev_runs/macro-v2-20260922-hard-002,jev_gpt6,5,1,30.17857142857143,10,0,11,1,40
Large-Language-Models-play-StarCraftII/jev_runs/macro-v2-20260922-hard-002,jev_gpt6,5,1,35.17857142857143,11,0,12,1,30
Large-Language-Models-play-StarCraftII/jev_runs/macro-v2-20260922-hard-002,jev_gpt6,5,1,40.17857142857143,11,0,12,1,70
Large-Language-Models-play-StarCraftII/jev_runs/macro-v2-20260922-hard-002,jev_gpt6,5,1,45.17857142857143,11,0,12,1,105
Large-Language-Models-play-StarCraftII/jev_runs/macro-v2-20260922-hard-002,jev_gpt6,5,1,50.17857142857143,12,0,12,1,45
Large-Language-Models-play-StarCraftII/jev_runs/macro-v2-20260922-hard-002,jev_gpt6,5,1,55.17857142857143,12,0,13,1,40
Large-Language-Models-play-StarCraftII/jev_runs/macro-v2-20260922-hard-002,jev_gpt6,5,1,60.17857142857143,12,0,13,1,90
Large-Language-Models-play-StarCraftII/jev_runs/macro-v2-20260922-hard-002,jev_gpt6,5,1,65.17857142857143,13,0,13,1,130
Large-Language-Models-play-StarCraftII/jev_runs/macro-v2-20260922-hard-002,jev_gpt6,5,1,70.17857142857143,13,0,14,1,130
Large-Language-Models-play-StarCraftII/jev_runs/macro-v2-20260922-hard-002,jev_gpt6,5,1,75.17857142857143,14,0,14,1,40
Large-Language-Models-play-StarCraftII/jev_runs/macro-v2-20260922-hard-002,jev_gpt6,5,1,80.17857142857143,14,0,15,1,35
Large-Language-Models-play-StarCraftII/jev_runs/macro-v2-20260922-hard-002,jev_gpt6,5,1,85.17857142857143,14,0,15,1,90
Large-Language-Models-play-StarCraftII/jev_runs/macro-v2-20260922-hard-002,jev_gpt6,5,1,90.17857142857143,15,0,16,1,95
Large-Language-Models-play-StarCraftII/jev_runs/macro-v2-20260922-hard-002,jev_gpt6,5,1,95.17857142857143,15,0,16,1,160
Large-Language-Models-play-StarCraftII/jev_runs/macro-v2-20260922-hard-002,jev_gpt6,5,1,100.17857142857143,16,0,17,1,165
Large-Language-Models-play-StarCraftII/jev_runs/macro-v2-20260922-hard-002,jev_gpt6,5,1,105.17857142857143,16,0,17,1,130
Large-Language-Models-play-StarCraftII/jev_runs/macro-v2-20260922-hard-002,jev_gpt6,5,1,110.17857142857143,16,0,17,1,185
Large-Language-Models-play-StarCraftII/jev_runs/macro-v2-20260922-hard-002,jev_gpt6,5,1,115.17857142857143,17,0,18,1,200
Large-Language-Models-play-StarCraftII/jev_runs/macro-v2-20260922-hard-002,jev_gpt6,5,1,120.17857142857143,17,0,18,1,270
Large-Language-Models-play-StarCraftII/jev_runs/macro-v2-20260922-hard-002,jev_gpt6,5,1,125.17857142857143,18,0,18,1,40
Large-Language-Models-play-StarCraftII/jev_runs/macro-v2-20260922-hard-002,jev_gpt6,5,1,130.17857142857144,18,0,19,1,50
Large-Language-Models-play-StarCraftII/jev_runs/macro-v2-20260922-hard-002,jev_gpt6,5,1,135.17857142857144,18,2,21,1,10
Large-Language-Models-play-StarCraftII/jev_runs/macro-v2-20260922-hard-002,jev_gpt6,5,1,140.17857142857144,19,2,21,1,85
Large-Language-Models-play-StarCraftII/jev_runs/macro-v2-20260922-hard-002,jev_gpt6,5,1,145.17857142857144,19,2,21,1,165
Large-Language-Models-play-StarCraftII/jev_runs/macro-v2-20260922-hard-002,jev_gpt6,5,1,150.17857142857144,19,2,21,1,240
Large-Language-Models-play-StarCraftII/jev_runs/macro-v2-20260922-hard-002,jev_gpt6,5,1,155.17857142857144,19,2,21,1,310
Large-Language-Models-play-StarCraftII/jev_runs/macro-v2-20260922-hard-002,jev_gpt6,5,1,160.17857142857144,19,2,21,1,385
Large-Language-Models-play-StarCraftII/jev_runs/macro-v2-20260922-hard-002,jev_gpt6,5,1,165.17857142857144,19,2,21,1,65
Large-Language-Models-play-StarCraftII/jev_runs/macro-v2-20260922-hard-002,jev_gpt6,5,1,170.17857142857144,19,2,22,2,35
Large-Language-Models-play-StarCraftII/jev_runs/macro-v2-20260922-hard-002,jev_gpt6,5,1,175.17857142857144,19,2,22,2,30
Large-Language-Models-play-StarCraftII/jev_runs/macro-v2-20260922-hard-002,jev_gpt6,5,1,180.17857142857144,20,2,23,2,50
Large-Language-Models-play-StarCraftII/jev_runs/macro-v2-20260922-hard-002,jev_gpt6,5,1,185.17857142857144,20,2,23,2,110
Large-Language-Models-play-StarCraftII/jev_runs/macro-v2-20260922-hard-002,jev_gpt6,5,1,190.17857142857144,20,2,23,2,70
Large-Language-Models-play-StarCraftII/jev_runs/macro-v2-20260922-hard-002,jev_gpt6,5,1,195.17857142857144,21,2,24,2,100
Large-Language-Models-play-StarCraftII/jev_runs/macro-v2-20260922-hard-002,jev_gpt6,5,1,200.17857142857144,21,4,26,2,75
Large-Language-Models-play-StarCraftII/jev_runs/macro-v2-20260922-hard-002,jev_gpt6,5,1,205.17857142857144,22,6,28,2,50
Large-Language-Models-play-StarCraftII/jev_runs/macro-v2-20260922-hard-002,jev_gpt6,5,1,210.17857142857144,22,6,29,2,75
Large-Language-Models-play-StarCraftII/jev_runs/macro-v2-20260922-hard-002,jev_gpt6,5,1,215.17857142857144,22,6,29,2,150
Large-Language-Models-play-StarCraftII/jev_runs/macro-v2-20260922-hard-002,jev_gpt6,5,1,220.17857142857144,23,6,30,2,25
Large-Language-Models-play-StarCraftII/jev_runs/macro-v2-20260922-hard-002,jev_gpt6,5,1,225.17857142857144,23,6,30,2,100
Large-Language-Models-play-StarCraftII/jev_runs/macro-v2-20260922-hard-002,jev_gpt6,5,1,230.17857142857144,23,6,30,2,70
Large-Language-Models-play-StarCraftII/jev_runs/macro-v2-20260922-hard-002,jev_gpt6,5,1,235.17857142857144,24,8,32,2,50
Large-Language-Models-play-StarCraftII/jev_runs/macro-v2-20260922-hard-002,jev_gpt6,5,1,240.17857142857144,24,8,33,2,75
Large-Language-Models-play-StarCraftII/jev_runs/macro-v2-20260922-hard-002,jev_gpt6,5,1,245.17857142857144,24,8,34,2,95
Large-Language-Models-play-StarCraftII/jev_runs/macro-v2-20260922-hard-002,jev_gpt6,5,1,250.17857142857144,25,10,37,2,15
Large-Language-Models-play-StarCraftII/jev_runs/macro-v2-20260922-hard-002,jev_gpt6,5,1,255.17857142857144,26,10,38,2,40
Large-Language-Models-play-StarCraftII/jev_runs/macro-v2-20260922-hard-002,jev_gpt6,5,1,260.17857142857144,27,10,39,2,75
Large-Language-Models-play-StarCraftII/jev_runs/macro-v2-20260922-hard-002,jev_gpt6,5,1,265.17857142857144,28,10,40,2,105
Large-Language-Models-play-StarCraftII/jev_runs/macro-v2-20260922-hard-002,jev_gpt6,5,1,270.17857142857144,29,11,42,2,105
Large-Language-Models-play-StarCraftII/jev_runs/macro-v2-20260922-hard-002,jev_gpt6,5,1,275.17857142857144,29,13,44,2,75
Large-Language-Models-play-StarCraftII/jev_runs/macro-v2-20260922-hard-002,jev_gpt6,5,1,280.17857142857144,31,13,45,2,100
Large-Language-Models-play-StarCraftII/jev_runs/macro-v2-20260922-hard-002,jev_gpt6,5,1,285.17857142857144,31,13,46,2,155
Large-Language-Models-play-StarCraftII/jev_runs/macro-v2-20260922-hard-002,jev_gpt6,5,1,290.17857142857144,32,15,49,2,75
Large-Language-Models-play-StarCraftII/jev_runs/macro-v2-20260922-hard-002,jev_gpt6,5,1,295.17857142857144,33,15,50,2,40
Large-Language-Models-play-StarCraftII/jev_runs/macro-v2-20260922-hard-002,jev_gpt6,5,1,300.17857142857144,33,17,52,2,30
Large-Language-Models-play-StarCraftII/jev_runs/macro-v2-20260922-hard-002,jev_gpt6,5,1,305.17857142857144,34,17,53,2,90
Large-Language-Models-play-StarCraftII/jev_runs/macro-v2-20260922-hard-002,jev_gpt6,5,1,310.17857142857144,35,19,56,2,45
Large-Language-Models-play-StarCraftII/jev_runs/macro-v2-20260922-hard-002,jev_gpt6,5,1,315.17857142857144,36,19,57,2,115
Large-Language-Models-play-StarCraftII/jev_runs/macro-v2-20260922-hard-002,jev_gpt6,5,1,320.17857142857144,37,19,57,2,145
Large-Language-Models-play-StarCraftII/jev_runs/macro-v2-20260922-hard-002,jev_gpt6,5,1,325.17857142857144,38,19,57,2,110
Large-Language-Models-play-StarCraftII/jev_runs/macro-v2-20260922-hard-002,jev_gpt6,5,1,330.17857142857144,38,17,55,2,160
Large-Language-Models-play-StarCraftII/jev_runs/macro-v2-20260922-hard-002,jev_gpt6,5,1,335.17857142857144,38,17,55,2,175
Large-Language-Models-play-StarCraftII/jev_runs/macro-v2-20260922-hard-002,jev_gpt6,5,1,340.17857142857144,37,13,51,2,160
Large-Language-Models-play-StarCraftII/jev_runs/macro-v2-20260922-hard-002,jev_gpt6,5,1,345.17857142857144,37,15,53,2,50
Large-Language-Models-play-StarCraftII/jev_runs/macro-v2-20260922-hard-002,jev_gpt6,5,1,350.17857142857144,37,15,53,2,75
Large-Language-Models-play-StarCraftII/jev_runs/macro-v2-20260922-hard-002,jev_gpt6,5,1,355.17857142857144,38,15,53,2,220
Large-Language-Models-play-StarCraftII/jev_runs/macro-v2-20260922-hard-002,jev_gpt6,5,1,360.17857142857144,38,17,55,2,275
Large-Language-Models-play-StarCraftII/jev_runs/macro-v2-20260922-hard-002,jev_gpt6,5,1,365.17857142857144,38,17,55,2,430
Large-Language-Models-play-StarCraftII/jev_runs/macro-v2-20260922-hard-002,jev_gpt6,5,1,370.17857142857144,38,17,55,2,570
Large-Language-Models-play-StarCraftII/jev_runs/macro-v2-20260922-hard-002,jev_gpt6,5,1,375.17857142857144,38,21,59,2,485
Large-Language-Models-play-StarCraftII/jev_runs/macro-v2-20260922-hard-002,jev_gpt6,5,1,380.17857142857144,38,21,60,2,515
Large-Language-Models-play-StarCraftII/jev_runs/macro-v2-20260922-hard-002,jev_gpt6,5,1,385.17857142857144,38,23,63,2,135
Large-Language-Models-play-StarCraftII/jev_runs/macro-v2-20260922-hard-002,jev_gpt6,5,1,390.17857142857144,38,23,63,2,245
Large-Language-Models-play-StarCraftII/jev_runs/macro-v2-20260922-hard-002,jev_gpt6,5,1,395.17857142857144,40,27,68,2,85
Large-Language-Models-play-StarCraftII/jev_runs/macro-v2-20260922-hard-002,jev_gpt6,5,1,400.17857142857144,40,27,69,2,70
Large-Language-Models-play-StarCraftII/jev_runs/macro-v2-20260922-hard-002,jev_gpt6,5,1,405.17857142857144,40,29,71,2,35
Large-Language-Models-play-StarCraftII/jev_runs/macro-v2-20260922-hard-002,jev_gpt6,5,1,410.17857142857144,42,29,73,2,85
Large-Language-Models-play-StarCraftII/jev_runs/macro-v2-20260922-hard-002,jev_gpt6,5,1,415.17857142857144,42,31,75,2,100
Large-Language-Models-play-StarCraftII/jev_runs/macro-v2-20260922-hard-002,jev_gpt6,5,1,420.17857142857144,43,33,77,2,40
Large-Language-Models-play-StarCraftII/jev_runs/macro-v2-20260922-hard-002,jev_gpt6,5,1,425.17857142857144,44,33,77,2,250
Large-Language-Models-play-StarCraftII/jev_runs/macro-v2-20260922-hard-002,jev_gpt6,5,1,430.17857142857144,44,35,79,2,280
Large-Language-Models-play-StarCraftII/jev_runs/macro-v2-20260922-hard-002,jev_gpt6,5,1,435.17857142857144,44,35,79,2,40
Large-Language-Models-play-StarCraftII/jev_runs/macro-v2-20260922-hard-002,jev_gpt6,5,1,440.17857142857144,44,35,81,2,70
Large-Language-Models-play-StarCraftII/jev_runs/macro-v2-20260922-hard-002,jev_gpt6,5,1,445.17857142857144,44,35,81,2,50
Large-Language-Models-play-StarCraftII/jev_runs/macro-v2-20260922-hard-002,jev_gpt6,5,1,450.17857142857144,46,37,84,3,50
Large-Language-Models-play-StarCraftII/jev_runs/macro-v2-20260922-hard-002,jev_gpt6,5,1,455.17857142857144,46,39,87,3,65
Large-Language-Models-play-StarCraftII/jev_runs/macro-v2-20260922-hard-002,jev_gpt6,5,1,460.17857142857144,48,41,90,3,65
Large-Language-Models-play-StarCraftII/jev_runs/macro-v2-20260922-hard-002,jev_gpt6,5,1,465.17857142857144,48,41,91,3,80
Large-Language-Models-play-StarCraftII/jev_runs/macro-v2-20260922-hard-002,jev_gpt6,5,1,470.17857142857144,50,43,94,3,80
Large-Language-Models-play-StarCraftII/jev_runs/macro-v2-20260922-hard-002,jev_gpt6,5,1,475.17857142857144,50,45,97,3,85
Large-Language-Models-play-StarCraftII/jev_runs/macro-v2-20260922-hard-002,jev_gpt6,5,1,480.17857142857144,52,45,98,3,105
Large-Language-Models-play-StarCraftII/jev_runs/macro-v2-20260922-hard-002,jev_gpt6,5,1,485.17857142857144,52,47,101,3,95
Large-Language-Models-play-StarCraftII/jev_runs/macro-v2-20260922-hard-002,jev_gpt6,5,1,490.17857142857144,54,47,101,3,250
Large-Language-Models-play-StarCraftII/jev_runs/macro-v2-20260922-hard-002,jev_gpt6,5,1,495.17857142857144,54,51,107,3,70
Large-Language-Models-play-StarCraftII/jev_runs/macro-v2-20260922-hard-002,jev_gpt6,5,1,500.17857142857144,54,53,109,3,50
Large-Language-Models-play-StarCraftII/jev_runs/macro-v2-20260922-hard-002,jev_gpt6,5,1,505.17857142857144,55,55,111,3,125
Large-Language-Models-play-StarCraftII/jev_runs/macro-v2-20260922-hard-002,jev_gpt6,5,1,510.17857142857144,56,55,113,3,95
Large-Language-Models-play-StarCraftII/jev_runs/macro-v2-20260922-hard-002,jev_gpt6,5,1,515.1785714285714,56,53,111,3,65
Large-Language-Models-play-StarCraftII/jev_runs/macro-v2-20260922-hard-002,jev_gpt6,5,1,520.1785714285714,58,49,109,3,140
Large-Language-Models-play-StarCraftII/jev_runs/macro-v2-20260922-hard-002,jev_gpt6,5,1,525.1785714285714,58,48,108,3,125
Large-Language-Models-play-StarCraftII/jev_runs/macro-v2-20260922-hard-002,jev_gpt6,5,1,530.1785714285714,58,42,102,3,120
Large-Language-Models-play-StarCraftII/jev_runs/macro-v2-20260922-hard-002,jev_gpt6,5,1,535.1785714285714,60,41,101,3,55
Large-Language-Models-play-StarCraftII/jev_runs/macro-v2-20260922-hard-002,jev_gpt6,5,1,540.1785714285714,60,37,97,3,140
Large-Language-Models-play-StarCraftII/jev_runs/macro-v2-20260922-hard-002,jev_gpt6,5,1,545.1785714285714,60,33,93,3,225
Large-Language-Models-play-StarCraftII/jev_runs/macro-v2-20260922-hard-002,jev_gpt6,5,1,550.1785714285714,60,29,89,3,440
Large-Language-Models-play-StarCraftII/jev_runs/macro-v2-20260922-hard-002,jev_gpt6,5,1,555.1785714285714,60,35,95,3,285
Large-Language-Models-play-StarCraftII/jev_runs/macro-v2-20260922-hard-002,jev_gpt6,5,1,560.1785714285714,60,37,97,3,395
Large-Language-Models-play-StarCraftII/jev_runs/macro-v2-20260922-hard-002,jev_gpt6,5,1,565.1785714285714,60,39,99,3,365
Large-Language-Models-play-StarCraftII/jev_runs/macro-v2-20260922-hard-002,jev_gpt6,5,1,570.1785714285714,60,37,97,3,610
Large-Language-Models-play-StarCraftII/jev_runs/macro-v2-20260922-hard-002,jev_gpt6,5,1,575.1785714285714,60,37,97,3,655
Large-Language-Models-play-StarCraftII/jev_runs/macro-v2-20260922-hard-002,jev_gpt6,5,1,580.1785714285714,60,41,101,3,480
Large-Language-Models-play-StarCraftII/jev_runs/macro-v2-20260922-hard-002,jev_gpt6,5,1,585.1785714285714,60,45,105,3,455
Large-Language-Models-play-StarCraftII/jev_runs/macro-v2-20260922-hard-002,jev_gpt6,5,1,590.1785714285714,60,47,107,3,560
Large-Language-Models-play-StarCraftII/jev_runs/macro-v2-20260922-hard-002,jev_gpt6,5,1,595.1785714285714,60,51,111,3,475
Large-Language-Models-play-StarCraftII/jev_runs/macro-v2-20260922-hard-002,jev_gpt6,5,1,600.1785714285714,60,51,111,3,535
Large-Language-Models-play-StarCraftII/jev_runs/macro-v2-20260922-hard-002,jev_gpt6,5,1,605.1785714285714,60,53,113,3,260
Large-Language-Models-play-StarCraftII/jev_runs/macro-v2-20260922-hard-002,jev_gpt6,5,1,610.1785714285714,60,57,117,3,110
Large-Language-Models-play-StarCraftII/jev_runs/macro-v2-20260922-hard-002,jev_gpt6,5,1,615.1785714285714,60,59,119,4,225
Large-Language-Models-play-StarCraftII/jev_runs/macro-v2-20260922-hard-002,jev_gpt6,5,1,620.1785714285714,60,59,119,4,450
Large-Language-Models-play-StarCraftII/jev_runs/macro-v2-20260922-hard-002,jev_gpt6,5,1,625.1785714285714,60,61,121,4,510
Large-Language-Models-play-StarCraftII/jev_runs/macro-v2-20260922-hard-002,jev_gpt6,5,1,630.1785714285714,60,67,127,4,245
Large-Language-Models-play-StarCraftII/jev_runs/macro-v2-20260922-hard-002,jev_gpt6,5,1,635.1785714285714,60,69,129,4,355
Large-Language-Models-play-StarCraftII/jev_runs/macro-v2-20260922-hard-002,jev_gpt6,5,1,640.1785714285714,60,71,131,4,465
Large-Language-Models-play-StarCraftII/jev_runs/macro-v2-20260922-hard-002,jev_gpt6,5,1,645.1785714285714,60,71,131,4,675
Large-Language-Models-play-StarCraftII/jev_runs/macro-v2-20260922-hard-002,jev_gpt6,5,1,650.1785714285714,60,81,141,4,245
Large-Language-Models-play-StarCraftII/jev_runs/macro-v2-20260922-hard-002,jev_gpt6,5,1,655.1785714285714,60,85,145,4,125
Large-Language-Models-play-StarCraftII/jev_runs/macro-v2-20260922-hard-002,jev_gpt6,5,1,660.1785714285714,60,85,148,4,105
Large-Language-Models-play-StarCraftII/jev_runs/macro-v2-20260922-hard-002,jev_gpt6,5,1,665.1785714285714,60,89,152,4,55
Large-Language-Models-play-StarCraftII/jev_runs/macro-v2-20260922-hard-002,jev_gpt6,5,1,670.1785714285714,62,89,153,4,110
Large-Language-Models-play-StarCraftII/jev_runs/macro-v2-20260922-hard-002,jev_gpt6,5,1,675.1785714285714,63,91,157,4,85
Large-Language-Models-play-StarCraftII/jev_runs/macro-v2-20260922-hard-002,jev_gpt6,5,1,680.1785714285714,63,91,157,4,110
Large-Language-Models-play-StarCraftII/jev_runs/macro-v2-20260922-hard-002,jev_gpt6,5,1,685.1785714285714,66,93,162,4,55
Large-Language-Models-play-StarCraftII/jev_runs/macro-v2-20260922-hard-002,jev_gpt6,5,1,690.1785714285714,66,95,165,4,75
Large-Language-Models-play-StarCraftII/jev_runs/macro-v2-20260922-hard-002,jev_gpt6,5,1,695.1785714285714,67,99,169,4,50
Large-Language-Models-play-StarCraftII/jev_runs/macro-v2-20260922-hard-002,jev_gpt6,5,1,700.1785714285714,70,101,173,4,40
Large-Language-Models-play-StarCraftII/jev_runs/macro-v2-20260922-hard-002,jev_gpt6,5,1,705.1785714285714,70,103,175,4,150
Large-Language-Models-play-StarCraftII/jev_runs/macro-v2-20260922-hard-002,jev_gpt6,5,1,710.1785714285714,72,105,177,4,95
Large-Language-Models-play-StarCraftII/jev_runs/macro-v2-20260922-hard-002,jev_gpt6,5,1,715.1785714285714,72,105,177,4,310
Large-Language-Models-play-StarCraftII/jev_runs/macro-v2-20260922-hard-002,jev_gpt6,5,1,720.1785714285714,72,109,181,4,250
Large-Language-Models-play-StarCraftII/jev_runs/macro-v2-20260922-hard-002,jev_gpt6,5,1,725.1785714285714,72,115,187,4,65
Large-Language-Models-play-StarCraftII/jev_runs/macro-v2-20260922-hard-002,jev_gpt6,5,1,730.1785714285714,72,119,191,4,105
Large-Language-Models-play-StarCraftII/jev_runs/macro-v2-20260922-hard-002,jev_gpt6,5,1,735.1785714285714,72,121,193,4,150
Large-Language-Models-play-StarCraftII/jev_runs/macro-v2-20260922-hard-002,jev_gpt6,5,1,740.1785714285714,72,123,195,4,310
Large-Language-Models-play-StarCraftII/jev_runs/macro-v2-20260922-hard-002,jev_gpt6,5,1,745.1785714285714,72,121,193,4,440
Large-Language-Models-play-StarCraftII/jev_runs/macro-v2-20260922-hard-002,jev_gpt6,5,1,750.1785714285714,72,121,193,4,195
Large-Language-Models-play-StarCraftII/jev_runs/macro-v2-20260922-hard-002,jev_gpt6,5,1,755.1785714285714,72,125,197,4,240
Large-Language-Models-play-StarCraftII/jev_runs/macro-v2-20260922-hard-002,jev_gpt6,5,1,760.1785714285714,72,127,199,5,370
Large-Language-Models-play-StarCraftII/jev_runs/macro-v2-20260922-hard-002,jev_gpt6,5,1,765.1785714285714,72,127,199,5,625
Large-Language-Models-play-StarCraftII/jev_runs/macro-v2-20260922-hard-002,jev_gpt6,5,1,770.1785714285714,72,127,199,5,880
Large-Language-Models-play-StarCraftII/jev_runs/macro-v2-20260922-hard-002,jev_gpt6,5,1,775.1785714285714,72,127,199,5,1120
Large-Language-Models-play-StarCraftII/jev_runs/macro-v2-20260922-hard-002,jev_gpt6,5,1,780.1785714285714,72,127,199,5,1365
Large-Language-Models-play-StarCraftII/jev_runs/macro-v2-20260922-hard-002,jev_gpt6,5,1,785.1785714285714,72,127,199,5,1605
Large-Language-Models-play-StarCraftII/jev_runs/macro-v2-20260922-hard-002,jev_gpt6,5,1,790.1785714285714,72,127,199,5,1855
Large-Language-Models-play-StarCraftII/jev_runs/macro-v2-20260922-hard-002,jev_gpt6,5,1,795.1785714285714,72,127,199,5,2065
Large-Language-Models-play-StarCraftII/jev_runs/macro-v2-20260922-hard-002,jev_gpt6,5,1,800.1785714285714,72,127,199,5,2300
Large-Language-Models-play-StarCraftII/jev_runs/macro-v2-20260922-hard-002,jev_gpt6,5,1,805.1785714285714,72,127,199,5,2530
Large-Language-Models-play-StarCraftII/jev_runs/macro-v2-20260922-harder-001,jev_gpt6,6,1,0.17857142857142858,8,0,8,1,50
Large-Language-Models-play-StarCraftII/jev_runs/macro-v2-20260922-harder-001,jev_gpt6,6,1,5.178571428571429,8,0,9,1,5
Large-Language-Models-play-StarCraftII/jev_runs/macro-v2-20260922-harder-001,jev_gpt6,6,1,10.178571428571429,8,0,9,1,45
Large-Language-Models-play-StarCraftII/jev_runs/macro-v2-20260922-harder-001,jev_gpt6,6,1,15.178571428571429,9,0,10,1,35
Large-Language-Models-play-StarCraftII/jev_runs/macro-v2-20260922-harder-001,jev_gpt6,6,1,20.17857142857143,9,0,10,1,75
Large-Language-Models-play-StarCraftII/jev_runs/macro-v2-20260922-harder-001,jev_gpt6,6,1,25.17857142857143,10,0,10,1,35
Large-Language-Models-play-StarCraftII/jev_runs/macro-v2-20260922-harder-001,jev_gpt6,6,1,30.17857142857143,10,0,11,1,30
Large-Language-Models-play-StarCraftII/jev_runs/macro-v2-20260922-harder-001,jev_gpt6,6,1,35.17857142857143,10,0,11,1,70
Large-Language-Models-play-StarCraftII/jev_runs/macro-v2-20260922-harder-001,jev_gpt6,6,1,40.17857142857143,10,0,11,1,110
Large-Language-Models-play-StarCraftII/jev_runs/macro-v2-20260922-harder-001,jev_gpt6,6,1,45.17857142857143,11,0,11,1,40
Large-Language-Models-play-StarCraftII/jev_runs/macro-v2-20260922-harder-001,jev_gpt6,6,1,50.17857142857143,11,0,12,1,25
Large-Language-Models-play-StarCraftII/jev_runs/macro-v2-20260922-harder-001,jev_gpt6,6,1,55.17857142857143,11,0,12,1,70
Large-Language-Models-play-StarCraftII/jev_runs/macro-v2-20260922-harder-001,jev_gpt6,6,1,60.17857142857143,11,0,12,1,115
Large-Language-Models-play-StarCraftII/jev_runs/macro-v2-20260922-harder-001,jev_gpt6,6,1,65.17857142857143,12,0,13,1,105
Large-Language-Models-play-StarCraftII/jev_runs/macro-v2-20260922-harder-001,jev_gpt6,6,1,70.17857142857143,13,0,13,1,150
Large-Language-Models-play-StarCraftII/jev_runs/macro-v2-20260922-harder-001,jev_gpt6,6,1,75.17857142857143,13,0,14,1,150
Large-Language-Models-play-StarCraftII/jev_runs/macro-v2-20260922-harder-001,jev_gpt6,6,1,80.17857142857143,14,0,14,1,45
Large-Language-Models-play-StarCraftII/jev_runs/macro-v2-20260922-harder-001,jev_gpt6,6,1,85.17857142857143,14,0,15,1,45
Large-Language-Models-play-StarCraftII/jev_runs/macro-v2-20260922-harder-001,jev_gpt6,6,1,90.17857142857143,14,0,15,1,95
Large-Language-Models-play-StarCraftII/jev_runs/macro-v2-20260922-harder-001,jev_gpt6,6,1,95.17857142857143,15,0,16,1,105
Large-Language-Models-play-StarCraftII/jev_runs/macro-v2-20260922-harder-001,jev_gpt6,6,1,100.17857142857143,15,0,16,1,160
Large-Language-Models-play-StarCraftII/jev_runs/macro-v2-20260922-harder-001,jev_gpt6,6,1,105.17857142857143,15,0,16,1,230
Large-Language-Models-play-StarCraftII/jev_runs/macro-v2-20260922-harder-001,jev_gpt6,6,1,110.17857142857143,16,0,17,1,140
Large-Language-Models-play-StarCraftII/jev_runs/macro-v2-20260922-harder-001,jev_gpt6,6,1,115.17857142857143,16,0,17,1,210
Large-Language-Models-play-StarCraftII/jev_runs/macro-v2-20260922-harder-001,jev_gpt6,6,1,120.17857142857143,17,0,18,1,230
Large-Language-Models-play-StarCraftII/jev_runs/macro-v2-20260922-harder-001,jev_gpt6,6,1,125.17857142857143,17,0,18,1,225
Large-Language-Models-play-StarCraftII/jev_runs/macro-v2-20260922-harder-001,jev_gpt6,6,1,130.17857142857144,17,2,20,1,35
Large-Language-Models-play-StarCraftII/jev_runs/macro-v2-20260922-harder-001,jev_gpt6,6,1,135.17857142857144,18,2,21,1,55
Large-Language-Models-play-StarCraftII/jev_runs/macro-v2-20260922-harder-001,jev_gpt6,6,1,140.17857142857144,18,2,21,1,120
Large-Language-Models-play-StarCraftII/jev_runs/macro-v2-20260922-harder-001,jev_gpt6,6,1,145.17857142857144,19,2,21,1,190
Large-Language-Models-play-StarCraftII/jev_runs/macro-v2-20260922-harder-001,jev_gpt6,6,1,150.17857142857144,19,2,21,1,265
Large-Language-Models-play-StarCraftII/jev_runs/macro-v2-20260922-harder-001,jev_gpt6,6,1,155.17857142857144,19,2,21,1,335
Large-Language-Models-play-StarCraftII/jev_runs/macro-v2-20260922-harder-001,jev_gpt6,6,1,160.17857142857144,19,2,21,1,10
Large-Language-Models-play-StarCraftII/jev_runs/macro-v2-20260922-harder-001,jev_gpt6,6,1,165.17857142857144,19,2,22,1,35
Large-Language-Models-play-StarCraftII/jev_runs/macro-v2-20260922-harder-001,jev_gpt6,6,1,170.17857142857144,19,2,22,2,70
Large-Language-Models-play-StarCraftII/jev_runs/macro-v2-20260922-harder-001,jev_gpt6,6,1,175.17857142857144,19,4,24,2,45
Large-Language-Models-play-StarCraftII/jev_runs/macro-v2-20260922-harder-001,jev_gpt6,6,1,180.17857142857144,20,4,25,2,50
Large-Language-Models-play-StarCraftII/jev_runs/macro-v2-20260922-harder-001,jev_gpt6,6,1,185.17857142857144,20,4,25,2,25
Large-Language-Models-play-StarCraftII/jev_runs/macro-v2-20260922-harder-001,jev_gpt6,6,1,190.17857142857144,21,4,26,2,45
Large-Language-Models-play-StarCraftII/jev_runs/macro-v2-20260922-harder-001,jev_gpt6,6,1,195.17857142857144,21,4,26,2,120
Large-Language-Models-play-StarCraftII/jev_runs/macro-v2-20260922-harder-001,jev_gpt6,6,1,200.17857142857144,21,4,26,2,35
Large-Language-Models-play-StarCraftII/jev_runs/macro-v2-20260922-harder-001,jev_gpt6,6,1,205.17857142857144,22,4,27,2,55
Large-Language-Models-play-StarCraftII/jev_runs/macro-v2-20260922-harder-001,jev_gpt6,6,1,210.17857142857144,22,6,29,2,25
Large-Language-Models-play-StarCraftII/jev_runs/macro-v2-20260922-harder-001,jev_gpt6,6,1,215.17857142857144,23,6,29,2,100
Large-Language-Models-play-StarCraftII/jev_runs/macro-v2-20260922-harder-001,jev_gpt6,6,1,220.17857142857144,23,6,30,2,125
Large-Language-Models-play-StarCraftII/jev_runs/macro-v2-20260922-harder-001,jev_gpt6,6,1,225.17857142857144,23,6,30,2,55
Large-Language-Models-play-StarCraftII/jev_runs/macro-v2-20260922-harder-001,jev_gpt6,6,1,230.17857142857144,24,6,31,2,65
Large-Language-Models-play-StarCraftII/jev_runs/macro-v2-20260922-harder-001,jev_gpt6,6,1,235.17857142857144,24,6,31,2,135
Large-Language-Models-play-StarCraftII/jev_runs/macro-v2-20260922-harder-001,jev_gpt6,6,1,240.17857142857144,25,8,34,2,40
Large-Language-Models-play-StarCraftII/jev_runs/macro-v2-20260922-harder-001,jev_gpt6,6,1,245.17857142857144,25,8,35,2,65
Large-Language-Models-play-StarCraftII/jev_runs/macro-v2-20260922-harder-001,jev_gpt6,6,1,250.17857142857144,25,10,37,2,35
Large-Language-Models-play-StarCraftII/jev_runs/macro-v2-20260922-harder-001,jev_gpt6,6,1,255.17857142857144,27,10,39,2,10
Large-Language-Models-play-StarCraftII/jev_runs/macro-v2-20260922-harder-001,jev_gpt6,6,1,260.17857142857144,27,10,39,2,100
Large-Language-Models-play-StarCraftII/jev_runs/macro-v2-20260922-harder-001,jev_gpt6,6,1,265.17857142857144,29,10,41,2,70
Large-Language-Models-play-StarCraftII/jev_runs/macro-v2-20260922-harder-001,jev_gpt6,6,1,270.17857142857144,29,10,41,2,170
Large-Language-Models-play-StarCraftII/jev_runs/macro-v2-20260922-harder-001,jev_gpt6,6,1,275.17857142857144,30,12,44,2,95
Large-Language-Models-play-StarCraftII/jev_runs/macro-v2-20260922-harder-001,jev_gpt6,6,1,280.17857142857144,31,13,46,2,85
Large-Language-Models-play-StarCraftII/jev_runs/macro-v2-20260922-harder-001,jev_gpt6,6,1,285.17857142857144,32,13,46,2,95
Large-Language-Models-play-StarCraftII/jev_runs/macro-v2-20260922-harder-001,jev_gpt6,6,1,290.17857142857144,33,13,47,2,45
Large-Language-Models-play-StarCraftII/jev_runs/macro-v2-20260922-harder-001,jev_gpt6,6,1,295.17857142857144,33,13,48,2,100
Large-Language-Models-play-StarCraftII/jev_runs/macro-v2-20260922-harder-001,jev_gpt6,6,1,300.17857142857144,34,15,50,2,115
Large-Language-Models-play-StarCraftII/jev_runs/macro-v2-20260922-harder-001,jev_gpt6,6,1,305.17857142857144,35,15,51,2,30
Large-Language-Models-play-StarCraftII/jev_runs/macro-v2-20260922-harder-001,jev_gpt6,6,1,310.17857142857144,34,15,51,2,115
Large-Language-Models-play-StarCraftII/jev_runs/macro-v2-20260922-harder-001,jev_gpt6,6,1,315.17857142857144,34,17,53,2,120
Large-Language-Models-play-StarCraftII/jev_runs/macro-v2-20260922-harder-001,jev_gpt6,6,1,320.17857142857144,36,15,53,2,155
Large-Language-Models-play-StarCraftII/jev_runs/macro-v2-20260922-harder-001,jev_gpt6,6,1,325.17857142857144,36,11,49,2,150
Large-Language-Models-play-StarCraftII/jev_runs/macro-v2-20260922-harder-001,jev_gpt6,6,1,330.17857142857144,37,7,45,2,285
Large-Language-Models-play-StarCraftII/jev_runs/macro-v2-20260922-harder-001,jev_gpt6,6,1,335.17857142857144,38,13,51,2,35
Large-Language-Models-play-StarCraftII/jev_runs/macro-v2-20260922-harder-001,jev_gpt6,6,1,340.17857142857144,38,11,49,2,180
Large-Language-Models-play-StarCraftII/jev_runs/macro-v2-20260922-harder-001,jev_gpt6,6,1,345.17857142857144,38,13,51,2,105
Large-Language-Models-play-StarCraftII/jev_runs/macro-v2-20260922-harder-001,jev_gpt6,6,1,350.17857142857144,38,13,51,2,250
Large-Language-Models-play-StarCraftII/jev_runs/macro-v2-20260922-harder-001,jev_gpt6,6,1,355.17857142857144,38,13,51,2,375
Large-Language-Models-play-StarCraftII/jev_runs/macro-v2-20260922-harder-001,jev_gpt6,6,1,360.17857142857144,38,15,53,2,295
Large-Language-Models-play-StarCraftII/jev_runs/macro-v2-20260922-harder-001,jev_gpt6,6,1,365.17857142857144,38,17,55,2,315
Large-Language-Models-play-StarCraftII/jev_runs/macro-v2-20260922-harder-001,jev_gpt6,6,1,370.17857142857144,38,19,57,2,330
Large-Language-Models-play-StarCraftII/jev_runs/macro-v2-20260922-harder-001,jev_gpt6,6,1,375.17857142857144,38,23,61,2,135
Large-Language-Models-play-StarCraftII/jev_runs/macro-v2-20260922-harder-001,jev_gpt6,6,1,380.17857142857144,38,23,61,2,275
Large-Language-Models-play-StarCraftII/jev_runs/macro-v2-20260922-harder-001,jev_gpt6,6,1,385.17857142857144,38,27,65,2,165
Large-Language-Models-play-StarCraftII/jev_runs/macro-v2-20260922-harder-001,jev_gpt6,6,1,390.17857142857144,38,27,67,2,135
Large-Language-Models-play-StarCraftII/jev_runs/macro-v2-20260922-harder-001,jev_gpt6,6,1,395.17857142857144,38,29,69,2,75
Large-Language-Models-play-StarCraftII/jev_runs/macro-v2-20260922-harder-001,jev_gpt6,6,1,400.17857142857144,38,29,69,2,125
Large-Language-Models-play-StarCraftII/jev_runs/macro-v2-20260922-harder-001,jev_gpt6,6,1,405.17857142857144,40,29,71,2,175
Large-Language-Models-play-StarCraftII/jev_runs/macro-v2-20260922-harder-001,jev_gpt6,6,1,410.17857142857144,40,33,75,2,125
Large-Language-Models-play-StarCraftII/jev_runs/macro-v2-20260922-harder-001,jev_gpt6,6,1,415.17857142857144,42,33,76,2,70
Large-Language-Models-play-StarCraftII/jev_runs/macro-v2-20260922-harder-001,jev_gpt6,6,1,420.17857142857144,42,33,77,2,155
Large-Language-Models-play-StarCraftII/jev_runs/macro-v2-20260922-harder-001,jev_gpt6,6,1,425.17857142857144,42,35,79,2,70
Large-Language-Models-play-StarCraftII/jev_runs/macro-v2-20260922-harder-001,jev_gpt6,6,1,430.17857142857144,44,35,81,2,105
Large-Language-Models-play-StarCraftII/jev_runs/macro-v2-20260922-harder-001,jev_gpt6,6,1,435.17857142857144,44,39,85,2,35
Large-Language-Models-play-StarCraftII/jev_runs/macro-v2-20260922-harder-001,jev_gpt6,6,1,440.17857142857144,45,39,86,2,50
Large-Language-Models-play-StarCraftII/jev_runs/macro-v2-20260922-harder-001,jev_gpt6,6,1,445.17857142857144,46,41,89,2,55
Large-Language-Models-play-StarCraftII/jev_runs/macro-v2-20260922-harder-001,jev_gpt6,6,1,450.17857142857144,46,41,89,2,215
Large-Language-Models-play-StarCraftII/jev_runs/macro-v2-20260922-harder-001,jev_gpt6,6,1,455.17857142857144,48,41,89,2,375
Large-Language-Models-play-StarCraftII/jev_runs/macro-v2-20260922-harder-001,jev_gpt6,6,1,460.17857142857144,48,41,91,2,50
Large-Language-Models-play-StarCraftII/jev_runs/macro-v2-20260922-harder-001,jev_gpt6,6,1,465.17857142857144,48,43,93,2,75
Large-Language-Models-play-StarCraftII/jev_runs/macro-v2-20260922-harder-001,jev_gpt6,6,1,470.17857142857144,50,43,94,3,85
Large-Language-Models-play-StarCraftII/jev_runs/macro-v2-20260922-harder-001,jev_gpt6,6,1,475.17857142857144,50,45,97,3,95
Large-Language-Models-play-StarCraftII/jev_runs/macro-v2-20260922-harder-001,jev_gpt6,6,1,480.17857142857144,52,47,99,3,40
Large-Language-Models-play-StarCraftII/jev_runs/macro-v2-20260922-harder-001,jev_gpt6,6,1,485.17857142857144,52,47,101,3,115
Large-Language-Models-play-StarCraftII/jev_runs/macro-v2-20260922-harder-001,jev_gpt6,6,1,490.17857142857144,52,51,105,3,60
Large-Language-Models-play-StarCraftII/jev_runs/macro-v2-20260922-harder-001,jev_gpt6,6,1,495.17857142857144,54,51,106,3,95
Large-Language-Models-play-StarCraftII/jev_runs/macro-v2-20260922-harder-001,jev_gpt6,6,1,500.17857142857144,54,53,109,3,85
Large-Language-Models-play-StarCraftII/jev_runs/macro-v2-20260922-harder-001,jev_gpt6,6,1,505.17857142857144,54,55,111,3,140
Large-Language-Models-play-StarCraftII/jev_runs/macro-v2-20260922-harder-001,jev_gpt6,6,1,510.17857142857144,56,55,112,3,115
Large-Language-Models-play-StarCraftII/jev_runs/macro-v2-20260922-harder-001,jev_gpt6,6,1,515.1785714285714,56,57,114,3,105
Large-Language-Models-play-StarCraftII/jev_runs/macro-v2-20260922-harder-001,jev_gpt6,6,1,520.1785714285714,57,49,106,3,35
Large-Language-Models-play-StarCraftII/jev_runs/macro-v2-20260922-harder-001,jev_gpt6,6,1,525.1785714285714,57,41,98,3,100
Large-Language-Models-play-StarCraftII/jev_runs/macro-v2-20260922-harder-001,jev_gpt6,6,1,530.1785714285714,57,37,94,3,150
Large-Language-Models-play-StarCraftII/jev_runs/macro-v2-20260922-harder-001,jev_gpt6,6,1,535.1785714285714,57,35,92,3,75
Large-Language-Models-play-StarCraftII/jev_runs/macro-v2-20260922-harder-001,jev_gpt6,6,1,540.1785714285714,57,37,94,3,45
Large-Language-Models-play-StarCraftII/jev_runs/macro-v2-20260922-harder-001,jev_gpt6,6,1,545.1785714285714,57,37,94,3,180
Large-Language-Models-play-StarCraftII/jev_runs/macro-v2-20260922-harder-001,jev_gpt6,6,1,550.1785714285714,57,39,96,3,210
Large-Language-Models-play-StarCraftII/jev_runs/macro-v2-20260922-harder-001,jev_gpt6,6,1,555.1785714285714,57,41,98,3,255
Large-Language-Models-play-StarCraftII/jev_runs/macro-v2-20260922-harder-001,jev_gpt6,6,1,560.1785714285714,57,41,98,3,280
Large-Language-Models-play-StarCraftII/jev_runs/macro-v2-20260922-harder-001,jev_gpt6,6,1,565.1785714285714,57,43,100,3,125
Large-Language-Models-play-StarCraftII/jev_runs/macro-v2-20260922-harder-001,jev_gpt6,6,1,570.1785714285714,57,43,100,3,355
Large-Language-Models-play-StarCraftII/jev_runs/macro-v2-20260922-harder-001,jev_gpt6,6,1,575.1785714285714,57,49,106,3,200
Large-Language-Models-play-StarCraftII/jev_runs/macro-v2-20260922-harder-001,jev_gpt6,6,1,580.1785714285714,57,51,108,3,310
Large-Language-Models-play-StarCraftII/jev_runs/macro-v2-20260922-harder-001,jev_gpt6,6,1,585.1785714285714,57,55,112,3,265
Large-Language-Models-play-StarCraftII/jev_runs/macro-v2-20260922-harder-001,jev_gpt6,6,1,590.1785714285714,57,57,114,3,390
Large-Language-Models-play-StarCraftII/jev_runs/macro-v2-20260922-harder-001,jev_gpt6,6,1,595.1785714285714,57,59,116,3,520
Large-Language-Models-play-StarCraftII/jev_runs/macro-v2-20260922-harder-001,jev_gpt6,6,1,600.1785714285714,57,61,118,3,650
Large-Language-Models-play-StarCraftII/jev_runs/macro-v2-20260922-harder-001,jev_gpt6,6,1,605.1785714285714,57,61,118,3,480
Large-Language-Models-play-StarCraftII/jev_runs/macro-v2-20260922-harder-001,jev_gpt6,6,1,610.1785714285714,57,67,125,3,230
Large-Language-Models-play-StarCraftII/jev_runs/macro-v2-20260922-harder-001,jev_gpt6,6,1,615.1785714285714,57,67,127,4,190
Large-Language-Models-play-StarCraftII/jev_runs/macro-v2-20260922-harder-001,jev_gpt6,6,1,620.1785714285714,57,67,127,4,140
Large-Language-Models-play-StarCraftII/jev_runs/macro-v2-20260922-harder-001,jev_gpt6,6,1,625.1785714285714,60,69,131,4,40
Large-Language-Models-play-StarCraftII/jev_runs/macro-v2-20260922-harder-001,jev_gpt6,6,1,630.1785714285714,60,69,132,4,200
Large-Language-Models-play-StarCraftII/jev_runs/macro-v2-20260922-harder-001,jev_gpt6,6,1,635.1785714285714,62,75,139,4,45
Large-Language-Models-play-StarCraftII/jev_runs/macro-v2-20260922-harder-001,jev_gpt6,6,1,640.1785714285714,63,75,141,4,50
Large-Language-Models-play-StarCraftII/jev_runs/macro-v2-20260922-harder-001,jev_gpt6,6,1,645.1785714285714,65,77,143,4,165
Large-Language-Models-play-StarCraftII/jev_runs/macro-v2-20260922-veryhard-003,jev_gpt6,7,1,0.17857142857142858,8,0,8,1,50
Large-Language-Models-play-StarCraftII/jev_runs/macro-v2-20260922-veryhard-003,jev_gpt6,7,1,5.178571428571429,8,0,9,1,5
Large-Language-Models-play-StarCraftII/jev_runs/macro-v2-20260922-veryhard-003,jev_gpt6,7,1,10.178571428571429,8,0,9,1,45
Large-Language-Models-play-StarCraftII/jev_runs/macro-v2-20260922-veryhard-003,jev_gpt6,7,1,15.178571428571429,9,0,10,1,35
Large-Language-Models-play-StarCraftII/jev_runs/macro-v2-20260922-veryhard-003,jev_gpt6,7,1,20.17857142857143,9,0,10,1,75
Large-Language-Models-play-StarCraftII/jev_runs/macro-v2-20260922-veryhard-003,jev_gpt6,7,1,25.17857142857143,10,0,11,1,65
Large-Language-Models-play-StarCraftII/jev_runs/macro-v2-20260922-veryhard-003,jev_gpt6,7,1,30.17857142857143,10,0,11,1,15
Large-Language-Models-play-StarCraftII/jev_runs/macro-v2-20260922-veryhard-003,jev_gpt6,7,1,35.17857142857143,11,0,11,1,55
Large-Language-Models-play-StarCraftII/jev_runs/macro-v2-20260922-veryhard-003,jev_gpt6,7,1,40.17857142857143,11,0,12,1,45
Large-Language-Models-play-StarCraftII/jev_runs/macro-v2-20260922-veryhard-003,jev_gpt6,7,1,45.17857142857143,11,0,12,1,15
Large-Language-Models-play-StarCraftII/jev_runs/macro-v2-20260922-veryhard-003,jev_gpt6,7,1,50.17857142857143,12,0,12,1,50
Large-Language-Models-play-StarCraftII/jev_runs/macro-v2-20260922-veryhard-003,jev_gpt6,7,1,55.17857142857143,12,0,13,1,50
Large-Language-Models-play-StarCraftII/jev_runs/macro-v2-20260922-veryhard-003,jev_gpt6,7,1,60.17857142857143,12,0,13,1,100
Large-Language-Models-play-StarCraftII/jev_runs/macro-v2-20260922-veryhard-003,jev_gpt6,7,1,65.17857142857143,13,0,14,1,100
Large-Language-Models-play-StarCraftII/jev_runs/macro-v2-20260922-veryhard-003,jev_gpt6,7,1,70.17857142857143,13,0,14,1,150
Large-Language-Models-play-StarCraftII/jev_runs/macro-v2-20260922-veryhard-003,jev_gpt6,7,1,75.17857142857143,14,0,15,1,0
Large-Language-Models-play-StarCraftII/jev_runs/macro-v2-20260922-veryhard-003,jev_gpt6,7,1,80.17857142857143,14,0,15,1,55
Large-Language-Models-play-StarCraftII/jev_runs/macro-v2-20260922-veryhard-003,jev_gpt6,7,1,85.17857142857143,15,0,16,1,65
Large-Language-Models-play-StarCraftII/jev_runs/macro-v2-20260922-veryhard-003,jev_gpt6,7,1,90.17857142857143,15,0,16,1,120
Large-Language-Models-play-StarCraftII/jev_runs/macro-v2-20260922-veryhard-003,jev_gpt6,7,1,95.17857142857143,15,0,16,1,180
Large-Language-Models-play-StarCraftII/jev_runs/macro-v2-20260922-veryhard-003,jev_gpt6,7,1,100.17857142857143,16,0,17,1,95
Large-Language-Models-play-StarCraftII/jev_runs/macro-v2-20260922-veryhard-003,jev_gpt6,7,1,105.17857142857143,16,0,17,1,165
Large-Language-Models-play-StarCraftII/jev_runs/macro-v2-20260922-veryhard-003,jev_gpt6,7,1,110.17857142857143,17,0,17,1,230
Large-Language-Models-play-StarCraftII/jev_runs/macro-v2-20260922-veryhard-003,jev_gpt6,7,1,115.17857142857143,17,0,18,1,255
Large-Language-Models-play-StarCraftII/jev_runs/macro-v2-20260922-veryhard-003,jev_gpt6,7,1,120.17857142857143,17,0,18,1,325
Large-Language-Models-play-StarCraftII/jev_runs/macro-v2-20260922-veryhard-003,jev_gpt6,7,1,125.17857142857143,18,2,21,1,100
Large-Language-Models-play-StarCraftII/jev_runs/macro-v2-20260922-veryhard-003,jev_gpt6,7,1,130.17857142857144,18,2,21,1,170
Large-Language-Models-play-StarCraftII/jev_runs/macro-v2-20260922-veryhard-003,jev_gpt6,7,1,135.17857142857144,19,2,22,1,190
Large-Language-Models-play-StarCraftII/jev_runs/macro-v2-20260922-veryhard-003,jev_gpt6,7,1,140.17857142857144,19,2,22,1,265
Large-Language-Models-play-StarCraftII/jev_runs/macro-v2-20260922-veryhard-003,jev_gpt6,7,1,145.17857142857144,20,2,23,1,290
Large-Language-Models-play-StarCraftII/jev_runs/macro-v2-20260922-veryhard-003,jev_gpt6,7,1,150.17857142857144,20,4,25,1,260
Large-Language-Models-play-StarCraftII/jev_runs/macro-v2-20260922-veryhard-003,jev_gpt6,7,1,155.17857142857144,21,4,26,1,170
Large-Language-Models-play-StarCraftII/jev_runs/macro-v2-20260922-veryhard-003,jev_gpt6,7,1,160.17857142857144,21,4,26,1,255
Large-Language-Models-play-StarCraftII/jev_runs/macro-v2-20260922-veryhard-003,jev_gpt6,7,1,165.17857142857144,21,4,26,1,275
Large-Language-Models-play-StarCraftII/jev_runs/macro-v2-20260922-veryhard-003,jev_gpt6,7,1,170.17857142857144,22,4,27,1,305
Large-Language-Models-play-StarCraftII/jev_runs/macro-v2-20260922-veryhard-003,jev_gpt6,7,1,175.17857142857144,22,4,27,1,380
Large-Language-Models-play-StarCraftII/jev_runs/macro-v2-20260922-veryhard-003,jev_gpt6,7,1,180.17857142857144,23,4,28,1,10
Large-Language-Models-play-StarCraftII/jev_runs/macro-v2-20260922-veryhard-003,jev_gpt6,7,1,185.17857142857144,23,4,28,2,80
Large-Language-Models-play-StarCraftII/jev_runs/macro-v2-20260922-veryhard-003,jev_gpt6,7,1,190.17857142857144,23,6,30,2,30
Large-Language-Models-play-StarCraftII/jev_runs/macro-v2-20260922-veryhard-003,jev_gpt6,7,1,195.17857142857144,24,6,31,2,75
Large-Language-Models-play-StarCraftII/jev_runs/macro-v2-20260922-veryhard-003,jev_gpt6,7,1,200.17857142857144,24,6,31,2,150
Large-Language-Models-play-StarCraftII/jev_runs/macro-v2-20260922-veryhard-003,jev_gpt6,7,1,205.17857142857144,25,6,31,2,90
Large-Language-Models-play-StarCraftII/jev_runs/macro-v2-20260922-veryhard-003,jev_gpt6,7,1,210.17857142857144,25,6,32,2,50
Large-Language-Models-play-StarCraftII/jev_runs/macro-v2-20260922-veryhard-003,jev_gpt6,7,1,215.17857142857144,25,6,32,2,30
Large-Language-Models-play-StarCraftII/jev_runs/macro-v2-20260922-veryhard-003,jev_gpt6,7,1,220.17857142857144,26,6,33,2,70
Large-Language-Models-play-StarCraftII/jev_runs/macro-v2-20260922-veryhard-003,jev_gpt6,7,1,225.17857142857144,26,6,33,2,50
Large-Language-Models-play-StarCraftII/jev_runs/macro-v2-20260922-veryhard-003,jev_gpt6,7,1,230.17857142857144,26,8,35,2,35
Large-Language-Models-play-StarCraftII/jev_runs/macro-v2-20260922-veryhard-003,jev_gpt6,7,1,235.17857142857144,27,8,36,2,65
Large-Language-Models-play-StarCraftII/jev_runs/macro-v2-20260922-veryhard-003,jev_gpt6,7,1,240.17857142857144,27,8,36,2,145
Large-Language-Models-play-StarCraftII/jev_runs/macro-v2-20260922-veryhard-003,jev_gpt6,7,1,245.17857142857144,28,8,36,2,80
Large-Language-Models-play-StarCraftII/jev_runs/macro-v2-20260922-veryhard-003,jev_gpt6,7,1,250.17857142857144,28,8,37,2,125
Large-Language-Models-play-StarCraftII/jev_runs/macro-v2-20260922-veryhard-003,jev_gpt6,7,1,255.17857142857144,28,8,37,2,60
Large-Language-Models-play-StarCraftII/jev_runs/macro-v2-20260922-veryhard-003,jev_gpt6,7,1,260.17857142857144,29,8,39,2,35
Large-Language-Models-play-StarCraftII/jev_runs/macro-v2-20260922-veryhard-003,jev_gpt6,7,1,265.17857142857144,29,8,39,2,55
Large-Language-Models-play-StarCraftII/jev_runs/macro-v2-20260922-veryhard-003,jev_gpt6,7,1,270.17857142857144,30,8,40,2,10
Large-Language-Models-play-StarCraftII/jev_runs/macro-v2-20260922-veryhard-003,jev_gpt6,7,1,275.17857142857144,31,8,41,2,60
Large-Language-Models-play-StarCraftII/jev_runs/macro-v2-20260922-veryhard-003,jev_gpt6,7,1,280.17857142857144,31,10,43,2,55
Large-Language-Models-play-StarCraftII/jev_runs/macro-v2-20260922-veryhard-003,jev_gpt6,7,1,285.17857142857144,32,12,46,2,15
Large-Language-Models-play-StarCraftII/jev_runs/macro-v2-20260922-veryhard-003,jev_gpt6,7,1,290.17857142857144,33,13,48,2,50
Large-Language-Models-play-StarCraftII/jev_runs/macro-v2-20260922-veryhard-003,jev_gpt6,7,1,295.17857142857144,34,13,48,2,90
Large-Language-Models-play-StarCraftII/jev_runs/macro-v2-20260922-veryhard-003,jev_gpt6,7,1,300.17857142857144,34,13,49,2,45
Large-Language-Models-play-StarCraftII/jev_runs/macro-v2-20260922-veryhard-003,jev_gpt6,7,1,305.17857142857144,35,13,50,2,105
Large-Language-Models-play-StarCraftII/jev_runs/macro-v2-20260922-veryhard-003,jev_gpt6,7,1,310.17857142857144,35,13,50,2,150
Large-Language-Models-play-StarCraftII/jev_runs/macro-v2-20260922-veryhard-003,jev_gpt6,7,1,315.17857142857144,36,15,52,2,45
Large-Language-Models-play-StarCraftII/jev_runs/macro-v2-20260922-veryhard-003,jev_gpt6,7,1,320.17857142857144,36,15,53,2,130
Large-Language-Models-play-StarCraftII/jev_runs/macro-v2-20260922-veryhard-003,jev_gpt6,7,1,325.17857142857144,37,17,56,2,105
Large-Language-Models-play-StarCraftII/jev_runs/macro-v2-20260922-veryhard-003,jev_gpt6,7,1,330.17857142857144,38,19,59,2,85
Large-Language-Models-play-StarCraftII/jev_runs/macro-v2-20260922-veryhard-003,jev_gpt6,7,1,335.17857142857144,39,19,59,2,210
Large-Language-Models-play-StarCraftII/jev_runs/macro-v2-20260922-veryhard-003,jev_gpt6,7,1,340.17857142857144,39,23,64,2,55
Large-Language-Models-play-StarCraftII/jev_runs/macro-v2-20260922-veryhard-003,jev_gpt6,7,1,345.17857142857144,40,23,65,2,55
Large-Language-Models-play-StarCraftII/jev_runs/macro-v2-20260922-veryhard-003,jev_gpt6,7,1,350.17857142857144,40,25,67,2,65
Large-Language-Models-play-StarCraftII/jev_runs/macro-v2-20260922-veryhard-003,jev_gpt6,7,1,355.17857142857144,42,25,68,2,60
Large-Language-Models-play-StarCraftII/jev_runs/macro-v2-20260922-veryhard-003,jev_gpt6,7,1,360.17857142857144,42,27,71,2,20
Large-Language-Models-play-StarCraftII/jev_runs/macro-v2-20260922-veryhard-003,jev_gpt6,7,1,365.17857142857144,43,29,73,2,70
Large-Language-Models-play-StarCraftII/jev_runs/macro-v2-20260922-veryhard-003,jev_gpt6,7,1,370.17857142857144,44,29,73,2,70
Large-Language-Models-play-StarCraftII/jev_runs/macro-v2-20260922-veryhard-003,jev_gpt6,7,1,375.17857142857144,44,31,75,2,115
Large-Language-Models-play-StarCraftII/jev_runs/macro-v2-20260922-veryhard-003,jev_gpt6,7,1,380.17857142857144,44,31,75,2,265
Large-Language-Models-play-StarCraftII/jev_runs/macro-v2-20260922-veryhard-003,jev_gpt6,7,1,385.17857142857144,44,35,79,2,75
Large-Language-Models-play-StarCraftII/jev_runs/macro-v2-20260922-veryhard-003,jev_gpt6,7,1,390.17857142857144,44,37,81,2,130
Large-Language-Models-play-StarCraftII/jev_runs/macro-v2-20260922-veryhard-003,jev_gpt6,7,1,395.17857142857144,44,39,83,2,135
Large-Language-Models-play-StarCraftII/jev_runs/macro-v2-20260922-veryhard-003,jev_gpt6,7,1,400.17857142857144,44,41,85,2,65
Large-Language-Models-play-StarCraftII/jev_runs/macro-v2-20260922-veryhard-003,jev_gpt6,7,1,405.17857142857144,44,41,85,2,55
Large-Language-Models-play-StarCraftII/jev_runs/macro-v2-20260922-veryhard-003,jev_gpt6,7,1,410.17857142857144,44,41,85,2,200
Large-Language-Models-play-StarCraftII/jev_runs/macro-v2-20260922-veryhard-003,jev_gpt6,7,1,415.17857142857144,44,45,89,2,100
Large-Language-Models-play-StarCraftII/jev_runs/macro-v2-20260922-veryhard-003,jev_gpt6,7,1,420.17857142857144,44,45,89,2,120
Large-Language-Models-play-StarCraftII/jev_runs/macro-v2-20260922-veryhard-003,jev_gpt6,7,1,425.17857142857144,44,45,89,2,275
Large-Language-Models-play-StarCraftII/jev_runs/macro-v2-20260922-veryhard-003,jev_gpt6,7,1,430.17857142857144,44,51,95,2,65
Large-Language-Models-play-StarCraftII/jev_runs/macro-v2-20260922-veryhard-003,jev_gpt6,7,1,435.17857142857144,44,53,97,2,100
Large-Language-Models-play-StarCraftII/jev_runs/macro-v2-20260922-veryhard-003,jev_gpt6,7,1,440.17857142857144,44,53,97,2,160
Large-Language-Models-play-StarCraftII/jev_runs/macro-v2-20260922-veryhard-003,jev_gpt6,7,1,445.17857142857144,44,55,99,2,70
Large-Language-Models-play-StarCraftII/jev_runs/macro-v2-20260922-veryhard-003,jev_gpt6,7,1,450.17857142857144,44,57,101,2,90
Large-Language-Models-play-StarCraftII/jev_runs/macro-v2-20260922-veryhard-003,jev_gpt6,7,1,455.17857142857144,44,57,101,2,250
Large-Language-Models-play-StarCraftII/jev_runs/macro-v2-20260922-veryhard-003,jev_gpt6,7,1,460.17857142857144,44,57,101,2,405
Large-Language-Models-play-StarCraftII/jev_runs/macro-v2-20260922-veryhard-003,jev_gpt6,7,1,465.17857142857144,44,57,103,2,40
Large-Language-Models-play-StarCraftII/jev_runs/macro-v2-20260922-veryhard-003,jev_gpt6,7,1,470.17857142857144,44,59,105,2,90
Large-Language-Models-play-StarCraftII/jev_runs/macro-v2-20260922-veryhard-003,jev_gpt6,7,1,475.17857142857144,46,59,107,3,35
Large-Language-Models-play-StarCraftII/jev_runs/macro-v2-20260922-veryhard-003,jev_gpt6,7,1,480.17857142857144,46,61,109,3,85
Large-Language-Models-play-StarCraftII/jev_runs/macro-v2-20260922-veryhard-003,jev_gpt6,7,1,485.17857142857144,48,63,112,3,80
Large-Language-Models-play-StarCraftII/jev_runs/macro-v2-20260922-veryhard-003,jev_gpt6,7,1,490.17857142857144,48,63,113,3,90
Large-Language-Models-play-StarCraftII/jev_runs/macro-v2-20260922-veryhard-003,jev_gpt6,7,1,495.17857142857144,50,51,102,3,70
Large-Language-Models-play-StarCraftII/jev_runs/macro-v2-20260922-veryhard-003,jev_gpt6,7,1,500.17857142857144,50,47,99,3,70
Large-Language-Models-play-StarCraftII/jev_runs/macro-v2-20260922-veryhard-003,jev_gpt6,7,1,505.17857142857144,52,41,94,3,65
Large-Language-Models-play-StarCraftII/jev_runs/macro-v2-20260922-veryhard-003,jev_gpt6,7,1,510.17857142857144,52,41,95,3,85
Large-Language-Models-play-StarCraftII/jev_runs/macro-v2-20260922-veryhard-003,jev_gpt6,7,1,515.1785714285714,54,41,95,3,100
Large-Language-Models-play-StarCraftII/jev_runs/macro-v2-20260922-veryhard-003,jev_gpt6,7,1,520.1785714285714,54,43,99,3,75
Large-Language-Models-play-StarCraftII/jev_runs/macro-v2-20260922-veryhard-003,jev_gpt6,7,1,525.1785714285714,56,37,94,3,85
Large-Language-Models-play-StarCraftII/jev_runs/macro-v2-20260922-veryhard-003,jev_gpt6,7,1,530.1785714285714,56,33,91,3,110
Large-Language-Models-play-StarCraftII/jev_runs/macro-v2-20260922-veryhard-003,jev_gpt6,7,1,535.1785714285714,58,29,88,3,135
Large-Language-Models-play-StarCraftII/jev_runs/macro-v2-20260922-veryhard-003,jev_gpt6,7,1,540.1785714285714,58,29,89,3,250
Large-Language-Models-play-StarCraftII/jev_runs/macro-v2-20260922-veryhard-003,jev_gpt6,7,1,545.1785714285714,59,31,91,3,160
Large-Language-Models-play-StarCraftII/jev_runs/macro-v2-20260922-veryhard-003,jev_gpt6,7,1,550.1785714285714,60,31,91,3,95
Large-Language-Models-play-StarCraftII/jev_runs/macro-v2-20260922-veryhard-003,jev_gpt6,7,1,555.1785714285714,60,31,91,3,165
Large-Language-Models-play-StarCraftII/jev_runs/macro-v2-20260922-veryhard-003,jev_gpt6,7,1,560.1785714285714,60,33,93,3,245
Large-Language-Models-play-StarCraftII/jev_runs/macro-v2-20260922-veryhard-003,jev_gpt6,7,1,565.1785714285714,60,31,91,3,270
Large-Language-Models-play-StarCraftII/jev_runs/macro-v2-20260922-veryhard-003,jev_gpt6,7,1,570.1785714285714,60,33,93,3,370
Large-Language-Models-play-StarCraftII/jev_runs/macro-v2-20260922-veryhard-003,jev_gpt6,7,1,575.1785714285714,60,39,99,3,225
Large-Language-Models-play-StarCraftII/jev_runs/macro-v2-20260922-veryhard-003,jev_gpt6,7,1,580.1785714285714,60,41,101,3,315
Large-Language-Models-play-StarCraftII/jev_runs/macro-v2-20260922-veryhard-003,jev_gpt6,7,1,585.1785714285714,60,45,105,3,305
Large-Language-Models-play-StarCraftII/jev_runs/macro-v2-20260922-veryhard-003,jev_gpt6,7,1,590.1785714285714,60,45,105,3,530
Large-Language-Models-play-StarCraftII/jev_runs/macro-v2-20260922-veryhard-003,jev_gpt6,7,1,595.1785714285714,60,49,109,3,95
Large-Language-Models-play-StarCraftII/jev_runs/macro-v2-20260922-veryhard-003,jev_gpt6,7,1,600.1785714285714,60,51,111,3,175
Large-Language-Models-play-StarCraftII/jev_runs/macro-v2-20260922-veryhard-003,jev_gpt6,7,1,605.1785714285714,60,53,113,3,270
Large-Language-Models-play-StarCraftII/jev_runs/macro-v2-20260922-veryhard-003,jev_gpt6,7,1,610.1785714285714,60,53,113,3,505
Large-Language-Models-play-StarCraftII/jev_runs/macro-v2-20260922-veryhard-003,jev_gpt6,7,1,615.1785714285714,60,51,111,3,725
Large-Language-Models-play-StarCraftII/jev_runs/macro-v2-20260922-veryhard-003,jev_gpt6,7,1,620.1785714285714,60,59,119,3,500
Large-Language-Models-play-StarCraftII/jev_runs/macro-v2-20260922-veryhard-003,jev_gpt6,7,1,625.1785714285714,60,65,125,3,370
Large-Language-Models-play-StarCraftII/jev_runs/macro-v2-20260922-veryhard-003,jev_gpt6,7,1,630.1785714285714,60,65,125,3,480
Large-Language-Models-play-StarCraftII/jev_runs/macro-v2-20260922-veryhard-003,jev_gpt6,7,1,635.1785714285714,60,67,127,3,660
Large-Language-Models-play-StarCraftII/jev_runs/macro-v2-20260922-veryhard-003,jev_gpt6,7,1,640.1785714285714,60,69,129,3,710
Large-Language-Models-play-StarCraftII/jev_runs/macro-v2-20260922-veryhard-003,jev_gpt6,7,1,645.1785714285714,60,77,137,3,480
Large-Language-Models-play-StarCraftII/jev_runs/macro-v2-20260922-veryhard-003,jev_gpt6,7,1,650.1785714285714,60,79,140,3,135
Large-Language-Models-play-StarCraftII/jev_runs/macro-v2-20260922-veryhard-003,jev_gpt6,7,1,655.1785714285714,60,81,144,3,95
Large-Language-Models-play-StarCraftII/jev_runs/macro-v2-20260922-veryhard-003,jev_gpt6,7,1,660.1785714285714,60,81,144,4,145
Large-Language-Models-play-StarCraftII/jev_runs/macro-v2-20260922-veryhard-003,jev_gpt6,7,1,665.1785714285714,63,81,147,4,190
Large-Language-Models-play-StarCraftII/jev_runs/macro-v2-20260922-veryhard-003,jev_gpt6,7,1,670.1785714285714,63,87,153,4,125
Large-Language-Models-play-StarCraftII/jev_runs/macro-v2-20260922-veryhard-003,jev_gpt6,7,1,675.1785714285714,66,87,155,4,105
Large-Language-Models-play-StarCraftII/jev_runs/macro-v2-20260922-veryhard-003,jev_gpt6,7,1,680.1785714285714,66,83,152,4,125
Large-Language-Models-play-StarCraftII/jev_runs/macro-v2-20260922-veryhard-003,jev_gpt6,7,1,685.1785714285714,69,79,149,4,215
Large-Language-Models-play-StarCraftII/jev_runs/macro-v2-20260922-veryhard-003,jev_gpt6,7,1,690.1785714285714,69,85,155,4,80
Large-Language-Models-play-StarCraftII/jev_runs/macro-v2-20260922-veryhard-003,jev_gpt6,7,1,695.1785714285714,70,85,155,4,215
Large-Language-Models-play-StarCraftII/jev_runs/macro-v2-20260922-veryhard-003,jev_gpt6,7,1,700.1785714285714,70,85,155,4,425
Large-Language-Models-play-StarCraftII/jev_runs/macro-v2-20260922-veryhard-003,jev_gpt6,7,1,705.1785714285714,70,89,159,4,355
Large-Language-Models-play-StarCraftII/jev_runs/macro-v2-20260922-veryhard-003,jev_gpt6,7,1,710.1785714285714,70,97,167,4,120
Large-Language-Models-play-StarCraftII/jev_runs/macro-v2-20260922-veryhard-003,jev_gpt6,7,1,715.1785714285714,70,99,169,4,55
Large-Language-Models-play-StarCraftII/jev_runs/macro-v2-20260922-veryhard-003,jev_gpt6,7,1,720.1785714285714,70,101,171,4,185
Large-Language-Models-play-StarCraftII/jev_runs/macro-v2-20260922-veryhard-003,jev_gpt6,7,1,725.1785714285714,70,101,171,4,385
Large-Language-Models-play-StarCraftII/jev_runs/macro-v2-20260922-veryhard-003,jev_gpt6,7,1,730.1785714285714,70,109,179,4,70
Large-Language-Models-play-StarCraftII/jev_runs/macro-v2-20260922-veryhard-003,jev_gpt6,7,1,735.1785714285714,70,111,181,4,135
Large-Language-Models-play-StarCraftII/jev_runs/macro-v2-20260922-veryhard-003,jev_gpt6,7,1,740.1785714285714,70,115,185,4,25
Large-Language-Models-play-StarCraftII/jev_runs/macro-v2-20260922-veryhard-003,jev_gpt6,7,1,745.1785714285714,70,117,187,4,130
Large-Language-Models-play-StarCraftII/jev_runs/macro-v2-20260922-veryhard-003,jev_gpt6,7,1,750.1785714285714,70,121,191,4,65
Large-Language-Models-play-StarCraftII/jev_runs/macro-v2-20260922-veryhard-003,jev_gpt6,7,1,755.1785714285714,70,125,195,4,80
Large-Language-Models-play-StarCraftII/jev_runs/macro-v2-20260922-veryhard-003,jev_gpt6,7,1,760.1785714285714,70,129,199,4,90
Large-Language-Models-play-StarCraftII/jev_runs/macro-v2-20260922-veryhard-003,jev_gpt6,7,1,765.1785714285714,70,129,199,4,355
Large-Language-Models-play-StarCraftII/jev_runs/macro-v2-20260922-veryhard-004,jev_gpt6,7,2,0.17857142857142858,8,0,8,1,50
Large-Language-Models-play-StarCraftII/jev_runs/macro-v2-20260922-veryhard-004,jev_gpt6,7,2,5.178571428571429,8,0,9,1,5
Large-Language-Models-play-StarCraftII/jev_runs/macro-v2-20260922-veryhard-004,jev_gpt6,7,2,10.178571428571429,8,0,9,1,45
Large-Language-Models-play-StarCraftII/jev_runs/macro-v2-20260922-veryhard-004,jev_gpt6,7,2,15.178571428571429,9,0,10,1,35
Large-Language-Models-play-StarCraftII/jev_runs/macro-v2-20260922-veryhard-004,jev_gpt6,7,2,20.17857142857143,10,0,10,1,80
Large-Language-Models-play-StarCraftII/jev_runs/macro-v2-20260922-veryhard-004,jev_gpt6,7,2,25.17857142857143,10,0,11,1,75
Large-Language-Models-play-StarCraftII/jev_runs/macro-v2-20260922-veryhard-004,jev_gpt6,7,2,30.17857142857143,11,0,11,1,45
Large-Language-Models-play-StarCraftII/jev_runs/macro-v2-20260922-veryhard-004,jev_gpt6,7,2,35.17857142857143,11,0,12,1,45
Large-Language-Models-play-StarCraftII/jev_runs/macro-v2-20260922-veryhard-004,jev_gpt6,7,2,40.17857142857143,11,0,12,1,95
Large-Language-Models-play-StarCraftII/jev_runs/macro-v2-20260922-veryhard-004,jev_gpt6,7,2,45.17857142857143,12,0,12,1,35
Large-Language-Models-play-StarCraftII/jev_runs/macro-v2-20260922-veryhard-004,jev_gpt6,7,2,50.17857142857143,12,0,13,1,35
Large-Language-Models-play-StarCraftII/jev_runs/macro-v2-20260922-veryhard-004,jev_gpt6,7,2,55.17857142857143,12,0,13,1,90
Large-Language-Models-play-StarCraftII/jev_runs/macro-v2-20260922-veryhard-004,jev_gpt6,7,2,60.17857142857143,13,0,13,1,140
Large-Language-Models-play-StarCraftII/jev_runs/macro-v2-20260922-veryhard-004,jev_gpt6,7,2,65.17857142857143,13,0,14,1,135
Large-Language-Models-play-StarCraftII/jev_runs/macro-v2-20260922-veryhard-004,jev_gpt6,7,2,70.17857142857143,13,0,14,1,35
Large-Language-Models-play-StarCraftII/jev_runs/macro-v2-20260922-veryhard-004,jev_gpt6,7,2,75.17857142857143,14,0,15,1,35
Large-Language-Models-play-StarCraftII/jev_runs/macro-v2-20260922-veryhard-004,jev_gpt6,7,2,80.17857142857143,15,0,15,1,95
Large-Language-Models-play-StarCraftII/jev_runs/macro-v2-20260922-veryhard-004,jev_gpt6,7,2,85.17857142857143,15,0,16,1,105
Large-Language-Models-play-StarCraftII/jev_runs/macro-v2-20260922-veryhard-004,jev_gpt6,7,2,90.17857142857143,15,0,16,1,150
Large-Language-Models-play-StarCraftII/jev_runs/macro-v2-20260922-veryhard-004,jev_gpt6,7,2,95.17857142857143,16,0,17,1,65
Large-Language-Models-play-StarCraftII/jev_runs/macro-v2-20260922-veryhard-004,jev_gpt6,7,2,100.17857142857143,16,0,17,1,125
Large-Language-Models-play-StarCraftII/jev_runs/macro-v2-20260922-veryhard-004,jev_gpt6,7,2,105.17857142857143,17,0,17,1,190
Large-Language-Models-play-StarCraftII/jev_runs/macro-v2-20260922-veryhard-004,jev_gpt6,7,2,110.17857142857143,17,0,18,1,205
Large-Language-Models-play-StarCraftII/jev_runs/macro-v2-20260922-veryhard-004,jev_gpt6,7,2,115.17857142857143,17,0,18,1,275
Large-Language-Models-play-StarCraftII/jev_runs/macro-v2-20260922-veryhard-004,jev_gpt6,7,2,120.17857142857143,18,2,21,1,40
Large-Language-Models-play-StarCraftII/jev_runs/macro-v2-20260922-veryhard-004,jev_gpt6,7,2,125.17857142857143,18,2,21,1,115
Large-Language-Models-play-StarCraftII/jev_runs/macro-v2-20260922-veryhard-004,jev_gpt6,7,2,130.17857142857144,18,2,21,1,30
Large-Language-Models-play-StarCraftII/jev_runs/macro-v2-20260922-veryhard-004,jev_gpt6,7,2,135.17857142857144,19,2,21,1,85
Large-Language-Models-play-StarCraftII/jev_runs/macro-v2-20260922-veryhard-004,jev_gpt6,7,2,140.17857142857144,19,2,22,1,100
Large-Language-Models-play-StarCraftII/jev_runs/macro-v2-20260922-veryhard-004,jev_gpt6,7,2,145.17857142857144,19,2,22,1,100
Large-Language-Models-play-StarCraftII/jev_runs/macro-v2-20260922-veryhard-004,jev_gpt6,7,2,150.17857142857144,20,2,22,1,180
Large-Language-Models-play-StarCraftII/jev_runs/macro-v2-20260922-veryhard-004,jev_gpt6,7,2,155.17857142857144,20,2,22,1,255
Large-Language-Models-play-StarCraftII/jev_runs/macro-v2-20260922-veryhard-004,jev_gpt6,7,2,160.17857142857144,20,2,22,1,330
Large-Language-Models-play-StarCraftII/jev_runs/macro-v2-20260922-veryhard-004,jev_gpt6,7,2,165.17857142857144,20,2,22,1,400
Large-Language-Models-play-StarCraftII/jev_runs/macro-v2-20260922-veryhard-004,jev_gpt6,7,2,170.17857142857144,20,2,23,1,30
Large-Language-Models-play-StarCraftII/jev_runs/macro-v2-20260922-veryhard-004,jev_gpt6,7,2,175.17857142857144,20,2,23,2,55
Large-Language-Models-play-StarCraftII/jev_runs/macro-v2-20260922-veryhard-004,jev_gpt6,7,2,180.17857142857144,20,4,25,2,30
Large-Language-Models-play-StarCraftII/jev_runs/macro-v2-20260922-veryhard-004,jev_gpt6,7,2,185.17857142857144,21,4,26,2,50
Large-Language-Models-play-StarCraftII/jev_runs/macro-v2-20260922-veryhard-004,jev_gpt6,7,2,190.17857142857144,21,6,28,2,15
Large-Language-Models-play-StarCraftII/jev_runs/macro-v2-20260922-veryhard-004,jev_gpt6,7,2,195.17857142857144,22,6,28,2,90
Large-Language-Models-play-StarCraftII/jev_runs/macro-v2-20260922-veryhard-004,jev_gpt6,7,2,200.17857142857144,22,6,29,2,110
Large-Language-Models-play-StarCraftII/jev_runs/macro-v2-20260922-veryhard-004,jev_gpt6,7,2,205.17857142857144,22,6,29,2,80
Large-Language-Models-play-StarCraftII/jev_runs/macro-v2-20260922-veryhard-004,jev_gpt6,7,2,210.17857142857144,23,6,29,2,140
Large-Language-Models-play-StarCraftII/jev_runs/macro-v2-20260922-veryhard-004,jev_gpt6,7,2,215.17857142857144,23,6,29,2,60
Large-Language-Models-play-StarCraftII/jev_runs/macro-v2-20260922-veryhard-004,jev_gpt6,7,2,220.17857142857144,23,6,29,2,135
Large-Language-Models-play-StarCraftII/jev_runs/macro-v2-20260922-veryhard-004,jev_gpt6,7,2,225.17857142857144,23,6,30,2,55
Large-Language-Models-play-StarCraftII/jev_runs/macro-v2-20260922-veryhard-004,jev_gpt6,7,2,230.17857142857144,23,8,32,2,25
Large-Language-Models-play-StarCraftII/jev_runs/macro-v2-20260922-veryhard-004,jev_gpt6,7,2,235.17857142857144,24,8,33,2,50
Large-Language-Models-play-StarCraftII/jev_runs/macro-v2-20260922-veryhard-004,jev_gpt6,7,2,240.17857142857144,24,8,33,2,120
Large-Language-Models-play-StarCraftII/jev_runs/macro-v2-20260922-veryhard-004,jev_gpt6,7,2,245.17857142857144,24,10,36,2,50
Large-Language-Models-play-StarCraftII/jev_runs/macro-v2-20260922-veryhard-004,jev_gpt6,7,2,250.17857142857144,25,10,37,2,55
Large-Language-Models-play-StarCraftII/jev_runs/macro-v2-20260922-veryhard-004,jev_gpt6,7,2,255.17857142857144,25,10,37,2,130
Large-Language-Models-play-StarCraftII/jev_runs/macro-v2-20260922-veryhard-004,jev_gpt6,7,2,260.17857142857144,27,10,39,2,105
Large-Language-Models-play-StarCraftII/jev_runs/macro-v2-20260922-veryhard-004,jev_gpt6,7,2,265.17857142857144,27,11,40,2,140
Large-Language-Models-play-StarCraftII/jev_runs/macro-v2-20260922-veryhard-004,jev_gpt6,7,2,270.17857142857144,28,11,40,2,85
Large-Language-Models-play-StarCraftII/jev_runs/macro-v2-20260922-veryhard-004,jev_gpt6,7,2,275.17857142857144,29,11,42,2,50
Large-Language-Models-play-StarCraftII/jev_runs/macro-v2-20260922-veryhard-004,jev_gpt6,7,2,280.17857142857144,29,13,44,2,35
Large-Language-Models-play-StarCraftII/jev_runs/macro-v2-20260922-veryhard-004,jev_gpt6,7,2,285.17857142857144,31,13,45,2,85
Large-Language-Models-play-StarCraftII/jev_runs/macro-v2-20260922-veryhard-004,jev_gpt6,7,2,290.17857142857144,31,15,48,2,45
Large-Language-Models-play-StarCraftII/jev_runs/macro-v2-20260922-veryhard-004,jev_gpt6,7,2,295.17857142857144,31,15,48,2,40
Large-Language-Models-play-StarCraftII/jev_runs/macro-v2-20260922-veryhard-004,jev_gpt6,7,2,300.17857142857144,33,15,50,2,60
Large-Language-Models-play-StarCraftII/jev_runs/macro-v2-20260922-veryhard-004,jev_gpt6,7,2,305.17857142857144,33,17,52,2,80
Large-Language-Models-play-StarCraftII/jev_runs/macro-v2-20260922-veryhard-004,jev_gpt6,7,2,310.17857142857144,34,17,53,2,45
Large-Language-Models-play-StarCraftII/jev_runs/macro-v2-20260922-veryhard-004,jev_gpt6,7,2,315.17857142857144,36,17,54,2,110
Large-Language-Models-play-StarCraftII/jev_runs/macro-v2-20260922-veryhard-004,jev_gpt6,7,2,320.17857142857144,37,17,55,2,60
Large-Language-Models-play-StarCraftII/jev_runs/macro-v2-20260922-veryhard-004,jev_gpt6,7,2,325.17857142857144,38,19,57,2,95
Large-Language-Models-play-StarCraftII/jev_runs/macro-v2-20260922-veryhard-004,jev_gpt6,7,2,330.17857142857144,38,21,59,2,125
Large-Language-Models-play-StarCraftII/jev_runs/macro-v2-20260922-veryhard-004,jev_gpt6,7,2,335.17857142857144,38,23,61,2,70
Large-Language-Models-play-StarCraftII/jev_runs/macro-v2-20260922-veryhard-004,jev_gpt6,7,2,340.17857142857144,38,23,61,2,60
Large-Language-Models-play-StarCraftII/jev_runs/macro-v2-20260922-veryhard-004,jev_gpt6,7,2,345.17857142857144,38,23,61,2,215
Large-Language-Models-play-StarCraftII/jev_runs/macro-v2-20260922-veryhard-004,jev_gpt6,7,2,350.17857142857144,38,27,65,2,110
Large-Language-Models-play-StarCraftII/jev_runs/macro-v2-20260922-veryhard-004,jev_gpt6,7,2,355.17857142857144,38,31,69,2,60
Large-Language-Models-play-StarCraftII/jev_runs/macro-v2-20260922-veryhard-004,jev_gpt6,7,2,360.17857142857144,38,31,69,2,110
Large-Language-Models-play-StarCraftII/jev_runs/macro-v2-20260922-veryhard-004,jev_gpt6,7,2,365.17857142857144,37,33,71,2,100
Large-Language-Models-play-StarCraftII/jev_runs/macro-v2-20260922-veryhard-004,jev_gpt6,7,2,370.17857142857144,37,33,71,2,230
Large-Language-Models-play-StarCraftII/jev_runs/macro-v2-20260922-veryhard-004,jev_gpt6,7,2,375.17857142857144,37,35,73,2,145
Large-Language-Models-play-StarCraftII/jev_runs/macro-v2-20260922-veryhard-004,jev_gpt6,7,2,380.17857142857144,38,37,75,2,170
Large-Language-Models-play-StarCraftII/jev_runs/macro-v2-20260922-veryhard-004,jev_gpt6,7,2,385.17857142857144,38,37,75,2,305
Large-Language-Models-play-StarCraftII/jev_runs/macro-v2-20260922-veryhard-004,jev_gpt6,7,2,390.17857142857144,38,37,75,2,335
Large-Language-Models-play-StarCraftII/jev_runs/macro-v2-20260922-veryhard-004,jev_gpt6,7,2,395.17857142857144,38,37,75,2,80
Large-Language-Models-play-StarCraftII/jev_runs/macro-v2-20260922-veryhard-004,jev_gpt6,7,2,400.17857142857144,38,39,79,2,30
Large-Language-Models-play-StarCraftII/jev_runs/macro-v2-20260922-veryhard-004,jev_gpt6,7,2,405.17857142857144,38,41,81,2,65
Large-Language-Models-play-StarCraftII/jev_runs/macro-v2-20260922-veryhard-004,jev_gpt6,7,2,410.17857142857144,40,41,82,3,60
Large-Language-Models-play-StarCraftII/jev_runs/macro-v2-20260922-veryhard-004,jev_gpt6,7,2,415.17857142857144,40,43,85,3,60
Large-Language-Models-play-StarCraftII/jev_runs/macro-v2-20260922-veryhard-004,jev_gpt6,7,2,420.17857142857144,40,45,87,3,65
Large-Language-Models-play-StarCraftII/jev_runs/macro-v2-20260922-veryhard-004,jev_gpt6,7,2,425.17857142857144,42,45,89,3,125
Large-Language-Models-play-StarCraftII/jev_runs/macro-v2-20260922-veryhard-004,jev_gpt6,7,2,430.17857142857144,42,47,91,3,70
Large-Language-Models-play-StarCraftII/jev_runs/macro-v2-20260922-veryhard-004,jev_gpt6,7,2,435.17857142857144,43,49,94,3,75
Large-Language-Models-play-StarCraftII/jev_runs/macro-v2-20260922-veryhard-004,jev_gpt6,7,2,440.17857142857144,44,51,97,3,85
Large-Language-Models-play-StarCraftII/jev_runs/macro-v2-20260922-veryhard-004,jev_gpt6,7,2,445.17857142857144,44,51,97,3,135
Large-Language-Models-play-StarCraftII/jev_runs/macro-v2-20260922-veryhard-004,jev_gpt6,7,2,450.17857142857144,46,53,99,3,175
Large-Language-Models-play-StarCraftII/jev_runs/macro-v2-20260922-veryhard-004,jev_gpt6,7,2,455.17857142857144,46,57,104,3,40
Large-Language-Models-play-StarCraftII/jev_runs/macro-v2-20260922-veryhard-004,jev_gpt6,7,2,460.17857142857144,46,57,105,3,55
Large-Language-Models-play-StarCraftII/jev_runs/macro-v2-20260922-veryhard-004,jev_gpt6,7,2,465.17857142857144,46,59,107,3,95
Large-Language-Models-play-StarCraftII/jev_runs/macro-v2-20260922-veryhard-004,jev_gpt6,7,2,470.17857142857144,48,55,104,3,90
Large-Language-Models-play-StarCraftII/jev_runs/macro-v2-20260922-veryhard-004,jev_gpt6,7,2,475.17857142857144,48,45,95,3,55
Large-Language-Models-play-StarCraftII/jev_runs/macro-v2-20260922-veryhard-004,jev_gpt6,7,2,480.17857142857144,49,39,90,3,75
Large-Language-Models-play-StarCraftII/jev_runs/macro-v2-20260922-veryhard-004,jev_gpt6,7,2,485.17857142857144,50,33,86,3,130
Large-Language-Models-play-StarCraftII/jev_runs/macro-v2-20260922-veryhard-004,jev_gpt6,7,2,490.17857142857144,51,31,85,3,95
Large-Language-Models-play-StarCraftII/jev_runs/macro-v2-20260922-veryhard-004,jev_gpt6,7,2,495.17857142857144,53,31,85,3,120
Large-Language-Models-play-StarCraftII/jev_runs/macro-v2-20260922-veryhard-004,jev_gpt6,7,2,500.17857142857144,54,35,89,3,50
Large-Language-Models-play-StarCraftII/jev_runs/macro-v2-20260922-veryhard-004,jev_gpt6,7,2,505.17857142857144,54,37,91,3,145
Large-Language-Models-play-StarCraftII/jev_runs/macro-v2-20260922-veryhard-004,jev_gpt6,7,2,510.17857142857144,54,37,91,3,115
Large-Language-Models-play-StarCraftII/jev_runs/macro-v2-20260922-veryhard-004,jev_gpt6,7,2,515.1785714285714,54,37,91,3,105
Large-Language-Models-play-StarCraftII/jev_runs/macro-v2-20260922-veryhard-004,jev_gpt6,7,2,520.1785714285714,54,35,89,3,175
Large-Language-Models-play-StarCraftII/jev_runs/macro-v2-20260922-veryhard-004,jev_gpt6,7,2,525.1785714285714,54,37,91,3,280
Large-Language-Models-play-StarCraftII/jev_runs/macro-v2-20260922-veryhard-004,jev_gpt6,7,2,530.1785714285714,54,39,93,3,380
Large-Language-Models-play-StarCraftII/jev_runs/macro-v2-20260922-veryhard-004,jev_gpt6,7,2,535.1785714285714,54,39,93,3,515
Large-Language-Models-play-StarCraftII/jev_runs/macro-v2-20260922-veryhard-004,jev_gpt6,7,2,540.1785714285714,54,41,96,3,505
Large-Language-Models-play-StarCraftII/jev_runs/macro-v2-20260922-veryhard-004,jev_gpt6,7,2,545.1785714285714,54,41,98,3,620
Large-Language-Models-play-StarCraftII/jev_runs/macro-v2-20260922-veryhard-004,jev_gpt6,7,2,550.1785714285714,54,47,104,3,470
Large-Language-Models-play-StarCraftII/jev_runs/macro-v2-20260922-veryhard-004,jev_gpt6,7,2,555.1785714285714,57,47,104,3,695
Large-Language-Models-play-StarCraftII/jev_runs/macro-v2-20260922-veryhard-004,jev_gpt6,7,2,560.1785714285714,57,51,111,3,565
Large-Language-Models-play-StarCraftII/jev_runs/macro-v2-20260922-veryhard-004,jev_gpt6,7,2,565.1785714285714,57,53,113,3,555
Large-Language-Models-play-StarCraftII/jev_runs/macro-v2-20260922-veryhard-004,jev_gpt6,7,2,570.1785714285714,58,55,115,3,500
Large-Language-Models-play-StarCraftII/jev_runs/macro-v2-20260922-veryhard-004,jev_gpt6,7,2,575.1785714285714,60,53,113,3,605
Large-Language-Models-play-StarCraftII/jev_runs/macro-v2-20260922-veryhard-004,jev_gpt6,7,2,580.1785714285714,60,57,117,3,625
Large-Language-Models-play-StarCraftII/jev_runs/macro-v2-20260922-veryhard-004,jev_gpt6,7,2,585.1785714285714,60,57,117,3,840
Large-Language-Models-play-StarCraftII/jev_runs/macro-v2-20260922-veryhard-004,jev_gpt6,7,2,590.1785714285714,60,61,121,3,710
Large-Language-Models-play-StarCraftII/jev_runs/macro-v2-20260922-veryhard-004,jev_gpt6,7,2,595.1785714285714,60,65,125,3,620
Large-Language-Models-play-StarCraftII/jev_runs/macro-v2-20260922-veryhard-004,jev_gpt6,7,2,600.1785714285714,60,65,126,3,570
Large-Language-Models-play-StarCraftII/jev_runs/macro-v2-20260922-veryhard-004,jev_gpt6,7,2,605.1785714285714,60,69,132,3,365
Large-Language-Models-play-StarCraftII/jev_runs/macro-v2-20260922-veryhard-004,jev_gpt6,7,2,610.1785714285714,60,71,134,3,365
Large-Language-Models-play-StarCraftII/jev_runs/macro-v2-20260922-veryhard-004,jev_gpt6,7,2,615.1785714285714,62,71,135,3,510
Large-Language-Models-play-StarCraftII/jev_runs/macro-v2-20260922-veryhard-004,jev_gpt6,7,2,620.1785714285714,63,77,141,3,205
Large-Language-Models-play-StarCraftII/jev_runs/macro-v2-20260922-veryhard-004,jev_gpt6,7,2,625.1785714285714,63,77,141,3,240
Large-Language-Models-play-StarCraftII/jev_runs/macro-v2-20260922-veryhard-004,jev_gpt6,7,2,630.1785714285714,64,77,141,3,425
Large-Language-Models-play-StarCraftII/jev_runs/macro-v2-20260922-veryhard-004,jev_gpt6,7,2,635.1785714285714,64,77,144,3,85
Large-Language-Models-play-StarCraftII/jev_runs/macro-v2-20260922-veryhard-004,jev_gpt6,7,2,640.1785714285714,64,81,148,4,100
Large-Language-Models-play-StarCraftII/jev_runs/macro-v2-20260922-veryhard-004,jev_gpt6,7,2,645.1785714285714,66,85,152,4,65
Large-Language-Models-play-StarCraftII/jev_runs/macro-v2-20260922-veryhard-004,jev_gpt6,7,2,650.1785714285714,67,87,155,4,120
Large-Language-Models-play-StarCraftII/jev_runs/macro-v2-20260922-veryhard-004,jev_gpt6,7,2,655.1785714285714,67,89,157,4,125
Large-Language-Models-play-StarCraftII/jev_runs/macro-v2-20260922-veryhard-004,jev_gpt6,7,2,660.1785714285714,68,89,157,4,100
Large-Language-Models-play-StarCraftII/jev_runs/macro-v2-20260922-veryhard-004,jev_gpt6,7,2,665.1785714285714,68,93,161,4,105
Large-Language-Models-play-StarCraftII/jev_runs/macro-v2-20260922-veryhard-004,jev_gpt6,7,2,670.1785714285714,68,97,165,4,100
Large-Language-Models-play-StarCraftII/jev_runs/macro-v2-20260922-veryhard-004,jev_gpt6,7,2,675.1785714285714,68,99,167,4,115
Large-Language-Models-play-StarCraftII/jev_runs/macro-v2-20260922-veryhard-004,jev_gpt6,7,2,680.1785714285714,68,101,169,4,95
Large-Language-Models-play-StarCraftII/jev_runs/macro-v2-20260922-veryhard-004,jev_gpt6,7,2,685.1785714285714,68,101,169,4,230
Large-Language-Models-play-StarCraftII/jev_runs/macro-v2-20260922-veryhard-004,jev_gpt6,7,2,690.1785714285714,68,107,177,4,40
Large-Language-Models-play-StarCraftII/jev_runs/macro-v2-20260922-veryhard-004,jev_gpt6,7,2,695.1785714285714,68,107,178,4,115
Large-Language-Models-play-StarCraftII/jev_runs/macro-v2-20260922-veryhard-004,jev_gpt6,7,2,700.1785714285714,68,109,180,4,95
Large-Language-Models-play-StarCraftII/jev_runs/macro-v2-20260922-veryhard-004,jev_gpt6,7,2,705.1785714285714,71,109,183,4,165
Large-Language-Models-play-StarCraftII/jev_runs/macro-v2-20260922-veryhard-004,jev_gpt6,7,2,710.1785714285714,71,109,183,4,135
Large-Language-Models-play-StarCraftII/jev_runs/macro-v2-20260922-veryhard-004,jev_gpt6,7,2,715.1785714285714,72,109,183,4,95
Large-Language-Models-play-StarCraftII/jev_runs/macro-v2-20260922-veryhard-004,jev_gpt6,7,2,720.1785714285714,74,113,187,4,55
Large-Language-Models-play-StarCraftII/jev_runs/macro-v2-20260922-veryhard-004,jev_gpt6,7,2,725.1785714285714,74,115,189,4,135
Large-Language-Models-play-StarCraftII/jev_runs/macro-v2-20260922-veryhard-004,jev_gpt6,7,2,730.1785714285714,74,117,191,4,65
Large-Language-Models-play-StarCraftII/jev_runs/macro-v2-20260922-veryhard-004,jev_gpt6,7,2,735.1785714285714,74,115,189,4,75
Large-Language-Models-play-StarCraftII/jev_runs/macro-v2-20260922-veryhard-004,jev_gpt6,7,2,740.1785714285714,74,103,177,4,220
Large-Language-Models-play-StarCraftII/jev_runs/macro-v2-20260922-veryhard-004,jev_gpt6,7,2,745.1785714285714,74,97,171,4,455
Large-Language-Models-play-StarCraftII/jev_runs/macro-v2-20260922-veryhard-004,jev_gpt6,7,2,750.1785714285714,74,97,171,4,40
Large-Language-Models-play-StarCraftII/jev_runs/macro-v2-20260922-veryhard-004,jev_gpt6,7,2,755.1785714285714,74,101,175,5,55
Large-Language-Models-play-StarCraftII/jev_runs/macro-v2-20260922-veryhard-004,jev_gpt6,7,2,760.1785714285714,74,105,179,5,60
Large-Language-Models-play-StarCraftII/jev_runs/macro-v2-20260922-veryhard-004,jev_gpt6,7,2,765.1785714285714,74,109,183,5,130
Large-Language-Models-play-StarCraftII/jev_runs/macro-v2-20260922-veryhard-004,jev_gpt6,7,2,770.1785714285714,74,111,185,5,150
Large-Language-Models-play-StarCraftII/jev_runs/macro-v2-20260922-veryhard-004,jev_gpt6,7,2,775.1785714285714,74,113,187,5,295
Large-Language-Models-play-StarCraftII/jev_runs/macro-v2-20260922-veryhard-004,jev_gpt6,7,2,780.1785714285714,74,119,193,5,170
Large-Language-Models-play-StarCraftII/jev_runs/macro-v2-20260922-veryhard-004,jev_gpt6,7,2,785.1785714285714,74,123,197,5,205
Large-Language-Models-play-StarCraftII/jev_runs/macro-v2-20260922-veryhard-004,jev_gpt6,7,2,790.1785714285714,74,125,199,5,345
Large-Language-Models-play-StarCraftII/jev_runs/macro-v2-20260922-veryhard-004,jev_gpt6,7,2,795.1785714285714,74,125,199,5,595
Large-Language-Models-play-StarCraftII/jev_runs/macro-v2-20260922-veryhard-004,jev_gpt6,7,2,800.1785714285714,74,125,199,5,705
Large-Language-Models-play-StarCraftII/jev_runs/macro-v2-20260922-veryhard-004,jev_gpt6,7,2,805.1785714285714,74,125,199,5,945
Large-Language-Models-play-StarCraftII/jev_runs/macro-v2-20260922-veryhard-004,jev_gpt6,7,2,810.1785714285714,74,125,199,5,1185
Large-Language-Models-play-StarCraftII/jev_runs/macro-v2-20260922-veryhard-004,jev_gpt6,7,2,815.1785714285714,74,125,199,5,1440
Large-Language-Models-play-StarCraftII/jev_runs/macro-v2-20260922-veryhard-004,jev_gpt6,7,2,820.1785714285714,74,125,199,5,1690
Large-Language-Models-play-StarCraftII/jev_runs/macro-v2-20260922-veryhard-004,jev_gpt6,7,2,825.1785714285714,74,125,199,5,1925
Large-Language-Models-play-StarCraftII/jev_runs/macro-v2-20260922-veryhard-004,jev_gpt6,7,2,830.1785714285714,74,123,197,5,2160
Large-Language-Models-play-StarCraftII/jev_runs/macro-v2-20260922-veryhard-004,jev_gpt6,7,2,835.1785714285714,74,123,197,5,2045
Large-Language-Models-play-StarCraftII/jev_runs/macro-v2-20260922-veryhard-004,jev_gpt6,7,2,840.1785714285714,74,125,199,5,1980
Large-Language-Models-play-StarCraftII/jev_runs/macro-v2-20260922-veryhard-004,jev_gpt6,7,2,845.1785714285714,74,125,199,5,1765
Large-Language-Models-play-StarCraftII/jev_runs/macro-v2-20260922-veryhard-004,jev_gpt6,7,2,850.1785714285714,74,123,197,5,1855
Large-Language-Models-play-StarCraftII/jev_runs/macro-v2-20260922-veryhard-004,jev_gpt6,7,2,855.1785714285714,74,125,199,5,1980
Large-Language-Models-play-StarCraftII/jev_runs/macro-v2-20260922-veryhard-004,jev_gpt6,7,2,860.1785714285714,74,125,199,5,2235
Large-Language-Models-play-StarCraftII/jev_runs/macro-v2-20260922-veryhard-004,jev_gpt6,7,2,865.1785714285714,74,125,199,5,2480
Large-Language-Models-play-StarCraftII/jev_runs/macro-v2-20260922-veryhard-004,jev_gpt6,7,2,870.1785714285714,74,125,199,5,2750
Large-Language-Models-play-StarCraftII/jev_runs/macro-v2-20260922-veryhard-004,jev_gpt6,7,2,875.1785714285714,74,125,199,5,3015
Large-Language-Models-play-StarCraftII/jev_runs/macro-v2-20260922-veryhard-004,jev_gpt6,7,2,880.1785714285714,74,125,199,5,3120
Large-Language-Models-play-StarCraftII/jev_runs/macro-v2-20260922-veryhard-004,jev_gpt6,7,2,885.1785714285714,74,123,197,5,3295
Large-Language-Models-play-StarCraftII/jev_runs/macro-v2-20260922-veryhard-004,jev_gpt6,7,2,890.1785714285714,74,125,199,5,3410
Large-Language-Models-play-StarCraftII/jev_runs/macro-v2-20260922-veryhard-004,jev_gpt6,7,2,895.1785714285714,74,125,199,5,3665
Large-Language-Models-play-StarCraftII/jev_runs/macro-v2-20260922-veryhard-004,jev_gpt6,7,2,900.1785714285714,74,125,199,5,3910
Large-Language-Models-play-StarCraftII/jev_runs/macro-v2-20260922-veryhard-004,jev_gpt6,7,2,905.1785714285714,74,125,199,5,4180
Large-Language-Models-play-StarCraftII/jev_runs/macro-v2-20260922-veryhard-004,jev_gpt6,7,2,910.1785714285714,74,126,200,5,3880
Large-Language-Models-play-StarCraftII/jev_runs/macro-v2-20260922-veryhard-004,jev_gpt6,7,2,915.1785714285714,74,126,200,5,4155
Large-Language-Models-play-StarCraftII/jev_runs/macro-v2-20260922-veryhard-004,jev_gpt6,7,2,920.1785714285714,74,126,200,6,4405
Large-Language-Models-play-StarCraftII/jev_runs/macro-v2-20260922-veryhard-004,jev_gpt6,7,2,925.1785714285714,74,126,200,6,4665
Large-Language-Models-play-StarCraftII/jev_runs/macro-v2-20260922-veryhard-004,jev_gpt6,7,2,930.1785714285714,74,126,200,6,4930
Large-Language-Models-play-StarCraftII/jev_runs/macro-v2-20260922-veryhard-004,jev_gpt6,7,2,935.1785714285714,74,124,198,6,5180
Large-Language-Models-play-StarCraftII/jev_runs/macro-v2-20260922-veryhard-004,jev_gpt6,7,2,940.1785714285714,74,126,200,6,5320
Large-Language-Models-play-StarCraftII/jev_runs/macro-v2-20260922-veryhard-004,jev_gpt6,7,2,945.1785714285714,74,126,200,6,5370
Large-Language-Models-play-StarCraftII/jev_runs/macro-v2-20260922-veryhard-004,jev_gpt6,7,2,950.1785714285714,74,126,200,6,5545
Large-Language-Models-play-StarCraftII/jev_runs/macro-v22-20260922-cheatvision-001,jev_gpt6,8,1,0.17857142857142858,8,0,8,1,50
Large-Language-Models-play-StarCraftII/jev_runs/macro-v22-20260922-cheatvision-001,jev_gpt6,8,1,5.178571428571429,8,0,9,1,5
Large-Language-Models-play-StarCraftII/jev_runs/macro-v22-20260922-cheatvision-001,jev_gpt6,8,1,10.178571428571429,8,0,9,1,45
Large-Language-Models-play-StarCraftII/jev_runs/macro-v22-20260922-cheatvision-001,jev_gpt6,8,1,15.178571428571429,9,0,10,1,35
Large-Language-Models-play-StarCraftII/jev_runs/macro-v22-20260922-cheatvision-001,jev_gpt6,8,1,20.17857142857143,9,0,10,1,75
Large-Language-Models-play-StarCraftII/jev_runs/macro-v22-20260922-cheatvision-001,jev_gpt6,8,1,25.17857142857143,10,0,11,1,65
Large-Language-Models-play-StarCraftII/jev_runs/macro-v22-20260922-cheatvision-001,jev_gpt6,8,1,30.17857142857143,10,0,11,1,35
Large-Language-Models-play-StarCraftII/jev_runs/macro-v22-20260922-cheatvision-001,jev_gpt6,8,1,35.17857142857143,11,0,12,1,25
Large-Language-Models-play-StarCraftII/jev_runs/macro-v22-20260922-cheatvision-001,jev_gpt6,8,1,40.17857142857143,11,0,12,1,70
Large-Language-Models-play-StarCraftII/jev_runs/macro-v22-20260922-cheatvision-001,jev_gpt6,8,1,45.17857142857143,11,0,12,1,105
Large-Language-Models-play-StarCraftII/jev_runs/macro-v22-20260922-cheatvision-001,jev_gpt6,8,1,50.17857142857143,12,0,12,1,45
Large-Language-Models-play-StarCraftII/jev_runs/macro-v22-20260922-cheatvision-001,jev_gpt6,8,1,55.17857142857143,12,0,13,1,40
Large-Language-Models-play-StarCraftII/jev_runs/macro-v22-20260922-cheatvision-001,jev_gpt6,8,1,60.17857142857143,12,0,13,1,90
Large-Language-Models-play-StarCraftII/jev_runs/macro-v22-20260922-cheatvision-001,jev_gpt6,8,1,65.17857142857143,13,0,13,1,135
Large-Language-Models-play-StarCraftII/jev_runs/macro-v22-20260922-cheatvision-001,jev_gpt6,8,1,70.17857142857143,13,0,14,1,130
Large-Language-Models-play-StarCraftII/jev_runs/macro-v22-20260922-cheatvision-001,jev_gpt6,8,1,75.17857142857143,14,0,14,1,30
Large-Language-Models-play-StarCraftII/jev_runs/macro-v22-20260922-cheatvision-001,jev_gpt6,8,1,80.17857142857143,14,0,15,1,30
Large-Language-Models-play-StarCraftII/jev_runs/macro-v22-20260922-cheatvision-001,jev_gpt6,8,1,85.17857142857143,15,0,15,1,90
Large-Language-Models-play-StarCraftII/jev_runs/macro-v22-20260922-cheatvision-001,jev_gpt6,8,1,90.17857142857143,15,0,16,1,100
Large-Language-Models-play-StarCraftII/jev_runs/macro-v22-20260922-cheatvision-001,jev_gpt6,8,1,95.17857142857143,15,0,16,1,160
Large-Language-Models-play-StarCraftII/jev_runs/macro-v22-20260922-cheatvision-001,jev_gpt6,8,1,100.17857142857143,16,0,17,1,65
Large-Language-Models-play-StarCraftII/jev_runs/macro-v22-20260922-cheatvision-001,jev_gpt6,8,1,105.17857142857143,16,0,17,1,125
Large-Language-Models-play-StarCraftII/jev_runs/macro-v22-20260922-cheatvision-001,jev_gpt6,8,1,110.17857142857143,17,0,17,1,190
Large-Language-Models-play-StarCraftII/jev_runs/macro-v22-20260922-cheatvision-001,jev_gpt6,8,1,115.17857142857143,17,0,18,1,205
Large-Language-Models-play-StarCraftII/jev_runs/macro-v22-20260922-cheatvision-001,jev_gpt6,8,1,120.17857142857143,17,0,18,1,275
Large-Language-Models-play-StarCraftII/jev_runs/macro-v22-20260922-cheatvision-001,jev_gpt6,8,1,125.17857142857143,18,2,21,1,40
Large-Language-Models-play-StarCraftII/jev_runs/macro-v22-20260922-cheatvision-001,jev_gpt6,8,1,130.17857142857144,18,2,21,1,110
Large-Language-Models-play-StarCraftII/jev_runs/macro-v22-20260922-cheatvision-001,jev_gpt6,8,1,135.17857142857144,18,2,21,1,40
Large-Language-Models-play-StarCraftII/jev_runs/macro-v22-20260922-cheatvision-001,jev_gpt6,8,1,140.17857142857144,19,2,21,1,95
Large-Language-Models-play-StarCraftII/jev_runs/macro-v22-20260922-cheatvision-001,jev_gpt6,8,1,145.17857142857144,19,2,21,1,165
Large-Language-Models-play-StarCraftII/jev_runs/macro-v22-20260922-cheatvision-001,jev_gpt6,8,1,150.17857142857144,19,2,21,1,240
Large-Language-Models-play-StarCraftII/jev_runs/macro-v22-20260922-cheatvision-001,jev_gpt6,8,1,155.17857142857144,19,2,21,1,315
Large-Language-Models-play-StarCraftII/jev_runs/macro-v22-20260922-cheatvision-001,jev_gpt6,8,1,160.17857142857144,19,2,21,1,395
Large-Language-Models-play-StarCraftII/jev_runs/macro-v22-20260922-cheatvision-001,jev_gpt6,8,1,165.17857142857144,19,2,22,1,20
Large-Language-Models-play-StarCraftII/jev_runs/macro-v22-20260922-cheatvision-001,jev_gpt6,8,1,170.17857142857144,19,2,22,2,90
Large-Language-Models-play-StarCraftII/jev_runs/macro-v22-20260922-cheatvision-001,jev_gpt6,8,1,175.17857142857144,19,2,22,2,25
Large-Language-Models-play-StarCraftII/jev_runs/macro-v22-20260922-cheatvision-001,jev_gpt6,8,1,180.17857142857144,20,2,23,2,45
Large-Language-Models-play-StarCraftII/jev_runs/macro-v22-20260922-cheatvision-001,jev_gpt6,8,1,185.17857142857144,20,2,23,2,115
Large-Language-Models-play-StarCraftII/jev_runs/macro-v22-20260922-cheatvision-001,jev_gpt6,8,1,190.17857142857144,21,2,23,2,70
Large-Language-Models-play-StarCraftII/jev_runs/macro-v22-20260922-cheatvision-001,jev_gpt6,8,1,195.17857142857144,21,2,24,2,95
Large-Language-Models-play-StarCraftII/jev_runs/macro-v22-20260922-cheatvision-001,jev_gpt6,8,1,200.17857142857144,21,4,26,2,65
Large-Language-Models-play-StarCraftII/jev_runs/macro-v22-20260922-cheatvision-001,jev_gpt6,8,1,205.17857142857144,22,6,28,2,45
Large-Language-Models-play-StarCraftII/jev_runs/macro-v22-20260922-cheatvision-001,jev_gpt6,8,1,210.17857142857144,22,6,29,2,70
Large-Language-Models-play-StarCraftII/jev_runs/macro-v22-20260922-cheatvision-001,jev_gpt6,8,1,215.17857142857144,22,6,29,2,140
Large-Language-Models-play-StarCraftII/jev_runs/macro-v22-20260922-cheatvision-001,jev_gpt6,8,1,220.17857142857144,23,6,29,2,60
Large-Language-Models-play-StarCraftII/jev_runs/macro-v22-20260922-cheatvision-001,jev_gpt6,8,1,225.17857142857144,23,6,30,2,80
Large-Language-Models-play-StarCraftII/jev_runs/macro-v22-20260922-cheatvision-001,jev_gpt6,8,1,230.17857142857144,23,6,30,2,50
Large-Language-Models-play-StarCraftII/jev_runs/macro-v22-20260922-cheatvision-001,jev_gpt6,8,1,235.17857142857144,24,6,31,2,60
Large-Language-Models-play-StarCraftII/jev_runs/macro-v22-20260922-cheatvision-001,jev_gpt6,8,1,240.17857142857144,24,8,33,2,45
Large-Language-Models-play-StarCraftII/jev_runs/macro-v22-20260922-cheatvision-001,jev_gpt6,8,1,245.17857142857144,24,8,34,2,65
Large-Language-Models-play-StarCraftII/jev_runs/macro-v22-20260922-cheatvision-001,jev_gpt6,8,1,250.17857142857144,25,8,35,2,95
Large-Language-Models-play-StarCraftII/jev_runs/macro-v22-20260922-cheatvision-001,jev_gpt6,8,1,255.17857142857144,26,10,38,2,10
Large-Language-Models-play-StarCraftII/jev_runs/macro-v22-20260922-cheatvision-001,jev_gpt6,8,1,260.17857142857144,27,10,38,2,95
Large-Language-Models-play-StarCraftII/jev_runs/macro-v22-20260922-cheatvision-001,jev_gpt6,8,1,265.17857142857144,27,10,39,2,120
Large-Language-Models-play-StarCraftII/jev_runs/macro-v22-20260922-cheatvision-001,jev_gpt6,8,1,270.17857142857144,28,11,40,2,35
Large-Language-Models-play-StarCraftII/jev_runs/macro-v22-20260922-cheatvision-001,jev_gpt6,8,1,275.17857142857144,29,11,42,2,30
Large-Language-Models-play-StarCraftII/jev_runs/macro-v22-20260922-cheatvision-001,jev_gpt6,8,1,280.17857142857144,29,11,42,2,105
Large-Language-Models-play-StarCraftII/jev_runs/macro-v22-20260922-cheatvision-001,jev_gpt6,8,1,285.17857142857144,30,13,45,2,55
Large-Language-Models-play-StarCraftII/jev_runs/macro-v22-20260922-cheatvision-001,jev_gpt6,8,1,290.17857142857144,31,13,46,2,90
Large-Language-Models-play-StarCraftII/jev_runs/macro-v22-20260922-cheatvision-001,jev_gpt6,8,1,295.17857142857144,31,15,48,2,90
Large-Language-Models-play-StarCraftII/jev_runs/macro-v22-20260922-cheatvision-001,jev_gpt6,8,1,300.26785714285717,33,15,49,2,50
Large-Language-Models-play-StarCraftII/jev_runs/macro-v22-20260922-cheatvision-001,jev_gpt6,8,1,305.26785714285717,33,15,50,2,105
Large-Language-Models-play-StarCraftII/jev_runs/macro-v22-20260922-cheatvision-001,jev_gpt6,8,1,310.26785714285717,33,17,52,2,115
Large-Language-Models-play-StarCraftII/jev_runs/macro-v22-20260922-cheatvision-001,jev_gpt6,8,1,315.26785714285717,35,15,52,2,30
Large-Language-Models-play-StarCraftII/jev_runs/macro-v22-20260922-cheatvision-001,jev_gpt6,8,1,320.26785714285717,35,11,48,2,130
Large-Language-Models-play-StarCraftII/jev_runs/macro-v22-20260922-cheatvision-001,jev_gpt6,8,1,325.26785714285717,36,7,44,2,55
Large-Language-Models-play-StarCraftII/jev_runs/macro-v22-20260922-cheatvision-001,jev_gpt6,8,1,330.26785714285717,37,7,45,2,15
Large-Language-Models-play-StarCraftII/jev_runs/macro-v22-20260922-cheatvision-001,jev_gpt6,8,1,335.26785714285717,36,5,42,2,145
Large-Language-Models-play-StarCraftII/jev_runs/macro-v22-20260922-cheatvision-001,jev_gpt6,8,1,340.26785714285717,36,5,43,2,180
Large-Language-Models-play-StarCraftII/jev_runs/macro-v22-20260922-cheatvision-001,jev_gpt6,8,1,345.26785714285717,36,5,43,2,235
Large-Language-Models-play-StarCraftII/jev_runs/macro-v22-20260922-cheatvision-001,jev_gpt6,8,1,350.26785714285717,37,9,47,2,125
Large-Language-Models-play-StarCraftII/jev_runs/macro-v22-20260922-cheatvision-001,jev_gpt6,8,1,355.26785714285717,38,11,49,2,175
Large-Language-Models-play-StarCraftII/jev_runs/macro-v22-20260922-cheatvision-001,jev_gpt6,8,1,360.26785714285717,38,9,47,2,305
Large-Language-Models-play-StarCraftII/jev_runs/macro-v22-20260922-cheatvision-001,jev_gpt6,8,1,365.26785714285717,35,11,47,2,275
Large-Language-Models-play-StarCraftII/jev_runs/macro-v22-20260922-cheatvision-001,jev_gpt6,8,1,370.26785714285717,35,9,46,2,265
Large-Language-Models-play-StarCraftII/jev_runs/macro-v22-20260922-cheatvision-001,jev_gpt6,8,1,375.26785714285717,35,7,43,2,165
Large-Language-Models-play-StarCraftII/jev_runs/macro-v22-20260922-cheatvision-001,jev_gpt6,8,1,380.26785714285717,35,7,43,1,145
Large-Language-Models-play-StarCraftII/jev_runs/macro-v22-20260922-cheatvision-001,jev_gpt6,8,1,385.26785714285717,34,7,42,1,120
Large-Language-Models-play-StarCraftII/jev_runs/macro-v22-20260922-cheatvision-001,jev_gpt6,8,1,390.26785714285717,35,9,44,1,100
Large-Language-Models-play-StarCraftII/jev_runs/macro-v22-20260922-cheatvision-001,jev_gpt6,8,1,395.26785714285717,33,5,38,1,185
Large-Language-Models-play-StarCraftII/jev_runs/macro-v22-20260922-cheatvision-001,jev_gpt6,8,1,400.26785714285717,28,7,35,1,145
Large-Language-Models-play-StarCraftII/jev_runs/macro-v22-20260922-cheatvision-001,jev_gpt6,8,1,405.26785714285717,28,7,36,1,45
Large-Language-Models-play-StarCraftII/jev_runs/macro-v22-20260922-cheatvision-001,jev_gpt6,8,1,410.26785714285717,28,7,36,1,130
Large-Language-Models-play-StarCraftII/jev_runs/macro-v22-20260922-cheatvision-001,jev_gpt6,8,1,415.26785714285717,29,7,36,1,25
Large-Language-Models-play-StarCraftII/jev_runs/macro-v22-20260922-cheatvision-001,jev_gpt6,8,1,420.26785714285717,29,7,36,1,15
Large-Language-Models-play-StarCraftII/jev_runs/macro-v22-20260922-cheatvision-001,jev_gpt6,8,1,425.26785714285717,29,5,34,1,105
Large-Language-Models-play-StarCraftII/jev_runs/macro-v22-20260922-cheatvision-001,jev_gpt6,8,1,430.26785714285717,29,5,34,1,90
Large-Language-Models-play-StarCraftII/jev_runs/macro-v22-20260922-cheatvision-001,jev_gpt6,8,1,435.26785714285717,29,3,32,1,55
Large-Language-Models-play-StarCraftII/jev_runs/macro-v22-20260922-cheatvision-001,jev_gpt6,8,1,440.26785714285717,29,3,32,1,150
Large-Language-Models-play-StarCraftII/jev_runs/macro-v22-20260922-cheatvision-001,jev_gpt6,8,1,445.26785714285717,29,3,32,1,80
Large-Language-Models-play-StarCraftII/jev_runs/macro-v22-20260922-cheatvision-001,jev_gpt6,8,1,450.26785714285717,29,3,32,1,65
Large-Language-Models-play-StarCraftII/jev_runs/macro-v22-20260922-cheatvision-001,jev_gpt6,8,1,455.26785714285717,29,3,32,1,55
Large-Language-Models-play-StarCraftII/jev_runs/macro-v22-20260922-cheatvision-001,jev_gpt6,8,1,460.26785714285717,29,5,34,1,55
Large-Language-Models-play-StarCraftII/jev_runs/macro-v22-20260922-cheatvision-001,jev_gpt6,8,1,465.26785714285717,29,3,32,1,145
Large-Language-Models-play-StarCraftII/jev_runs/macro-v22-20260922-cheatvision-001,jev_gpt6,8,1,470.26785714285717,29,3,32,1,250
Large-Language-Models-play-StarCraftII/jev_runs/macro-v22-20260922-cheatvision-001,jev_gpt6,8,1,475.26785714285717,28,3,32,1,190
Large-Language-Models-play-StarCraftII/jev_runs/macro-v22-20260922-cheatvision-001,jev_gpt6,8,1,480.26785714285717,27,5,33,1,175
Large-Language-Models-play-StarCraftII/jev_runs/macro-v22-20260922-cheatvision-001,jev_gpt6,8,1,485.26785714285717,27,7,35,1,65
Large-Language-Models-play-StarCraftII/jev_runs/macro-v22-20260922-cheatvision-001,jev_gpt6,8,1,490.26785714285717,28,5,34,1,100
Large-Language-Models-play-StarCraftII/jev_runs/macro-v22-20260922-cheatvision-001,jev_gpt6,8,1,495.26785714285717,28,3,32,1,190
Large-Language-Models-play-StarCraftII/jev_runs/macro-v22-20260922-cheatvision-001,jev_gpt6,8,1,500.26785714285717,28,1,29,1,275
Large-Language-Models-play-StarCraftII/jev_runs/macro-v22-20260922-cheatvision-001,jev_gpt6,8,1,505.26785714285717,28,5,34,1,60
Large-Language-Models-play-StarCraftII/jev_runs/macro-v22-20260922-cheatvision-001,jev_gpt6,8,1,510.26785714285717,27,5,32,0,5
Large-Language-Models-play-StarCraftII/jev_runs/macro-v22-20260922-cheatvision-001,jev_gpt6,8,1,515.2678571428572,26,5,31,0,5
Large-Language-Models-play-StarCraftII/jev_runs/macro-v22-20260922-cheatvision-001,jev_gpt6,8,1,520.2678571428572,26,5,31,0,5
Large-Language-Models-play-StarCraftII/jev_runs/macro-v22-20260922-cheatvision-001,jev_gpt6,8,1,525.2678571428572,26,5,31,0,5
Large-Language-Models-play-StarCraftII/jev_runs/macro-v22-20260922-cheatvision-001,jev_gpt6,8,1,530.2678571428572,26,5,31,0,5
Large-Language-Models-play-StarCraftII/jev_runs/macro-v22-20260922-cheatvision-001,jev_gpt6,8,1,535.2678571428572,26,5,31,0,5
Large-Language-Models-play-StarCraftII/jev_runs/macro-v22-20260922-cheatvision-001,jev_gpt6,8,1,540.2678571428572,26,5,31,0,5
Large-Language-Models-play-StarCraftII/jev_runs/macro-v22-20260922-cheatvision-001,jev_gpt6,8,1,545.2678571428572,26,1,27,0,255
Large-Language-Models-play-StarCraftII/jev_runs/macro-v22-20260922-cheatvision-001,jev_gpt6,8,1,550.2678571428572,26,1,27,0,155
Large-Language-Models-play-StarCraftII/jev_runs/macro-v22-20260922-cheatvision-001,jev_gpt6,8,1,555.2678571428572,25,1,26,0,55
Large-Language-Models-play-StarCraftII/jev_runs/macro-v22-20260922-cheatvision-001,jev_gpt6,8,1,560.2678571428572,25,1,26,0,55
Large-Language-Models-play-StarCraftII/jev_runs/macro-v22-20260922-cheatvision-001,jev_gpt6,8,1,565.2678571428572,23,1,24,0,55
Large-Language-Models-play-StarCraftII/jev_runs/macro-v22-20260922-cheatvision-001,jev_gpt6,8,1,570.2678571428572,21,1,22,0,55
Large-Language-Models-play-StarCraftII/jev_runs/macro-v22-20260922-cheatvision-001,jev_gpt6,8,1,575.2678571428572,18,1,19,0,55
Large-Language-Models-play-StarCraftII/jev_runs/macro-v22-20260922-cheatvision-001,jev_gpt6,8,1,580.2678571428572,15,1,16,0,55
Large-Language-Models-play-StarCraftII/jev_runs/macro-v22-20260922-cheatvision-001,jev_gpt6,8,1,585.2678571428572,9,1,10,0,55
Large-Language-Models-play-StarCraftII/jev_runs/macro-v22-20260922-cheatvision-001,jev_gpt6,8,1,590.2678571428572,1,1,2,0,55
Large-Language-Models-play-StarCraftII/jev_runs/macro-v22-20260922-cheatvision-001,jev_gpt6,8,1,595.2678571428572,0,0,0,0,55
Large-Language-Models-play-StarCraftII/jev_runs/macro-v22-20260922-cheatvision-001,jev_gpt6,8,1,600.2678571428572,0,0,0,0,55
Large-Language-Models-play-StarCraftII/jev_runs/macro-v22-20260922-cheatvision-001,jev_gpt6,8,1,605.2678571428572,0,0,0,0,55
Large-Language-Models-play-StarCraftII/jev_runs/macro-v22-20260922-cheatvision-001,jev_gpt6,8,1,610.2678571428572,0,0,0,0,55
