run,method,latency_ms,batches
smac-hard/jev_runs/all-maps-20260921-001/3m/jev,jev_only,2155.9999999990396,1
smac-hard/jev_runs/all-maps-20260921-001/3m/jev,jev_only,375.0,1
smac-hard/jev_runs/all-maps-20260921-001/3m/jev,jev_only,561.9999999980791,1
smac-hard/jev_runs/all-maps-20260921-001/3m/jev,jev_only,578.0000000013388,1
smac-hard/jev_runs/all-maps-20260921-001/3m/jev,jev_only,405.9999999990396,1
smac-hard/jev_runs/all-maps-20260921-001/3m/jev,jev_only,454.0000000015425,1
smac-hard/jev_runs/all-maps-20260921-001/3m/jev,jev_only,375.0,1
smac-hard/jev_runs/all-maps-20260921-001/3m/jev,jev_only,375.0,1
smac-hard/jev_runs/all-maps-20260921-001/3m/jev,jev_only,422.0000000022992,1
smac-hard/jev_runs/all-maps-20260921-001/3m/jev,jev_only,375.0,1
smac-hard/jev_runs/all-maps-20260921-001/3m/jev,jev_only,359.00000000037835,1
smac-hard/jev_runs/all-maps-20260921-001/3m/jev,jev_only,375.0,1
smac-hard/jev_runs/all-maps-20260921-001/3m/jev,jev_only,375.0,1
smac-hard/jev_runs/all-maps-20260921-001/3m/jev,jev_only,359.00000000037835,1
smac-hard/jev_runs/all-maps-20260921-001/3m/jev,jev_only,359.00000000037835,1
smac-hard/jev_runs/all-maps-20260921-001/3m/jev,jev_only,420.9999999984575,1
smac-hard/jev_runs/all-maps-20260921-001/3m/jev,jev_only,390.99999999962165,1
smac-hard/jev_runs/all-maps-20260921-001/3m/jev,jev_only,436.99999999807915,1
smac-hard/jev_runs/all-maps-20260921-001/3m/jev,jev_only,344.0000000009604,1
smac-hard/jev_runs/all-maps-20260921-001/3m/jev,jev_only,328.0000000013388,1
smac-hard/jev_runs/all-maps-20260921-001/3m/jev,jev_only,375.0,1
smac-hard/jev_runs/all-maps-20260921-001/3m/jev,jev_only,375.0,1
smac-hard/jev_runs/all-maps-20260921-001/3m/jev,jev_only,375.0,1
smac-hard/jev_runs/all-maps-20260921-001/3m/jev,jev_only,375.0,1
smac-hard/jev_runs/all-maps-20260921-001/3m/jev,jev_only,360.0000000005821,1
smac-hard/jev_runs/all-maps-20260921-001/3m/jev,jev_only,389.9999999994179,1
smac-hard/jev_runs/all-maps-20260921-001/3m/jev,jev_only,765.9999999996217,1
smac-hard/jev_runs/all-maps-20260921-001/3m/jev,jev_only,375.0,1
smac-hard/jev_runs/all-maps-20260921-001/3m/jev,jev_only,390.99999999962165,1
smac-hard/jev_runs/all-maps-20260921-001/3m/jev,jev_only,421.9999999986612,1
smac-hard/jev_runs/all-maps-20260921-001/3m/jev,jev_only,391.00000000325963,1
smac-hard/jev_runs/all-maps-20260921-001/3m/jev,jev_only,389.9999999994179,1
smac-hard/jev_runs/all-maps-20260921-001/3m/jev,jev_only,375.0,1
smac-hard/jev_runs/all-maps-20260921-001/3m/jev,jev_only,359.00000000037835,1
smac-hard/jev_runs/all-maps-20260921-001/3m/jev,jev_only,578.0000000013388,1
smac-hard/jev_runs/all-maps-20260921-001/3m/jev,jev_only,389.9999999994179,1
smac-hard/jev_runs/all-maps-20260921-001/3m/jev,jev_only,406.9999999992433,1
smac-hard/jev_runs/all-maps-20260921-001/3m/jev,jev_only,344.0000000009604,1
smac-hard/jev_runs/all-maps-20260921-001/3m/jev,jev_only,420.9999999984575,1
smac-hard/jev_runs/all-maps-20260921-001/3m/jev,jev_only,344.0000000009604,1
smac-hard/jev_runs/all-maps-20260921-001/3m/jev,jev_only,375.0,1
smac-hard/jev_runs/all-maps-20260921-001/3m/jev,jev_only,358.99999999674037,1
smac-hard/jev_runs/all-maps-20260921-001/3m/jev,jev_only,375.0,1
smac-hard/jev_runs/all-maps-20260921-001/3m/jev,jev_only,405.9999999990396,1
smac-hard/jev_runs/all-maps-20260921-001/3m/jev,jev_only,421.9999999986612,1
smac-hard/jev_runs/all-maps-20260921-001/3m/jev,jev_only,484.00000000037835,1
smac-hard/jev_runs/all-maps-20260921-001/3m/jev,jev_only,405.9999999990396,1
smac-hard/jev_runs/all-maps-20260921-001/3m/jev,jev_only,437.9999999982829,1
smac-hard/jev_runs/all-maps-20260921-001/3m/jev,jev_only,405.9999999990396,1
smac-hard/jev_runs/all-maps-20260921-001/3m/jev,jev_only,375.0,1
smac-hard/jev_runs/all-maps-20260921-001/3m/jev,jev_only,375.0,1
smac-hard/jev_runs/all-maps-20260921-001/3m/jev,jev_only,405.9999999990396,1
smac-hard/jev_runs/all-maps-20260921-001/3m/jev,jev_only,405.9999999990396,1
smac-hard/jev_runs/all-maps-20260921-001/3m/jev,jev_only,375.0,1
smac-hard/jev_runs/all-maps-20260921-001/3m/jev,jev_only,405.9999999990396,1
smac-hard/jev_runs/all-maps-20260921-001/3m/jev,jev_only,562.9999999982829,1
smac-hard/jev_runs/all-maps-20260921-001/3m/jev,jev_only,437.0000000017171,1
smac-hard/jev_runs/all-maps-20260921-001/3m/jev,jev_only,359.00000000037835,1
smac-hard/jev_runs/all-maps-20260921-001/3m/jev,jev_only,359.00000000037835,1
smac-hard/jev_runs/all-maps-20260921-001/3m/jev,jev_only,390.99999999962165,1
smac-hard/jev_runs/all-maps-20260921-001/3m/jev,jev_only,359.00000000037835,1
smac-hard/jev_runs/all-maps-20260921-001/3m/jev,jev_only,359.00000000037835,1
smac-hard/jev_runs/p0-astra-all-maps-20260922-001/3m/jev,jev_gpt6,11702.999999994063,1
smac-hard/jev_runs/p0-astra-all-maps-20260922-001/3m/jev,jev_gpt6,389.9999999994179,1
smac-hard/jev_runs/p0-astra-all-maps-20260922-001/3m/jev,jev_gpt6,406.99999999196734,1
smac-hard/jev_runs/p0-astra-all-maps-20260922-001/3m/jev,jev_gpt6,389.9999999994179,1
smac-hard/jev_runs/p0-astra-all-maps-20260922-001/3m/jev,jev_gpt6,422.0000000059372,1
smac-hard/jev_runs/p0-astra-all-maps-20260922-001/3m/jev,jev_gpt6,437.9999999946449,1
smac-hard/jev_runs/p0-astra-all-maps-20260922-001/3m/jev,jev_gpt6,467.99999999348074,1
smac-hard/jev_runs/p0-astra-all-maps-20260922-001/3m/jev,jev_gpt6,406.00000000267755,1
smac-hard/jev_runs/p0-astra-all-maps-20260922-001/3m/jev,jev_gpt6,422.0000000059372,1
smac-hard/jev_runs/p0-astra-all-maps-20260922-001/3m/jev,jev_gpt6,437.9999999946449,1
smac-hard/jev_runs/p0-astra-all-maps-20260922-001/3m/jev,jev_gpt6,406.00000000267755,1
smac-hard/jev_runs/p0-astra-all-maps-20260922-001/3m/jev,jev_gpt6,389.9999999994179,1
smac-hard/jev_runs/p0-astra-all-maps-20260922-001/3m/jev,jev_gpt6,391.00000000325963,1
smac-hard/jev_runs/p0-astra-all-maps-20260922-001/3m/jev,jev_gpt6,452.9999999940628,1
smac-hard/jev_runs/p0-astra-all-maps-20260922-001/3m/jev,jev_gpt6,438.0000000091968,1
smac-hard/jev_runs/p0-astra-all-maps-20260922-001/3m/jev,jev_gpt6,389.9999999994179,1
smac-hard/jev_runs/p0-astra-all-maps-20260922-001/3m/jev,jev_gpt6,421.99999999138527,1
smac-hard/jev_runs/p0-astra-all-maps-20260922-001/3m/jev,jev_gpt6,468.99999999732245,1
smac-hard/jev_runs/p0-astra-all-maps-20260922-001/3m/jev,jev_gpt6,453.00000000861473,1
smac-hard/jev_runs/p0-astra-all-maps-20260922-001/3m/jev,jev_gpt6,500.0,1
smac-hard/jev_runs/p0-astra-all-maps-20260922-001/3m/jev,jev_gpt6,391.00000000325963,1
smac-hard/jev_runs/p0-astra-all-maps-20260922-001/3m/jev,jev_gpt6,390.9999999887077,1
smac-hard/jev_runs/p0-astra-all-maps-20260922-001/3m/jev,jev_gpt6,359.0000000112923,1
smac-hard/jev_runs/p0-astra-all-maps-20260922-001/3m/jev,jev_gpt6,359.0000000112923,1
smac-hard/jev_runs/p0-astra-all-maps-20260922-001/3m/jev,jev_gpt6,375.0,1
smac-hard/jev_runs/p0-astra-all-maps-20260922-001/3m/jev,jev_gpt6,391.00000000325963,1
smac-hard/jev_runs/p0-astra-all-maps-20260922-001/3m/jev,jev_gpt6,453.00000000861473,1
smac-hard/jev_runs/p0-astra-all-maps-20260922-001/3m/jev,jev_gpt6,437.9999999946449,1
smac-hard/jev_runs/p0-astra-all-maps-20260922-001/3m/jev,jev_gpt6,483.99999999674037,1
smac-hard/jev_runs/p0-astra-all-maps-20260922-001/3m/jev,jev_gpt6,391.00000000325963,1
smac-hard/jev_runs/p0-astra-all-maps-20260922-001/3m/jev,jev_gpt6,483.99999999674037,1
smac-hard/jev_runs/p0-astra-all-maps-20260922-001/3m/jev,jev_gpt6,405.99999998812564,1
smac-hard/jev_runs/p0-astra-all-maps-20260922-001/3m/jev,jev_gpt6,391.00000000325963,1
smac-hard/jev_runs/p0-astra-all-maps-20260922-001/3m/jev,jev_gpt6,406.00000000267755,1
smac-hard/jev_runs/p0-astra-all-maps-20260922-001/3m/jev,jev_gpt6,421.99999999138527,1
smac-hard/jev_runs/p0-astra-all-maps-20260922-001/3m/jev,jev_gpt6,453.00000000861473,1
smac-hard/jev_runs/p0-astra-all-maps-20260922-001/3m/jev,jev_gpt6,389.9999999994179,1
smac-hard/jev_runs/p0-astra-all-maps-20260922-001/3m/jev,jev_gpt6,468.99999999732245,1
smac-hard/jev_runs/p0-astra-all-maps-20260922-001/3m/jev,jev_gpt6,500.0,1
smac-hard/jev_runs/p0-astra-all-maps-20260922-001/3m/jev,jev_gpt6,422.0000000059372,1
smac-hard/jev_runs/p0-astra-all-maps-20260922-001/3m/jev,jev_gpt6,485.0000000005821,1
smac-hard/jev_runs/p0-astra-all-maps-20260922-001/3m/jev,jev_gpt6,468.99999999732245,1
smac-hard/jev_runs/p0-astra-all-maps-20260922-001/3m/jev,jev_gpt6,406.00000000267755,1
smac-hard/jev_runs/p0-astra-all-maps-20260922-001/3m/jev,jev_gpt6,406.00000000267755,1
smac-hard/jev_runs/p0-astra-all-maps-20260922-001/3m/jev,jev_gpt6,452.9999999940628,1
smac-hard/jev_runs/p0-astra-all-maps-20260922-001/3m/jev,jev_gpt6,436.9999999908032,1
smac-hard/jev_runs/p0-astra-all-maps-20260922-001/3m/jev,jev_gpt6,391.00000000325963,1
smac-hard/jev_runs/p0-astra-all-maps-20260922-001/3m/jev,jev_gpt6,358.99999999674037,1
smac-hard/jev_runs/p0-astra-all-maps-20260922-001/3m/jev,jev_gpt6,375.0,1
smac-hard/jev_runs/p0-astra-all-maps-20260922-001/3m/jev,jev_gpt6,406.00000000267755,1
smac-hard/jev_runs/p0-astra-all-maps-20260922-001/3m/jev,jev_gpt6,453.9999999979045,1
smac-hard/jev_runs/p0-astra-all-maps-20260922-001/3m/jev,jev_gpt6,452.9999999940628,1
smac-hard/jev_runs/p0-astra-all-maps-20260922-001/3m/jev,jev_gpt6,344.00000001187436,1
smac-hard/jev_runs/p0-astra-all-maps-20260922-001/3m/jev,jev_gpt6,375.0,1
smac-hard/jev_runs/p0-astra-all-maps-20260922-001/3m/jev,jev_gpt6,389.9999999994179,1
smac-hard/jev_runs/p0-astra-all-maps-20260922-001/3m/jev,jev_gpt6,375.0,1
smac-hard/jev_runs/p0-astra-all-maps-20260922-001/3m/jev,jev_gpt6,422.0000000059372,1
smac-hard/jev_runs/p0-astra-all-maps-20260922-001/3m/jev,jev_gpt6,452.9999999940628,1
smac-hard/jev_runs/p0-astra-all-maps-20260922-001/3m/jev,jev_gpt6,391.00000000325963,1
smac-hard/jev_runs/p0-astra-all-maps-20260922-001/3m/jev,jev_gpt6,389.9999999994179,1
smac-hard/jev_runs/p0-astra-all-maps-20260922-001/3m/jev,jev_gpt6,406.00000000267755,1
smac-hard/jev_runs/p0-astra-all-maps-20260922-001/3m/jev,jev_gpt6,375.0,1
smac-hard/jev_runs/p0-astra-all-maps-20260922-001/3m/jev,jev_gpt6,452.9999999940628,1
smac-hard/jev_runs/p0-astra-all-maps-20260922-001/3m/jev,jev_gpt6,438.0000000091968,1
smac-hard/jev_runs/p0-astra-all-maps-20260922-001/3m/jev,jev_gpt6,453.9999999979045,1
smac-hard/jev_runs/p0-astra-all-maps-20260922-001/3m/jev,jev_gpt6,468.99999999732245,1
smac-hard/jev_runs/p0-astra-all-maps-20260922-001/3m/jev,jev_gpt6,406.00000000267755,1
smac-hard/jev_runs/p0-astra-all-maps-20260922-001/3m/jev,jev_gpt6,500.0,1
smac-hard/jev_runs/p0-astra-all-maps-20260922-001/3m/jev,jev_gpt6,405.99999998812564,1
smac-hard/jev_runs/p0-astra-all-maps-20260922-001/3m/jev,jev_gpt6,422.0000000059372,1
smac-hard/jev_runs/p0-astra-all-maps-20260922-001/3m/jev,jev_gpt6,406.00000000267755,1
smac-hard/jev_runs/p0-astra-all-maps-20260922-001/3m/jev,jev_gpt6,375.0,1
smac-hard/jev_runs/p0-astra-all-maps-20260922-001/3m/jev,jev_gpt6,389.9999999994179,1
smac-hard/jev_runs/p0-astra-all-maps-20260922-001/3m/jev,jev_gpt6,407.00000000651926,1
smac-hard/jev_runs/p0-astra-all-maps-20260922-001/3m/jev,jev_gpt6,421.0000000020955,1
smac-hard/jev_runs/p0-astra-all-maps-20260922-001/3m/jev,jev_gpt6,406.99999999196734,1
smac-hard/jev_runs/p0-astra-all-maps-20260922-001/3m/jev,jev_gpt6,437.0000000053551,1
smac-hard/jev_runs/p0-astra-all-maps-20260922-001/3m/jev,jev_gpt6,437.9999999946449,1
smac-hard/jev_runs/p0-astra-all-maps-20260922-001/3m/jev,jev_gpt6,468.00000000803266,1
smac-hard/jev_runs/p0-astra-all-maps-20260922-001/3m/jev,jev_gpt6,375.0,1
smac-hard/jev_runs/p0-astra-all-maps-20260922-001/3m/jev,jev_gpt6,391.00000000325963,1
smac-hard/jev_runs/p0-astra-all-maps-20260922-001/3m/jev,jev_gpt6,389.9999999994179,1
smac-hard/jev_runs/p0-astra-all-maps-20260922-001/3m/jev,jev_gpt6,375.0,1
smac-hard/jev_runs/p0-astra-all-maps-20260922-001/3m/jev,jev_gpt6,437.0000000053551,1
smac-hard/jev_runs/p0-astra-all-maps-20260922-001/3m/jev,jev_gpt6,485.0000000005821,1
smac-hard/jev_runs/p0-astra-all-maps-20260922-001/3m/jev,jev_gpt6,358.99999999674037,1
smac-hard/jev_runs/p0-astra-all-maps-20260922-001/3m/jev,jev_gpt6,375.0,1
smac-hard/jev_runs/p0-astra-all-maps-20260922-001/3m/jev,jev_gpt6,389.9999999994179,1
smac-hard/jev_runs/p0-astra-all-maps-20260922-001/3m/jev,jev_gpt6,421.99999999138527,1
smac-hard/jev_runs/p0-astra-all-maps-20260922-001/3m/jev,jev_gpt6,375.0,1
smac-hard/jev_runs/all-maps-20260921-001/8m/jev,jev_only,1219.0000000009604,1
smac-hard/jev_runs/all-maps-20260921-001/8m/jev,jev_only,453.0000000013388,1
smac-hard/jev_runs/all-maps-20260921-001/8m/jev,jev_only,436.99999999807915,1
smac-hard/jev_runs/all-maps-20260921-001/8m/jev,jev_only,405.9999999990396,1
smac-hard/jev_runs/all-maps-20260921-001/8m/jev,jev_only,469.0000000009604,1
smac-hard/jev_runs/all-maps-20260921-001/8m/jev,jev_only,500.0,1
smac-hard/jev_runs/all-maps-20260921-001/8m/jev,jev_only,844.0000000009604,1
smac-hard/jev_runs/all-maps-20260921-001/8m/jev,jev_only,485.0000000005821,1
smac-hard/jev_runs/all-maps-20260921-001/8m/jev,jev_only,500.0,1
smac-hard/jev_runs/all-maps-20260921-001/8m/jev,jev_only,671.9999999986612,1
smac-hard/jev_runs/all-maps-20260921-001/8m/jev,jev_only,468.99999999732245,1
smac-hard/jev_runs/all-maps-20260921-001/8m/jev,jev_only,594.0000000009604,1
smac-hard/jev_runs/all-maps-20260921-001/8m/jev,jev_only,469.0000000009604,1
smac-hard/jev_runs/all-maps-20260921-001/8m/jev,jev_only,500.0,1
smac-hard/jev_runs/all-maps-20260921-001/8m/jev,jev_only,655.9999999990396,1
smac-hard/jev_runs/all-maps-20260921-001/8m/jev,jev_only,405.9999999990396,1
smac-hard/jev_runs/all-maps-20260921-001/8m/jev,jev_only,420.9999999984575,1
smac-hard/jev_runs/all-maps-20260921-001/8m/jev,jev_only,421.9999999986612,1
smac-hard/jev_runs/all-maps-20260921-001/8m/jev,jev_only,547.0000000022992,1
smac-hard/jev_runs/all-maps-20260921-001/8m/jev,jev_only,437.9999999982829,1
smac-hard/jev_runs/all-maps-20260921-001/8m/jev,jev_only,405.9999999990396,1
smac-hard/jev_runs/all-maps-20260921-001/8m/jev,jev_only,609.0000000003783,1
smac-hard/jev_runs/all-maps-20260921-001/8m/jev,jev_only,436.99999999807915,1
smac-hard/jev_runs/all-maps-20260921-001/8m/jev,jev_only,422.0000000022992,1
smac-hard/jev_runs/all-maps-20260921-001/8m/jev,jev_only,405.9999999990396,1
smac-hard/jev_runs/all-maps-20260921-001/8m/jev,jev_only,469.0000000009604,1
smac-hard/jev_runs/all-maps-20260921-001/8m/jev,jev_only,500.0,1
smac-hard/jev_runs/all-maps-20260921-001/8m/jev,jev_only,484.00000000037835,1
smac-hard/jev_runs/all-maps-20260921-001/8m/jev,jev_only,500.0,1
smac-hard/jev_runs/all-maps-20260921-001/8m/jev,jev_only,500.0,1
smac-hard/jev_runs/all-maps-20260921-001/8m/jev,jev_only,469.0000000009604,1
smac-hard/jev_runs/all-maps-20260921-001/8m/jev,jev_only,484.00000000037835,1
smac-hard/jev_runs/all-maps-20260921-001/8m/jev,jev_only,514.9999999994179,1
smac-hard/jev_runs/all-maps-20260921-001/8m/jev,jev_only,639.9999999994179,1
smac-hard/jev_runs/all-maps-20260921-001/8m/jev,jev_only,687.9999999982829,1
smac-hard/jev_runs/all-maps-20260921-001/8m/jev,jev_only,530.9999999990396,1
smac-hard/jev_runs/all-maps-20260921-001/8m/jev,jev_only,483.99999999674037,1
smac-hard/jev_runs/all-maps-20260921-001/8m/jev,jev_only,421.9999999986612,1
smac-hard/jev_runs/all-maps-20260921-001/8m/jev,jev_only,468.0000000007567,1
smac-hard/jev_runs/all-maps-20260921-001/8m/jev,jev_only,453.0000000013388,1
smac-hard/jev_runs/all-maps-20260921-001/8m/jev,jev_only,405.9999999990396,1
smac-hard/jev_runs/all-maps-20260921-001/8m/jev,jev_only,389.9999999994179,1
smac-hard/jev_runs/all-maps-20260921-001/8m/jev,jev_only,389.9999999994179,1
smac-hard/jev_runs/all-maps-20260921-001/8m/jev,jev_only,592.9999999971187,1
smac-hard/jev_runs/all-maps-20260921-001/8m/jev,jev_only,390.99999999962165,1
smac-hard/jev_runs/all-maps-20260921-001/8m/jev,jev_only,421.9999999986612,1
smac-hard/jev_runs/all-maps-20260921-001/8m/jev,jev_only,406.00000000267755,1
smac-hard/jev_runs/all-maps-20260921-001/8m/jev,jev_only,467.9999999971187,1
smac-hard/jev_runs/all-maps-20260921-001/8m/jev,jev_only,468.99999999732245,1
smac-hard/jev_runs/all-maps-20260921-001/8m/jev,jev_only,469.0000000009604,1
smac-hard/jev_runs/all-maps-20260921-001/8m/jev,jev_only,485.0000000005821,1
smac-hard/jev_runs/all-maps-20260921-001/8m/jev,jev_only,500.0,1
smac-hard/jev_runs/all-maps-20260921-001/8m/jev,jev_only,468.99999999732245,1
smac-hard/jev_runs/all-maps-20260921-001/8m/jev,jev_only,454.0000000015425,1
smac-hard/jev_runs/all-maps-20260921-001/8m/jev,jev_only,438.00000000192085,1
smac-hard/jev_runs/all-maps-20260921-001/8m/jev,jev_only,437.9999999982829,1
smac-hard/jev_runs/all-maps-20260921-001/8m/jev,jev_only,438.00000000192085,1
smac-hard/jev_runs/all-maps-20260921-001/8m/jev,jev_only,500.0,1
smac-hard/jev_runs/all-maps-20260921-001/8m/jev,jev_only,469.0000000009604,1
smac-hard/jev_runs/all-maps-20260921-001/8m/jev,jev_only,453.0000000013388,1
smac-hard/jev_runs/all-maps-20260921-001/8m/jev,jev_only,1265.9999999996217,1
smac-hard/jev_runs/all-maps-20260921-001/8m/jev,jev_only,437.0000000017171,1
smac-hard/jev_runs/all-maps-20260921-001/8m/jev,jev_only,671.9999999986612,1
smac-hard/jev_runs/all-maps-20260921-001/8m/jev,jev_only,453.0000000013388,1
smac-hard/jev_runs/p0-astra-all-maps-20260922-001/8m/jev,jev_gpt6,14890.999999988708,1
smac-hard/jev_runs/p0-astra-all-maps-20260922-001/8m/jev,jev_gpt6,500.0,1
smac-hard/jev_runs/p0-astra-all-maps-20260922-001/8m/jev,jev_gpt6,453.00000000861473,1
smac-hard/jev_runs/p0-astra-all-maps-20260922-001/8m/jev,jev_gpt6,531.0000000026776,1
smac-hard/jev_runs/p0-astra-all-maps-20260922-001/8m/jev,jev_gpt6,483.99999999674037,1
smac-hard/jev_runs/p0-astra-all-maps-20260922-001/8m/jev,jev_gpt6,467.99999999348074,1
smac-hard/jev_runs/p0-astra-all-maps-20260922-001/8m/jev,jev_gpt6,483.99999999674037,1
smac-hard/jev_runs/p0-astra-all-maps-20260922-001/8m/jev,jev_gpt6,531.0000000026776,1
smac-hard/jev_runs/p0-astra-all-maps-20260922-001/8m/jev,jev_gpt6,483.99999999674037,1
smac-hard/jev_runs/p0-astra-all-maps-20260922-001/8m/jev,jev_gpt6,468.99999999732245,1
smac-hard/jev_runs/p0-astra-all-maps-20260922-001/8m/jev,jev_gpt6,483.99999999674037,1
smac-hard/jev_runs/p0-astra-all-maps-20260922-001/8m/jev,jev_gpt6,468.99999999732245,1
smac-hard/jev_runs/p0-astra-all-maps-20260922-001/8m/jev,jev_gpt6,485.0000000005821,1
smac-hard/jev_runs/p0-astra-all-maps-20260922-001/8m/jev,jev_gpt6,468.99999999732245,1
smac-hard/jev_runs/p0-astra-all-maps-20260922-001/8m/jev,jev_gpt6,500.0,1
smac-hard/jev_runs/p0-astra-all-maps-20260922-001/8m/jev,jev_gpt6,483.99999999674037,1
smac-hard/jev_runs/p0-astra-all-maps-20260922-001/8m/jev,jev_gpt6,468.99999999732245,1
smac-hard/jev_runs/p0-astra-all-maps-20260922-001/8m/jev,jev_gpt6,514.9999999994179,1
smac-hard/jev_runs/p0-astra-all-maps-20260922-001/8m/jev,jev_gpt6,405.99999998812564,1
smac-hard/jev_runs/p0-astra-all-maps-20260922-001/8m/jev,jev_gpt6,437.0000000053551,1
smac-hard/jev_runs/p0-astra-all-maps-20260922-001/8m/jev,jev_gpt6,453.00000000861473,1
smac-hard/jev_runs/p0-astra-all-maps-20260922-001/8m/jev,jev_gpt6,468.99999999732245,1
smac-hard/jev_runs/p0-astra-all-maps-20260922-001/8m/jev,jev_gpt6,421.99999999138527,1
smac-hard/jev_runs/p0-astra-all-maps-20260922-001/8m/jev,jev_gpt6,422.0000000059372,1
smac-hard/jev_runs/p0-astra-all-maps-20260922-001/8m/jev,jev_gpt6,422.0000000059372,1
smac-hard/jev_runs/p0-astra-all-maps-20260922-001/8m/jev,jev_gpt6,406.00000000267755,1
smac-hard/jev_runs/p0-astra-all-maps-20260922-001/8m/jev,jev_gpt6,406.00000000267755,1
smac-hard/jev_runs/p0-astra-all-maps-20260922-001/8m/jev,jev_gpt6,483.99999999674037,1
smac-hard/jev_runs/p0-astra-all-maps-20260922-001/8m/jev,jev_gpt6,358.99999999674037,1
smac-hard/jev_runs/p0-astra-all-maps-20260922-001/8m/jev,jev_gpt6,485.0000000005821,1
smac-hard/jev_runs/p0-astra-all-maps-20260922-001/8m/jev,jev_gpt6,407.00000000651926,1
smac-hard/jev_runs/p0-astra-all-maps-20260922-001/8m/jev,jev_gpt6,468.99999999732245,1
smac-hard/jev_runs/p0-astra-all-maps-20260922-001/8m/jev,jev_gpt6,437.0000000053551,1
smac-hard/jev_runs/p0-astra-all-maps-20260922-001/8m/jev,jev_gpt6,483.99999999674037,1
smac-hard/jev_runs/p0-astra-all-maps-20260922-001/8m/jev,jev_gpt6,468.99999999732245,1
smac-hard/jev_runs/p0-astra-all-maps-20260922-001/8m/jev,jev_gpt6,500.0,1
smac-hard/jev_runs/p0-astra-all-maps-20260922-001/8m/jev,jev_gpt6,500.0,1
smac-hard/jev_runs/p0-astra-all-maps-20260922-001/8m/jev,jev_gpt6,468.99999999732245,1
smac-hard/jev_runs/p0-astra-all-maps-20260922-001/8m/jev,jev_gpt6,500.0,1
smac-hard/jev_runs/p0-astra-all-maps-20260922-001/8m/jev,jev_gpt6,483.99999999674037,1
smac-hard/jev_runs/p0-astra-all-maps-20260922-001/8m/jev,jev_gpt6,467.99999999348074,1
smac-hard/jev_runs/p0-astra-all-maps-20260922-001/8m/jev,jev_gpt6,483.99999999674037,1
smac-hard/jev_runs/p0-astra-all-maps-20260922-001/8m/jev,jev_gpt6,514.9999999994179,1
smac-hard/jev_runs/p0-astra-all-maps-20260922-001/8m/jev,jev_gpt6,500.0,1
smac-hard/jev_runs/p0-astra-all-maps-20260922-001/8m/jev,jev_gpt6,485.0000000005821,1
smac-hard/jev_runs/p0-astra-all-maps-20260922-001/8m/jev,jev_gpt6,468.99999999732245,1
smac-hard/jev_runs/p0-astra-all-maps-20260922-001/8m/jev,jev_gpt6,468.99999999732245,1
smac-hard/jev_runs/p0-astra-all-maps-20260922-001/8m/jev,jev_gpt6,468.99999999732245,1
smac-hard/jev_runs/p0-astra-all-maps-20260922-001/8m/jev,jev_gpt6,407.00000000651926,1
smac-hard/jev_runs/p0-astra-all-maps-20260922-001/8m/jev,jev_gpt6,452.9999999940628,1
smac-hard/jev_runs/p0-astra-all-maps-20260922-001/8m/jev,jev_gpt6,422.0000000059372,1
smac-hard/jev_runs/p0-astra-all-maps-20260922-001/8m/jev,jev_gpt6,391.00000000325963,1
smac-hard/jev_runs/p0-astra-all-maps-20260922-001/8m/jev,jev_gpt6,422.0000000059372,1
smac-hard/jev_runs/p0-astra-all-maps-20260922-001/8m/jev,jev_gpt6,391.00000000325963,1
smac-hard/jev_runs/p0-astra-all-maps-20260922-001/8m/jev,jev_gpt6,406.99999999196734,1
smac-hard/jev_runs/p0-astra-all-maps-20260922-001/8m/jev,jev_gpt6,375.0,1
smac-hard/jev_runs/p0-astra-all-maps-20260922-001/8m/jev,jev_gpt6,422.0000000059372,1
smac-hard/jev_runs/p0-astra-all-maps-20260922-001/8m/jev,jev_gpt6,391.00000000325963,1
smac-hard/jev_runs/p0-astra-all-maps-20260922-001/8m/jev,jev_gpt6,437.0000000053551,1
smac-hard/jev_runs/p0-astra-all-maps-20260922-001/8m/jev,jev_gpt6,468.00000000803266,1
smac-hard/jev_runs/p0-astra-all-maps-20260922-001/8m/jev,jev_gpt6,437.9999999946449,1
smac-hard/jev_runs/p0-astra-all-maps-20260922-001/8m/jev,jev_gpt6,437.9999999946449,1
smac-hard/jev_runs/p0-astra-all-maps-20260922-001/8m/jev,jev_gpt6,469.00000001187436,1
smac-hard/jev_runs/p0-astra-all-maps-20260922-001/8m/jev,jev_gpt6,547.0000000059372,1
smac-hard/jev_runs/p0-astra-all-maps-20260922-001/8m/jev,jev_gpt6,514.9999999994179,1
smac-hard/jev_runs/p0-astra-all-maps-20260922-001/8m/jev,jev_gpt6,500.0,1
smac-hard/jev_runs/p0-astra-all-maps-20260922-001/8m/jev,jev_gpt6,484.0000000112923,1
smac-hard/jev_runs/p0-astra-all-maps-20260922-001/8m/jev,jev_gpt6,514.9999999994179,1
smac-hard/jev_runs/p0-astra-all-maps-20260922-001/8m/jev,jev_gpt6,437.0000000053551,1
smac-hard/jev_runs/p0-astra-all-maps-20260922-001/8m/jev,jev_gpt6,452.9999999940628,1
smac-hard/jev_runs/p0-astra-all-maps-20260922-001/8m/jev,jev_gpt6,483.99999999674037,1
smac-hard/jev_runs/p0-astra-all-maps-20260922-001/8m/jev,jev_gpt6,483.99999999674037,1
smac-hard/jev_runs/p0-astra-all-maps-20260922-001/8m/jev,jev_gpt6,468.99999999732245,1
smac-hard/jev_runs/p0-astra-all-maps-20260922-001/8m/jev,jev_gpt6,436.9999999908032,1
smac-hard/jev_runs/p0-astra-all-maps-20260922-001/8m/jev,jev_gpt6,422.0000000059372,1
smac-hard/jev_runs/p0-astra-all-maps-20260922-001/8m/jev,jev_gpt6,421.99999999138527,1
smac-hard/jev_runs/p0-astra-all-maps-20260922-001/8m/jev,jev_gpt6,437.0000000053551,1
smac-hard/jev_runs/p0-astra-all-maps-20260922-001/8m/jev,jev_gpt6,468.99999999732245,1
smac-hard/jev_runs/p0-astra-all-maps-20260922-001/8m/jev,jev_gpt6,421.99999999138527,1
smac-hard/jev_runs/p0-astra-all-maps-20260922-001/8m/jev,jev_gpt6,453.00000000861473,1
smac-hard/jev_runs/p0-astra-all-maps-20260922-001/8m/jev,jev_gpt6,500.0,1
smac-hard/jev_runs/p0-astra-all-maps-20260922-001/8m/jev,jev_gpt6,422.0000000059372,1
smac-hard/jev_runs/p0-astra-all-maps-20260922-001/8m/jev,jev_gpt6,406.00000000267755,1
smac-hard/jev_runs/p0-astra-all-maps-20260922-001/8m/jev,jev_gpt6,437.0000000053551,1
smac-hard/jev_runs/p0-astra-all-maps-20260922-001/8m/jev,jev_gpt6,389.9999999994179,1
smac-hard/jev_runs/p0-astra-all-maps-20260922-001/8m/jev,jev_gpt6,421.99999999138527,1
smac-hard/jev_runs/p0-astra-all-maps-20260922-001/8m/jev,jev_gpt6,467.99999999348074,1
smac-hard/jev_runs/p0-astra-all-maps-20260922-001/8m/jev,jev_gpt6,391.00000000325963,1
smac-hard/jev_runs/all-maps-20260921-001/25m/jev,jev_only,1405.9999999990396,1
smac-hard/jev_runs/all-maps-20260921-001/25m/jev,jev_only,827.9999999977008,2
smac-hard/jev_runs/all-maps-20260921-001/25m/jev,jev_only,1000.0,2
smac-hard/jev_runs/all-maps-20260921-001/25m/jev,jev_only,1219.0000000009604,4
smac-hard/jev_runs/all-maps-20260921-001/25m/jev,jev_only,1000.0,5
smac-hard/jev_runs/all-maps-20260921-001/25m/jev,jev_only,1110.000000000582,7
smac-hard/jev_runs/all-maps-20260921-001/25m/jev,jev_only,1015.9999999996217,7
smac-hard/jev_runs/all-maps-20260921-001/25m/jev,jev_only,1078.0000000013388,7
smac-hard/jev_runs/all-maps-20260921-001/25m/jev,jev_only,1047.0000000022992,6
smac-hard/jev_runs/all-maps-20260921-001/25m/jev,jev_only,1078.0000000013388,5
smac-hard/jev_runs/all-maps-20260921-001/25m/jev,jev_only,922.0000000022992,5
smac-hard/jev_runs/all-maps-20260921-001/25m/jev,jev_only,890.9999999996217,5
smac-hard/jev_runs/all-maps-20260921-001/25m/jev,jev_only,547.0000000022992,4
smac-hard/jev_runs/all-maps-20260921-001/25m/jev,jev_only,859.0000000003783,4
smac-hard/jev_runs/all-maps-20260921-001/25m/jev,jev_only,594.0000000009604,4
smac-hard/jev_runs/all-maps-20260921-001/25m/jev,jev_only,547.0000000022992,3
smac-hard/jev_runs/all-maps-20260921-001/25m/jev,jev_only,515.9999999996217,3
smac-hard/jev_runs/all-maps-20260921-001/25m/jev,jev_only,703.0000000013388,2
smac-hard/jev_runs/all-maps-20260921-001/25m/jev,jev_only,468.0000000007567,2
smac-hard/jev_runs/all-maps-20260921-001/25m/jev,jev_only,655.9999999990396,1
smac-hard/jev_runs/all-maps-20260921-001/25m/jev,jev_only,422.0000000022992,1
smac-hard/jev_runs/all-maps-20260921-001/25m/jev,jev_only,562.0000000017171,1
smac-hard/jev_runs/all-maps-20260921-001/25m/jev,jev_only,515.9999999996217,2
smac-hard/jev_runs/all-maps-20260921-001/25m/jev,jev_only,530.9999999990396,2
smac-hard/jev_runs/all-maps-20260921-001/25m/jev,jev_only,1297.0000000022992,4
smac-hard/jev_runs/all-maps-20260921-001/25m/jev,jev_only,969.0000000009604,5
smac-hard/jev_runs/all-maps-20260921-001/25m/jev,jev_only,984.0000000003783,7
smac-hard/jev_runs/all-maps-20260921-001/25m/jev,jev_only,1000.0,7
smac-hard/jev_runs/all-maps-20260921-001/25m/jev,jev_only,984.0000000003783,7
smac-hard/jev_runs/all-maps-20260921-001/25m/jev,jev_only,1155.9999999990396,6
smac-hard/jev_runs/all-maps-20260921-001/25m/jev,jev_only,1014.9999999994179,5
smac-hard/jev_runs/all-maps-20260921-001/25m/jev,jev_only,1078.0000000013388,5
smac-hard/jev_runs/all-maps-20260921-001/25m/jev,jev_only,797.0000000022992,4
smac-hard/jev_runs/all-maps-20260921-001/25m/jev,jev_only,500.0,4
smac-hard/jev_runs/all-maps-20260921-001/25m/jev,jev_only,704.0000000015425,4
smac-hard/jev_runs/all-maps-20260921-001/25m/jev,jev_only,514.9999999994179,4
smac-hard/jev_runs/all-maps-20260921-001/25m/jev,jev_only,531.9999999992433,3
smac-hard/jev_runs/all-maps-20260921-001/25m/jev,jev_only,609.0000000003783,3
smac-hard/jev_runs/all-maps-20260921-001/25m/jev,jev_only,657.0000000028813,2
smac-hard/jev_runs/all-maps-20260921-001/25m/jev,jev_only,703.0000000013388,2
smac-hard/jev_runs/all-maps-20260921-001/25m/jev,jev_only,485.0000000005821,1
smac-hard/jev_runs/all-maps-20260921-001/25m/jev,jev_only,484.00000000037835,1
smac-hard/jev_runs/all-maps-20260921-001/25m/jev,jev_only,687.0000000017171,1
smac-hard/jev_runs/all-maps-20260921-001/25m/jev,jev_only,530.9999999990396,2
smac-hard/jev_runs/all-maps-20260921-001/25m/jev,jev_only,610.0000000005821,2
smac-hard/jev_runs/all-maps-20260921-001/25m/jev,jev_only,1014.9999999994179,4
smac-hard/jev_runs/all-maps-20260921-001/25m/jev,jev_only,1000.0,5
smac-hard/jev_runs/all-maps-20260921-001/25m/jev,jev_only,953.0000000013388,7
smac-hard/jev_runs/all-maps-20260921-001/25m/jev,jev_only,984.0000000003783,7
smac-hard/jev_runs/all-maps-20260921-001/25m/jev,jev_only,1109.0000000003783,7
smac-hard/jev_runs/all-maps-20260921-001/25m/jev,jev_only,967.9999999971187,6
smac-hard/jev_runs/all-maps-20260921-001/25m/jev,jev_only,1015.9999999996217,5
smac-hard/jev_runs/all-maps-20260921-001/25m/jev,jev_only,1031.0000000026776,5
smac-hard/jev_runs/all-maps-20260921-001/25m/jev,jev_only,686.9999999980791,4
smac-hard/jev_runs/all-maps-20260921-001/25m/jev,jev_only,671.9999999986612,4
smac-hard/jev_runs/all-maps-20260921-001/25m/jev,jev_only,704.0000000015425,4
smac-hard/jev_runs/all-maps-20260921-001/25m/jev,jev_only,860.0000000005821,3
smac-hard/jev_runs/all-maps-20260921-001/25m/jev,jev_only,765.9999999996217,3
smac-hard/jev_runs/all-maps-20260921-001/25m/jev,jev_only,500.0,2
smac-hard/jev_runs/all-maps-20260921-001/25m/jev,jev_only,500.0,2
smac-hard/jev_runs/all-maps-20260921-001/25m/jev,jev_only,468.99999999732245,2
smac-hard/jev_runs/all-maps-20260921-001/25m/jev,jev_only,452.9999999977008,1
smac-hard/jev_runs/p0-astra-all-maps-20260922-001/25m/jev,jev_gpt6,5342.999999993481,2
smac-hard/jev_runs/p0-astra-all-maps-20260922-001/25m/jev,jev_gpt6,500.0,2
smac-hard/jev_runs/p0-astra-all-maps-20260922-001/25m/jev,jev_gpt6,4655.999999988126,3
smac-hard/jev_runs/p0-astra-all-maps-20260922-001/25m/jev,jev_gpt6,5202.999999994063,4
smac-hard/jev_runs/p0-astra-all-maps-20260922-001/25m/jev,jev_gpt6,936.9999999908032,5
smac-hard/jev_runs/p0-astra-all-maps-20260922-001/25m/jev,jev_gpt6,1047.0000000059372,5
smac-hard/jev_runs/p0-astra-all-maps-20260922-001/25m/jev,jev_gpt6,952.9999999940628,5
smac-hard/jev_runs/p0-astra-all-maps-20260922-001/25m/jev,jev_gpt6,1000.0,5
smac-hard/jev_runs/p0-astra-all-maps-20260922-001/25m/jev,jev_gpt6,985.0000000005821,5
smac-hard/jev_runs/p0-astra-all-maps-20260922-001/25m/jev,jev_gpt6,937.9999999946449,5
smac-hard/jev_runs/p0-astra-all-maps-20260922-001/25m/jev,jev_gpt6,952.9999999940628,5
smac-hard/jev_runs/p0-astra-all-maps-20260922-001/25m/jev,jev_gpt6,500.0,4
smac-hard/jev_runs/p0-astra-all-maps-20260922-001/25m/jev,jev_gpt6,516.0000000032596,4
smac-hard/jev_runs/p0-astra-all-maps-20260922-001/25m/jev,jev_gpt6,532.0000000065193,3
smac-hard/jev_runs/p0-astra-all-maps-20260922-001/25m/jev,jev_gpt6,516.0000000032596,3
smac-hard/jev_runs/p0-astra-all-maps-20260922-001/25m/jev,jev_gpt6,577.9999999940628,3
smac-hard/jev_runs/p0-astra-all-maps-20260922-001/25m/jev,jev_gpt6,514.9999999994179,3
smac-hard/jev_runs/p0-astra-all-maps-20260922-001/25m/jev,jev_gpt6,516.0000000032596,2
smac-hard/jev_runs/p0-astra-all-maps-20260922-001/25m/jev,jev_gpt6,516.0000000032596,2
smac-hard/jev_runs/p0-astra-all-maps-20260922-001/25m/jev,jev_gpt6,500.0,2
smac-hard/jev_runs/p0-astra-all-maps-20260922-001/25m/jev,jev_gpt6,546.9999999913853,2
smac-hard/jev_runs/p0-astra-all-maps-20260922-001/25m/jev,jev_gpt6,500.0,2
smac-hard/jev_runs/p0-astra-all-maps-20260922-001/25m/jev,jev_gpt6,547.0000000059372,1
smac-hard/jev_runs/p0-astra-all-maps-20260922-001/25m/jev,jev_gpt6,484.0000000112923,1
smac-hard/jev_runs/p0-astra-all-maps-20260922-001/25m/jev,jev_gpt6,437.0000000053551,1
smac-hard/jev_runs/p0-astra-all-maps-20260922-001/25m/jev,jev_gpt6,436.9999999908032,1
smac-hard/jev_runs/p0-astra-all-maps-20260922-001/25m/jev,jev_gpt6,422.0000000059372,1
smac-hard/jev_runs/p0-astra-all-maps-20260922-001/25m/jev,jev_gpt6,390.9999999887077,1
smac-hard/jev_runs/p0-astra-all-maps-20260922-001/25m/jev,jev_gpt6,375.0,1
smac-hard/jev_runs/p0-astra-all-maps-20260922-001/25m/jev,jev_gpt6,358.99999999674037,1
smac-hard/jev_runs/p0-astra-all-maps-20260922-001/25m/jev,jev_gpt6,437.0000000053551,1
smac-hard/jev_runs/p0-astra-all-maps-20260922-001/25m/jev,jev_gpt6,485.0000000005821,2
smac-hard/jev_runs/p0-astra-all-maps-20260922-001/25m/jev,jev_gpt6,516.0000000032596,2
smac-hard/jev_runs/p0-astra-all-maps-20260922-001/25m/jev,jev_gpt6,531.0000000026776,2
smac-hard/jev_runs/p0-astra-all-maps-20260922-001/25m/jev,jev_gpt6,4264.999999999418,4
smac-hard/jev_runs/p0-astra-all-maps-20260922-001/25m/jev,jev_gpt6,937.9999999946449,5
smac-hard/jev_runs/p0-astra-all-maps-20260922-001/25m/jev,jev_gpt6,937.9999999946449,5
smac-hard/jev_runs/p0-astra-all-maps-20260922-001/25m/jev,jev_gpt6,968.9999999973224,5
smac-hard/jev_runs/p0-astra-all-maps-20260922-001/25m/jev,jev_gpt6,937.9999999946449,5
smac-hard/jev_runs/p0-astra-all-maps-20260922-001/25m/jev,jev_gpt6,1031.0000000026776,5
smac-hard/jev_runs/p0-astra-all-maps-20260922-001/25m/jev,jev_gpt6,1046.9999999913853,5
smac-hard/jev_runs/p0-astra-all-maps-20260922-001/25m/jev,jev_gpt6,921.9999999913853,5
smac-hard/jev_runs/p0-astra-all-maps-20260922-001/25m/jev,jev_gpt6,546.9999999913853,4
smac-hard/jev_runs/p0-astra-all-maps-20260922-001/25m/jev,jev_gpt6,562.9999999946449,3
smac-hard/jev_runs/p0-astra-all-maps-20260922-001/25m/jev,jev_gpt6,516.0000000032596,3
smac-hard/jev_runs/p0-astra-all-maps-20260922-001/25m/jev,jev_gpt6,484.0000000112923,3
smac-hard/jev_runs/p0-astra-all-maps-20260922-001/25m/jev,jev_gpt6,516.0000000032596,3
smac-hard/jev_runs/p0-astra-all-maps-20260922-001/25m/jev,jev_gpt6,530.9999999881256,3
smac-hard/jev_runs/p0-astra-all-maps-20260922-001/25m/jev,jev_gpt6,562.9999999946449,2
smac-hard/jev_runs/p0-astra-all-maps-20260922-001/25m/jev,jev_gpt6,483.99999999674037,2
smac-hard/jev_runs/p0-astra-all-maps-20260922-001/25m/jev,jev_gpt6,562.0000000053551,2
smac-hard/jev_runs/p0-astra-all-maps-20260922-001/25m/jev,jev_gpt6,500.0,2
smac-hard/jev_runs/p0-astra-all-maps-20260922-001/25m/jev,jev_gpt6,483.99999999674037,2
smac-hard/jev_runs/p0-astra-all-maps-20260922-001/25m/jev,jev_gpt6,500.0,2
smac-hard/jev_runs/p0-astra-all-maps-20260922-001/25m/jev,jev_gpt6,546.9999999913853,2
smac-hard/jev_runs/p0-astra-all-maps-20260922-001/25m/jev,jev_gpt6,531.0000000026776,2
smac-hard/jev_runs/p0-astra-all-maps-20260922-001/25m/jev,jev_gpt6,500.0,2
smac-hard/jev_runs/p0-astra-all-maps-20260922-001/25m/jev,jev_gpt6,516.0000000032596,1
smac-hard/jev_runs/p0-astra-all-maps-20260922-001/25m/jev,jev_gpt6,485.0000000005821,1
smac-hard/jev_runs/p0-astra-all-maps-20260922-001/25m/jev,jev_gpt6,468.99999999732245,1
smac-hard/jev_runs/p0-astra-all-maps-20260922-001/25m/jev,jev_gpt6,468.99999999732245,1
smac-hard/jev_runs/p0-astra-all-maps-20260922-001/25m/jev,jev_gpt6,406.00000000267755,1
smac-hard/jev_runs/p0-astra-all-maps-20260922-001/25m/jev,jev_gpt6,407.00000000651926,1
smac-hard/jev_runs/p0-astra-all-maps-20260922-001/25m/jev,jev_gpt6,437.9999999946449,1
smac-hard/jev_runs/p0-astra-all-maps-20260922-001/25m/jev,jev_gpt6,469.00000001187436,1
smac-hard/jev_runs/p0-astra-all-maps-20260922-001/25m/jev,jev_gpt6,500.0,2
smac-hard/jev_runs/p0-astra-all-maps-20260922-001/25m/jev,jev_gpt6,531.0000000026776,2
smac-hard/jev_runs/p0-astra-all-maps-20260922-001/25m/jev,jev_gpt6,2250.0,3
smac-hard/jev_runs/p0-astra-all-maps-20260922-001/25m/jev,jev_gpt6,10515.999999988708,4
smac-hard/jev_runs/p0-astra-all-maps-20260922-001/25m/jev,jev_gpt6,5875.0,5
smac-hard/jev_runs/p0-astra-all-maps-20260922-001/25m/jev,jev_gpt6,1078.0000000086147,5
smac-hard/jev_runs/p0-astra-all-maps-20260922-001/25m/jev,jev_gpt6,1000.0,5
smac-hard/jev_runs/p0-astra-all-maps-20260922-001/25m/jev,jev_gpt6,1156.9999999919673,5
smac-hard/jev_runs/p0-astra-all-maps-20260922-001/25m/jev,jev_gpt6,1031.0000000026776,5
smac-hard/jev_runs/p0-astra-all-maps-20260922-001/25m/jev,jev_gpt6,983.9999999967404,5
smac-hard/jev_runs/p0-astra-all-maps-20260922-001/25m/jev,jev_gpt6,952.9999999940628,5
smac-hard/jev_runs/p0-astra-all-maps-20260922-001/25m/jev,jev_gpt6,953.9999999979045,5
smac-hard/jev_runs/p0-astra-all-maps-20260922-001/25m/jev,jev_gpt6,515.9999999887077,4
smac-hard/jev_runs/p0-astra-all-maps-20260922-001/25m/jev,jev_gpt6,516.0000000032596,4
smac-hard/jev_runs/p0-astra-all-maps-20260922-001/25m/jev,jev_gpt6,578.0000000086147,3
smac-hard/jev_runs/p0-astra-all-maps-20260922-001/25m/jev,jev_gpt6,547.0000000059372,3
smac-hard/jev_runs/p0-astra-all-maps-20260922-001/25m/jev,jev_gpt6,531.9999999919673,3
smac-hard/jev_runs/p0-astra-all-maps-20260922-001/25m/jev,jev_gpt6,562.0000000053551,3
smac-hard/jev_runs/p0-astra-all-maps-20260922-001/25m/jev,jev_gpt6,500.0,2
smac-hard/jev_runs/p0-astra-all-maps-20260922-001/25m/jev,jev_gpt6,562.9999999946449,2
smac-hard/jev_runs/p0-astra-all-maps-20260922-001/25m/jev,jev_gpt6,516.0000000032596,2
smac-hard/jev_runs/p0-astra-all-maps-20260922-001/25m/jev,jev_gpt6,500.0,2
smac-hard/jev_runs/p0-astra-all-maps-20260922-001/25m/jev,jev_gpt6,514.9999999994179,2
smac-hard/jev_runs/p0-astra-all-maps-20260922-001/25m/jev,jev_gpt6,514.9999999994179,2
smac-hard/jev_runs/p0-astra-all-maps-20260922-001/25m/jev,jev_gpt6,671.9999999913853,2
smac-hard/jev_runs/p0-astra-all-maps-20260922-001/25m/jev,jev_gpt6,500.0,1
smac-hard/jev_runs/p0-astra-all-maps-20260922-001/25m/jev,jev_gpt6,452.9999999940628,1
smac-hard/jev_runs/p0-astra-all-maps-20260922-001/25m/jev,jev_gpt6,531.0000000026776,1
smac-hard/jev_runs/p0-astra-all-maps-20260922-001/25m/jev,jev_gpt6,406.99999999196734,1
smac-hard/jev_runs/p0-astra-all-maps-20260922-001/25m/jev,jev_gpt6,391.00000000325963,1
smac-hard/jev_runs/p0-astra-all-maps-20260922-001/25m/jev,jev_gpt6,406.00000000267755,1
smac-hard/jev_runs/p0-astra-all-maps-20260922-001/25m/jev,jev_gpt6,437.9999999946449,1
smac-hard/jev_runs/p0-astra-all-maps-20260922-001/25m/jev,jev_gpt6,483.99999999674037,1
smac-hard/jev_runs/all-maps-20260921-001/5m_vs_6m/jev,jev_only,967.9999999971187,1
smac-hard/jev_runs/all-maps-20260921-001/5m_vs_6m/jev,jev_only,375.0,1
smac-hard/jev_runs/all-maps-20260921-001/5m_vs_6m/jev,jev_only,375.0,1
smac-hard/jev_runs/all-maps-20260921-001/5m_vs_6m/jev,jev_only,421.9999999986612,1
smac-hard/jev_runs/all-maps-20260921-001/5m_vs_6m/jev,jev_only,390.99999999962165,1
smac-hard/jev_runs/all-maps-20260921-001/5m_vs_6m/jev,jev_only,438.00000000192085,1
smac-hard/jev_runs/all-maps-20260921-001/5m_vs_6m/jev,jev_only,420.9999999984575,1
smac-hard/jev_runs/all-maps-20260921-001/5m_vs_6m/jev,jev_only,437.9999999982829,1
smac-hard/jev_runs/all-maps-20260921-001/5m_vs_6m/jev,jev_only,422.0000000022992,1
smac-hard/jev_runs/all-maps-20260921-001/5m_vs_6m/jev,jev_only,406.9999999992433,1
smac-hard/jev_runs/all-maps-20260921-001/5m_vs_6m/jev,jev_only,375.0,1
smac-hard/jev_runs/all-maps-20260921-001/5m_vs_6m/jev,jev_only,500.0,1
smac-hard/jev_runs/all-maps-20260921-001/5m_vs_6m/jev,jev_only,406.00000000267755,1
smac-hard/jev_runs/all-maps-20260921-001/5m_vs_6m/jev,jev_only,546.9999999986612,1
smac-hard/jev_runs/all-maps-20260921-001/5m_vs_6m/jev,jev_only,545.9999999984575,1
smac-hard/jev_runs/all-maps-20260921-001/5m_vs_6m/jev,jev_only,437.9999999982829,1
smac-hard/jev_runs/all-maps-20260921-001/5m_vs_6m/jev,jev_only,390.99999999962165,1
smac-hard/jev_runs/all-maps-20260921-001/5m_vs_6m/jev,jev_only,360.0000000005821,1
smac-hard/jev_runs/all-maps-20260921-001/5m_vs_6m/jev,jev_only,375.0,1
smac-hard/jev_runs/all-maps-20260921-001/5m_vs_6m/jev,jev_only,514.9999999994179,1
smac-hard/jev_runs/all-maps-20260921-001/5m_vs_6m/jev,jev_only,405.9999999990396,1
smac-hard/jev_runs/all-maps-20260921-001/5m_vs_6m/jev,jev_only,406.00000000267755,1
smac-hard/jev_runs/all-maps-20260921-001/5m_vs_6m/jev,jev_only,421.9999999986612,1
smac-hard/jev_runs/all-maps-20260921-001/5m_vs_6m/jev,jev_only,437.0000000017171,1
smac-hard/jev_runs/all-maps-20260921-001/5m_vs_6m/jev,jev_only,421.9999999986612,1
smac-hard/jev_runs/all-maps-20260921-001/5m_vs_6m/jev,jev_only,593.0000000007567,1
smac-hard/jev_runs/all-maps-20260921-001/5m_vs_6m/jev,jev_only,485.0000000005821,1
smac-hard/jev_runs/all-maps-20260921-001/5m_vs_6m/jev,jev_only,467.9999999971187,1
smac-hard/jev_runs/all-maps-20260921-001/5m_vs_6m/jev,jev_only,594.0000000009604,1
smac-hard/jev_runs/all-maps-20260921-001/5m_vs_6m/jev,jev_only,422.0000000022992,1
smac-hard/jev_runs/all-maps-20260921-001/5m_vs_6m/jev,jev_only,421.9999999986612,1
smac-hard/jev_runs/all-maps-20260921-001/5m_vs_6m/jev,jev_only,405.9999999990396,1
smac-hard/jev_runs/all-maps-20260921-001/5m_vs_6m/jev,jev_only,375.0,1
smac-hard/jev_runs/all-maps-20260921-001/5m_vs_6m/jev,jev_only,421.9999999986612,1
smac-hard/jev_runs/all-maps-20260921-001/5m_vs_6m/jev,jev_only,360.0000000005821,1
smac-hard/jev_runs/all-maps-20260921-001/5m_vs_6m/jev,jev_only,375.0,1
smac-hard/jev_runs/all-maps-20260921-001/5m_vs_6m/jev,jev_only,375.0,1
smac-hard/jev_runs/all-maps-20260921-001/5m_vs_6m/jev,jev_only,359.00000000037835,1
smac-hard/jev_runs/all-maps-20260921-001/5m_vs_6m/jev,jev_only,467.9999999971187,1
smac-hard/jev_runs/all-maps-20260921-001/5m_vs_6m/jev,jev_only,562.9999999982829,1
smac-hard/jev_runs/all-maps-20260921-001/5m_vs_6m/jev,jev_only,438.00000000192085,1
smac-hard/jev_runs/all-maps-20260921-001/5m_vs_6m/jev,jev_only,421.9999999986612,1
smac-hard/jev_runs/all-maps-20260921-001/5m_vs_6m/jev,jev_only,437.0000000017171,1
smac-hard/jev_runs/all-maps-20260921-001/5m_vs_6m/jev,jev_only,500.0,1
smac-hard/jev_runs/all-maps-20260921-001/5m_vs_6m/jev,jev_only,484.00000000037835,1
smac-hard/jev_runs/all-maps-20260921-001/5m_vs_6m/jev,jev_only,468.0000000007567,1
smac-hard/jev_runs/all-maps-20260921-001/5m_vs_6m/jev,jev_only,421.9999999986612,1
smac-hard/jev_runs/all-maps-20260921-001/5m_vs_6m/jev,jev_only,610.0000000005821,1
smac-hard/jev_runs/all-maps-20260921-001/5m_vs_6m/jev,jev_only,469.0000000009604,1
smac-hard/jev_runs/all-maps-20260921-001/5m_vs_6m/jev,jev_only,594.0000000009604,1
smac-hard/jev_runs/all-maps-20260921-001/5m_vs_6m/jev,jev_only,422.0000000022992,1
smac-hard/jev_runs/all-maps-20260921-001/5m_vs_6m/jev,jev_only,452.9999999977008,1
smac-hard/jev_runs/all-maps-20260921-001/5m_vs_6m/jev,jev_only,422.0000000022992,1
smac-hard/jev_runs/all-maps-20260921-001/5m_vs_6m/jev,jev_only,359.00000000037835,1
smac-hard/jev_runs/all-maps-20260921-001/5m_vs_6m/jev,jev_only,375.0,1
smac-hard/jev_runs/p0-astra-all-maps-20260922-001/5m_vs_6m/jev,jev_gpt6,4922.000000005937,1
smac-hard/jev_runs/p0-astra-all-maps-20260922-001/5m_vs_6m/jev,jev_gpt6,406.00000000267755,1
smac-hard/jev_runs/p0-astra-all-maps-20260922-001/5m_vs_6m/jev,jev_gpt6,405.99999998812564,1
smac-hard/jev_runs/p0-astra-all-maps-20260922-001/5m_vs_6m/jev,jev_gpt6,437.0000000053551,1
smac-hard/jev_runs/p0-astra-all-maps-20260922-001/5m_vs_6m/jev,jev_gpt6,437.9999999946449,1
smac-hard/jev_runs/p0-astra-all-maps-20260922-001/5m_vs_6m/jev,jev_gpt6,468.99999999732245,1
smac-hard/jev_runs/p0-astra-all-maps-20260922-001/5m_vs_6m/jev,jev_gpt6,467.99999999348074,1
smac-hard/jev_runs/p0-astra-all-maps-20260922-001/5m_vs_6m/jev,jev_gpt6,468.99999999732245,1
smac-hard/jev_runs/p0-astra-all-maps-20260922-001/5m_vs_6m/jev,jev_gpt6,468.00000000803266,1
smac-hard/jev_runs/p0-astra-all-maps-20260922-001/5m_vs_6m/jev,jev_gpt6,422.0000000059372,1
smac-hard/jev_runs/p0-astra-all-maps-20260922-001/5m_vs_6m/jev,jev_gpt6,422.0000000059372,1
smac-hard/jev_runs/p0-astra-all-maps-20260922-001/5m_vs_6m/jev,jev_gpt6,437.9999999946449,1
smac-hard/jev_runs/p0-astra-all-maps-20260922-001/5m_vs_6m/jev,jev_gpt6,437.9999999946449,1
smac-hard/jev_runs/p0-astra-all-maps-20260922-001/5m_vs_6m/jev,jev_gpt6,422.0000000059372,1
smac-hard/jev_runs/p0-astra-all-maps-20260922-001/5m_vs_6m/jev,jev_gpt6,375.0,1
smac-hard/jev_runs/p0-astra-all-maps-20260922-001/5m_vs_6m/jev,jev_gpt6,391.00000000325963,1
smac-hard/jev_runs/p0-astra-all-maps-20260922-001/5m_vs_6m/jev,jev_gpt6,406.00000000267755,1
smac-hard/jev_runs/p0-astra-all-maps-20260922-001/5m_vs_6m/jev,jev_gpt6,406.00000000267755,1
smac-hard/jev_runs/p0-astra-all-maps-20260922-001/5m_vs_6m/jev,jev_gpt6,391.00000000325963,1
smac-hard/jev_runs/p0-astra-all-maps-20260922-001/5m_vs_6m/jev,jev_gpt6,405.99999998812564,1
smac-hard/jev_runs/p0-astra-all-maps-20260922-001/5m_vs_6m/jev,jev_gpt6,391.00000000325963,1
smac-hard/jev_runs/p0-astra-all-maps-20260922-001/5m_vs_6m/jev,jev_gpt6,358.99999999674037,1
smac-hard/jev_runs/p0-astra-all-maps-20260922-001/5m_vs_6m/jev,jev_gpt6,375.0,1
smac-hard/jev_runs/p0-astra-all-maps-20260922-001/5m_vs_6m/jev,jev_gpt6,389.9999999994179,1
smac-hard/jev_runs/p0-astra-all-maps-20260922-001/5m_vs_6m/jev,jev_gpt6,406.00000000267755,1
smac-hard/jev_runs/p0-astra-all-maps-20260922-001/5m_vs_6m/jev,jev_gpt6,421.99999999138527,1
smac-hard/jev_runs/p0-astra-all-maps-20260922-001/5m_vs_6m/jev,jev_gpt6,485.0000000005821,1
smac-hard/jev_runs/p0-astra-all-maps-20260922-001/5m_vs_6m/jev,jev_gpt6,485.0000000005821,1
smac-hard/jev_runs/p0-astra-all-maps-20260922-001/5m_vs_6m/jev,jev_gpt6,500.0,1
smac-hard/jev_runs/p0-astra-all-maps-20260922-001/5m_vs_6m/jev,jev_gpt6,453.00000000861473,1
smac-hard/jev_runs/p0-astra-all-maps-20260922-001/5m_vs_6m/jev,jev_gpt6,468.99999999732245,1
smac-hard/jev_runs/p0-astra-all-maps-20260922-001/5m_vs_6m/jev,jev_gpt6,452.9999999940628,1
smac-hard/jev_runs/p0-astra-all-maps-20260922-001/5m_vs_6m/jev,jev_gpt6,452.9999999940628,1
smac-hard/jev_runs/p0-astra-all-maps-20260922-001/5m_vs_6m/jev,jev_gpt6,453.00000000861473,1
smac-hard/jev_runs/p0-astra-all-maps-20260922-001/5m_vs_6m/jev,jev_gpt6,452.9999999940628,1
smac-hard/jev_runs/p0-astra-all-maps-20260922-001/5m_vs_6m/jev,jev_gpt6,437.9999999946449,1
smac-hard/jev_runs/p0-astra-all-maps-20260922-001/5m_vs_6m/jev,jev_gpt6,375.0,1
smac-hard/jev_runs/p0-astra-all-maps-20260922-001/5m_vs_6m/jev,jev_gpt6,468.99999999732245,1
smac-hard/jev_runs/p0-astra-all-maps-20260922-001/5m_vs_6m/jev,jev_gpt6,422.0000000059372,1
smac-hard/jev_runs/p0-astra-all-maps-20260922-001/5m_vs_6m/jev,jev_gpt6,406.00000000267755,1
smac-hard/jev_runs/p0-astra-all-maps-20260922-001/5m_vs_6m/jev,jev_gpt6,360.0000000005821,1
smac-hard/jev_runs/p0-astra-all-maps-20260922-001/5m_vs_6m/jev,jev_gpt6,360.0000000005821,1
smac-hard/jev_runs/p0-astra-all-maps-20260922-001/5m_vs_6m/jev,jev_gpt6,343.99999999732245,1
smac-hard/jev_runs/p0-astra-all-maps-20260922-001/5m_vs_6m/jev,jev_gpt6,389.9999999994179,1
smac-hard/jev_runs/p0-astra-all-maps-20260922-001/5m_vs_6m/jev,jev_gpt6,467.99999999348074,1
smac-hard/jev_runs/p0-astra-all-maps-20260922-001/5m_vs_6m/jev,jev_gpt6,422.0000000059372,1
smac-hard/jev_runs/p0-astra-all-maps-20260922-001/5m_vs_6m/jev,jev_gpt6,406.00000000267755,1
smac-hard/jev_runs/p0-astra-all-maps-20260922-001/5m_vs_6m/jev,jev_gpt6,421.99999999138527,1
smac-hard/jev_runs/p0-astra-all-maps-20260922-001/5m_vs_6m/jev,jev_gpt6,421.0000000020955,1
smac-hard/jev_runs/p0-astra-all-maps-20260922-001/5m_vs_6m/jev,jev_gpt6,485.0000000005821,1
smac-hard/jev_runs/p0-astra-all-maps-20260922-001/5m_vs_6m/jev,jev_gpt6,485.0000000005821,1
smac-hard/jev_runs/p0-astra-all-maps-20260922-001/5m_vs_6m/jev,jev_gpt6,796.9999999913853,1
smac-hard/jev_runs/p0-astra-all-maps-20260922-001/5m_vs_6m/jev,jev_gpt6,468.99999999732245,1
smac-hard/jev_runs/p0-astra-all-maps-20260922-001/5m_vs_6m/jev,jev_gpt6,469.00000001187436,1
smac-hard/jev_runs/p0-astra-all-maps-20260922-001/5m_vs_6m/jev,jev_gpt6,453.00000000861473,1
smac-hard/jev_runs/p0-astra-all-maps-20260922-001/5m_vs_6m/jev,jev_gpt6,453.9999999979045,1
smac-hard/jev_runs/p0-astra-all-maps-20260922-001/5m_vs_6m/jev,jev_gpt6,437.9999999946449,1
smac-hard/jev_runs/p0-astra-all-maps-20260922-001/5m_vs_6m/jev,jev_gpt6,437.0000000053551,1
smac-hard/jev_runs/p0-astra-all-maps-20260922-001/5m_vs_6m/jev,jev_gpt6,389.9999999994179,1
smac-hard/jev_runs/p0-astra-all-maps-20260922-001/5m_vs_6m/jev,jev_gpt6,390.9999999887077,1
smac-hard/jev_runs/p0-astra-all-maps-20260922-001/5m_vs_6m/jev,jev_gpt6,438.0000000091968,1
smac-hard/jev_runs/p0-astra-all-maps-20260922-001/5m_vs_6m/jev,jev_gpt6,391.00000000325963,1
smac-hard/jev_runs/p0-astra-all-maps-20260922-001/5m_vs_6m/jev,jev_gpt6,437.0000000053551,1
smac-hard/jev_runs/p0-astra-all-maps-20260922-001/5m_vs_6m/jev,jev_gpt6,391.00000000325963,1
smac-hard/jev_runs/p0-astra-all-maps-20260922-001/5m_vs_6m/jev,jev_gpt6,375.0,1
smac-hard/jev_runs/all-maps-20260921-001/8m_vs_9m/jev,jev_only,1046.9999999986612,1
smac-hard/jev_runs/all-maps-20260921-001/8m_vs_9m/jev,jev_only,438.00000000192085,1
smac-hard/jev_runs/all-maps-20260921-001/8m_vs_9m/jev,jev_only,390.99999999962165,1
smac-hard/jev_runs/all-maps-20260921-001/8m_vs_9m/jev,jev_only,625.0,1
smac-hard/jev_runs/all-maps-20260921-001/8m_vs_9m/jev,jev_only,500.0,1
smac-hard/jev_runs/all-maps-20260921-001/8m_vs_9m/jev,jev_only,516.0000000032596,1
smac-hard/jev_runs/all-maps-20260921-001/8m_vs_9m/jev,jev_only,484.00000000037835,1
smac-hard/jev_runs/all-maps-20260921-001/8m_vs_9m/jev,jev_only,531.9999999992433,1
smac-hard/jev_runs/all-maps-20260921-001/8m_vs_9m/jev,jev_only,530.9999999990396,1
smac-hard/jev_runs/all-maps-20260921-001/8m_vs_9m/jev,jev_only,500.0,1
smac-hard/jev_runs/all-maps-20260921-001/8m_vs_9m/jev,jev_only,452.9999999977008,1
smac-hard/jev_runs/all-maps-20260921-001/8m_vs_9m/jev,jev_only,422.0000000022992,1
smac-hard/jev_runs/all-maps-20260921-001/8m_vs_9m/jev,jev_only,453.0000000013388,1
smac-hard/jev_runs/all-maps-20260921-001/8m_vs_9m/jev,jev_only,577.9999999977008,1
smac-hard/jev_runs/all-maps-20260921-001/8m_vs_9m/jev,jev_only,421.9999999986612,1
smac-hard/jev_runs/all-maps-20260921-001/8m_vs_9m/jev,jev_only,389.9999999994179,1
smac-hard/jev_runs/all-maps-20260921-001/8m_vs_9m/jev,jev_only,422.0000000022992,1
smac-hard/jev_runs/all-maps-20260921-001/8m_vs_9m/jev,jev_only,437.9999999982829,1
smac-hard/jev_runs/all-maps-20260921-001/8m_vs_9m/jev,jev_only,389.9999999994179,1
smac-hard/jev_runs/all-maps-20260921-001/8m_vs_9m/jev,jev_only,389.9999999994179,1
smac-hard/jev_runs/all-maps-20260921-001/8m_vs_9m/jev,jev_only,421.9999999986612,1
smac-hard/jev_runs/all-maps-20260921-001/8m_vs_9m/jev,jev_only,579.0000000015425,1
smac-hard/jev_runs/all-maps-20260921-001/8m_vs_9m/jev,jev_only,437.0000000017171,1
smac-hard/jev_runs/all-maps-20260921-001/8m_vs_9m/jev,jev_only,436.99999999807915,1
smac-hard/jev_runs/all-maps-20260921-001/8m_vs_9m/jev,jev_only,531.0000000026776,1
smac-hard/jev_runs/all-maps-20260921-001/8m_vs_9m/jev,jev_only,484.00000000037835,1
smac-hard/jev_runs/all-maps-20260921-001/8m_vs_9m/jev,jev_only,452.9999999977008,1
smac-hard/jev_runs/all-maps-20260921-001/8m_vs_9m/jev,jev_only,688.0000000019209,1
smac-hard/jev_runs/all-maps-20260921-001/8m_vs_9m/jev,jev_only,468.0000000007567,1
smac-hard/jev_runs/all-maps-20260921-001/8m_vs_9m/jev,jev_only,484.00000000037835,1
smac-hard/jev_runs/all-maps-20260921-001/8m_vs_9m/jev,jev_only,436.99999999807915,1
smac-hard/jev_runs/all-maps-20260921-001/8m_vs_9m/jev,jev_only,625.0,1
smac-hard/jev_runs/all-maps-20260921-001/8m_vs_9m/jev,jev_only,359.00000000037835,1
smac-hard/jev_runs/all-maps-20260921-001/8m_vs_9m/jev,jev_only,421.9999999986612,1
smac-hard/jev_runs/all-maps-20260921-001/8m_vs_9m/jev,jev_only,438.00000000192085,1
smac-hard/jev_runs/all-maps-20260921-001/8m_vs_9m/jev,jev_only,406.9999999992433,1
smac-hard/jev_runs/all-maps-20260921-001/8m_vs_9m/jev,jev_only,422.0000000022992,1
smac-hard/jev_runs/all-maps-20260921-001/8m_vs_9m/jev,jev_only,421.9999999986612,1
smac-hard/jev_runs/all-maps-20260921-001/8m_vs_9m/jev,jev_only,422.0000000022992,1
smac-hard/jev_runs/all-maps-20260921-001/8m_vs_9m/jev,jev_only,594.0000000009604,1
smac-hard/jev_runs/all-maps-20260921-001/8m_vs_9m/jev,jev_only,390.99999999962165,1
smac-hard/jev_runs/all-maps-20260921-001/8m_vs_9m/jev,jev_only,405.9999999990396,1
smac-hard/jev_runs/all-maps-20260921-001/8m_vs_9m/jev,jev_only,563.0000000019209,1
smac-hard/jev_runs/all-maps-20260921-001/8m_vs_9m/jev,jev_only,468.0000000007567,1
smac-hard/jev_runs/all-maps-20260921-001/8m_vs_9m/jev,jev_only,671.9999999986612,1
smac-hard/jev_runs/all-maps-20260921-001/8m_vs_9m/jev,jev_only,639.9999999994179,1
smac-hard/jev_runs/all-maps-20260921-001/8m_vs_9m/jev,jev_only,485.0000000005821,1
smac-hard/jev_runs/all-maps-20260921-001/8m_vs_9m/jev,jev_only,485.0000000005821,1
smac-hard/jev_runs/all-maps-20260921-001/8m_vs_9m/jev,jev_only,454.0000000015425,1
smac-hard/jev_runs/all-maps-20260921-001/8m_vs_9m/jev,jev_only,438.00000000192085,1
smac-hard/jev_runs/all-maps-20260921-001/8m_vs_9m/jev,jev_only,594.0000000009604,1
smac-hard/jev_runs/all-maps-20260921-001/8m_vs_9m/jev,jev_only,500.0,1
smac-hard/jev_runs/all-maps-20260921-001/8m_vs_9m/jev,jev_only,421.9999999986612,1
smac-hard/jev_runs/all-maps-20260921-001/8m_vs_9m/jev,jev_only,389.9999999994179,1
smac-hard/jev_runs/all-maps-20260921-001/8m_vs_9m/jev,jev_only,421.9999999986612,1
smac-hard/jev_runs/all-maps-20260921-001/8m_vs_9m/jev,jev_only,453.0000000013388,1
smac-hard/jev_runs/all-maps-20260921-001/8m_vs_9m/jev,jev_only,421.9999999986612,1
smac-hard/jev_runs/p0-astra-all-maps-20260922-001/8m_vs_9m/jev,jev_gpt6,16358.99999999674,1
smac-hard/jev_runs/p0-astra-all-maps-20260922-001/8m_vs_9m/jev,jev_gpt6,452.9999999940628,1
smac-hard/jev_runs/p0-astra-all-maps-20260922-001/8m_vs_9m/jev,jev_gpt6,421.0000000020955,1
smac-hard/jev_runs/p0-astra-all-maps-20260922-001/8m_vs_9m/jev,jev_gpt6,468.99999999732245,1
smac-hard/jev_runs/p0-astra-all-maps-20260922-001/8m_vs_9m/jev,jev_gpt6,485.0000000005821,1
smac-hard/jev_runs/p0-astra-all-maps-20260922-001/8m_vs_9m/jev,jev_gpt6,500.0,1
smac-hard/jev_runs/p0-astra-all-maps-20260922-001/8m_vs_9m/jev,jev_gpt6,532.0000000065193,1
smac-hard/jev_runs/p0-astra-all-maps-20260922-001/8m_vs_9m/jev,jev_gpt6,514.9999999994179,1
smac-hard/jev_runs/p0-astra-all-maps-20260922-001/8m_vs_9m/jev,jev_gpt6,514.9999999994179,1
smac-hard/jev_runs/p0-astra-all-maps-20260922-001/8m_vs_9m/jev,jev_gpt6,625.0,1
smac-hard/jev_runs/p0-astra-all-maps-20260922-001/8m_vs_9m/jev,jev_gpt6,437.9999999946449,1
smac-hard/jev_runs/p0-astra-all-maps-20260922-001/8m_vs_9m/jev,jev_gpt6,516.0000000032596,1
smac-hard/jev_runs/p0-astra-all-maps-20260922-001/8m_vs_9m/jev,jev_gpt6,531.0000000026776,1
smac-hard/jev_runs/p0-astra-all-maps-20260922-001/8m_vs_9m/jev,jev_gpt6,546.9999999913853,1
smac-hard/jev_runs/p0-astra-all-maps-20260922-001/8m_vs_9m/jev,jev_gpt6,500.0,1
smac-hard/jev_runs/p0-astra-all-maps-20260922-001/8m_vs_9m/jev,jev_gpt6,483.99999999674037,1
smac-hard/jev_runs/p0-astra-all-maps-20260922-001/8m_vs_9m/jev,jev_gpt6,546.0000000020955,1
smac-hard/jev_runs/p0-astra-all-maps-20260922-001/8m_vs_9m/jev,jev_gpt6,546.9999999913853,1
smac-hard/jev_runs/p0-astra-all-maps-20260922-001/8m_vs_9m/jev,jev_gpt6,452.9999999940628,1
smac-hard/jev_runs/p0-astra-all-maps-20260922-001/8m_vs_9m/jev,jev_gpt6,438.0000000091968,1
smac-hard/jev_runs/p0-astra-all-maps-20260922-001/8m_vs_9m/jev,jev_gpt6,437.9999999946449,1
smac-hard/jev_runs/p0-astra-all-maps-20260922-001/8m_vs_9m/jev,jev_gpt6,421.0000000020955,1
smac-hard/jev_runs/p0-astra-all-maps-20260922-001/8m_vs_9m/jev,jev_gpt6,452.9999999940628,1
smac-hard/jev_runs/p0-astra-all-maps-20260922-001/8m_vs_9m/jev,jev_gpt6,421.99999999138527,1
smac-hard/jev_runs/p0-astra-all-maps-20260922-001/8m_vs_9m/jev,jev_gpt6,406.00000000267755,1
smac-hard/jev_runs/p0-astra-all-maps-20260922-001/8m_vs_9m/jev,jev_gpt6,625.0,1
smac-hard/jev_runs/p0-astra-all-maps-20260922-001/8m_vs_9m/jev,jev_gpt6,469.00000001187436,1
smac-hard/jev_runs/p0-astra-all-maps-20260922-001/8m_vs_9m/jev,jev_gpt6,437.0000000053551,1
smac-hard/jev_runs/p0-astra-all-maps-20260922-001/8m_vs_9m/jev,jev_gpt6,468.99999999732245,1
smac-hard/jev_runs/p0-astra-all-maps-20260922-001/8m_vs_9m/jev,jev_gpt6,468.99999999732245,1
smac-hard/jev_runs/p0-astra-all-maps-20260922-001/8m_vs_9m/jev,jev_gpt6,593.9999999973224,1
smac-hard/jev_runs/p0-astra-all-maps-20260922-001/8m_vs_9m/jev,jev_gpt6,531.0000000026776,1
smac-hard/jev_runs/p0-astra-all-maps-20260922-001/8m_vs_9m/jev,jev_gpt6,515.9999999887077,1
smac-hard/jev_runs/p0-astra-all-maps-20260922-001/8m_vs_9m/jev,jev_gpt6,437.0000000053551,1
smac-hard/jev_runs/p0-astra-all-maps-20260922-001/8m_vs_9m/jev,jev_gpt6,453.00000000861473,1
smac-hard/jev_runs/p0-astra-all-maps-20260922-001/8m_vs_9m/jev,jev_gpt6,485.0000000005821,1
smac-hard/jev_runs/p0-astra-all-maps-20260922-001/8m_vs_9m/jev,jev_gpt6,452.9999999940628,1
smac-hard/jev_runs/p0-astra-all-maps-20260922-001/8m_vs_9m/jev,jev_gpt6,531.0000000026776,1
smac-hard/jev_runs/p0-astra-all-maps-20260922-001/8m_vs_9m/jev,jev_gpt6,468.99999999732245,1
smac-hard/jev_runs/p0-astra-all-maps-20260922-001/8m_vs_9m/jev,jev_gpt6,468.99999999732245,1
smac-hard/jev_runs/p0-astra-all-maps-20260922-001/8m_vs_9m/jev,jev_gpt6,421.99999999138527,1
smac-hard/jev_runs/p0-astra-all-maps-20260922-001/8m_vs_9m/jev,jev_gpt6,422.0000000059372,1
smac-hard/jev_runs/p0-astra-all-maps-20260922-001/8m_vs_9m/jev,jev_gpt6,406.00000000267755,1
smac-hard/jev_runs/p0-astra-all-maps-20260922-001/8m_vs_9m/jev,jev_gpt6,405.99999998812564,1
smac-hard/jev_runs/p0-astra-all-maps-20260922-001/8m_vs_9m/jev,jev_gpt6,391.00000000325963,1
smac-hard/jev_runs/p0-astra-all-maps-20260922-001/8m_vs_9m/jev,jev_gpt6,389.9999999994179,1
smac-hard/jev_runs/p0-astra-all-maps-20260922-001/8m_vs_9m/jev,jev_gpt6,389.9999999994179,1
smac-hard/jev_runs/p0-astra-all-maps-20260922-001/8m_vs_9m/jev,jev_gpt6,483.99999999674037,1
smac-hard/jev_runs/p0-astra-all-maps-20260922-001/8m_vs_9m/jev,jev_gpt6,452.9999999940628,1
smac-hard/jev_runs/p0-astra-all-maps-20260922-001/8m_vs_9m/jev,jev_gpt6,407.00000000651926,1
smac-hard/jev_runs/p0-astra-all-maps-20260922-001/8m_vs_9m/jev,jev_gpt6,452.9999999940628,1
smac-hard/jev_runs/p0-astra-all-maps-20260922-001/8m_vs_9m/jev,jev_gpt6,452.9999999940628,1
smac-hard/jev_runs/p0-astra-all-maps-20260922-001/8m_vs_9m/jev,jev_gpt6,485.0000000005821,1
smac-hard/jev_runs/p0-astra-all-maps-20260922-001/8m_vs_9m/jev,jev_gpt6,532.0000000065193,1
smac-hard/jev_runs/p0-astra-all-maps-20260922-001/8m_vs_9m/jev,jev_gpt6,452.9999999940628,1
smac-hard/jev_runs/p0-astra-all-maps-20260922-001/8m_vs_9m/jev,jev_gpt6,483.99999999674037,1
smac-hard/jev_runs/p0-astra-all-maps-20260922-001/8m_vs_9m/jev,jev_gpt6,483.99999999674037,1
smac-hard/jev_runs/p0-astra-all-maps-20260922-001/8m_vs_9m/jev,jev_gpt6,452.9999999940628,1
smac-hard/jev_runs/p0-astra-all-maps-20260922-001/8m_vs_9m/jev,jev_gpt6,483.99999999674037,1
smac-hard/jev_runs/p0-astra-all-maps-20260922-001/8m_vs_9m/jev,jev_gpt6,422.0000000059372,1
smac-hard/jev_runs/p0-astra-all-maps-20260922-001/8m_vs_9m/jev,jev_gpt6,453.00000000861473,1
smac-hard/jev_runs/p0-astra-all-maps-20260922-001/8m_vs_9m/jev,jev_gpt6,453.9999999979045,1
smac-hard/jev_runs/p0-astra-all-maps-20260922-001/8m_vs_9m/jev,jev_gpt6,547.0000000059372,1
smac-hard/jev_runs/p0-astra-all-maps-20260922-001/8m_vs_9m/jev,jev_gpt6,500.0,1
smac-hard/jev_runs/p0-astra-all-maps-20260922-001/8m_vs_9m/jev,jev_gpt6,625.0,1
smac-hard/jev_runs/p0-astra-all-maps-20260922-001/8m_vs_9m/jev,jev_gpt6,421.0000000020955,1
smac-hard/jev_runs/p0-astra-all-maps-20260922-001/8m_vs_9m/jev,jev_gpt6,405.99999998812564,1
smac-hard/jev_runs/p0-astra-all-maps-20260922-001/8m_vs_9m/jev,jev_gpt6,422.0000000059372,1
smac-hard/jev_runs/p0-astra-all-maps-20260922-001/8m_vs_9m/jev,jev_gpt6,437.9999999946449,1
smac-hard/jev_runs/p0-astra-all-maps-20260922-001/8m_vs_9m/jev,jev_gpt6,406.00000000267755,1
smac-hard/jev_runs/p0-astra-all-maps-20260922-001/8m_vs_9m/jev,jev_gpt6,406.00000000267755,1
smac-hard/jev_runs/all-maps-20260921-001/10m_vs_11m/jev,jev_only,1218.9999999973224,1
smac-hard/jev_runs/all-maps-20260921-001/10m_vs_11m/jev,jev_only,735.0000000005821,1
smac-hard/jev_runs/all-maps-20260921-001/10m_vs_11m/jev,jev_only,454.0000000015425,1
smac-hard/jev_runs/all-maps-20260921-001/10m_vs_11m/jev,jev_only,578.0000000013388,1
smac-hard/jev_runs/all-maps-20260921-001/10m_vs_11m/jev,jev_only,671.9999999986612,1
smac-hard/jev_runs/all-maps-20260921-001/10m_vs_11m/jev,jev_only,594.0000000009604,1
smac-hard/jev_runs/all-maps-20260921-001/10m_vs_11m/jev,jev_only,734.0000000003783,2
smac-hard/jev_runs/all-maps-20260921-001/10m_vs_11m/jev,jev_only,500.0,2
smac-hard/jev_runs/all-maps-20260921-001/10m_vs_11m/jev,jev_only,515.9999999996217,2
smac-hard/jev_runs/all-maps-20260921-001/10m_vs_11m/jev,jev_only,671.9999999986612,1
smac-hard/jev_runs/all-maps-20260921-001/10m_vs_11m/jev,jev_only,640.9999999996217,1
smac-hard/jev_runs/all-maps-20260921-001/10m_vs_11m/jev,jev_only,500.0,1
smac-hard/jev_runs/all-maps-20260921-001/10m_vs_11m/jev,jev_only,671.9999999986612,1
smac-hard/jev_runs/all-maps-20260921-001/10m_vs_11m/jev,jev_only,500.0,1
smac-hard/jev_runs/all-maps-20260921-001/10m_vs_11m/jev,jev_only,469.0000000009604,1
smac-hard/jev_runs/all-maps-20260921-001/10m_vs_11m/jev,jev_only,469.0000000009604,1
smac-hard/jev_runs/all-maps-20260921-001/10m_vs_11m/jev,jev_only,422.0000000022992,1
smac-hard/jev_runs/all-maps-20260921-001/10m_vs_11m/jev,jev_only,421.9999999986612,1
smac-hard/jev_runs/all-maps-20260921-001/10m_vs_11m/jev,jev_only,405.9999999990396,1
smac-hard/jev_runs/all-maps-20260921-001/10m_vs_11m/jev,jev_only,375.0,1
smac-hard/jev_runs/all-maps-20260921-001/10m_vs_11m/jev,jev_only,436.99999999807915,1
smac-hard/jev_runs/all-maps-20260921-001/10m_vs_11m/jev,jev_only,452.9999999977008,1
smac-hard/jev_runs/all-maps-20260921-001/10m_vs_11m/jev,jev_only,453.0000000013388,1
smac-hard/jev_runs/all-maps-20260921-001/10m_vs_11m/jev,jev_only,453.0000000013388,1
smac-hard/jev_runs/all-maps-20260921-001/10m_vs_11m/jev,jev_only,485.0000000005821,1
smac-hard/jev_runs/all-maps-20260921-001/10m_vs_11m/jev,jev_only,531.9999999992433,1
smac-hard/jev_runs/all-maps-20260921-001/10m_vs_11m/jev,jev_only,985.0000000005821,2
smac-hard/jev_runs/all-maps-20260921-001/10m_vs_11m/jev,jev_only,530.9999999990396,2
smac-hard/jev_runs/all-maps-20260921-001/10m_vs_11m/jev,jev_only,500.0,2
smac-hard/jev_runs/all-maps-20260921-001/10m_vs_11m/jev,jev_only,500.0,1
smac-hard/jev_runs/all-maps-20260921-001/10m_vs_11m/jev,jev_only,500.0,1
smac-hard/jev_runs/all-maps-20260921-001/10m_vs_11m/jev,jev_only,469.0000000009604,1
smac-hard/jev_runs/all-maps-20260921-001/10m_vs_11m/jev,jev_only,485.0000000005821,1
smac-hard/jev_runs/all-maps-20260921-001/10m_vs_11m/jev,jev_only,485.0000000005821,1
smac-hard/jev_runs/all-maps-20260921-001/10m_vs_11m/jev,jev_only,437.9999999982829,1
smac-hard/jev_runs/all-maps-20260921-001/10m_vs_11m/jev,jev_only,594.0000000009604,1
smac-hard/jev_runs/all-maps-20260921-001/10m_vs_11m/jev,jev_only,422.0000000022992,1
smac-hard/jev_runs/all-maps-20260921-001/10m_vs_11m/jev,jev_only,421.9999999986612,1
smac-hard/jev_runs/all-maps-20260921-001/10m_vs_11m/jev,jev_only,375.0,1
smac-hard/jev_runs/all-maps-20260921-001/10m_vs_11m/jev,jev_only,375.0,1
smac-hard/jev_runs/all-maps-20260921-001/10m_vs_11m/jev,jev_only,406.9999999992433,1
smac-hard/jev_runs/all-maps-20260921-001/10m_vs_11m/jev,jev_only,422.0000000022992,1
smac-hard/jev_runs/all-maps-20260921-001/10m_vs_11m/jev,jev_only,452.9999999977008,1
smac-hard/jev_runs/all-maps-20260921-001/10m_vs_11m/jev,jev_only,579.0000000015425,1
smac-hard/jev_runs/all-maps-20260921-001/10m_vs_11m/jev,jev_only,500.0,1
smac-hard/jev_runs/all-maps-20260921-001/10m_vs_11m/jev,jev_only,688.0000000019209,1
smac-hard/jev_runs/all-maps-20260921-001/10m_vs_11m/jev,jev_only,765.9999999996217,2
smac-hard/jev_runs/all-maps-20260921-001/10m_vs_11m/jev,jev_only,500.0,2
smac-hard/jev_runs/all-maps-20260921-001/10m_vs_11m/jev,jev_only,514.9999999994179,1
smac-hard/jev_runs/all-maps-20260921-001/10m_vs_11m/jev,jev_only,483.99999999674037,1
smac-hard/jev_runs/all-maps-20260921-001/10m_vs_11m/jev,jev_only,468.99999999732245,1
smac-hard/jev_runs/all-maps-20260921-001/10m_vs_11m/jev,jev_only,718.9999999973224,1
smac-hard/jev_runs/all-maps-20260921-001/10m_vs_11m/jev,jev_only,485.0000000005821,1
smac-hard/jev_runs/all-maps-20260921-001/10m_vs_11m/jev,jev_only,454.0000000015425,1
smac-hard/jev_runs/all-maps-20260921-001/10m_vs_11m/jev,jev_only,453.0000000013388,1
smac-hard/jev_runs/all-maps-20260921-001/10m_vs_11m/jev,jev_only,421.9999999986612,1
smac-hard/jev_runs/all-maps-20260921-001/10m_vs_11m/jev,jev_only,437.0000000017171,1
smac-hard/jev_runs/all-maps-20260921-001/10m_vs_11m/jev,jev_only,469.0000000009604,1
smac-hard/jev_runs/all-maps-20260921-001/10m_vs_11m/jev,jev_only,405.9999999990396,1
smac-hard/jev_runs/all-maps-20260921-001/10m_vs_11m/jev,jev_only,453.0000000013388,1
smac-hard/jev_runs/p0-astra-all-maps-20260922-001/10m_vs_11m/jev,jev_gpt6,1343.9999999973224,1
smac-hard/jev_runs/p0-astra-all-maps-20260922-001/10m_vs_11m/jev,jev_gpt6,500.0,1
smac-hard/jev_runs/p0-astra-all-maps-20260922-001/10m_vs_11m/jev,jev_gpt6,436.9999999908032,1
smac-hard/jev_runs/p0-astra-all-maps-20260922-001/10m_vs_11m/jev,jev_gpt6,516.0000000032596,1
smac-hard/jev_runs/p0-astra-all-maps-20260922-001/10m_vs_11m/jev,jev_gpt6,547.0000000059372,1
smac-hard/jev_runs/p0-astra-all-maps-20260922-001/10m_vs_11m/jev,jev_gpt6,563.0000000091968,1
smac-hard/jev_runs/p0-astra-all-maps-20260922-001/10m_vs_11m/jev,jev_gpt6,577.9999999940628,1
smac-hard/jev_runs/p0-astra-all-maps-20260922-001/10m_vs_11m/jev,jev_gpt6,593.9999999973224,1
smac-hard/jev_runs/p0-astra-all-maps-20260922-001/10m_vs_11m/jev,jev_gpt6,625.0,1
smac-hard/jev_runs/p0-astra-all-maps-20260922-001/10m_vs_11m/jev,jev_gpt6,547.0000000059372,1
smac-hard/jev_runs/p0-astra-all-maps-20260922-001/10m_vs_11m/jev,jev_gpt6,578.9999999979045,1
smac-hard/jev_runs/p0-astra-all-maps-20260922-001/10m_vs_11m/jev,jev_gpt6,485.0000000005821,1
smac-hard/jev_runs/p0-astra-all-maps-20260922-001/10m_vs_11m/jev,jev_gpt6,516.0000000032596,1
smac-hard/jev_runs/p0-astra-all-maps-20260922-001/10m_vs_11m/jev,jev_gpt6,500.0,1
smac-hard/jev_runs/p0-astra-all-maps-20260922-001/10m_vs_11m/jev,jev_gpt6,468.99999999732245,1
smac-hard/jev_runs/p0-astra-all-maps-20260922-001/10m_vs_11m/jev,jev_gpt6,438.0000000091968,1
smac-hard/jev_runs/p0-astra-all-maps-20260922-001/10m_vs_11m/jev,jev_gpt6,453.9999999979045,1
smac-hard/jev_runs/p0-astra-all-maps-20260922-001/10m_vs_11m/jev,jev_gpt6,500.0,1
smac-hard/jev_runs/p0-astra-all-maps-20260922-001/10m_vs_11m/jev,jev_gpt6,530.9999999881256,1
smac-hard/jev_runs/p0-astra-all-maps-20260922-001/10m_vs_11m/jev,jev_gpt6,500.0,1
smac-hard/jev_runs/p0-astra-all-maps-20260922-001/10m_vs_11m/jev,jev_gpt6,421.0000000020955,1
smac-hard/jev_runs/p0-astra-all-maps-20260922-001/10m_vs_11m/jev,jev_gpt6,437.9999999946449,1
smac-hard/jev_runs/p0-astra-all-maps-20260922-001/10m_vs_11m/jev,jev_gpt6,422.0000000059372,1
smac-hard/jev_runs/p0-astra-all-maps-20260922-001/10m_vs_11m/jev,jev_gpt6,437.0000000053551,1
smac-hard/jev_runs/p0-astra-all-maps-20260922-001/10m_vs_11m/jev,jev_gpt6,375.0,1
smac-hard/jev_runs/p0-astra-all-maps-20260922-001/10m_vs_11m/jev,jev_gpt6,516.0000000032596,1
smac-hard/jev_runs/p0-astra-all-maps-20260922-001/10m_vs_11m/jev,jev_gpt6,437.0000000053551,1
smac-hard/jev_runs/p0-astra-all-maps-20260922-001/10m_vs_11m/jev,jev_gpt6,484.0000000112923,1
smac-hard/jev_runs/p0-astra-all-maps-20260922-001/10m_vs_11m/jev,jev_gpt6,530.9999999881256,1
smac-hard/jev_runs/p0-astra-all-maps-20260922-001/10m_vs_11m/jev,jev_gpt6,562.0000000053551,1
smac-hard/jev_runs/p0-astra-all-maps-20260922-001/10m_vs_11m/jev,jev_gpt6,500.0,1
smac-hard/jev_runs/p0-astra-all-maps-20260922-001/10m_vs_11m/jev,jev_gpt6,609.0000000112923,1
smac-hard/jev_runs/p0-astra-all-maps-20260922-001/10m_vs_11m/jev,jev_gpt6,656.0000000026776,1
smac-hard/jev_runs/p0-astra-all-maps-20260922-001/10m_vs_11m/jev,jev_gpt6,500.0,1
smac-hard/jev_runs/p0-astra-all-maps-20260922-001/10m_vs_11m/jev,jev_gpt6,483.99999999674037,1
smac-hard/jev_runs/p0-astra-all-maps-20260922-001/10m_vs_11m/jev,jev_gpt6,514.9999999994179,1
smac-hard/jev_runs/p0-astra-all-maps-20260922-001/10m_vs_11m/jev,jev_gpt6,437.9999999946449,1
smac-hard/jev_runs/p0-astra-all-maps-20260922-001/10m_vs_11m/jev,jev_gpt6,485.0000000005821,1
smac-hard/jev_runs/p0-astra-all-maps-20260922-001/10m_vs_11m/jev,jev_gpt6,452.9999999940628,1
smac-hard/jev_runs/p0-astra-all-maps-20260922-001/10m_vs_11m/jev,jev_gpt6,437.9999999946449,1
smac-hard/jev_runs/p0-astra-all-maps-20260922-001/10m_vs_11m/jev,jev_gpt6,453.00000000861473,1
smac-hard/jev_runs/p0-astra-all-maps-20260922-001/10m_vs_11m/jev,jev_gpt6,437.0000000053551,1
smac-hard/jev_runs/p0-astra-all-maps-20260922-001/10m_vs_11m/jev,jev_gpt6,436.9999999908032,1
smac-hard/jev_runs/p0-astra-all-maps-20260922-001/10m_vs_11m/jev,jev_gpt6,453.00000000861473,1
smac-hard/jev_runs/p0-astra-all-maps-20260922-001/10m_vs_11m/jev,jev_gpt6,421.99999999138527,1
smac-hard/jev_runs/p0-astra-all-maps-20260922-001/10m_vs_11m/jev,jev_gpt6,485.0000000005821,1
smac-hard/jev_runs/p0-astra-all-maps-20260922-001/10m_vs_11m/jev,jev_gpt6,468.99999999732245,1
smac-hard/jev_runs/p0-astra-all-maps-20260922-001/10m_vs_11m/jev,jev_gpt6,500.0,1
smac-hard/jev_runs/p0-astra-all-maps-20260922-001/10m_vs_11m/jev,jev_gpt6,375.0,1
smac-hard/jev_runs/p0-astra-all-maps-20260922-001/10m_vs_11m/jev,jev_gpt6,532.0000000065193,1
smac-hard/jev_runs/p0-astra-all-maps-20260922-001/10m_vs_11m/jev,jev_gpt6,500.0,1
smac-hard/jev_runs/p0-astra-all-maps-20260922-001/10m_vs_11m/jev,jev_gpt6,436.9999999908032,1
smac-hard/jev_runs/p0-astra-all-maps-20260922-001/10m_vs_11m/jev,jev_gpt6,547.0000000059372,1
smac-hard/jev_runs/p0-astra-all-maps-20260922-001/10m_vs_11m/jev,jev_gpt6,515.9999999887077,1
smac-hard/jev_runs/p0-astra-all-maps-20260922-001/10m_vs_11m/jev,jev_gpt6,593.9999999973224,1
smac-hard/jev_runs/p0-astra-all-maps-20260922-001/10m_vs_11m/jev,jev_gpt6,516.0000000032596,1
smac-hard/jev_runs/p0-astra-all-maps-20260922-001/10m_vs_11m/jev,jev_gpt6,577.9999999940628,1
smac-hard/jev_runs/p0-astra-all-maps-20260922-001/10m_vs_11m/jev,jev_gpt6,516.0000000032596,1
smac-hard/jev_runs/p0-astra-all-maps-20260922-001/10m_vs_11m/jev,jev_gpt6,546.9999999913853,1
smac-hard/jev_runs/p0-astra-all-maps-20260922-001/10m_vs_11m/jev,jev_gpt6,500.0,1
smac-hard/jev_runs/p0-astra-all-maps-20260922-001/10m_vs_11m/jev,jev_gpt6,577.9999999940628,1
smac-hard/jev_runs/p0-astra-all-maps-20260922-001/10m_vs_11m/jev,jev_gpt6,468.99999999732245,1
smac-hard/jev_runs/p0-astra-all-maps-20260922-001/10m_vs_11m/jev,jev_gpt6,438.0000000091968,1
smac-hard/jev_runs/p0-astra-all-maps-20260922-001/10m_vs_11m/jev,jev_gpt6,468.99999999732245,1
smac-hard/jev_runs/p0-astra-all-maps-20260922-001/10m_vs_11m/jev,jev_gpt6,485.0000000005821,1
smac-hard/jev_runs/p0-astra-all-maps-20260922-001/10m_vs_11m/jev,jev_gpt6,421.99999999138527,1
smac-hard/jev_runs/p0-astra-all-maps-20260922-001/10m_vs_11m/jev,jev_gpt6,562.0000000053551,1
smac-hard/jev_runs/p0-astra-all-maps-20260922-001/10m_vs_11m/jev,jev_gpt6,421.99999999138527,1
smac-hard/jev_runs/p0-astra-all-maps-20260922-001/10m_vs_11m/jev,jev_gpt6,531.0000000026776,1
smac-hard/jev_runs/p0-astra-all-maps-20260922-001/10m_vs_11m/jev,jev_gpt6,546.9999999913853,1
smac-hard/jev_runs/p0-astra-all-maps-20260922-001/10m_vs_11m/jev,jev_gpt6,468.99999999732245,1
smac-hard/jev_runs/p0-astra-all-maps-20260922-001/10m_vs_11m/jev,jev_gpt6,407.00000000651926,1
smac-hard/jev_runs/p0-astra-all-maps-20260922-001/10m_vs_11m/jev,jev_gpt6,422.0000000059372,1
smac-hard/jev_runs/p0-astra-all-maps-20260922-001/10m_vs_11m/jev,jev_gpt6,422.0000000059372,1
smac-hard/jev_runs/p0-astra-all-maps-20260922-001/10m_vs_11m/jev,jev_gpt6,437.9999999946449,1
smac-hard/jev_runs/all-maps-20260921-001/27m_vs_30m/jev,jev_only,1405.9999999990396,2
smac-hard/jev_runs/all-maps-20260921-001/27m_vs_30m/jev,jev_only,797.0000000022992,3
smac-hard/jev_runs/all-maps-20260921-001/27m_vs_30m/jev,jev_only,1078.0000000013388,5
smac-hard/jev_runs/all-maps-20260921-001/27m_vs_30m/jev,jev_only,984.0000000003783,7
smac-hard/jev_runs/all-maps-20260921-001/27m_vs_30m/jev,jev_only,1968.9999999973224,9
smac-hard/jev_runs/all-maps-20260921-001/27m_vs_30m/jev,jev_only,1375.0,9
smac-hard/jev_runs/all-maps-20260921-001/27m_vs_30m/jev,jev_only,1329.0000000015425,9
smac-hard/jev_runs/all-maps-20260921-001/27m_vs_30m/jev,jev_only,1593.9999999973224,9
smac-hard/jev_runs/all-maps-20260921-001/27m_vs_30m/jev,jev_only,1202.9999999977008,8
smac-hard/jev_runs/all-maps-20260921-001/27m_vs_30m/jev,jev_only,1015.9999999996217,7
smac-hard/jev_runs/all-maps-20260921-001/27m_vs_30m/jev,jev_only,1219.0000000009604,7
smac-hard/jev_runs/all-maps-20260921-001/27m_vs_30m/jev,jev_only,967.9999999971187,6
smac-hard/jev_runs/all-maps-20260921-001/27m_vs_30m/jev,jev_only,1156.9999999992433,6
smac-hard/jev_runs/all-maps-20260921-001/27m_vs_30m/jev,jev_only,891.0000000032596,5
smac-hard/jev_runs/all-maps-20260921-001/27m_vs_30m/jev,jev_only,780.9999999990396,4
smac-hard/jev_runs/all-maps-20260921-001/27m_vs_30m/jev,jev_only,655.9999999990396,4
smac-hard/jev_runs/all-maps-20260921-001/27m_vs_30m/jev,jev_only,437.0000000017171,3
smac-hard/jev_runs/all-maps-20260921-001/27m_vs_30m/jev,jev_only,702.9999999977008,2
smac-hard/jev_runs/all-maps-20260921-001/27m_vs_30m/jev,jev_only,500.0,1
smac-hard/jev_runs/all-maps-20260921-001/27m_vs_30m/jev,jev_only,531.0000000026776,2
smac-hard/jev_runs/all-maps-20260921-001/27m_vs_30m/jev,jev_only,719.0000000009604,2
smac-hard/jev_runs/all-maps-20260921-001/27m_vs_30m/jev,jev_only,936.9999999980791,5
smac-hard/jev_runs/all-maps-20260921-001/27m_vs_30m/jev,jev_only,1062.9999999982829,7
smac-hard/jev_runs/all-maps-20260921-001/27m_vs_30m/jev,jev_only,1015.9999999996217,8
smac-hard/jev_runs/all-maps-20260921-001/27m_vs_30m/jev,jev_only,1360.000000000582,9
smac-hard/jev_runs/all-maps-20260921-001/27m_vs_30m/jev,jev_only,1360.000000000582,9
smac-hard/jev_runs/all-maps-20260921-001/27m_vs_30m/jev,jev_only,1422.0000000022992,9
smac-hard/jev_runs/all-maps-20260921-001/27m_vs_30m/jev,jev_only,1514.999999999418,8
smac-hard/jev_runs/all-maps-20260921-001/27m_vs_30m/jev,jev_only,984.0000000003783,7
smac-hard/jev_runs/all-maps-20260921-001/27m_vs_30m/jev,jev_only,968.0000000007567,7
smac-hard/jev_runs/all-maps-20260921-001/27m_vs_30m/jev,jev_only,969.0000000009604,6
smac-hard/jev_runs/all-maps-20260921-001/27m_vs_30m/jev,jev_only,969.0000000009604,5
smac-hard/jev_runs/all-maps-20260921-001/27m_vs_30m/jev,jev_only,905.9999999990396,5
smac-hard/jev_runs/all-maps-20260921-001/27m_vs_30m/jev,jev_only,547.0000000022992,4
smac-hard/jev_runs/all-maps-20260921-001/27m_vs_30m/jev,jev_only,546.9999999986612,4
smac-hard/jev_runs/all-maps-20260921-001/27m_vs_30m/jev,jev_only,657.0000000028813,3
smac-hard/jev_runs/all-maps-20260921-001/27m_vs_30m/jev,jev_only,655.9999999990396,2
smac-hard/jev_runs/all-maps-20260921-001/27m_vs_30m/jev,jev_only,469.0000000009604,1
smac-hard/jev_runs/all-maps-20260921-001/27m_vs_30m/jev,jev_only,515.9999999996217,2
smac-hard/jev_runs/all-maps-20260921-001/27m_vs_30m/jev,jev_only,500.0,3
smac-hard/jev_runs/all-maps-20260921-001/27m_vs_30m/jev,jev_only,561.9999999980791,4
smac-hard/jev_runs/all-maps-20260921-001/27m_vs_30m/jev,jev_only,1125.0,7
smac-hard/jev_runs/all-maps-20260921-001/27m_vs_30m/jev,jev_only,1110.000000000582,7
smac-hard/jev_runs/all-maps-20260921-001/27m_vs_30m/jev,jev_only,1420.9999999984575,9
smac-hard/jev_runs/all-maps-20260921-001/27m_vs_30m/jev,jev_only,1375.0,9
smac-hard/jev_runs/all-maps-20260921-001/27m_vs_30m/jev,jev_only,1500.0,9
smac-hard/jev_runs/all-maps-20260921-001/27m_vs_30m/jev,jev_only,967.9999999971187,8
smac-hard/jev_runs/all-maps-20260921-001/27m_vs_30m/jev,jev_only,1219.0000000009604,7
smac-hard/jev_runs/all-maps-20260921-001/27m_vs_30m/jev,jev_only,1125.0,7
smac-hard/jev_runs/all-maps-20260921-001/27m_vs_30m/jev,jev_only,969.0000000009604,6
smac-hard/jev_runs/all-maps-20260921-001/27m_vs_30m/jev,jev_only,1235.000000000582,6
smac-hard/jev_runs/all-maps-20260921-001/27m_vs_30m/jev,jev_only,875.0,5
smac-hard/jev_runs/all-maps-20260921-001/27m_vs_30m/jev,jev_only,655.9999999990396,4
smac-hard/jev_runs/all-maps-20260921-001/27m_vs_30m/jev,jev_only,515.9999999996217,3
smac-hard/jev_runs/all-maps-20260921-001/27m_vs_30m/jev,jev_only,468.0000000007567,3
smac-hard/jev_runs/all-maps-20260921-001/27m_vs_30m/jev,jev_only,671.9999999986612,2
smac-hard/jev_runs/all-maps-20260921-001/27m_vs_30m/jev,jev_only,1000.0,2
smac-hard/jev_runs/p0-astra-all-maps-20260922-001/27m_vs_30m/jev,jev_gpt6,1422.0000000059372,2
smac-hard/jev_runs/p0-astra-all-maps-20260922-001/27m_vs_30m/jev,jev_gpt6,1235.000000000582,3
smac-hard/jev_runs/p0-astra-all-maps-20260922-001/27m_vs_30m/jev,jev_gpt6,1343.9999999973224,5
smac-hard/jev_runs/p0-astra-all-maps-20260922-001/27m_vs_30m/jev,jev_gpt6,968.9999999973224,6
smac-hard/jev_runs/p0-astra-all-maps-20260922-001/27m_vs_30m/jev,jev_gpt6,1032.0000000065193,7
smac-hard/jev_runs/p0-astra-all-maps-20260922-001/27m_vs_30m/jev,jev_gpt6,1109.0000000112923,7
smac-hard/jev_runs/p0-astra-all-maps-20260922-001/27m_vs_30m/jev,jev_gpt6,1046.9999999913853,7
smac-hard/jev_runs/p0-astra-all-maps-20260922-001/27m_vs_30m/jev,jev_gpt6,1062.999999994645,7
smac-hard/jev_runs/p0-astra-all-maps-20260922-001/27m_vs_30m/jev,jev_gpt6,983.9999999967404,6
smac-hard/jev_runs/p0-astra-all-maps-20260922-001/27m_vs_30m/jev,jev_gpt6,983.9999999967404,6
smac-hard/jev_runs/p0-astra-all-maps-20260922-001/27m_vs_30m/jev,jev_gpt6,1046.9999999913853,6
smac-hard/jev_runs/p0-astra-all-maps-20260922-001/27m_vs_30m/jev,jev_gpt6,1062.999999994645,5
smac-hard/jev_runs/p0-astra-all-maps-20260922-001/27m_vs_30m/jev,jev_gpt6,610.0000000005821,4
smac-hard/jev_runs/p0-astra-all-maps-20260922-001/27m_vs_30m/jev,jev_gpt6,610.0000000005821,4
smac-hard/jev_runs/p0-astra-all-maps-20260922-001/27m_vs_30m/jev,jev_gpt6,577.9999999940628,4
smac-hard/jev_runs/p0-astra-all-maps-20260922-001/27m_vs_30m/jev,jev_gpt6,514.9999999994179,3
smac-hard/jev_runs/p0-astra-all-maps-20260922-001/27m_vs_30m/jev,jev_gpt6,500.0,3
smac-hard/jev_runs/p0-astra-all-maps-20260922-001/27m_vs_30m/jev,jev_gpt6,593.9999999973224,3
smac-hard/jev_runs/p0-astra-all-maps-20260922-001/27m_vs_30m/jev,jev_gpt6,531.0000000026776,2
smac-hard/jev_runs/p0-astra-all-maps-20260922-001/27m_vs_30m/jev,jev_gpt6,593.9999999973224,2
smac-hard/jev_runs/p0-astra-all-maps-20260922-001/27m_vs_30m/jev,jev_gpt6,500.0,2
smac-hard/jev_runs/p0-astra-all-maps-20260922-001/27m_vs_30m/jev,jev_gpt6,469.00000001187436,2
smac-hard/jev_runs/p0-astra-all-maps-20260922-001/27m_vs_30m/jev,jev_gpt6,469.00000001187436,2
smac-hard/jev_runs/p0-astra-all-maps-20260922-001/27m_vs_30m/jev,jev_gpt6,532.0000000065193,2
smac-hard/jev_runs/p0-astra-all-maps-20260922-001/27m_vs_30m/jev,jev_gpt6,500.0,2
smac-hard/jev_runs/p0-astra-all-maps-20260922-001/27m_vs_30m/jev,jev_gpt6,468.99999999732245,1
smac-hard/jev_runs/p0-astra-all-maps-20260922-001/27m_vs_30m/jev,jev_gpt6,468.99999999732245,1
smac-hard/jev_runs/p0-astra-all-maps-20260922-001/27m_vs_30m/jev,jev_gpt6,421.99999999138527,1
smac-hard/jev_runs/p0-astra-all-maps-20260922-001/27m_vs_30m/jev,jev_gpt6,438.0000000091968,1
smac-hard/jev_runs/p0-astra-all-maps-20260922-001/27m_vs_30m/jev,jev_gpt6,483.99999999674037,1
smac-hard/jev_runs/p0-astra-all-maps-20260922-001/27m_vs_30m/jev,jev_gpt6,375.0,1
smac-hard/jev_runs/p0-astra-all-maps-20260922-001/27m_vs_30m/jev,jev_gpt6,561.9999999908032,2
smac-hard/jev_runs/p0-astra-all-maps-20260922-001/27m_vs_30m/jev,jev_gpt6,3812.999999994645,3
smac-hard/jev_runs/p0-astra-all-maps-20260922-001/27m_vs_30m/jev,jev_gpt6,5702.999999994063,5
smac-hard/jev_runs/p0-astra-all-maps-20260922-001/27m_vs_30m/jev,jev_gpt6,1389.999999999418,6
smac-hard/jev_runs/p0-astra-all-maps-20260922-001/27m_vs_30m/jev,jev_gpt6,1092.9999999934807,7
smac-hard/jev_runs/p0-astra-all-maps-20260922-001/27m_vs_30m/jev,jev_gpt6,1062.999999994645,7
smac-hard/jev_runs/p0-astra-all-maps-20260922-001/27m_vs_30m/jev,jev_gpt6,1046.9999999913853,7
smac-hard/jev_runs/p0-astra-all-maps-20260922-001/27m_vs_30m/jev,jev_gpt6,1062.999999994645,7
smac-hard/jev_runs/p0-astra-all-maps-20260922-001/27m_vs_30m/jev,jev_gpt6,1093.0000000080327,7
smac-hard/jev_runs/p0-astra-all-maps-20260922-001/27m_vs_30m/jev,jev_gpt6,1031.0000000026776,6
smac-hard/jev_runs/p0-astra-all-maps-20260922-001/27m_vs_30m/jev,jev_gpt6,1000.0,6
smac-hard/jev_runs/p0-astra-all-maps-20260922-001/27m_vs_30m/jev,jev_gpt6,937.9999999946449,5
smac-hard/jev_runs/p0-astra-all-maps-20260922-001/27m_vs_30m/jev,jev_gpt6,952.9999999940628,5
smac-hard/jev_runs/p0-astra-all-maps-20260922-001/27m_vs_30m/jev,jev_gpt6,562.9999999946449,4
smac-hard/jev_runs/p0-astra-all-maps-20260922-001/27m_vs_30m/jev,jev_gpt6,671.0000000020955,4
smac-hard/jev_runs/p0-astra-all-maps-20260922-001/27m_vs_30m/jev,jev_gpt6,563.0000000091968,3
smac-hard/jev_runs/p0-astra-all-maps-20260922-001/27m_vs_30m/jev,jev_gpt6,608.9999999967404,3
smac-hard/jev_runs/p0-astra-all-maps-20260922-001/27m_vs_30m/jev,jev_gpt6,578.0000000086147,3
smac-hard/jev_runs/p0-astra-all-maps-20260922-001/27m_vs_30m/jev,jev_gpt6,516.0000000032596,3
smac-hard/jev_runs/p0-astra-all-maps-20260922-001/27m_vs_30m/jev,jev_gpt6,577.9999999940628,3
smac-hard/jev_runs/p0-astra-all-maps-20260922-001/27m_vs_30m/jev,jev_gpt6,577.9999999940628,3
smac-hard/jev_runs/p0-astra-all-maps-20260922-001/27m_vs_30m/jev,jev_gpt6,514.9999999994179,2
smac-hard/jev_runs/p0-astra-all-maps-20260922-001/27m_vs_30m/jev,jev_gpt6,531.0000000026776,2
smac-hard/jev_runs/p0-astra-all-maps-20260922-001/27m_vs_30m/jev,jev_gpt6,593.9999999973224,2
smac-hard/jev_runs/p0-astra-all-maps-20260922-001/27m_vs_30m/jev,jev_gpt6,562.0000000053551,2
smac-hard/jev_runs/p0-astra-all-maps-20260922-001/27m_vs_30m/jev,jev_gpt6,532.0000000065193,2
smac-hard/jev_runs/p0-astra-all-maps-20260922-001/27m_vs_30m/jev,jev_gpt6,514.9999999994179,1
smac-hard/jev_runs/p0-astra-all-maps-20260922-001/27m_vs_30m/jev,jev_gpt6,453.00000000861473,1
smac-hard/jev_runs/p0-astra-all-maps-20260922-001/27m_vs_30m/jev,jev_gpt6,468.99999999732245,1
smac-hard/jev_runs/p0-astra-all-maps-20260922-001/27m_vs_30m/jev,jev_gpt6,452.9999999940628,1
smac-hard/jev_runs/p0-astra-all-maps-20260922-001/27m_vs_30m/jev,jev_gpt6,389.9999999994179,1
smac-hard/jev_runs/p0-astra-all-maps-20260922-001/27m_vs_30m/jev,jev_gpt6,421.99999999138527,1
smac-hard/jev_runs/p0-astra-all-maps-20260922-001/27m_vs_30m/jev,jev_gpt6,391.00000000325963,1
smac-hard/jev_runs/p0-astra-all-maps-20260922-001/27m_vs_30m/jev,jev_gpt6,547.0000000059372,2
smac-hard/jev_runs/p0-astra-all-maps-20260922-001/27m_vs_30m/jev,jev_gpt6,3047.000000005937,3
smac-hard/jev_runs/p0-astra-all-maps-20260922-001/27m_vs_30m/jev,jev_gpt6,5437.000000005355,5
smac-hard/jev_runs/p0-astra-all-maps-20260922-001/27m_vs_30m/jev,jev_gpt6,985.0000000005821,6
smac-hard/jev_runs/p0-astra-all-maps-20260922-001/27m_vs_30m/jev,jev_gpt6,1062.999999994645,7
smac-hard/jev_runs/p0-astra-all-maps-20260922-001/27m_vs_30m/jev,jev_gpt6,1077.9999999940628,7
smac-hard/jev_runs/p0-astra-all-maps-20260922-001/27m_vs_30m/jev,jev_gpt6,1046.9999999913853,7
smac-hard/jev_runs/p0-astra-all-maps-20260922-001/27m_vs_30m/jev,jev_gpt6,1093.0000000080327,7
smac-hard/jev_runs/p0-astra-all-maps-20260922-001/27m_vs_30m/jev,jev_gpt6,1031.0000000026776,6
smac-hard/jev_runs/p0-astra-all-maps-20260922-001/27m_vs_30m/jev,jev_gpt6,1046.0000000020955,6
smac-hard/jev_runs/p0-astra-all-maps-20260922-001/27m_vs_30m/jev,jev_gpt6,953.0000000086147,6
smac-hard/jev_runs/p0-astra-all-maps-20260922-001/27m_vs_30m/jev,jev_gpt6,922.0000000059372,6
smac-hard/jev_runs/p0-astra-all-maps-20260922-001/27m_vs_30m/jev,jev_gpt6,592.9999999934807,4
smac-hard/jev_runs/p0-astra-all-maps-20260922-001/27m_vs_30m/jev,jev_gpt6,562.9999999946449,4
smac-hard/jev_runs/p0-astra-all-maps-20260922-001/27m_vs_30m/jev,jev_gpt6,625.0,4
smac-hard/jev_runs/p0-astra-all-maps-20260922-001/27m_vs_30m/jev,jev_gpt6,546.9999999913853,3
smac-hard/jev_runs/p0-astra-all-maps-20260922-001/27m_vs_30m/jev,jev_gpt6,483.99999999674037,3
smac-hard/jev_runs/p0-astra-all-maps-20260922-001/27m_vs_30m/jev,jev_gpt6,530.9999999881256,3
smac-hard/jev_runs/p0-astra-all-maps-20260922-001/27m_vs_30m/jev,jev_gpt6,485.0000000005821,2
smac-hard/jev_runs/p0-astra-all-maps-20260922-001/27m_vs_30m/jev,jev_gpt6,531.0000000026776,2
smac-hard/jev_runs/p0-astra-all-maps-20260922-001/27m_vs_30m/jev,jev_gpt6,594.0000000118744,2
smac-hard/jev_runs/p0-astra-all-maps-20260922-001/27m_vs_30m/jev,jev_gpt6,516.0000000032596,2
smac-hard/jev_runs/p0-astra-all-maps-20260922-001/27m_vs_30m/jev,jev_gpt6,483.99999999674037,2
smac-hard/jev_runs/p0-astra-all-maps-20260922-001/27m_vs_30m/jev,jev_gpt6,531.0000000026776,2
smac-hard/jev_runs/p0-astra-all-maps-20260922-001/27m_vs_30m/jev,jev_gpt6,500.0,2
smac-hard/jev_runs/p0-astra-all-maps-20260922-001/27m_vs_30m/jev,jev_gpt6,531.9999999919673,1
smac-hard/jev_runs/p0-astra-all-maps-20260922-001/27m_vs_30m/jev,jev_gpt6,437.0000000053551,1
smac-hard/jev_runs/p0-astra-all-maps-20260922-001/27m_vs_30m/jev,jev_gpt6,422.0000000059372,1
smac-hard/jev_runs/p0-astra-all-maps-20260922-001/27m_vs_30m/jev,jev_gpt6,468.99999999732245,1
smac-hard/jev_runs/all-maps-20260921-001/MMM/jev,jev_only,1530.9999999990396,1
smac-hard/jev_runs/all-maps-20260921-001/MMM/jev,jev_only,437.0000000017171,1
smac-hard/jev_runs/all-maps-20260921-001/MMM/jev,jev_only,625.0,1
smac-hard/jev_runs/all-maps-20260921-001/MMM/jev,jev_only,561.9999999980791,1
smac-hard/jev_runs/all-maps-20260921-001/MMM/jev,jev_only,530.9999999990396,1
smac-hard/jev_runs/all-maps-20260921-001/MMM/jev,jev_only,530.9999999990396,1
smac-hard/jev_runs/all-maps-20260921-001/MMM/jev,jev_only,514.9999999994179,1
smac-hard/jev_runs/all-maps-20260921-001/MMM/jev,jev_only,687.9999999982829,1
smac-hard/jev_runs/all-maps-20260921-001/MMM/jev,jev_only,500.0,1
smac-hard/jev_runs/all-maps-20260921-001/MMM/jev,jev_only,655.9999999990396,1
smac-hard/jev_runs/all-maps-20260921-001/MMM/jev,jev_only,765.9999999996217,1
smac-hard/jev_runs/all-maps-20260921-001/MMM/jev,jev_only,515.9999999996217,1
smac-hard/jev_runs/all-maps-20260921-001/MMM/jev,jev_only,469.0000000009604,1
smac-hard/jev_runs/all-maps-20260921-001/MMM/jev,jev_only,562.0000000017171,1
smac-hard/jev_runs/all-maps-20260921-001/MMM/jev,jev_only,484.00000000037835,1
smac-hard/jev_runs/all-maps-20260921-001/MMM/jev,jev_only,640.9999999996217,1
smac-hard/jev_runs/all-maps-20260921-001/MMM/jev,jev_only,438.00000000192085,1
smac-hard/jev_runs/all-maps-20260921-001/MMM/jev,jev_only,453.0000000013388,1
smac-hard/jev_runs/all-maps-20260921-001/MMM/jev,jev_only,436.99999999807915,1
smac-hard/jev_runs/all-maps-20260921-001/MMM/jev,jev_only,437.0000000017171,1
smac-hard/jev_runs/all-maps-20260921-001/MMM/jev,jev_only,452.9999999977008,1
smac-hard/jev_runs/all-maps-20260921-001/MMM/jev,jev_only,438.00000000192085,1
smac-hard/jev_runs/all-maps-20260921-001/MMM/jev,jev_only,420.9999999984575,1
smac-hard/jev_runs/all-maps-20260921-001/MMM/jev,jev_only,405.9999999990396,1
smac-hard/jev_runs/all-maps-20260921-001/MMM/jev,jev_only,437.0000000017171,1
smac-hard/jev_runs/all-maps-20260921-001/MMM/jev,jev_only,405.9999999990396,1
smac-hard/jev_runs/all-maps-20260921-001/MMM/jev,jev_only,405.9999999990396,1
smac-hard/jev_runs/all-maps-20260921-001/MMM/jev,jev_only,375.0,1
smac-hard/jev_runs/all-maps-20260921-001/MMM/jev,jev_only,390.99999999962165,1
smac-hard/jev_runs/all-maps-20260921-001/MMM/jev,jev_only,407.0000000028813,1
smac-hard/jev_runs/all-maps-20260921-001/MMM/jev,jev_only,421.9999999986612,1
smac-hard/jev_runs/all-maps-20260921-001/MMM/jev,jev_only,530.9999999990396,1
smac-hard/jev_runs/all-maps-20260921-001/MMM/jev,jev_only,500.0,1
smac-hard/jev_runs/all-maps-20260921-001/MMM/jev,jev_only,515.9999999996217,1
smac-hard/jev_runs/all-maps-20260921-001/MMM/jev,jev_only,485.0000000005821,1
smac-hard/jev_runs/all-maps-20260921-001/MMM/jev,jev_only,827.9999999977008,1
smac-hard/jev_runs/all-maps-20260921-001/MMM/jev,jev_only,515.9999999996217,1
smac-hard/jev_runs/all-maps-20260921-001/MMM/jev,jev_only,515.9999999996217,1
smac-hard/jev_runs/all-maps-20260921-001/MMM/jev,jev_only,795.9999999984575,1
smac-hard/jev_runs/all-maps-20260921-001/MMM/jev,jev_only,562.9999999982829,1
smac-hard/jev_runs/all-maps-20260921-001/MMM/jev,jev_only,485.0000000005821,1
smac-hard/jev_runs/all-maps-20260921-001/MMM/jev,jev_only,500.0,1
smac-hard/jev_runs/all-maps-20260921-001/MMM/jev,jev_only,453.0000000013388,1
smac-hard/jev_runs/all-maps-20260921-001/MMM/jev,jev_only,468.0000000007567,1
smac-hard/jev_runs/all-maps-20260921-001/MMM/jev,jev_only,436.99999999807915,1
smac-hard/jev_runs/all-maps-20260921-001/MMM/jev,jev_only,468.99999999732245,1
smac-hard/jev_runs/all-maps-20260921-001/MMM/jev,jev_only,469.0000000009604,1
smac-hard/jev_runs/all-maps-20260921-001/MMM/jev,jev_only,453.0000000013388,1
smac-hard/jev_runs/all-maps-20260921-001/MMM/jev,jev_only,390.99999999962165,1
smac-hard/jev_runs/all-maps-20260921-001/MMM/jev,jev_only,422.0000000022992,1
smac-hard/jev_runs/all-maps-20260921-001/MMM/jev,jev_only,452.9999999977008,1
smac-hard/jev_runs/all-maps-20260921-001/MMM/jev,jev_only,422.0000000022992,1
smac-hard/jev_runs/all-maps-20260921-001/MMM/jev,jev_only,469.0000000009604,1
smac-hard/jev_runs/all-maps-20260921-001/MMM/jev,jev_only,421.9999999986612,1
smac-hard/jev_runs/all-maps-20260921-001/MMM/jev,jev_only,406.00000000267755,1
smac-hard/jev_runs/all-maps-20260921-001/MMM/jev,jev_only,375.0,1
smac-hard/jev_runs/all-maps-20260921-001/MMM/jev,jev_only,453.0000000013388,1
smac-hard/jev_runs/all-maps-20260921-001/MMM/jev,jev_only,405.9999999990396,1
smac-hard/jev_runs/all-maps-20260921-001/MMM/jev,jev_only,421.9999999986612,1
smac-hard/jev_runs/all-maps-20260921-001/MMM/jev,jev_only,578.0000000013388,1
smac-hard/jev_runs/all-maps-20260921-001/MMM/jev,jev_only,500.0,1
smac-hard/jev_runs/all-maps-20260921-001/MMM/jev,jev_only,515.9999999996217,1
smac-hard/jev_runs/all-maps-20260921-001/MMM/jev,jev_only,719.0000000009604,1
smac-hard/jev_runs/all-maps-20260921-001/MMM/jev,jev_only,718.0000000007567,1
smac-hard/jev_runs/all-maps-20260921-001/MMM/jev,jev_only,578.0000000013388,1
smac-hard/jev_runs/all-maps-20260921-001/MMM/jev,jev_only,500.0,1
smac-hard/jev_runs/all-maps-20260921-001/MMM/jev,jev_only,500.0,1
smac-hard/jev_runs/all-maps-20260921-001/MMM/jev,jev_only,500.0,1
smac-hard/jev_runs/all-maps-20260921-001/MMM/jev,jev_only,485.0000000005821,1
smac-hard/jev_runs/all-maps-20260921-001/MMM/jev,jev_only,655.9999999990396,1
smac-hard/jev_runs/all-maps-20260921-001/MMM/jev,jev_only,452.9999999977008,1
smac-hard/jev_runs/all-maps-20260921-001/MMM/jev,jev_only,485.0000000005821,1
smac-hard/jev_runs/all-maps-20260921-001/MMM/jev,jev_only,468.99999999732245,1
smac-hard/jev_runs/all-maps-20260921-001/MMM/jev,jev_only,437.0000000017171,1
smac-hard/jev_runs/all-maps-20260921-001/MMM/jev,jev_only,421.9999999986612,1
smac-hard/jev_runs/all-maps-20260921-001/MMM/jev,jev_only,469.0000000009604,1
smac-hard/jev_runs/all-maps-20260921-001/MMM/jev,jev_only,625.0,1
smac-hard/jev_runs/all-maps-20260921-001/MMM/jev,jev_only,469.0000000009604,1
smac-hard/jev_runs/all-maps-20260921-001/MMM/jev,jev_only,405.9999999990396,1
smac-hard/jev_runs/all-maps-20260921-001/MMM/jev,jev_only,421.9999999986612,1
smac-hard/jev_runs/all-maps-20260921-001/MMM/jev,jev_only,390.99999999962165,1
smac-hard/jev_runs/all-maps-20260921-001/MMM/jev,jev_only,454.0000000015425,1
smac-hard/jev_runs/all-maps-20260921-001/MMM/jev,jev_only,390.99999999962165,1
smac-hard/jev_runs/all-maps-20260921-001/MMM/jev,jev_only,454.0000000015425,1
smac-hard/jev_runs/all-maps-20260921-001/MMM/jev,jev_only,390.99999999962165,1
smac-hard/jev_runs/all-maps-20260921-001/MMM/jev,jev_only,389.9999999994179,1
smac-hard/jev_runs/all-maps-20260921-001/MMM/jev,jev_only,390.99999999962165,1
smac-hard/jev_runs/all-maps-20260921-001/MMM/jev,jev_only,375.0,1
smac-hard/jev_runs/all-maps-20260921-001/MMM/jev,jev_only,421.9999999986612,1
smac-hard/jev_runs/p0-astra-all-maps-20260922-001/MMM/jev,jev_gpt6,5718.999999997322,1
smac-hard/jev_runs/p0-astra-all-maps-20260922-001/MMM/jev,jev_gpt6,531.0000000026776,1
smac-hard/jev_runs/p0-astra-all-maps-20260922-001/MMM/jev,jev_gpt6,530.9999999881256,1
smac-hard/jev_runs/p0-astra-all-maps-20260922-001/MMM/jev,jev_gpt6,516.0000000032596,1
smac-hard/jev_runs/p0-astra-all-maps-20260922-001/MMM/jev,jev_gpt6,485.0000000005821,1
smac-hard/jev_runs/p0-astra-all-maps-20260922-001/MMM/jev,jev_gpt6,531.0000000026776,1
smac-hard/jev_runs/p0-astra-all-maps-20260922-001/MMM/jev,jev_gpt6,500.0,1
smac-hard/jev_runs/p0-astra-all-maps-20260922-001/MMM/jev,jev_gpt6,531.0000000026776,1
smac-hard/jev_runs/p0-astra-all-maps-20260922-001/MMM/jev,jev_gpt6,500.0,1
smac-hard/jev_runs/p0-astra-all-maps-20260922-001/MMM/jev,jev_gpt6,547.0000000059372,1
smac-hard/jev_runs/p0-astra-all-maps-20260922-001/MMM/jev,jev_gpt6,500.0,1
smac-hard/jev_runs/p0-astra-all-maps-20260922-001/MMM/jev,jev_gpt6,500.0,1
smac-hard/jev_runs/p0-astra-all-maps-20260922-001/MMM/jev,jev_gpt6,516.0000000032596,1
smac-hard/jev_runs/p0-astra-all-maps-20260922-001/MMM/jev,jev_gpt6,514.9999999994179,1
smac-hard/jev_runs/p0-astra-all-maps-20260922-001/MMM/jev,jev_gpt6,531.0000000026776,1
smac-hard/jev_runs/p0-astra-all-maps-20260922-001/MMM/jev,jev_gpt6,500.0,1
smac-hard/jev_runs/p0-astra-all-maps-20260922-001/MMM/jev,jev_gpt6,516.0000000032596,1
smac-hard/jev_runs/p0-astra-all-maps-20260922-001/MMM/jev,jev_gpt6,468.99999999732245,1
smac-hard/jev_runs/p0-astra-all-maps-20260922-001/MMM/jev,jev_gpt6,516.0000000032596,1
smac-hard/jev_runs/p0-astra-all-maps-20260922-001/MMM/jev,jev_gpt6,468.99999999732245,1
smac-hard/jev_runs/p0-astra-all-maps-20260922-001/MMM/jev,jev_gpt6,483.99999999674037,1
smac-hard/jev_runs/p0-astra-all-maps-20260922-001/MMM/jev,jev_gpt6,437.0000000053551,1
smac-hard/jev_runs/p0-astra-all-maps-20260922-001/MMM/jev,jev_gpt6,436.9999999908032,1
smac-hard/jev_runs/p0-astra-all-maps-20260922-001/MMM/jev,jev_gpt6,483.99999999674037,1
smac-hard/jev_runs/p0-astra-all-maps-20260922-001/MMM/jev,jev_gpt6,437.0000000053551,1
smac-hard/jev_runs/p0-astra-all-maps-20260922-001/MMM/jev,jev_gpt6,468.99999999732245,1
smac-hard/jev_runs/p0-astra-all-maps-20260922-001/MMM/jev,jev_gpt6,453.9999999979045,1
smac-hard/jev_runs/p0-astra-all-maps-20260922-001/MMM/jev,jev_gpt6,452.9999999940628,1
smac-hard/jev_runs/p0-astra-all-maps-20260922-001/MMM/jev,jev_gpt6,483.99999999674037,1
smac-hard/jev_runs/p0-astra-all-maps-20260922-001/MMM/jev,jev_gpt6,453.00000000861473,1
smac-hard/jev_runs/p0-astra-all-maps-20260922-001/MMM/jev,jev_gpt6,468.00000000803266,1
smac-hard/jev_runs/p0-astra-all-maps-20260922-001/MMM/jev,jev_gpt6,515.9999999887077,1
smac-hard/jev_runs/p0-astra-all-maps-20260922-001/MMM/jev,jev_gpt6,500.0,1
smac-hard/jev_runs/p0-astra-all-maps-20260922-001/MMM/jev,jev_gpt6,468.99999999732245,1
smac-hard/jev_runs/p0-astra-all-maps-20260922-001/MMM/jev,jev_gpt6,484.0000000112923,1
smac-hard/jev_runs/p0-astra-all-maps-20260922-001/MMM/jev,jev_gpt6,453.00000000861473,1
smac-hard/jev_runs/p0-astra-all-maps-20260922-001/MMM/jev,jev_gpt6,453.9999999979045,1
smac-hard/jev_runs/p0-astra-all-maps-20260922-001/MMM/jev,jev_gpt6,406.00000000267755,1
smac-hard/jev_runs/p0-astra-all-maps-20260922-001/MMM/jev,jev_gpt6,437.9999999946449,1
smac-hard/jev_runs/p0-astra-all-maps-20260922-001/MMM/jev,jev_gpt6,437.9999999946449,1
smac-hard/jev_runs/p0-astra-all-maps-20260922-001/MMM/jev,jev_gpt6,407.00000000651926,1
smac-hard/jev_runs/p0-astra-all-maps-20260922-001/MMM/jev,jev_gpt6,452.9999999940628,1
smac-hard/jev_runs/p0-astra-all-maps-20260922-001/MMM/jev,jev_gpt6,406.00000000267755,1
smac-hard/jev_runs/p0-astra-all-maps-20260922-001/MMM/jev,jev_gpt6,389.9999999994179,1
smac-hard/jev_runs/p0-astra-all-maps-20260922-001/MMM/jev,jev_gpt6,516.0000000032596,1
smac-hard/jev_runs/p0-astra-all-maps-20260922-001/MMM/jev,jev_gpt6,421.99999999138527,1
smac-hard/jev_runs/p0-astra-all-maps-20260922-001/MMM/jev,jev_gpt6,406.00000000267755,1
smac-hard/jev_runs/p0-astra-all-maps-20260922-001/MMM/jev,jev_gpt6,391.00000000325963,1
smac-hard/jev_runs/p0-astra-all-maps-20260922-001/MMM/jev,jev_gpt6,468.99999999732245,1
smac-hard/jev_runs/p0-astra-all-maps-20260922-001/MMM/jev,jev_gpt6,421.99999999138527,1
smac-hard/jev_runs/p0-astra-all-maps-20260922-001/MMM/jev,jev_gpt6,516.0000000032596,1
smac-hard/jev_runs/p0-astra-all-maps-20260922-001/MMM/jev,jev_gpt6,452.9999999940628,1
smac-hard/jev_runs/p0-astra-all-maps-20260922-001/MMM/jev,jev_gpt6,407.00000000651926,1
smac-hard/jev_runs/p0-astra-all-maps-20260922-001/MMM/jev,jev_gpt6,452.9999999940628,1
smac-hard/jev_runs/p0-astra-all-maps-20260922-001/MMM/jev,jev_gpt6,531.0000000026776,1
smac-hard/jev_runs/p0-astra-all-maps-20260922-001/MMM/jev,jev_gpt6,500.0,1
smac-hard/jev_runs/p0-astra-all-maps-20260922-001/MMM/jev,jev_gpt6,453.9999999979045,1
smac-hard/jev_runs/p0-astra-all-maps-20260922-001/MMM/jev,jev_gpt6,437.9999999946449,1
smac-hard/jev_runs/p0-astra-all-maps-20260922-001/MMM/jev,jev_gpt6,453.00000000861473,1
smac-hard/jev_runs/p0-astra-all-maps-20260922-001/MMM/jev,jev_gpt6,421.99999999138527,1
smac-hard/jev_runs/p0-astra-all-maps-20260922-001/MMM/jev,jev_gpt6,389.9999999994179,1
smac-hard/jev_runs/p0-astra-all-maps-20260922-001/MMM/jev,jev_gpt6,452.9999999940628,1
smac-hard/jev_runs/p0-astra-all-maps-20260922-001/MMM/jev,jev_gpt6,422.0000000059372,1
smac-hard/jev_runs/p0-astra-all-maps-20260922-001/MMM/jev,jev_gpt6,421.99999999138527,1
smac-hard/jev_runs/p0-astra-all-maps-20260922-001/MMM/jev,jev_gpt6,406.00000000267755,1
smac-hard/jev_runs/p0-astra-all-maps-20260922-001/MMM/jev,jev_gpt6,468.99999999732245,1
smac-hard/jev_runs/p0-astra-all-maps-20260922-001/MMM/jev,jev_gpt6,421.0000000020955,1
smac-hard/jev_runs/p0-astra-all-maps-20260922-001/MMM/jev,jev_gpt6,421.99999999138527,1
smac-hard/jev_runs/p0-astra-all-maps-20260922-001/MMM/jev,jev_gpt6,514.9999999994179,1
smac-hard/jev_runs/p0-astra-all-maps-20260922-001/MMM/jev,jev_gpt6,422.0000000059372,1
smac-hard/jev_runs/p0-astra-all-maps-20260922-001/MMM/jev,jev_gpt6,406.00000000267755,1
smac-hard/jev_runs/p0-astra-all-maps-20260922-001/MMM/jev,jev_gpt6,421.0000000020955,1
smac-hard/jev_runs/p0-astra-all-maps-20260922-001/MMM/jev,jev_gpt6,406.99999999196734,1
smac-hard/jev_runs/p0-astra-all-maps-20260922-001/MMM/jev,jev_gpt6,391.00000000325963,1
smac-hard/jev_runs/p0-astra-all-maps-20260922-001/MMM/jev,jev_gpt6,437.0000000053551,1
smac-hard/jev_runs/p0-astra-all-maps-20260922-001/MMM/jev,jev_gpt6,547.0000000059372,1
smac-hard/jev_runs/p0-astra-all-maps-20260922-001/MMM/jev,jev_gpt6,422.0000000059372,1
smac-hard/jev_runs/p0-astra-all-maps-20260922-001/MMM/jev,jev_gpt6,485.0000000005821,1
smac-hard/jev_runs/p0-astra-all-maps-20260922-001/MMM/jev,jev_gpt6,531.0000000026776,1
smac-hard/jev_runs/p0-astra-all-maps-20260922-001/MMM/jev,jev_gpt6,500.0,1
smac-hard/jev_runs/p0-astra-all-maps-20260922-001/MMM/jev,jev_gpt6,610.0000000005821,1
smac-hard/jev_runs/p0-astra-all-maps-20260922-001/MMM/jev,jev_gpt6,516.0000000032596,1
smac-hard/jev_runs/p0-astra-all-maps-20260922-001/MMM/jev,jev_gpt6,500.0,1
smac-hard/jev_runs/p0-astra-all-maps-20260922-001/MMM/jev,jev_gpt6,531.9999999919673,1
smac-hard/jev_runs/p0-astra-all-maps-20260922-001/MMM/jev,jev_gpt6,483.99999999674037,1
smac-hard/jev_runs/p0-astra-all-maps-20260922-001/MMM/jev,jev_gpt6,577.9999999940628,1
smac-hard/jev_runs/p0-astra-all-maps-20260922-001/MMM/jev,jev_gpt6,468.99999999732245,1
smac-hard/jev_runs/p0-astra-all-maps-20260922-001/MMM/jev,jev_gpt6,468.99999999732245,1
smac-hard/jev_runs/p0-astra-all-maps-20260922-001/MMM/jev,jev_gpt6,531.0000000026776,1
smac-hard/jev_runs/p0-astra-all-maps-20260922-001/MMM/jev,jev_gpt6,546.9999999913853,1
smac-hard/jev_runs/p0-astra-all-maps-20260922-001/MMM/jev,jev_gpt6,468.99999999732245,1
smac-hard/jev_runs/p0-astra-all-maps-20260922-001/MMM/jev,jev_gpt6,500.0,1
smac-hard/jev_runs/p0-astra-all-maps-20260922-001/MMM/jev,jev_gpt6,483.99999999674037,1
smac-hard/jev_runs/p0-astra-all-maps-20260922-001/MMM/jev,jev_gpt6,500.0,1
smac-hard/jev_runs/p0-astra-all-maps-20260922-001/MMM/jev,jev_gpt6,483.99999999674037,1
smac-hard/jev_runs/p0-astra-all-maps-20260922-001/MMM/jev,jev_gpt6,500.0,1
smac-hard/jev_runs/p0-astra-all-maps-20260922-001/MMM/jev,jev_gpt6,468.99999999732245,1
smac-hard/jev_runs/p0-astra-all-maps-20260922-001/MMM/jev,jev_gpt6,468.99999999732245,1
smac-hard/jev_runs/p0-astra-all-maps-20260922-001/MMM/jev,jev_gpt6,561.9999999908032,1
smac-hard/jev_runs/p0-astra-all-maps-20260922-001/MMM/jev,jev_gpt6,483.99999999674037,1
smac-hard/jev_runs/p0-astra-all-maps-20260922-001/MMM/jev,jev_gpt6,453.00000000861473,1
smac-hard/jev_runs/p0-astra-all-maps-20260922-001/MMM/jev,jev_gpt6,453.00000000861473,1
smac-hard/jev_runs/p0-astra-all-maps-20260922-001/MMM/jev,jev_gpt6,453.00000000861473,1
smac-hard/jev_runs/p0-astra-all-maps-20260922-001/MMM/jev,jev_gpt6,437.9999999946449,1
smac-hard/jev_runs/p0-astra-all-maps-20260922-001/MMM/jev,jev_gpt6,485.0000000005821,1
smac-hard/jev_runs/p0-astra-all-maps-20260922-001/MMM/jev,jev_gpt6,500.0,1
smac-hard/jev_runs/p0-astra-all-maps-20260922-001/MMM/jev,jev_gpt6,436.9999999908032,1
smac-hard/jev_runs/p0-astra-all-maps-20260922-001/MMM/jev,jev_gpt6,468.99999999732245,1
smac-hard/jev_runs/p0-astra-all-maps-20260922-001/MMM/jev,jev_gpt6,500.0,1
smac-hard/jev_runs/p0-astra-all-maps-20260922-001/MMM/jev,jev_gpt6,422.0000000059372,1
smac-hard/jev_runs/p0-astra-all-maps-20260922-001/MMM/jev,jev_gpt6,453.9999999979045,1
smac-hard/jev_runs/p0-astra-all-maps-20260922-001/MMM/jev,jev_gpt6,452.9999999940628,1
smac-hard/jev_runs/p0-astra-all-maps-20260922-001/MMM/jev,jev_gpt6,468.99999999732245,1
smac-hard/jev_runs/p0-astra-all-maps-20260922-001/MMM/jev,jev_gpt6,485.0000000005821,1
smac-hard/jev_runs/p0-astra-all-maps-20260922-001/MMM/jev,jev_gpt6,438.0000000091968,1
smac-hard/jev_runs/p0-astra-all-maps-20260922-001/MMM/jev,jev_gpt6,453.9999999979045,1
smac-hard/jev_runs/p0-astra-all-maps-20260922-001/MMM/jev,jev_gpt6,437.9999999946449,1
smac-hard/jev_runs/p0-astra-all-maps-20260922-001/MMM/jev,jev_gpt6,421.99999999138527,1
smac-hard/jev_runs/p0-astra-all-maps-20260922-001/MMM/jev,jev_gpt6,562.0000000053551,1
smac-hard/jev_runs/p0-astra-all-maps-20260922-001/MMM/jev,jev_gpt6,500.0,1
smac-hard/jev_runs/p0-astra-all-maps-20260922-001/MMM/jev,jev_gpt6,500.0,1
smac-hard/jev_runs/p0-astra-all-maps-20260922-001/MMM/jev,jev_gpt6,532.0000000065193,1
smac-hard/jev_runs/p0-astra-all-maps-20260922-001/MMM/jev,jev_gpt6,546.9999999913853,1
smac-hard/jev_runs/p0-astra-all-maps-20260922-001/MMM/jev,jev_gpt6,531.0000000026776,1
smac-hard/jev_runs/p0-astra-all-maps-20260922-001/MMM/jev,jev_gpt6,578.9999999979045,1
smac-hard/jev_runs/p0-astra-all-maps-20260922-001/MMM/jev,jev_gpt6,546.9999999913853,1
smac-hard/jev_runs/p0-astra-all-maps-20260922-001/MMM/jev,jev_gpt6,531.0000000026776,1
smac-hard/jev_runs/p0-astra-all-maps-20260922-001/MMM/jev,jev_gpt6,562.9999999946449,1
smac-hard/jev_runs/p0-astra-all-maps-20260922-001/MMM/jev,jev_gpt6,547.0000000059372,1
smac-hard/jev_runs/p0-astra-all-maps-20260922-001/MMM/jev,jev_gpt6,453.00000000861473,1
smac-hard/jev_runs/p0-astra-all-maps-20260922-001/MMM/jev,jev_gpt6,500.0,1
smac-hard/jev_runs/p0-astra-all-maps-20260922-001/MMM/jev,jev_gpt6,468.00000000803266,1
smac-hard/jev_runs/p0-astra-all-maps-20260922-001/MMM/jev,jev_gpt6,640.9999999887077,1
smac-hard/jev_runs/p0-astra-all-maps-20260922-001/MMM/jev,jev_gpt6,453.00000000861473,1
smac-hard/jev_runs/p0-astra-all-maps-20260922-001/MMM/jev,jev_gpt6,437.0000000053551,1
smac-hard/jev_runs/p0-astra-all-maps-20260922-001/MMM/jev,jev_gpt6,483.99999999674037,1
smac-hard/jev_runs/p0-astra-all-maps-20260922-001/MMM/jev,jev_gpt6,437.9999999946449,1
smac-hard/jev_runs/p0-astra-all-maps-20260922-001/MMM/jev,jev_gpt6,437.0000000053551,1
smac-hard/jev_runs/p0-astra-all-maps-20260922-001/MMM/jev,jev_gpt6,532.0000000065193,1
smac-hard/jev_runs/p0-astra-all-maps-20260922-001/MMM/jev,jev_gpt6,516.0000000032596,1
smac-hard/jev_runs/p0-astra-all-maps-20260922-001/MMM/jev,jev_gpt6,421.99999999138527,1
smac-hard/jev_runs/p0-astra-all-maps-20260922-001/MMM/jev,jev_gpt6,452.9999999940628,1
smac-hard/jev_runs/p0-astra-all-maps-20260922-001/MMM/jev,jev_gpt6,438.0000000091968,1
smac-hard/jev_runs/p0-astra-all-maps-20260922-001/MMM/jev,jev_gpt6,452.9999999940628,1
smac-hard/jev_runs/p0-astra-all-maps-20260922-001/MMM/jev,jev_gpt6,577.9999999940628,1
smac-hard/jev_runs/p0-astra-all-maps-20260922-001/MMM/jev,jev_gpt6,437.0000000053551,1
smac-hard/jev_runs/p0-astra-all-maps-20260922-001/MMM/jev,jev_gpt6,484.0000000112923,1
smac-hard/jev_runs/p0-astra-all-maps-20260922-001/MMM/jev,jev_gpt6,453.00000000861473,1
smac-hard/jev_runs/p0-astra-all-maps-20260922-001/MMM/jev,jev_gpt6,453.9999999979045,1
smac-hard/jev_runs/p0-astra-all-maps-20260922-001/MMM/jev,jev_gpt6,452.9999999940628,1
smac-hard/jev_runs/p0-astra-all-maps-20260922-001/MMM/jev,jev_gpt6,485.0000000005821,1
smac-hard/jev_runs/p0-astra-all-maps-20260922-001/MMM/jev,jev_gpt6,469.00000001187436,1
smac-hard/jev_runs/p0-astra-all-maps-20260922-001/MMM/jev,jev_gpt6,687.0000000053551,1
smac-hard/jev_runs/p0-astra-all-maps-20260922-001/MMM/jev,jev_gpt6,500.0,1
smac-hard/jev_runs/p0-astra-all-maps-20260922-001/MMM/jev,jev_gpt6,468.99999999732245,1
smac-hard/jev_runs/p0-astra-all-maps-20260922-001/MMM/jev,jev_gpt6,546.9999999913853,1
smac-hard/jev_runs/p0-astra-all-maps-20260922-001/MMM/jev,jev_gpt6,578.0000000086147,1
smac-hard/jev_runs/p0-astra-all-maps-20260922-001/MMM/jev,jev_gpt6,452.9999999940628,1
smac-hard/jev_runs/p0-astra-all-maps-20260922-001/MMM/jev,jev_gpt6,452.9999999940628,1
smac-hard/jev_runs/p0-astra-all-maps-20260922-001/MMM/jev,jev_gpt6,468.99999999732245,1
smac-hard/jev_runs/p0-astra-all-maps-20260922-001/MMM/jev,jev_gpt6,656.0000000026776,1
smac-hard/jev_runs/p0-astra-all-maps-20260922-001/MMM/jev,jev_gpt6,531.0000000026776,1
smac-hard/jev_runs/p0-astra-all-maps-20260922-001/MMM/jev,jev_gpt6,485.0000000005821,1
smac-hard/jev_runs/p0-astra-all-maps-20260922-001/MMM/jev,jev_gpt6,453.9999999979045,1
smac-hard/jev_runs/p0-astra-all-maps-20260922-001/MMM/jev,jev_gpt6,483.99999999674037,1
smac-hard/jev_runs/p0-astra-all-maps-20260922-001/MMM/jev,jev_gpt6,483.99999999674037,1
smac-hard/jev_runs/p0-astra-all-maps-20260922-001/MMM/jev,jev_gpt6,389.9999999994179,1
smac-hard/jev_runs/p0-astra-all-maps-20260922-001/MMM/jev,jev_gpt6,437.9999999946449,1
smac-hard/jev_runs/p0-astra-all-maps-20260922-001/MMM/jev,jev_gpt6,485.0000000005821,1
smac-hard/jev_runs/p0-astra-all-maps-20260922-001/MMM/jev,jev_gpt6,438.0000000091968,1
smac-hard/jev_runs/p0-astra-all-maps-20260922-001/MMM/jev,jev_gpt6,436.9999999908032,1
smac-hard/jev_runs/p0-astra-all-maps-20260922-001/MMM/jev,jev_gpt6,437.0000000053551,1
smac-hard/jev_runs/p0-astra-all-maps-20260922-001/MMM/jev,jev_gpt6,405.99999998812564,1
smac-hard/jev_runs/p0-astra-all-maps-20260922-001/MMM/jev,jev_gpt6,438.0000000091968,1
smac-hard/jev_runs/p0-astra-all-maps-20260922-001/MMM/jev,jev_gpt6,453.9999999979045,1
smac-hard/jev_runs/all-maps-20260921-001/MMM2/jev,jev_only,1078.0000000013388,1
smac-hard/jev_runs/all-maps-20260921-001/MMM2/jev,jev_only,467.9999999971187,1
smac-hard/jev_runs/all-maps-20260921-001/MMM2/jev,jev_only,452.9999999977008,1
smac-hard/jev_runs/all-maps-20260921-001/MMM2/jev,jev_only,531.0000000026776,1
smac-hard/jev_runs/all-maps-20260921-001/MMM2/jev,jev_only,985.0000000005821,2
smac-hard/jev_runs/all-maps-20260921-001/MMM2/jev,jev_only,656.9999999992433,2
smac-hard/jev_runs/all-maps-20260921-001/MMM2/jev,jev_only,655.9999999990396,2
smac-hard/jev_runs/all-maps-20260921-001/MMM2/jev,jev_only,530.9999999990396,2
smac-hard/jev_runs/all-maps-20260921-001/MMM2/jev,jev_only,578.0000000013388,1
smac-hard/jev_runs/all-maps-20260921-001/MMM2/jev,jev_only,530.9999999990396,1
smac-hard/jev_runs/all-maps-20260921-001/MMM2/jev,jev_only,702.9999999977008,1
smac-hard/jev_runs/all-maps-20260921-001/MMM2/jev,jev_only,500.0,1
smac-hard/jev_runs/all-maps-20260921-001/MMM2/jev,jev_only,547.0000000022992,1
smac-hard/jev_runs/all-maps-20260921-001/MMM2/jev,jev_only,469.0000000009604,1
smac-hard/jev_runs/all-maps-20260921-001/MMM2/jev,jev_only,469.0000000009604,1
smac-hard/jev_runs/all-maps-20260921-001/MMM2/jev,jev_only,484.00000000037835,1
smac-hard/jev_runs/all-maps-20260921-001/MMM2/jev,jev_only,484.00000000037835,1
smac-hard/jev_runs/all-maps-20260921-001/MMM2/jev,jev_only,452.9999999977008,1
smac-hard/jev_runs/all-maps-20260921-001/MMM2/jev,jev_only,610.0000000005821,1
smac-hard/jev_runs/all-maps-20260921-001/MMM2/jev,jev_only,454.0000000015425,1
smac-hard/jev_runs/all-maps-20260921-001/MMM2/jev,jev_only,610.0000000005821,1
smac-hard/jev_runs/all-maps-20260921-001/MMM2/jev,jev_only,547.0000000022992,1
smac-hard/jev_runs/all-maps-20260921-001/MMM2/jev,jev_only,406.9999999992433,1
smac-hard/jev_runs/all-maps-20260921-001/MMM2/jev,jev_only,454.0000000015425,1
smac-hard/jev_runs/all-maps-20260921-001/MMM2/jev,jev_only,452.9999999977008,1
smac-hard/jev_runs/all-maps-20260921-001/MMM2/jev,jev_only,454.0000000015425,1
smac-hard/jev_runs/all-maps-20260921-001/MMM2/jev,jev_only,610.0000000005821,1
smac-hard/jev_runs/all-maps-20260921-001/MMM2/jev,jev_only,485.0000000005821,1
smac-hard/jev_runs/all-maps-20260921-001/MMM2/jev,jev_only,1235.000000000582,2
smac-hard/jev_runs/all-maps-20260921-001/MMM2/jev,jev_only,547.0000000022992,2
smac-hard/jev_runs/all-maps-20260921-001/MMM2/jev,jev_only,514.9999999994179,2
smac-hard/jev_runs/all-maps-20260921-001/MMM2/jev,jev_only,530.9999999990396,2
smac-hard/jev_runs/all-maps-20260921-001/MMM2/jev,jev_only,515.9999999996217,1
smac-hard/jev_runs/all-maps-20260921-001/MMM2/jev,jev_only,500.0,1
smac-hard/jev_runs/all-maps-20260921-001/MMM2/jev,jev_only,484.00000000037835,1
smac-hard/jev_runs/all-maps-20260921-001/MMM2/jev,jev_only,515.9999999996217,1
smac-hard/jev_runs/all-maps-20260921-001/MMM2/jev,jev_only,515.9999999996217,1
smac-hard/jev_runs/all-maps-20260921-001/MMM2/jev,jev_only,469.0000000009604,1
smac-hard/jev_runs/all-maps-20260921-001/MMM2/jev,jev_only,469.0000000009604,1
smac-hard/jev_runs/all-maps-20260921-001/MMM2/jev,jev_only,437.0000000017171,1
smac-hard/jev_runs/all-maps-20260921-001/MMM2/jev,jev_only,625.0,1
smac-hard/jev_runs/all-maps-20260921-001/MMM2/jev,jev_only,405.9999999990396,1
smac-hard/jev_runs/all-maps-20260921-001/MMM2/jev,jev_only,485.0000000005821,1
smac-hard/jev_runs/all-maps-20260921-001/MMM2/jev,jev_only,405.9999999990396,1
smac-hard/jev_runs/all-maps-20260921-001/MMM2/jev,jev_only,405.9999999990396,1
smac-hard/jev_runs/all-maps-20260921-001/MMM2/jev,jev_only,484.00000000037835,1
smac-hard/jev_runs/all-maps-20260921-001/MMM2/jev,jev_only,406.00000000267755,1
smac-hard/jev_runs/all-maps-20260921-001/MMM2/jev,jev_only,436.99999999807915,1
smac-hard/jev_runs/all-maps-20260921-001/MMM2/jev,jev_only,452.9999999977008,1
smac-hard/jev_runs/all-maps-20260921-001/MMM2/jev,jev_only,452.9999999977008,1
smac-hard/jev_runs/all-maps-20260921-001/MMM2/jev,jev_only,422.0000000022992,1
smac-hard/jev_runs/all-maps-20260921-001/MMM2/jev,jev_only,484.00000000037835,1
smac-hard/jev_runs/all-maps-20260921-001/MMM2/jev,jev_only,811.9999999980791,2
smac-hard/jev_runs/all-maps-20260921-001/MMM2/jev,jev_only,514.9999999994179,2
smac-hard/jev_runs/all-maps-20260921-001/MMM2/jev,jev_only,467.9999999971187,2
smac-hard/jev_runs/all-maps-20260921-001/MMM2/jev,jev_only,530.9999999990396,2
smac-hard/jev_runs/all-maps-20260921-001/MMM2/jev,jev_only,561.9999999980791,1
smac-hard/jev_runs/all-maps-20260921-001/MMM2/jev,jev_only,514.9999999994179,1
smac-hard/jev_runs/all-maps-20260921-001/MMM2/jev,jev_only,514.9999999994179,1
smac-hard/jev_runs/all-maps-20260921-001/MMM2/jev,jev_only,625.0,1
smac-hard/jev_runs/all-maps-20260921-001/MMM2/jev,jev_only,516.0000000032596,1
smac-hard/jev_runs/all-maps-20260921-001/MMM2/jev,jev_only,514.9999999994179,1
smac-hard/jev_runs/all-maps-20260921-001/MMM2/jev,jev_only,469.0000000009604,1
smac-hard/jev_runs/all-maps-20260921-001/MMM2/jev,jev_only,436.99999999807915,1
smac-hard/jev_runs/all-maps-20260921-001/MMM2/jev,jev_only,468.99999999732245,1
smac-hard/jev_runs/all-maps-20260921-001/MMM2/jev,jev_only,469.0000000009604,1
smac-hard/jev_runs/all-maps-20260921-001/MMM2/jev,jev_only,437.0000000017171,1
smac-hard/jev_runs/all-maps-20260921-001/MMM2/jev,jev_only,405.9999999990396,1
smac-hard/jev_runs/all-maps-20260921-001/MMM2/jev,jev_only,422.0000000022992,1
smac-hard/jev_runs/all-maps-20260921-001/MMM2/jev,jev_only,421.9999999986612,1
smac-hard/jev_runs/all-maps-20260921-001/MMM2/jev,jev_only,405.9999999990396,1
smac-hard/jev_runs/all-maps-20260921-001/MMM2/jev,jev_only,405.9999999990396,1
smac-hard/jev_runs/p0-astra-all-maps-20260922-001/MMM2/jev,jev_gpt6,1390.9999999887077,1
smac-hard/jev_runs/p0-astra-all-maps-20260922-001/MMM2/jev,jev_gpt6,483.99999999674037,1
smac-hard/jev_runs/p0-astra-all-maps-20260922-001/MMM2/jev,jev_gpt6,500.0,1
smac-hard/jev_runs/p0-astra-all-maps-20260922-001/MMM2/jev,jev_gpt6,467.99999999348074,1
smac-hard/jev_runs/p0-astra-all-maps-20260922-001/MMM2/jev,jev_gpt6,562.0000000053551,1
smac-hard/jev_runs/p0-astra-all-maps-20260922-001/MMM2/jev,jev_gpt6,3219.0000000118744,2
smac-hard/jev_runs/p0-astra-all-maps-20260922-001/MMM2/jev,jev_gpt6,500.0,2
smac-hard/jev_runs/p0-astra-all-maps-20260922-001/MMM2/jev,jev_gpt6,593.9999999973224,2
smac-hard/jev_runs/p0-astra-all-maps-20260922-001/MMM2/jev,jev_gpt6,547.0000000059372,1
smac-hard/jev_runs/p0-astra-all-maps-20260922-001/MMM2/jev,jev_gpt6,578.0000000086147,1
smac-hard/jev_runs/p0-astra-all-maps-20260922-001/MMM2/jev,jev_gpt6,563.0000000091968,1
smac-hard/jev_runs/p0-astra-all-maps-20260922-001/MMM2/jev,jev_gpt6,562.9999999946449,1
smac-hard/jev_runs/p0-astra-all-maps-20260922-001/MMM2/jev,jev_gpt6,483.99999999674037,1
smac-hard/jev_runs/p0-astra-all-maps-20260922-001/MMM2/jev,jev_gpt6,546.9999999913853,1
smac-hard/jev_runs/p0-astra-all-maps-20260922-001/MMM2/jev,jev_gpt6,483.99999999674037,1
smac-hard/jev_runs/p0-astra-all-maps-20260922-001/MMM2/jev,jev_gpt6,500.0,1
smac-hard/jev_runs/p0-astra-all-maps-20260922-001/MMM2/jev,jev_gpt6,531.0000000026776,1
smac-hard/jev_runs/p0-astra-all-maps-20260922-001/MMM2/jev,jev_gpt6,547.0000000059372,1
smac-hard/jev_runs/p0-astra-all-maps-20260922-001/MMM2/jev,jev_gpt6,452.9999999940628,1
smac-hard/jev_runs/p0-astra-all-maps-20260922-001/MMM2/jev,jev_gpt6,500.0,1
smac-hard/jev_runs/p0-astra-all-maps-20260922-001/MMM2/jev,jev_gpt6,437.9999999946449,1
smac-hard/jev_runs/p0-astra-all-maps-20260922-001/MMM2/jev,jev_gpt6,485.0000000005821,1
smac-hard/jev_runs/p0-astra-all-maps-20260922-001/MMM2/jev,jev_gpt6,468.99999999732245,1
smac-hard/jev_runs/p0-astra-all-maps-20260922-001/MMM2/jev,jev_gpt6,421.0000000020955,1
smac-hard/jev_runs/p0-astra-all-maps-20260922-001/MMM2/jev,jev_gpt6,452.9999999940628,1
smac-hard/jev_runs/p0-astra-all-maps-20260922-001/MMM2/jev,jev_gpt6,452.9999999940628,1
smac-hard/jev_runs/p0-astra-all-maps-20260922-001/MMM2/jev,jev_gpt6,421.0000000020955,1
smac-hard/jev_runs/p0-astra-all-maps-20260922-001/MMM2/jev,jev_gpt6,452.9999999940628,1
smac-hard/jev_runs/p0-astra-all-maps-20260922-001/MMM2/jev,jev_gpt6,531.0000000026776,1
smac-hard/jev_runs/p0-astra-all-maps-20260922-001/MMM2/jev,jev_gpt6,468.00000000803266,1
smac-hard/jev_runs/p0-astra-all-maps-20260922-001/MMM2/jev,jev_gpt6,483.99999999674037,1
smac-hard/jev_runs/p0-astra-all-maps-20260922-001/MMM2/jev,jev_gpt6,483.99999999674037,1
smac-hard/jev_runs/p0-astra-all-maps-20260922-001/MMM2/jev,jev_gpt6,531.0000000026776,1
smac-hard/jev_runs/p0-astra-all-maps-20260922-001/MMM2/jev,jev_gpt6,547.0000000059372,1
smac-hard/jev_runs/p0-astra-all-maps-20260922-001/MMM2/jev,jev_gpt6,437.9999999946449,1
smac-hard/jev_runs/p0-astra-all-maps-20260922-001/MMM2/jev,jev_gpt6,485.0000000005821,1
smac-hard/jev_runs/p0-astra-all-maps-20260922-001/MMM2/jev,jev_gpt6,547.0000000059372,1
smac-hard/jev_runs/p0-astra-all-maps-20260922-001/MMM2/jev,jev_gpt6,1156.9999999919673,2
smac-hard/jev_runs/p0-astra-all-maps-20260922-001/MMM2/jev,jev_gpt6,532.0000000065193,2
smac-hard/jev_runs/p0-astra-all-maps-20260922-001/MMM2/jev,jev_gpt6,562.9999999946449,2
smac-hard/jev_runs/p0-astra-all-maps-20260922-001/MMM2/jev,jev_gpt6,531.0000000026776,1
smac-hard/jev_runs/p0-astra-all-maps-20260922-001/MMM2/jev,jev_gpt6,639.9999999994179,1
smac-hard/jev_runs/p0-astra-all-maps-20260922-001/MMM2/jev,jev_gpt6,577.9999999940628,1
smac-hard/jev_runs/p0-astra-all-maps-20260922-001/MMM2/jev,jev_gpt6,483.99999999674037,1
smac-hard/jev_runs/p0-astra-all-maps-20260922-001/MMM2/jev,jev_gpt6,514.9999999994179,1
smac-hard/jev_runs/p0-astra-all-maps-20260922-001/MMM2/jev,jev_gpt6,468.99999999732245,1
smac-hard/jev_runs/p0-astra-all-maps-20260922-001/MMM2/jev,jev_gpt6,500.0,1
smac-hard/jev_runs/p0-astra-all-maps-20260922-001/MMM2/jev,jev_gpt6,468.99999999732245,1
smac-hard/jev_runs/p0-astra-all-maps-20260922-001/MMM2/jev,jev_gpt6,437.9999999946449,1
smac-hard/jev_runs/p0-astra-all-maps-20260922-001/MMM2/jev,jev_gpt6,531.0000000026776,1
smac-hard/jev_runs/p0-astra-all-maps-20260922-001/MMM2/jev,jev_gpt6,468.99999999732245,1
smac-hard/jev_runs/p0-astra-all-maps-20260922-001/MMM2/jev,jev_gpt6,421.99999999138527,1
smac-hard/jev_runs/p0-astra-all-maps-20260922-001/MMM2/jev,jev_gpt6,468.99999999732245,1
smac-hard/jev_runs/p0-astra-all-maps-20260922-001/MMM2/jev,jev_gpt6,453.00000000861473,1
smac-hard/jev_runs/p0-astra-all-maps-20260922-001/MMM2/jev,jev_gpt6,468.00000000803266,1
smac-hard/jev_runs/p0-astra-all-maps-20260922-001/MMM2/jev,jev_gpt6,437.9999999946449,1
smac-hard/jev_runs/p0-astra-all-maps-20260922-001/MMM2/jev,jev_gpt6,516.0000000032596,1
smac-hard/jev_runs/p0-astra-all-maps-20260922-001/MMM2/jev,jev_gpt6,500.0,1
smac-hard/jev_runs/p0-astra-all-maps-20260922-001/MMM2/jev,jev_gpt6,452.9999999940628,1
smac-hard/jev_runs/p0-astra-all-maps-20260922-001/MMM2/jev,jev_gpt6,436.9999999908032,1
smac-hard/jev_runs/p0-astra-all-maps-20260922-001/MMM2/jev,jev_gpt6,453.00000000861473,1
smac-hard/jev_runs/p0-astra-all-maps-20260922-001/MMM2/jev,jev_gpt6,467.99999999348074,1
smac-hard/jev_runs/p0-astra-all-maps-20260922-001/MMM2/jev,jev_gpt6,531.0000000026776,1
smac-hard/jev_runs/p0-astra-all-maps-20260922-001/MMM2/jev,jev_gpt6,531.0000000026776,1
smac-hard/jev_runs/p0-astra-all-maps-20260922-001/MMM2/jev,jev_gpt6,514.9999999994179,1
smac-hard/jev_runs/p0-astra-all-maps-20260922-001/MMM2/jev,jev_gpt6,578.0000000086147,1
smac-hard/jev_runs/p0-astra-all-maps-20260922-001/MMM2/jev,jev_gpt6,3389.999999999418,2
smac-hard/jev_runs/p0-astra-all-maps-20260922-001/MMM2/jev,jev_gpt6,531.0000000026776,2
smac-hard/jev_runs/p0-astra-all-maps-20260922-001/MMM2/jev,jev_gpt6,515.9999999887077,2
smac-hard/jev_runs/p0-astra-all-maps-20260922-001/MMM2/jev,jev_gpt6,531.0000000026776,1
smac-hard/jev_runs/p0-astra-all-maps-20260922-001/MMM2/jev,jev_gpt6,562.9999999946449,1
smac-hard/jev_runs/p0-astra-all-maps-20260922-001/MMM2/jev,jev_gpt6,562.0000000053551,1
smac-hard/jev_runs/p0-astra-all-maps-20260922-001/MMM2/jev,jev_gpt6,484.0000000112923,1
smac-hard/jev_runs/p0-astra-all-maps-20260922-001/MMM2/jev,jev_gpt6,469.00000001187436,1
smac-hard/jev_runs/p0-astra-all-maps-20260922-001/MMM2/jev,jev_gpt6,500.0,1
smac-hard/jev_runs/p0-astra-all-maps-20260922-001/MMM2/jev,jev_gpt6,516.0000000032596,1
smac-hard/jev_runs/p0-astra-all-maps-20260922-001/MMM2/jev,jev_gpt6,531.0000000026776,1
smac-hard/jev_runs/p0-astra-all-maps-20260922-001/MMM2/jev,jev_gpt6,530.9999999881256,1
smac-hard/jev_runs/p0-astra-all-maps-20260922-001/MMM2/jev,jev_gpt6,500.0,1
smac-hard/jev_runs/p0-astra-all-maps-20260922-001/MMM2/jev,jev_gpt6,531.0000000026776,1
smac-hard/jev_runs/p0-astra-all-maps-20260922-001/MMM2/jev,jev_gpt6,485.0000000005821,1
smac-hard/jev_runs/p0-astra-all-maps-20260922-001/MMM2/jev,jev_gpt6,437.9999999946449,1
smac-hard/jev_runs/p0-astra-all-maps-20260922-001/MMM2/jev,jev_gpt6,500.0,1
smac-hard/jev_runs/p0-astra-all-maps-20260922-001/MMM2/jev,jev_gpt6,468.99999999732245,1
smac-hard/jev_runs/p0-astra-all-maps-20260922-001/MMM2/jev,jev_gpt6,467.99999999348074,1
smac-hard/jev_runs/p0-astra-all-maps-20260922-001/MMM2/jev,jev_gpt6,421.0000000020955,1
smac-hard/jev_runs/p0-astra-all-maps-20260922-001/MMM2/jev,jev_gpt6,500.0,1
smac-hard/jev_runs/p0-astra-all-maps-20260922-001/MMM2/jev,jev_gpt6,437.0000000053551,1
smac-hard/jev_runs/p0-astra-all-maps-20260922-001/MMM2/jev,jev_gpt6,531.0000000026776,1
smac-hard/jev_runs/p0-astra-all-maps-20260922-001/MMM2/jev,jev_gpt6,437.0000000053551,1
smac-hard/jev_runs/p0-astra-all-maps-20260922-001/MMM2/jev,jev_gpt6,436.9999999908032,1
smac-hard/jev_runs/p0-astra-all-maps-20260922-001/MMM2/jev,jev_gpt6,391.00000000325963,1
smac-hard/jev_runs/p0-astra-all-maps-20260922-001/MMM2/jev,jev_gpt6,437.9999999946449,1
smac-hard/jev_runs/p0-astra-all-maps-20260922-001/MMM2/jev,jev_gpt6,391.00000000325963,1
smac-hard/jev_runs/p0-astra-all-maps-20260922-001/MMM2/jev,jev_gpt6,452.9999999940628,1
smac-hard/jev_runs/p0-astra-all-maps-20260922-001/MMM2/jev,jev_gpt6,453.00000000861473,1
smac-hard/jev_runs/all-maps-20260921-001/2s3z/jev,jev_only,984.0000000003783,1
smac-hard/jev_runs/all-maps-20260921-001/2s3z/jev,jev_only,437.0000000017171,1
smac-hard/jev_runs/all-maps-20260921-001/2s3z/jev,jev_only,436.99999999807915,1
smac-hard/jev_runs/all-maps-20260921-001/2s3z/jev,jev_only,422.0000000022992,1
smac-hard/jev_runs/all-maps-20260921-001/2s3z/jev,jev_only,452.9999999977008,1
smac-hard/jev_runs/all-maps-20260921-001/2s3z/jev,jev_only,438.00000000192085,1
smac-hard/jev_runs/all-maps-20260921-001/2s3z/jev,jev_only,420.9999999984575,1
smac-hard/jev_runs/all-maps-20260921-001/2s3z/jev,jev_only,468.99999999732245,1
smac-hard/jev_runs/all-maps-20260921-001/2s3z/jev,jev_only,438.00000000192085,1
smac-hard/jev_runs/all-maps-20260921-001/2s3z/jev,jev_only,420.9999999984575,1
smac-hard/jev_runs/all-maps-20260921-001/2s3z/jev,jev_only,608.9999999967404,1
smac-hard/jev_runs/all-maps-20260921-001/2s3z/jev,jev_only,546.9999999986612,1
smac-hard/jev_runs/all-maps-20260921-001/2s3z/jev,jev_only,514.9999999994179,1
smac-hard/jev_runs/all-maps-20260921-001/2s3z/jev,jev_only,453.0000000013388,1
smac-hard/jev_runs/all-maps-20260921-001/2s3z/jev,jev_only,420.9999999984575,1
smac-hard/jev_runs/all-maps-20260921-001/2s3z/jev,jev_only,468.99999999732245,1
smac-hard/jev_runs/all-maps-20260921-001/2s3z/jev,jev_only,406.00000000267755,1
smac-hard/jev_runs/all-maps-20260921-001/2s3z/jev,jev_only,421.9999999986612,1
smac-hard/jev_runs/all-maps-20260921-001/2s3z/jev,jev_only,437.0000000017171,1
smac-hard/jev_runs/all-maps-20260921-001/2s3z/jev,jev_only,436.99999999807915,1
smac-hard/jev_runs/all-maps-20260921-001/2s3z/jev,jev_only,453.0000000013388,1
smac-hard/jev_runs/all-maps-20260921-001/2s3z/jev,jev_only,530.9999999990396,1
smac-hard/jev_runs/all-maps-20260921-001/2s3z/jev,jev_only,453.0000000013388,1
smac-hard/jev_runs/all-maps-20260921-001/2s3z/jev,jev_only,500.0,1
smac-hard/jev_runs/all-maps-20260921-001/2s3z/jev,jev_only,437.0000000017171,1
smac-hard/jev_runs/all-maps-20260921-001/2s3z/jev,jev_only,421.9999999986612,1
smac-hard/jev_runs/all-maps-20260921-001/2s3z/jev,jev_only,500.0,1
smac-hard/jev_runs/all-maps-20260921-001/2s3z/jev,jev_only,406.00000000267755,1
smac-hard/jev_runs/all-maps-20260921-001/2s3z/jev,jev_only,436.99999999807915,1
smac-hard/jev_runs/all-maps-20260921-001/2s3z/jev,jev_only,437.0000000017171,1
smac-hard/jev_runs/all-maps-20260921-001/2s3z/jev,jev_only,390.99999999962165,1
smac-hard/jev_runs/all-maps-20260921-001/2s3z/jev,jev_only,389.9999999994179,1
smac-hard/jev_runs/all-maps-20260921-001/2s3z/jev,jev_only,405.9999999990396,1
smac-hard/jev_runs/all-maps-20260921-001/2s3z/jev,jev_only,421.9999999986612,1
smac-hard/jev_runs/all-maps-20260921-001/2s3z/jev,jev_only,389.9999999994179,1
smac-hard/jev_runs/all-maps-20260921-001/2s3z/jev,jev_only,625.0,1
smac-hard/jev_runs/all-maps-20260921-001/2s3z/jev,jev_only,389.9999999994179,1
smac-hard/jev_runs/all-maps-20260921-001/2s3z/jev,jev_only,405.9999999990396,1
smac-hard/jev_runs/all-maps-20260921-001/2s3z/jev,jev_only,469.0000000009604,1
smac-hard/jev_runs/all-maps-20260921-001/2s3z/jev,jev_only,405.9999999990396,1
smac-hard/jev_runs/all-maps-20260921-001/2s3z/jev,jev_only,420.9999999984575,1
smac-hard/jev_runs/all-maps-20260921-001/2s3z/jev,jev_only,375.0,1
smac-hard/jev_runs/all-maps-20260921-001/2s3z/jev,jev_only,342.9999999971187,1
smac-hard/jev_runs/all-maps-20260921-001/2s3z/jev,jev_only,390.99999999962165,1
smac-hard/jev_runs/all-maps-20260921-001/2s3z/jev,jev_only,594.0000000009604,1
smac-hard/jev_runs/all-maps-20260921-001/2s3z/jev,jev_only,375.0,1
smac-hard/jev_runs/all-maps-20260921-001/2s3z/jev,jev_only,437.0000000017171,1
smac-hard/jev_runs/all-maps-20260921-001/2s3z/jev,jev_only,405.9999999990396,1
smac-hard/jev_runs/all-maps-20260921-001/2s3z/jev,jev_only,405.9999999990396,1
smac-hard/jev_runs/all-maps-20260921-001/2s3z/jev,jev_only,438.00000000192085,1
smac-hard/jev_runs/all-maps-20260921-001/2s3z/jev,jev_only,420.9999999984575,1
smac-hard/jev_runs/all-maps-20260921-001/2s3z/jev,jev_only,452.9999999977008,1
smac-hard/jev_runs/all-maps-20260921-001/2s3z/jev,jev_only,484.00000000037835,1
smac-hard/jev_runs/all-maps-20260921-001/2s3z/jev,jev_only,422.0000000022992,1
smac-hard/jev_runs/all-maps-20260921-001/2s3z/jev,jev_only,452.9999999977008,1
smac-hard/jev_runs/all-maps-20260921-001/2s3z/jev,jev_only,530.9999999990396,1
smac-hard/jev_runs/all-maps-20260921-001/2s3z/jev,jev_only,421.9999999986612,1
smac-hard/jev_runs/all-maps-20260921-001/2s3z/jev,jev_only,485.0000000005821,1
smac-hard/jev_runs/all-maps-20260921-001/2s3z/jev,jev_only,454.0000000015425,1
smac-hard/jev_runs/all-maps-20260921-001/2s3z/jev,jev_only,469.0000000009604,1
smac-hard/jev_runs/all-maps-20260921-001/2s3z/jev,jev_only,420.9999999984575,1
smac-hard/jev_runs/all-maps-20260921-001/2s3z/jev,jev_only,454.0000000015425,1
smac-hard/jev_runs/all-maps-20260921-001/2s3z/jev,jev_only,453.0000000013388,1
smac-hard/jev_runs/all-maps-20260921-001/2s3z/jev,jev_only,500.0,1
smac-hard/jev_runs/all-maps-20260921-001/2s3z/jev,jev_only,437.9999999982829,1
smac-hard/jev_runs/all-maps-20260921-001/2s3z/jev,jev_only,422.0000000022992,1
smac-hard/jev_runs/all-maps-20260921-001/2s3z/jev,jev_only,421.9999999986612,1
smac-hard/jev_runs/all-maps-20260921-001/2s3z/jev,jev_only,407.0000000028813,1
smac-hard/jev_runs/all-maps-20260921-001/2s3z/jev,jev_only,421.9999999986612,1
smac-hard/jev_runs/all-maps-20260921-001/2s3z/jev,jev_only,406.00000000267755,1
smac-hard/jev_runs/all-maps-20260921-001/2s3z/jev,jev_only,436.99999999807915,1
smac-hard/jev_runs/all-maps-20260921-001/2s3z/jev,jev_only,562.0000000017171,1
smac-hard/jev_runs/all-maps-20260921-001/2s3z/jev,jev_only,405.9999999990396,1
smac-hard/jev_runs/all-maps-20260921-001/2s3z/jev,jev_only,437.0000000017171,1
smac-hard/jev_runs/all-maps-20260921-001/2s3z/jev,jev_only,390.99999999962165,1
smac-hard/jev_runs/all-maps-20260921-001/2s3z/jev,jev_only,405.9999999990396,1
smac-hard/jev_runs/all-maps-20260921-001/2s3z/jev,jev_only,579.0000000015425,1
smac-hard/jev_runs/all-maps-20260921-001/2s3z/jev,jev_only,547.0000000022992,1
smac-hard/jev_runs/all-maps-20260921-001/2s3z/jev,jev_only,468.99999999732245,1
smac-hard/jev_runs/all-maps-20260921-001/2s3z/jev,jev_only,422.0000000022992,1
smac-hard/jev_runs/all-maps-20260921-001/2s3z/jev,jev_only,436.99999999807915,1
smac-hard/jev_runs/all-maps-20260921-001/2s3z/jev,jev_only,406.00000000267755,1
smac-hard/jev_runs/all-maps-20260921-001/2s3z/jev,jev_only,436.99999999807915,1
smac-hard/jev_runs/all-maps-20260921-001/2s3z/jev,jev_only,328.0000000013388,1
smac-hard/jev_runs/all-maps-20260921-001/2s3z/jev,jev_only,420.9999999984575,1
smac-hard/jev_runs/all-maps-20260921-001/2s3z/jev,jev_only,390.99999999962165,1
smac-hard/jev_runs/all-maps-20260921-001/2s3z/jev,jev_only,610.0000000005821,1
smac-hard/jev_runs/all-maps-20260921-001/2s3z/jev,jev_only,375.0,1
smac-hard/jev_runs/all-maps-20260921-001/2s3z/jev,jev_only,594.0000000009604,1
smac-hard/jev_runs/all-maps-20260921-001/2s3z/jev,jev_only,406.9999999992433,1
smac-hard/jev_runs/all-maps-20260921-001/2s3z/jev,jev_only,420.9999999984575,1
smac-hard/jev_runs/all-maps-20260921-001/2s3z/jev,jev_only,405.9999999990396,1
smac-hard/jev_runs/all-maps-20260921-001/2s3z/jev,jev_only,390.99999999962165,1
smac-hard/jev_runs/all-maps-20260921-001/2s3z/jev,jev_only,437.0000000017171,1
smac-hard/jev_runs/all-maps-20260921-001/2s3z/jev,jev_only,359.00000000037835,1
smac-hard/jev_runs/all-maps-20260921-001/2s3z/jev,jev_only,359.00000000037835,1
smac-hard/jev_runs/all-maps-20260921-001/2s3z/jev,jev_only,359.00000000037835,1
smac-hard/jev_runs/all-maps-20260921-001/2s3z/jev,jev_only,405.9999999990396,1
smac-hard/jev_runs/all-maps-20260921-001/2s3z/jev,jev_only,578.0000000013388,1
smac-hard/jev_runs/all-maps-20260921-001/2s3z/jev,jev_only,577.9999999977008,1
smac-hard/jev_runs/all-maps-20260921-001/2s3z/jev,jev_only,375.0,1
smac-hard/jev_runs/all-maps-20260921-001/2s3z/jev,jev_only,390.99999999962165,1
smac-hard/jev_runs/all-maps-20260921-001/2s3z/jev,jev_only,561.9999999980791,1
smac-hard/jev_runs/all-maps-20260921-001/2s3z/jev,jev_only,389.9999999994179,1
smac-hard/jev_runs/all-maps-20260921-001/2s3z/jev,jev_only,422.0000000022992,1
smac-hard/jev_runs/all-maps-20260921-001/2s3z/jev,jev_only,389.9999999994179,1
smac-hard/jev_runs/all-maps-20260921-001/2s3z/jev,jev_only,406.00000000267755,1
smac-hard/jev_runs/all-maps-20260921-001/2s3z/jev,jev_only,405.9999999990396,1
smac-hard/jev_runs/all-maps-20260921-001/2s3z/jev,jev_only,640.9999999996217,1
smac-hard/jev_runs/all-maps-20260921-001/2s3z/jev,jev_only,639.9999999994179,1
smac-hard/jev_runs/all-maps-20260921-001/2s3z/jev,jev_only,437.0000000017171,1
smac-hard/jev_runs/all-maps-20260921-001/2s3z/jev,jev_only,421.9999999986612,1
smac-hard/jev_runs/all-maps-20260921-001/2s3z/jev,jev_only,485.0000000005821,1
smac-hard/jev_runs/all-maps-20260921-001/2s3z/jev,jev_only,438.00000000192085,1
smac-hard/jev_runs/all-maps-20260921-001/2s3z/jev,jev_only,437.0000000017171,1
smac-hard/jev_runs/all-maps-20260921-001/2s3z/jev,jev_only,436.99999999807915,1
smac-hard/jev_runs/all-maps-20260921-001/2s3z/jev,jev_only,656.0000000026776,1
smac-hard/jev_runs/all-maps-20260921-001/2s3z/jev,jev_only,577.9999999977008,1
smac-hard/jev_runs/all-maps-20260921-001/2s3z/jev,jev_only,500.0,1
smac-hard/jev_runs/all-maps-20260921-001/2s3z/jev,jev_only,641.0000000032596,1
smac-hard/jev_runs/all-maps-20260921-001/2s3z/jev,jev_only,405.9999999990396,1
smac-hard/jev_runs/all-maps-20260921-001/2s3z/jev,jev_only,468.0000000007567,1
smac-hard/jev_runs/all-maps-20260921-001/2s3z/jev,jev_only,405.9999999990396,1
smac-hard/jev_runs/all-maps-20260921-001/2s3z/jev,jev_only,422.0000000022992,1
smac-hard/jev_runs/all-maps-20260921-001/2s3z/jev,jev_only,467.9999999971187,1
smac-hard/jev_runs/all-maps-20260921-001/2s3z/jev,jev_only,391.00000000325963,1
smac-hard/jev_runs/all-maps-20260921-001/2s3z/jev,jev_only,436.99999999807915,1
smac-hard/jev_runs/all-maps-20260921-001/2s3z/jev,jev_only,422.0000000022992,1
smac-hard/jev_runs/all-maps-20260921-001/2s3z/jev,jev_only,546.9999999986612,1
smac-hard/jev_runs/all-maps-20260921-001/2s3z/jev,jev_only,420.9999999984575,1
smac-hard/jev_runs/all-maps-20260921-001/2s3z/jev,jev_only,655.9999999990396,1
smac-hard/jev_runs/all-maps-20260921-001/2s3z/jev,jev_only,436.99999999807915,1
smac-hard/jev_runs/all-maps-20260921-001/2s3z/jev,jev_only,405.9999999990396,1
smac-hard/jev_runs/all-maps-20260921-001/2s3z/jev,jev_only,436.99999999807915,1
smac-hard/jev_runs/all-maps-20260921-001/2s3z/jev,jev_only,405.9999999990396,1
smac-hard/jev_runs/all-maps-20260921-001/2s3z/jev,jev_only,405.9999999990396,1
smac-hard/jev_runs/all-maps-20260921-001/2s3z/jev,jev_only,389.9999999994179,1
smac-hard/jev_runs/all-maps-20260921-001/2s3z/jev,jev_only,407.0000000028813,1
smac-hard/jev_runs/all-maps-20260921-001/2s3z/jev,jev_only,389.9999999994179,1
smac-hard/jev_runs/all-maps-20260921-001/2s3z/jev,jev_only,375.0,1
smac-hard/jev_runs/all-maps-20260921-001/2s3z/jev,jev_only,420.9999999984575,1
smac-hard/jev_runs/all-maps-20260921-001/2s3z/jev,jev_only,421.9999999986612,1
smac-hard/jev_runs/all-maps-20260921-001/2s3z/jev,jev_only,375.0,1
smac-hard/jev_runs/all-maps-20260921-001/2s3z/jev,jev_only,375.0,1
smac-hard/jev_runs/all-maps-20260921-001/2s3z/jev,jev_only,375.0,1
smac-hard/jev_runs/all-maps-20260921-001/2s3z/jev,jev_only,438.00000000192085,1
smac-hard/jev_runs/all-maps-20260921-001/2s3z/jev,jev_only,389.9999999994179,1
smac-hard/jev_runs/all-maps-20260921-001/2s3z/jev,jev_only,438.00000000192085,1
smac-hard/jev_runs/all-maps-20260921-001/2s3z/jev,jev_only,592.9999999971187,1
smac-hard/jev_runs/all-maps-20260921-001/2s3z/jev,jev_only,390.99999999962165,1
smac-hard/jev_runs/all-maps-20260921-001/2s3z/jev,jev_only,390.99999999962165,1
smac-hard/jev_runs/all-maps-20260921-001/2s3z/jev,jev_only,375.0,1
smac-hard/jev_runs/all-maps-20260921-001/2s3z/jev,jev_only,375.0,1
smac-hard/jev_runs/all-maps-20260921-001/2s3z/jev,jev_only,406.00000000267755,1
smac-hard/jev_runs/all-maps-20260921-001/2s3z/jev,jev_only,389.9999999994179,1
smac-hard/jev_runs/all-maps-20260921-001/2s3z/jev,jev_only,405.9999999990396,1
smac-hard/jev_runs/all-maps-20260921-001/2s3z/jev,jev_only,453.0000000013388,1
smac-hard/jev_runs/all-maps-20260921-001/2s3z/jev,jev_only,405.9999999990396,1
smac-hard/jev_runs/all-maps-20260921-001/2s3z/jev,jev_only,469.0000000009604,1
smac-hard/jev_runs/all-maps-20260921-001/2s3z/jev,jev_only,375.0,1
smac-hard/jev_runs/all-maps-20260921-001/2s3z/jev,jev_only,578.0000000013388,1
smac-hard/jev_runs/all-maps-20260921-001/2s3z/jev,jev_only,375.0,1
smac-hard/jev_runs/all-maps-20260921-001/2s3z/jev,jev_only,375.0,1
smac-hard/jev_runs/all-maps-20260921-001/2s3z/jev,jev_only,500.0,1
smac-hard/jev_runs/all-maps-20260921-001/2s3z/jev,jev_only,360.0000000005821,1
smac-hard/jev_runs/all-maps-20260921-001/2s3z/jev,jev_only,375.0,1
smac-hard/jev_runs/all-maps-20260921-001/2s3z/jev,jev_only,437.0000000017171,1
smac-hard/jev_runs/all-maps-20260921-001/2s3z/jev,jev_only,390.99999999962165,1
smac-hard/jev_runs/all-maps-20260921-001/2s3z/jev,jev_only,344.0000000009604,1
smac-hard/jev_runs/all-maps-20260921-001/2s3z/jev,jev_only,406.9999999992433,1
smac-hard/jev_runs/all-maps-20260921-001/2s3z/jev,jev_only,389.9999999994179,1
smac-hard/jev_runs/all-maps-20260921-001/2s3z/jev,jev_only,359.00000000037835,1
smac-hard/jev_runs/all-maps-20260921-001/2s3z/jev,jev_only,375.0,1
smac-hard/jev_runs/all-maps-20260921-001/2s3z/jev,jev_only,375.0,1
smac-hard/jev_runs/all-maps-20260921-001/2s3z/jev,jev_only,360.0000000005821,1
smac-hard/jev_runs/all-maps-20260921-001/2s3z/jev,jev_only,375.0,1
smac-hard/jev_runs/all-maps-20260921-001/2s3z/jev,jev_only,344.0000000009604,1
smac-hard/jev_runs/all-maps-20260921-001/2s3z/jev,jev_only,405.9999999990396,1
smac-hard/jev_runs/all-maps-20260921-001/2s3z/jev,jev_only,360.0000000005821,1
smac-hard/jev_runs/all-maps-20260921-001/2s3z/jev,jev_only,375.0,1
smac-hard/jev_runs/all-maps-20260921-001/2s3z/jev,jev_only,344.0000000009604,1
smac-hard/jev_runs/all-maps-20260921-001/2s3z/jev,jev_only,389.9999999994179,1
smac-hard/jev_runs/p0-astra-all-maps-20260922-001/2s3z/jev,jev_gpt6,2281.9999999919673,1
smac-hard/jev_runs/p0-astra-all-maps-20260922-001/2s3z/jev,jev_gpt6,422.0000000059372,1
smac-hard/jev_runs/p0-astra-all-maps-20260922-001/2s3z/jev,jev_gpt6,405.99999998812564,1
smac-hard/jev_runs/p0-astra-all-maps-20260922-001/2s3z/jev,jev_gpt6,468.99999999732245,1
smac-hard/jev_runs/p0-astra-all-maps-20260922-001/2s3z/jev,jev_gpt6,500.0,1
smac-hard/jev_runs/p0-astra-all-maps-20260922-001/2s3z/jev,jev_gpt6,468.99999999732245,1
smac-hard/jev_runs/p0-astra-all-maps-20260922-001/2s3z/jev,jev_gpt6,437.0000000053551,1
smac-hard/jev_runs/p0-astra-all-maps-20260922-001/2s3z/jev,jev_gpt6,437.9999999946449,1
smac-hard/jev_runs/p0-astra-all-maps-20260922-001/2s3z/jev,jev_gpt6,437.9999999946449,1
smac-hard/jev_runs/p0-astra-all-maps-20260922-001/2s3z/jev,jev_gpt6,453.00000000861473,1
smac-hard/jev_runs/p0-astra-all-maps-20260922-001/2s3z/jev,jev_gpt6,483.99999999674037,1
smac-hard/jev_runs/p0-astra-all-maps-20260922-001/2s3z/jev,jev_gpt6,437.9999999946449,1
smac-hard/jev_runs/p0-astra-all-maps-20260922-001/2s3z/jev,jev_gpt6,452.9999999940628,1
smac-hard/jev_runs/p0-astra-all-maps-20260922-001/2s3z/jev,jev_gpt6,453.00000000861473,1
smac-hard/jev_runs/p0-astra-all-maps-20260922-001/2s3z/jev,jev_gpt6,514.9999999994179,1
smac-hard/jev_runs/p0-astra-all-maps-20260922-001/2s3z/jev,jev_gpt6,453.00000000861473,1
smac-hard/jev_runs/p0-astra-all-maps-20260922-001/2s3z/jev,jev_gpt6,453.00000000861473,1
smac-hard/jev_runs/p0-astra-all-maps-20260922-001/2s3z/jev,jev_gpt6,437.9999999946449,1
smac-hard/jev_runs/p0-astra-all-maps-20260922-001/2s3z/jev,jev_gpt6,437.9999999946449,1
smac-hard/jev_runs/p0-astra-all-maps-20260922-001/2s3z/jev,jev_gpt6,484.0000000112923,1
smac-hard/jev_runs/p0-astra-all-maps-20260922-001/2s3z/jev,jev_gpt6,452.9999999940628,1
smac-hard/jev_runs/p0-astra-all-maps-20260922-001/2s3z/jev,jev_gpt6,452.9999999940628,1
smac-hard/jev_runs/p0-astra-all-maps-20260922-001/2s3z/jev,jev_gpt6,436.9999999908032,1
smac-hard/jev_runs/p0-astra-all-maps-20260922-001/2s3z/jev,jev_gpt6,453.00000000861473,1
smac-hard/jev_runs/p0-astra-all-maps-20260922-001/2s3z/jev,jev_gpt6,437.0000000053551,1
smac-hard/jev_runs/p0-astra-all-maps-20260922-001/2s3z/jev,jev_gpt6,452.9999999940628,1
smac-hard/jev_runs/p0-astra-all-maps-20260922-001/2s3z/jev,jev_gpt6,437.0000000053551,1
smac-hard/jev_runs/p0-astra-all-maps-20260922-001/2s3z/jev,jev_gpt6,452.9999999940628,1
smac-hard/jev_runs/p0-astra-all-maps-20260922-001/2s3z/jev,jev_gpt6,389.9999999994179,1
smac-hard/jev_runs/p0-astra-all-maps-20260922-001/2s3z/jev,jev_gpt6,375.0,1
smac-hard/jev_runs/p0-astra-all-maps-20260922-001/2s3z/jev,jev_gpt6,375.0,1
smac-hard/jev_runs/p0-astra-all-maps-20260922-001/2s3z/jev,jev_gpt6,391.00000000325963,1
smac-hard/jev_runs/p0-astra-all-maps-20260922-001/2s3z/jev,jev_gpt6,453.00000000861473,1
smac-hard/jev_runs/p0-astra-all-maps-20260922-001/2s3z/jev,jev_gpt6,453.00000000861473,1
smac-hard/jev_runs/p0-astra-all-maps-20260922-001/2s3z/jev,jev_gpt6,406.99999999196734,1
smac-hard/jev_runs/p0-astra-all-maps-20260922-001/2s3z/jev,jev_gpt6,391.00000000325963,1
smac-hard/jev_runs/p0-astra-all-maps-20260922-001/2s3z/jev,jev_gpt6,358.99999999674037,1
smac-hard/jev_runs/p0-astra-all-maps-20260922-001/2s3z/jev,jev_gpt6,421.0000000020955,1
smac-hard/jev_runs/p0-astra-all-maps-20260922-001/2s3z/jev,jev_gpt6,391.00000000325963,1
smac-hard/jev_runs/p0-astra-all-maps-20260922-001/2s3z/jev,jev_gpt6,389.9999999994179,1
smac-hard/jev_runs/p0-astra-all-maps-20260922-001/2s3z/jev,jev_gpt6,437.0000000053551,1
smac-hard/jev_runs/p0-astra-all-maps-20260922-001/2s3z/jev,jev_gpt6,358.99999999674037,1
smac-hard/jev_runs/p0-astra-all-maps-20260922-001/2s3z/jev,jev_gpt6,406.99999999196734,1
smac-hard/jev_runs/p0-astra-all-maps-20260922-001/2s3z/jev,jev_gpt6,375.0,1
smac-hard/jev_runs/p0-astra-all-maps-20260922-001/2s3z/jev,jev_gpt6,358.99999999674037,1
smac-hard/jev_runs/p0-astra-all-maps-20260922-001/2s3z/jev,jev_gpt6,375.0,1
smac-hard/jev_runs/p0-astra-all-maps-20260922-001/2s3z/jev,jev_gpt6,360.0000000005821,1
smac-hard/jev_runs/p0-astra-all-maps-20260922-001/2s3z/jev,jev_gpt6,360.0000000005821,1
smac-hard/jev_runs/p0-astra-all-maps-20260922-001/2s3z/jev,jev_gpt6,359.0000000112923,1
smac-hard/jev_runs/p0-astra-all-maps-20260922-001/2s3z/jev,jev_gpt6,359.0000000112923,1
smac-hard/jev_runs/p0-astra-all-maps-20260922-001/2s3z/jev,jev_gpt6,359.0000000112923,1
smac-hard/jev_runs/p0-astra-all-maps-20260922-001/2s3z/jev,jev_gpt6,452.9999999940628,1
smac-hard/jev_runs/p0-astra-all-maps-20260922-001/2s3z/jev,jev_gpt6,375.0,1
smac-hard/jev_runs/p0-astra-all-maps-20260922-001/2s3z/jev,jev_gpt6,343.99999999732245,1
smac-hard/jev_runs/p0-astra-all-maps-20260922-001/2s3z/jev,jev_gpt6,375.0,1
smac-hard/jev_runs/p0-astra-all-maps-20260922-001/2s3z/jev,jev_gpt6,406.00000000267755,1
smac-hard/jev_runs/p0-astra-all-maps-20260922-001/2s3z/jev,jev_gpt6,421.0000000020955,1
smac-hard/jev_runs/p0-astra-all-maps-20260922-001/2s3z/jev,jev_gpt6,406.99999999196734,1
smac-hard/jev_runs/p0-astra-all-maps-20260922-001/2s3z/jev,jev_gpt6,468.00000000803266,1
smac-hard/jev_runs/p0-astra-all-maps-20260922-001/2s3z/jev,jev_gpt6,468.99999999732245,1
smac-hard/jev_runs/p0-astra-all-maps-20260922-001/2s3z/jev,jev_gpt6,468.99999999732245,1
smac-hard/jev_runs/p0-astra-all-maps-20260922-001/2s3z/jev,jev_gpt6,468.99999999732245,1
smac-hard/jev_runs/p0-astra-all-maps-20260922-001/2s3z/jev,jev_gpt6,468.99999999732245,1
smac-hard/jev_runs/p0-astra-all-maps-20260922-001/2s3z/jev,jev_gpt6,437.0000000053551,1
smac-hard/jev_runs/p0-astra-all-maps-20260922-001/2s3z/jev,jev_gpt6,422.0000000059372,1
smac-hard/jev_runs/p0-astra-all-maps-20260922-001/2s3z/jev,jev_gpt6,531.0000000026776,1
smac-hard/jev_runs/p0-astra-all-maps-20260922-001/2s3z/jev,jev_gpt6,452.9999999940628,1
smac-hard/jev_runs/p0-astra-all-maps-20260922-001/2s3z/jev,jev_gpt6,452.9999999940628,1
smac-hard/jev_runs/p0-astra-all-maps-20260922-001/2s3z/jev,jev_gpt6,514.9999999994179,1
smac-hard/jev_runs/p0-astra-all-maps-20260922-001/2s3z/jev,jev_gpt6,561.9999999908032,1
smac-hard/jev_runs/p0-astra-all-maps-20260922-001/2s3z/jev,jev_gpt6,483.99999999674037,1
smac-hard/jev_runs/p0-astra-all-maps-20260922-001/2s3z/jev,jev_gpt6,437.0000000053551,1
smac-hard/jev_runs/p0-astra-all-maps-20260922-001/2s3z/jev,jev_gpt6,452.9999999940628,1
smac-hard/jev_runs/p0-astra-all-maps-20260922-001/2s3z/jev,jev_gpt6,452.9999999940628,1
smac-hard/jev_runs/p0-astra-all-maps-20260922-001/2s3z/jev,jev_gpt6,406.00000000267755,1
smac-hard/jev_runs/p0-astra-all-maps-20260922-001/2s3z/jev,jev_gpt6,452.9999999940628,1
smac-hard/jev_runs/p0-astra-all-maps-20260922-001/2s3z/jev,jev_gpt6,468.99999999732245,1
smac-hard/jev_runs/p0-astra-all-maps-20260922-001/2s3z/jev,jev_gpt6,468.99999999732245,1
smac-hard/jev_runs/p0-astra-all-maps-20260922-001/2s3z/jev,jev_gpt6,483.99999999674037,1
smac-hard/jev_runs/p0-astra-all-maps-20260922-001/2s3z/jev,jev_gpt6,406.00000000267755,1
smac-hard/jev_runs/p0-astra-all-maps-20260922-001/2s3z/jev,jev_gpt6,437.9999999946449,1
smac-hard/jev_runs/p0-astra-all-maps-20260922-001/2s3z/jev,jev_gpt6,389.9999999994179,1
smac-hard/jev_runs/p0-astra-all-maps-20260922-001/2s3z/jev,jev_gpt6,406.00000000267755,1
smac-hard/jev_runs/p0-astra-all-maps-20260922-001/2s3z/jev,jev_gpt6,405.99999998812564,1
smac-hard/jev_runs/p0-astra-all-maps-20260922-001/2s3z/jev,jev_gpt6,391.00000000325963,1
smac-hard/jev_runs/p0-astra-all-maps-20260922-001/2s3z/jev,jev_gpt6,452.9999999940628,1
smac-hard/jev_runs/p0-astra-all-maps-20260922-001/2s3z/jev,jev_gpt6,437.0000000053551,1
smac-hard/jev_runs/p0-astra-all-maps-20260922-001/2s3z/jev,jev_gpt6,405.99999998812564,1
smac-hard/jev_runs/p0-astra-all-maps-20260922-001/2s3z/jev,jev_gpt6,406.00000000267755,1
smac-hard/jev_runs/p0-astra-all-maps-20260922-001/2s3z/jev,jev_gpt6,436.9999999908032,1
smac-hard/jev_runs/p0-astra-all-maps-20260922-001/2s3z/jev,jev_gpt6,375.0,1
smac-hard/jev_runs/p0-astra-all-maps-20260922-001/2s3z/jev,jev_gpt6,453.00000000861473,1
smac-hard/jev_runs/p0-astra-all-maps-20260922-001/2s3z/jev,jev_gpt6,405.99999998812564,1
smac-hard/jev_runs/p0-astra-all-maps-20260922-001/2s3z/jev,jev_gpt6,406.00000000267755,1
smac-hard/jev_runs/p0-astra-all-maps-20260922-001/2s3z/jev,jev_gpt6,436.9999999908032,1
smac-hard/jev_runs/p0-astra-all-maps-20260922-001/2s3z/jev,jev_gpt6,406.00000000267755,1
smac-hard/jev_runs/p0-astra-all-maps-20260922-001/2s3z/jev,jev_gpt6,436.9999999908032,1
smac-hard/jev_runs/p0-astra-all-maps-20260922-001/2s3z/jev,jev_gpt6,453.00000000861473,1
smac-hard/jev_runs/p0-astra-all-maps-20260922-001/2s3z/jev,jev_gpt6,452.9999999940628,1
smac-hard/jev_runs/p0-astra-all-maps-20260922-001/2s3z/jev,jev_gpt6,406.00000000267755,1
smac-hard/jev_runs/p0-astra-all-maps-20260922-001/2s3z/jev,jev_gpt6,437.9999999946449,1
smac-hard/jev_runs/p0-astra-all-maps-20260922-001/2s3z/jev,jev_gpt6,406.00000000267755,1
smac-hard/jev_runs/p0-astra-all-maps-20260922-001/2s3z/jev,jev_gpt6,358.99999999674037,1
smac-hard/jev_runs/p0-astra-all-maps-20260922-001/2s3z/jev,jev_gpt6,375.0,1
smac-hard/jev_runs/p0-astra-all-maps-20260922-001/2s3z/jev,jev_gpt6,389.9999999994179,1
smac-hard/jev_runs/p0-astra-all-maps-20260922-001/2s3z/jev,jev_gpt6,422.0000000059372,1
smac-hard/jev_runs/p0-astra-all-maps-20260922-001/2s3z/jev,jev_gpt6,453.9999999979045,1
smac-hard/jev_runs/p0-astra-all-maps-20260922-001/2s3z/jev,jev_gpt6,375.0,1
smac-hard/jev_runs/p0-astra-all-maps-20260922-001/2s3z/jev,jev_gpt6,375.0,1
smac-hard/jev_runs/p0-astra-all-maps-20260922-001/2s3z/jev,jev_gpt6,389.9999999994179,1
smac-hard/jev_runs/p0-astra-all-maps-20260922-001/2s3z/jev,jev_gpt6,375.0,1
smac-hard/jev_runs/p0-astra-all-maps-20260922-001/2s3z/jev,jev_gpt6,406.00000000267755,1
smac-hard/jev_runs/p0-astra-all-maps-20260922-001/2s3z/jev,jev_gpt6,437.9999999946449,1
smac-hard/jev_runs/p0-astra-all-maps-20260922-001/2s3z/jev,jev_gpt6,437.0000000053551,1
smac-hard/jev_runs/p0-astra-all-maps-20260922-001/2s3z/jev,jev_gpt6,468.00000000803266,1
smac-hard/jev_runs/p0-astra-all-maps-20260922-001/2s3z/jev,jev_gpt6,468.99999999732245,1
smac-hard/jev_runs/p0-astra-all-maps-20260922-001/2s3z/jev,jev_gpt6,452.9999999940628,1
smac-hard/jev_runs/p0-astra-all-maps-20260922-001/2s3z/jev,jev_gpt6,483.99999999674037,1
smac-hard/jev_runs/p0-astra-all-maps-20260922-001/2s3z/jev,jev_gpt6,453.00000000861473,1
smac-hard/jev_runs/p0-astra-all-maps-20260922-001/2s3z/jev,jev_gpt6,453.00000000861473,1
smac-hard/jev_runs/p0-astra-all-maps-20260922-001/2s3z/jev,jev_gpt6,437.9999999946449,1
smac-hard/jev_runs/p0-astra-all-maps-20260922-001/2s3z/jev,jev_gpt6,452.9999999940628,1
smac-hard/jev_runs/p0-astra-all-maps-20260922-001/2s3z/jev,jev_gpt6,453.00000000861473,1
smac-hard/jev_runs/p0-astra-all-maps-20260922-001/2s3z/jev,jev_gpt6,468.99999999732245,1
smac-hard/jev_runs/p0-astra-all-maps-20260922-001/2s3z/jev,jev_gpt6,421.99999999138527,1
smac-hard/jev_runs/p0-astra-all-maps-20260922-001/2s3z/jev,jev_gpt6,468.99999999732245,1
smac-hard/jev_runs/p0-astra-all-maps-20260922-001/2s3z/jev,jev_gpt6,468.00000000803266,1
smac-hard/jev_runs/p0-astra-all-maps-20260922-001/2s3z/jev,jev_gpt6,468.99999999732245,1
smac-hard/jev_runs/p0-astra-all-maps-20260922-001/2s3z/jev,jev_gpt6,483.99999999674037,1
smac-hard/jev_runs/p0-astra-all-maps-20260922-001/2s3z/jev,jev_gpt6,468.99999999732245,1
smac-hard/jev_runs/p0-astra-all-maps-20260922-001/2s3z/jev,jev_gpt6,546.0000000020955,1
smac-hard/jev_runs/p0-astra-all-maps-20260922-001/2s3z/jev,jev_gpt6,468.99999999732245,1
smac-hard/jev_runs/p0-astra-all-maps-20260922-001/2s3z/jev,jev_gpt6,531.9999999919673,1
smac-hard/jev_runs/p0-astra-all-maps-20260922-001/2s3z/jev,jev_gpt6,422.0000000059372,1
smac-hard/jev_runs/p0-astra-all-maps-20260922-001/2s3z/jev,jev_gpt6,437.9999999946449,1
smac-hard/jev_runs/p0-astra-all-maps-20260922-001/2s3z/jev,jev_gpt6,406.00000000267755,1
smac-hard/jev_runs/p0-astra-all-maps-20260922-001/2s3z/jev,jev_gpt6,421.0000000020955,1
smac-hard/jev_runs/p0-astra-all-maps-20260922-001/2s3z/jev,jev_gpt6,421.99999999138527,1
smac-hard/jev_runs/p0-astra-all-maps-20260922-001/2s3z/jev,jev_gpt6,375.0,1
smac-hard/jev_runs/p0-astra-all-maps-20260922-001/2s3z/jev,jev_gpt6,391.00000000325963,1
smac-hard/jev_runs/p0-astra-all-maps-20260922-001/2s3z/jev,jev_gpt6,375.0,1
smac-hard/jev_runs/p0-astra-all-maps-20260922-001/2s3z/jev,jev_gpt6,390.9999999887077,1
smac-hard/jev_runs/p0-astra-all-maps-20260922-001/2s3z/jev,jev_gpt6,391.00000000325963,1
smac-hard/jev_runs/p0-astra-all-maps-20260922-001/2s3z/jev,jev_gpt6,375.0,1
smac-hard/jev_runs/p0-astra-all-maps-20260922-001/2s3z/jev,jev_gpt6,437.0000000053551,1
smac-hard/jev_runs/p0-astra-all-maps-20260922-001/2s3z/jev,jev_gpt6,375.0,1
smac-hard/jev_runs/p0-astra-all-maps-20260922-001/2s3z/jev,jev_gpt6,406.00000000267755,1
smac-hard/jev_runs/p0-astra-all-maps-20260922-001/2s3z/jev,jev_gpt6,389.9999999994179,1
smac-hard/jev_runs/p0-astra-all-maps-20260922-001/2s3z/jev,jev_gpt6,437.9999999946449,1
smac-hard/jev_runs/p0-astra-all-maps-20260922-001/2s3z/jev,jev_gpt6,375.0,1
smac-hard/jev_runs/p0-astra-all-maps-20260922-001/2s3z/jev,jev_gpt6,453.00000000861473,1
smac-hard/jev_runs/p0-astra-all-maps-20260922-001/2s3z/jev,jev_gpt6,422.0000000059372,1
smac-hard/jev_runs/p0-astra-all-maps-20260922-001/2s3z/jev,jev_gpt6,437.0000000053551,1
smac-hard/jev_runs/all-maps-20260921-001/3s5z/jev,jev_only,1360.000000000582,1
smac-hard/jev_runs/all-maps-20260921-001/3s5z/jev,jev_only,453.0000000013388,1
smac-hard/jev_runs/all-maps-20260921-001/3s5z/jev,jev_only,515.9999999996217,1
smac-hard/jev_runs/all-maps-20260921-001/3s5z/jev,jev_only,485.0000000005821,1
smac-hard/jev_runs/all-maps-20260921-001/3s5z/jev,jev_only,530.9999999990396,1
smac-hard/jev_runs/all-maps-20260921-001/3s5z/jev,jev_only,468.99999999732245,1
smac-hard/jev_runs/all-maps-20260921-001/3s5z/jev,jev_only,500.0,1
smac-hard/jev_runs/all-maps-20260921-001/3s5z/jev,jev_only,515.9999999996217,1
smac-hard/jev_runs/all-maps-20260921-001/3s5z/jev,jev_only,469.0000000009604,1
smac-hard/jev_runs/all-maps-20260921-001/3s5z/jev,jev_only,485.0000000005821,1
smac-hard/jev_runs/all-maps-20260921-001/3s5z/jev,jev_only,531.9999999992433,1
smac-hard/jev_runs/all-maps-20260921-001/3s5z/jev,jev_only,485.0000000005821,1
smac-hard/jev_runs/all-maps-20260921-001/3s5z/jev,jev_only,485.0000000005821,1
smac-hard/jev_runs/all-maps-20260921-001/3s5z/jev,jev_only,500.0,1
smac-hard/jev_runs/all-maps-20260921-001/3s5z/jev,jev_only,500.0,1
smac-hard/jev_runs/all-maps-20260921-001/3s5z/jev,jev_only,485.0000000005821,1
smac-hard/jev_runs/all-maps-20260921-001/3s5z/jev,jev_only,437.9999999982829,1
smac-hard/jev_runs/all-maps-20260921-001/3s5z/jev,jev_only,469.0000000009604,1
smac-hard/jev_runs/all-maps-20260921-001/3s5z/jev,jev_only,469.0000000009604,1
smac-hard/jev_runs/all-maps-20260921-001/3s5z/jev,jev_only,485.0000000005821,1
smac-hard/jev_runs/all-maps-20260921-001/3s5z/jev,jev_only,655.9999999990396,1
smac-hard/jev_runs/all-maps-20260921-001/3s5z/jev,jev_only,875.0,1
smac-hard/jev_runs/all-maps-20260921-001/3s5z/jev,jev_only,452.9999999977008,1
smac-hard/jev_runs/all-maps-20260921-001/3s5z/jev,jev_only,484.00000000037835,1
smac-hard/jev_runs/all-maps-20260921-001/3s5z/jev,jev_only,453.0000000013388,1
smac-hard/jev_runs/all-maps-20260921-001/3s5z/jev,jev_only,750.0,1
smac-hard/jev_runs/all-maps-20260921-001/3s5z/jev,jev_only,515.9999999996217,1
smac-hard/jev_runs/all-maps-20260921-001/3s5z/jev,jev_only,656.0000000026776,1
smac-hard/jev_runs/all-maps-20260921-001/3s5z/jev,jev_only,592.9999999971187,1
smac-hard/jev_runs/all-maps-20260921-001/3s5z/jev,jev_only,407.0000000028813,1
smac-hard/jev_runs/all-maps-20260921-001/3s5z/jev,jev_only,421.9999999986612,1
smac-hard/jev_runs/all-maps-20260921-001/3s5z/jev,jev_only,406.00000000267755,1
smac-hard/jev_runs/all-maps-20260921-001/3s5z/jev,jev_only,562.9999999982829,1
smac-hard/jev_runs/all-maps-20260921-001/3s5z/jev,jev_only,594.0000000009604,1
smac-hard/jev_runs/all-maps-20260921-001/3s5z/jev,jev_only,375.0,1
smac-hard/jev_runs/all-maps-20260921-001/3s5z/jev,jev_only,594.0000000009604,1
smac-hard/jev_runs/all-maps-20260921-001/3s5z/jev,jev_only,437.0000000017171,1
smac-hard/jev_runs/all-maps-20260921-001/3s5z/jev,jev_only,405.9999999990396,1
smac-hard/jev_runs/all-maps-20260921-001/3s5z/jev,jev_only,390.99999999962165,1
smac-hard/jev_runs/all-maps-20260921-001/3s5z/jev,jev_only,594.0000000009604,1
smac-hard/jev_runs/all-maps-20260921-001/3s5z/jev,jev_only,406.9999999992433,1
smac-hard/jev_runs/all-maps-20260921-001/3s5z/jev,jev_only,578.0000000013388,1
smac-hard/jev_runs/all-maps-20260921-001/3s5z/jev,jev_only,390.99999999962165,1
smac-hard/jev_runs/all-maps-20260921-001/3s5z/jev,jev_only,405.9999999990396,1
smac-hard/jev_runs/all-maps-20260921-001/3s5z/jev,jev_only,406.00000000267755,1
smac-hard/jev_runs/all-maps-20260921-001/3s5z/jev,jev_only,375.0,1
smac-hard/jev_runs/all-maps-20260921-001/3s5z/jev,jev_only,389.9999999994179,1
smac-hard/jev_runs/all-maps-20260921-001/3s5z/jev,jev_only,453.0000000013388,1
smac-hard/jev_runs/all-maps-20260921-001/3s5z/jev,jev_only,546.9999999986612,1
smac-hard/jev_runs/all-maps-20260921-001/3s5z/jev,jev_only,672.0000000022992,1
smac-hard/jev_runs/all-maps-20260921-001/3s5z/jev,jev_only,500.0,1
smac-hard/jev_runs/all-maps-20260921-001/3s5z/jev,jev_only,484.00000000037835,1
smac-hard/jev_runs/all-maps-20260921-001/3s5z/jev,jev_only,655.9999999990396,1
smac-hard/jev_runs/all-maps-20260921-001/3s5z/jev,jev_only,469.0000000009604,1
smac-hard/jev_runs/all-maps-20260921-001/3s5z/jev,jev_only,515.9999999996217,1
smac-hard/jev_runs/all-maps-20260921-001/3s5z/jev,jev_only,469.0000000009604,1
smac-hard/jev_runs/all-maps-20260921-001/3s5z/jev,jev_only,469.0000000009604,1
smac-hard/jev_runs/all-maps-20260921-001/3s5z/jev,jev_only,640.9999999996217,1
smac-hard/jev_runs/all-maps-20260921-001/3s5z/jev,jev_only,469.0000000009604,1
smac-hard/jev_runs/all-maps-20260921-001/3s5z/jev,jev_only,453.0000000013388,1
smac-hard/jev_runs/all-maps-20260921-001/3s5z/jev,jev_only,500.0,1
smac-hard/jev_runs/all-maps-20260921-001/3s5z/jev,jev_only,625.0,1
smac-hard/jev_runs/all-maps-20260921-001/3s5z/jev,jev_only,500.0,1
smac-hard/jev_runs/all-maps-20260921-001/3s5z/jev,jev_only,438.00000000192085,1
smac-hard/jev_runs/all-maps-20260921-001/3s5z/jev,jev_only,453.0000000013388,1
smac-hard/jev_runs/all-maps-20260921-001/3s5z/jev,jev_only,421.9999999986612,1
smac-hard/jev_runs/all-maps-20260921-001/3s5z/jev,jev_only,562.0000000017171,1
smac-hard/jev_runs/all-maps-20260921-001/3s5z/jev,jev_only,515.9999999996217,1
smac-hard/jev_runs/all-maps-20260921-001/3s5z/jev,jev_only,453.0000000013388,1
smac-hard/jev_runs/all-maps-20260921-001/3s5z/jev,jev_only,452.9999999977008,1
smac-hard/jev_runs/all-maps-20260921-001/3s5z/jev,jev_only,437.9999999982829,1
smac-hard/jev_runs/all-maps-20260921-001/3s5z/jev,jev_only,422.0000000022992,1
smac-hard/jev_runs/all-maps-20260921-001/3s5z/jev,jev_only,436.99999999807915,1
smac-hard/jev_runs/all-maps-20260921-001/3s5z/jev,jev_only,469.0000000009604,1
smac-hard/jev_runs/all-maps-20260921-001/3s5z/jev,jev_only,422.0000000022992,1
smac-hard/jev_runs/all-maps-20260921-001/3s5z/jev,jev_only,452.9999999977008,1
smac-hard/jev_runs/all-maps-20260921-001/3s5z/jev,jev_only,438.00000000192085,1
smac-hard/jev_runs/all-maps-20260921-001/3s5z/jev,jev_only,453.0000000013388,1
smac-hard/jev_runs/all-maps-20260921-001/3s5z/jev,jev_only,375.0,1
smac-hard/jev_runs/all-maps-20260921-001/3s5z/jev,jev_only,609.0000000003783,1
smac-hard/jev_runs/all-maps-20260921-001/3s5z/jev,jev_only,437.9999999982829,1
smac-hard/jev_runs/all-maps-20260921-001/3s5z/jev,jev_only,391.00000000325963,1
smac-hard/jev_runs/all-maps-20260921-001/3s5z/jev,jev_only,405.9999999990396,1
smac-hard/jev_runs/all-maps-20260921-001/3s5z/jev,jev_only,405.9999999990396,1
smac-hard/jev_runs/all-maps-20260921-001/3s5z/jev,jev_only,407.0000000028813,1
smac-hard/jev_runs/all-maps-20260921-001/3s5z/jev,jev_only,406.9999999992433,1
smac-hard/jev_runs/all-maps-20260921-001/3s5z/jev,jev_only,420.9999999984575,1
smac-hard/jev_runs/all-maps-20260921-001/3s5z/jev,jev_only,405.9999999990396,1
smac-hard/jev_runs/all-maps-20260921-001/3s5z/jev,jev_only,359.00000000037835,1
smac-hard/jev_runs/all-maps-20260921-001/3s5z/jev,jev_only,437.0000000017171,1
smac-hard/jev_runs/all-maps-20260921-001/3s5z/jev,jev_only,436.99999999807915,1
smac-hard/jev_runs/all-maps-20260921-001/3s5z/jev,jev_only,485.0000000005821,1
smac-hard/jev_runs/all-maps-20260921-001/3s5z/jev,jev_only,469.0000000009604,1
smac-hard/jev_runs/all-maps-20260921-001/3s5z/jev,jev_only,484.00000000037835,1
smac-hard/jev_runs/all-maps-20260921-001/3s5z/jev,jev_only,703.0000000013388,1
smac-hard/jev_runs/all-maps-20260921-001/3s5z/jev,jev_only,702.9999999977008,1
smac-hard/jev_runs/all-maps-20260921-001/3s5z/jev,jev_only,671.9999999986612,1
smac-hard/jev_runs/all-maps-20260921-001/3s5z/jev,jev_only,484.00000000037835,1
smac-hard/jev_runs/all-maps-20260921-001/3s5z/jev,jev_only,453.0000000013388,1
smac-hard/jev_runs/all-maps-20260921-001/3s5z/jev,jev_only,500.0,1
smac-hard/jev_runs/all-maps-20260921-001/3s5z/jev,jev_only,561.9999999980791,1
smac-hard/jev_runs/all-maps-20260921-001/3s5z/jev,jev_only,468.99999999732245,1
smac-hard/jev_runs/all-maps-20260921-001/3s5z/jev,jev_only,672.0000000022992,1
smac-hard/jev_runs/all-maps-20260921-001/3s5z/jev,jev_only,485.0000000005821,1
smac-hard/jev_runs/all-maps-20260921-001/3s5z/jev,jev_only,640.9999999996217,1
smac-hard/jev_runs/all-maps-20260921-001/3s5z/jev,jev_only,468.0000000007567,1
smac-hard/jev_runs/all-maps-20260921-001/3s5z/jev,jev_only,500.0,1
smac-hard/jev_runs/all-maps-20260921-001/3s5z/jev,jev_only,436.99999999807915,1
smac-hard/jev_runs/all-maps-20260921-001/3s5z/jev,jev_only,516.0000000032596,1
smac-hard/jev_runs/all-maps-20260921-001/3s5z/jev,jev_only,452.9999999977008,1
smac-hard/jev_runs/all-maps-20260921-001/3s5z/jev,jev_only,469.0000000009604,1
smac-hard/jev_runs/all-maps-20260921-001/3s5z/jev,jev_only,485.0000000005821,1
smac-hard/jev_runs/all-maps-20260921-001/3s5z/jev,jev_only,688.0000000019209,1
smac-hard/jev_runs/all-maps-20260921-001/3s5z/jev,jev_only,561.9999999980791,1
smac-hard/jev_runs/all-maps-20260921-001/3s5z/jev,jev_only,437.0000000017171,1
smac-hard/jev_runs/all-maps-20260921-001/3s5z/jev,jev_only,436.99999999807915,1
smac-hard/jev_runs/all-maps-20260921-001/3s5z/jev,jev_only,437.9999999982829,1
smac-hard/jev_runs/all-maps-20260921-001/3s5z/jev,jev_only,438.00000000192085,1
smac-hard/jev_runs/all-maps-20260921-001/3s5z/jev,jev_only,421.9999999986612,1
smac-hard/jev_runs/all-maps-20260921-001/3s5z/jev,jev_only,453.0000000013388,1
smac-hard/jev_runs/all-maps-20260921-001/3s5z/jev,jev_only,453.0000000013388,1
smac-hard/jev_runs/all-maps-20260921-001/3s5z/jev,jev_only,484.00000000037835,1
smac-hard/jev_runs/all-maps-20260921-001/3s5z/jev,jev_only,421.9999999986612,1
smac-hard/jev_runs/all-maps-20260921-001/3s5z/jev,jev_only,422.0000000022992,1
smac-hard/jev_runs/all-maps-20260921-001/3s5z/jev,jev_only,389.9999999994179,1
smac-hard/jev_runs/all-maps-20260921-001/3s5z/jev,jev_only,421.9999999986612,1
smac-hard/jev_runs/all-maps-20260921-001/3s5z/jev,jev_only,375.0,1
smac-hard/jev_runs/all-maps-20260921-001/3s5z/jev,jev_only,437.9999999982829,1
smac-hard/jev_runs/all-maps-20260921-001/3s5z/jev,jev_only,453.0000000013388,1
smac-hard/jev_runs/all-maps-20260921-001/3s5z/jev,jev_only,390.99999999962165,1
smac-hard/jev_runs/all-maps-20260921-001/3s5z/jev,jev_only,375.0,1
smac-hard/jev_runs/all-maps-20260921-001/3s5z/jev,jev_only,422.0000000022992,1
smac-hard/jev_runs/all-maps-20260921-001/3s5z/jev,jev_only,421.9999999986612,1
smac-hard/jev_runs/all-maps-20260921-001/3s5z/jev,jev_only,375.0,1
smac-hard/jev_runs/all-maps-20260921-001/3s5z/jev,jev_only,389.9999999994179,1
smac-hard/jev_runs/all-maps-20260921-001/3s5z/jev,jev_only,375.0,1
smac-hard/jev_runs/all-maps-20260921-001/3s5z/jev,jev_only,546.9999999986612,1
smac-hard/jev_runs/all-maps-20260921-001/3s5z/jev,jev_only,359.00000000037835,1
smac-hard/jev_runs/all-maps-20260921-001/3s5z/jev,jev_only,578.0000000013388,1
smac-hard/jev_runs/all-maps-20260921-001/3s5z/jev,jev_only,375.0,1
smac-hard/jev_runs/all-maps-20260921-001/3s5z/jev,jev_only,530.9999999990396,1
smac-hard/jev_runs/all-maps-20260921-001/3s5z/jev,jev_only,406.00000000267755,1
smac-hard/jev_runs/p0-astra-all-maps-20260922-001/3s5z/jev,jev_gpt6,1250.0,1
smac-hard/jev_runs/p0-astra-all-maps-20260922-001/3s5z/jev,jev_gpt6,468.00000000803266,1
smac-hard/jev_runs/p0-astra-all-maps-20260922-001/3s5z/jev,jev_gpt6,453.00000000861473,1
smac-hard/jev_runs/p0-astra-all-maps-20260922-001/3s5z/jev,jev_gpt6,483.99999999674037,1
smac-hard/jev_runs/p0-astra-all-maps-20260922-001/3s5z/jev,jev_gpt6,500.0,1
smac-hard/jev_runs/p0-astra-all-maps-20260922-001/3s5z/jev,jev_gpt6,516.0000000032596,1
smac-hard/jev_runs/p0-astra-all-maps-20260922-001/3s5z/jev,jev_gpt6,468.99999999732245,1
smac-hard/jev_runs/p0-astra-all-maps-20260922-001/3s5z/jev,jev_gpt6,546.0000000020955,1
smac-hard/jev_runs/p0-astra-all-maps-20260922-001/3s5z/jev,jev_gpt6,500.0,1
smac-hard/jev_runs/p0-astra-all-maps-20260922-001/3s5z/jev,jev_gpt6,469.00000001187436,1
smac-hard/jev_runs/p0-astra-all-maps-20260922-001/3s5z/jev,jev_gpt6,484.0000000112923,1
smac-hard/jev_runs/p0-astra-all-maps-20260922-001/3s5z/jev,jev_gpt6,500.0,1
smac-hard/jev_runs/p0-astra-all-maps-20260922-001/3s5z/jev,jev_gpt6,469.00000001187436,1
smac-hard/jev_runs/p0-astra-all-maps-20260922-001/3s5z/jev,jev_gpt6,516.0000000032596,1
smac-hard/jev_runs/p0-astra-all-maps-20260922-001/3s5z/jev,jev_gpt6,500.0,1
smac-hard/jev_runs/p0-astra-all-maps-20260922-001/3s5z/jev,jev_gpt6,500.0,1
smac-hard/jev_runs/p0-astra-all-maps-20260922-001/3s5z/jev,jev_gpt6,531.0000000026776,1
smac-hard/jev_runs/p0-astra-all-maps-20260922-001/3s5z/jev,jev_gpt6,500.0,1
smac-hard/jev_runs/p0-astra-all-maps-20260922-001/3s5z/jev,jev_gpt6,561.9999999908032,1
smac-hard/jev_runs/p0-astra-all-maps-20260922-001/3s5z/jev,jev_gpt6,500.0,1
smac-hard/jev_runs/p0-astra-all-maps-20260922-001/3s5z/jev,jev_gpt6,514.9999999994179,1
smac-hard/jev_runs/p0-astra-all-maps-20260922-001/3s5z/jev,jev_gpt6,500.0,1
smac-hard/jev_runs/p0-astra-all-maps-20260922-001/3s5z/jev,jev_gpt6,515.9999999887077,1
smac-hard/jev_runs/p0-astra-all-maps-20260922-001/3s5z/jev,jev_gpt6,485.0000000005821,1
smac-hard/jev_runs/p0-astra-all-maps-20260922-001/3s5z/jev,jev_gpt6,500.0,1
smac-hard/jev_runs/p0-astra-all-maps-20260922-001/3s5z/jev,jev_gpt6,453.00000000861473,1
smac-hard/jev_runs/p0-astra-all-maps-20260922-001/3s5z/jev,jev_gpt6,468.00000000803266,1
smac-hard/jev_runs/p0-astra-all-maps-20260922-001/3s5z/jev,jev_gpt6,437.9999999946449,1
smac-hard/jev_runs/p0-astra-all-maps-20260922-001/3s5z/jev,jev_gpt6,468.99999999732245,1
smac-hard/jev_runs/p0-astra-all-maps-20260922-001/3s5z/jev,jev_gpt6,437.0000000053551,1
smac-hard/jev_runs/p0-astra-all-maps-20260922-001/3s5z/jev,jev_gpt6,422.0000000059372,1
smac-hard/jev_runs/p0-astra-all-maps-20260922-001/3s5z/jev,jev_gpt6,452.9999999940628,1
smac-hard/jev_runs/p0-astra-all-maps-20260922-001/3s5z/jev,jev_gpt6,438.0000000091968,1
smac-hard/jev_runs/p0-astra-all-maps-20260922-001/3s5z/jev,jev_gpt6,514.9999999994179,1
smac-hard/jev_runs/p0-astra-all-maps-20260922-001/3s5z/jev,jev_gpt6,437.9999999946449,1
smac-hard/jev_runs/p0-astra-all-maps-20260922-001/3s5z/jev,jev_gpt6,422.0000000059372,1
smac-hard/jev_runs/p0-astra-all-maps-20260922-001/3s5z/jev,jev_gpt6,484.0000000112923,1
smac-hard/jev_runs/p0-astra-all-maps-20260922-001/3s5z/jev,jev_gpt6,453.00000000861473,1
smac-hard/jev_runs/p0-astra-all-maps-20260922-001/3s5z/jev,jev_gpt6,406.99999999196734,1
smac-hard/jev_runs/p0-astra-all-maps-20260922-001/3s5z/jev,jev_gpt6,437.0000000053551,1
smac-hard/jev_runs/p0-astra-all-maps-20260922-001/3s5z/jev,jev_gpt6,422.0000000059372,1
smac-hard/jev_runs/p0-astra-all-maps-20260922-001/3s5z/jev,jev_gpt6,468.99999999732245,1
smac-hard/jev_runs/p0-astra-all-maps-20260922-001/3s5z/jev,jev_gpt6,391.00000000325963,1
smac-hard/jev_runs/p0-astra-all-maps-20260922-001/3s5z/jev,jev_gpt6,452.9999999940628,1
smac-hard/jev_runs/p0-astra-all-maps-20260922-001/3s5z/jev,jev_gpt6,406.00000000267755,1
smac-hard/jev_runs/p0-astra-all-maps-20260922-001/3s5z/jev,jev_gpt6,390.9999999887077,1
smac-hard/jev_runs/p0-astra-all-maps-20260922-001/3s5z/jev,jev_gpt6,391.00000000325963,1
smac-hard/jev_runs/p0-astra-all-maps-20260922-001/3s5z/jev,jev_gpt6,391.00000000325963,1
smac-hard/jev_runs/p0-astra-all-maps-20260922-001/3s5z/jev,jev_gpt6,547.0000000059372,1
smac-hard/jev_runs/p0-astra-all-maps-20260922-001/3s5z/jev,jev_gpt6,483.99999999674037,1
smac-hard/jev_runs/p0-astra-all-maps-20260922-001/3s5z/jev,jev_gpt6,405.99999998812564,1
smac-hard/jev_runs/p0-astra-all-maps-20260922-001/3s5z/jev,jev_gpt6,422.0000000059372,1
smac-hard/jev_runs/p0-astra-all-maps-20260922-001/3s5z/jev,jev_gpt6,343.99999999732245,1
smac-hard/jev_runs/p0-astra-all-maps-20260922-001/3s5z/jev,jev_gpt6,391.00000000325963,1
smac-hard/jev_runs/p0-astra-all-maps-20260922-001/3s5z/jev,jev_gpt6,452.9999999940628,1
smac-hard/jev_runs/p0-astra-all-maps-20260922-001/3s5z/jev,jev_gpt6,436.9999999908032,1
smac-hard/jev_runs/p0-astra-all-maps-20260922-001/3s5z/jev,jev_gpt6,343.99999999732245,1
smac-hard/jev_runs/p0-astra-all-maps-20260922-001/3s5z/jev,jev_gpt6,391.00000000325963,1
smac-hard/jev_runs/p0-astra-all-maps-20260922-001/3s5z/jev,jev_gpt6,391.00000000325963,1
smac-hard/jev_runs/p0-astra-all-maps-20260922-001/3s5z/jev,jev_gpt6,389.9999999994179,1
smac-hard/jev_runs/p0-astra-all-maps-20260922-001/3s5z/jev,jev_gpt6,452.9999999940628,1
smac-hard/jev_runs/p0-astra-all-maps-20260922-001/3s5z/jev,jev_gpt6,407.00000000651926,1
smac-hard/jev_runs/p0-astra-all-maps-20260922-001/3s5z/jev,jev_gpt6,437.0000000053551,1
smac-hard/jev_runs/p0-astra-all-maps-20260922-001/3s5z/jev,jev_gpt6,405.99999998812564,1
smac-hard/jev_runs/p0-astra-all-maps-20260922-001/3s5z/jev,jev_gpt6,375.0,1
smac-hard/jev_runs/p0-astra-all-maps-20260922-001/3s5z/jev,jev_gpt6,421.99999999138527,1
smac-hard/jev_runs/p0-astra-all-maps-20260922-001/3s5z/jev,jev_gpt6,452.9999999940628,1
smac-hard/jev_runs/p0-astra-all-maps-20260922-001/3s5z/jev,jev_gpt6,500.0,1
smac-hard/jev_runs/p0-astra-all-maps-20260922-001/3s5z/jev,jev_gpt6,500.0,1
smac-hard/jev_runs/p0-astra-all-maps-20260922-001/3s5z/jev,jev_gpt6,485.0000000005821,1
smac-hard/jev_runs/p0-astra-all-maps-20260922-001/3s5z/jev,jev_gpt6,468.99999999732245,1
smac-hard/jev_runs/p0-astra-all-maps-20260922-001/3s5z/jev,jev_gpt6,500.0,1
smac-hard/jev_runs/p0-astra-all-maps-20260922-001/3s5z/jev,jev_gpt6,546.9999999913853,1
smac-hard/jev_runs/p0-astra-all-maps-20260922-001/3s5z/jev,jev_gpt6,483.99999999674037,1
smac-hard/jev_runs/p0-astra-all-maps-20260922-001/3s5z/jev,jev_gpt6,468.99999999732245,1
smac-hard/jev_runs/p0-astra-all-maps-20260922-001/3s5z/jev,jev_gpt6,547.0000000059372,1
smac-hard/jev_runs/p0-astra-all-maps-20260922-001/3s5z/jev,jev_gpt6,500.0,1
smac-hard/jev_runs/p0-astra-all-maps-20260922-001/3s5z/jev,jev_gpt6,500.0,1
smac-hard/jev_runs/p0-astra-all-maps-20260922-001/3s5z/jev,jev_gpt6,483.99999999674037,1
smac-hard/jev_runs/p0-astra-all-maps-20260922-001/3s5z/jev,jev_gpt6,468.99999999732245,1
smac-hard/jev_runs/p0-astra-all-maps-20260922-001/3s5z/jev,jev_gpt6,516.0000000032596,1
smac-hard/jev_runs/p0-astra-all-maps-20260922-001/3s5z/jev,jev_gpt6,437.0000000053551,1
smac-hard/jev_runs/p0-astra-all-maps-20260922-001/3s5z/jev,jev_gpt6,453.00000000861473,1
smac-hard/jev_runs/p0-astra-all-maps-20260922-001/3s5z/jev,jev_gpt6,452.9999999940628,1
smac-hard/jev_runs/p0-astra-all-maps-20260922-001/3s5z/jev,jev_gpt6,500.0,1
smac-hard/jev_runs/p0-astra-all-maps-20260922-001/3s5z/jev,jev_gpt6,453.9999999979045,1
smac-hard/jev_runs/p0-astra-all-maps-20260922-001/3s5z/jev,jev_gpt6,468.99999999732245,1
smac-hard/jev_runs/p0-astra-all-maps-20260922-001/3s5z/jev,jev_gpt6,467.99999999348074,1
smac-hard/jev_runs/p0-astra-all-maps-20260922-001/3s5z/jev,jev_gpt6,468.99999999732245,1
smac-hard/jev_runs/p0-astra-all-maps-20260922-001/3s5z/jev,jev_gpt6,485.0000000005821,1
smac-hard/jev_runs/p0-astra-all-maps-20260922-001/3s5z/jev,jev_gpt6,500.0,1
smac-hard/jev_runs/p0-astra-all-maps-20260922-001/3s5z/jev,jev_gpt6,483.99999999674037,1
smac-hard/jev_runs/p0-astra-all-maps-20260922-001/3s5z/jev,jev_gpt6,500.0,1
smac-hard/jev_runs/p0-astra-all-maps-20260922-001/3s5z/jev,jev_gpt6,514.9999999994179,1
smac-hard/jev_runs/p0-astra-all-maps-20260922-001/3s5z/jev,jev_gpt6,500.0,1
smac-hard/jev_runs/p0-astra-all-maps-20260922-001/3s5z/jev,jev_gpt6,516.0000000032596,1
smac-hard/jev_runs/p0-astra-all-maps-20260922-001/3s5z/jev,jev_gpt6,500.0,1
smac-hard/jev_runs/p0-astra-all-maps-20260922-001/3s5z/jev,jev_gpt6,438.0000000091968,1
smac-hard/jev_runs/p0-astra-all-maps-20260922-001/3s5z/jev,jev_gpt6,453.9999999979045,1
smac-hard/jev_runs/p0-astra-all-maps-20260922-001/3s5z/jev,jev_gpt6,452.9999999940628,1
smac-hard/jev_runs/p0-astra-all-maps-20260922-001/3s5z/jev,jev_gpt6,485.0000000005821,1
smac-hard/jev_runs/p0-astra-all-maps-20260922-001/3s5z/jev,jev_gpt6,438.0000000091968,1
smac-hard/jev_runs/p0-astra-all-maps-20260922-001/3s5z/jev,jev_gpt6,453.9999999979045,1
smac-hard/jev_runs/p0-astra-all-maps-20260922-001/3s5z/jev,jev_gpt6,485.0000000005821,1
smac-hard/jev_runs/p0-astra-all-maps-20260922-001/3s5z/jev,jev_gpt6,437.0000000053551,1
smac-hard/jev_runs/p0-astra-all-maps-20260922-001/3s5z/jev,jev_gpt6,453.00000000861473,1
smac-hard/jev_runs/p0-astra-all-maps-20260922-001/3s5z/jev,jev_gpt6,421.99999999138527,1
smac-hard/jev_runs/p0-astra-all-maps-20260922-001/3s5z/jev,jev_gpt6,453.00000000861473,1
smac-hard/jev_runs/p0-astra-all-maps-20260922-001/3s5z/jev,jev_gpt6,389.9999999994179,1
smac-hard/jev_runs/p0-astra-all-maps-20260922-001/3s5z/jev,jev_gpt6,516.0000000032596,1
smac-hard/jev_runs/p0-astra-all-maps-20260922-001/3s5z/jev,jev_gpt6,452.9999999940628,1
smac-hard/jev_runs/p0-astra-all-maps-20260922-001/3s5z/jev,jev_gpt6,483.99999999674037,1
smac-hard/jev_runs/p0-astra-all-maps-20260922-001/3s5z/jev,jev_gpt6,438.0000000091968,1
smac-hard/jev_runs/p0-astra-all-maps-20260922-001/3s5z/jev,jev_gpt6,485.0000000005821,1
smac-hard/jev_runs/p0-astra-all-maps-20260922-001/3s5z/jev,jev_gpt6,452.9999999940628,1
smac-hard/jev_runs/p0-astra-all-maps-20260922-001/3s5z/jev,jev_gpt6,421.0000000020955,1
smac-hard/jev_runs/p0-astra-all-maps-20260922-001/3s5z/jev,jev_gpt6,405.99999998812564,1
smac-hard/jev_runs/p0-astra-all-maps-20260922-001/3s5z/jev,jev_gpt6,422.0000000059372,1
smac-hard/jev_runs/p0-astra-all-maps-20260922-001/3s5z/jev,jev_gpt6,437.9999999946449,1
smac-hard/jev_runs/p0-astra-all-maps-20260922-001/3s5z/jev,jev_gpt6,468.99999999732245,1
smac-hard/jev_runs/p0-astra-all-maps-20260922-001/3s5z/jev,jev_gpt6,407.00000000651926,1
smac-hard/jev_runs/p0-astra-all-maps-20260922-001/3s5z/jev,jev_gpt6,452.9999999940628,1
smac-hard/jev_runs/p0-astra-all-maps-20260922-001/3s5z/jev,jev_gpt6,437.0000000053551,1
smac-hard/jev_runs/p0-astra-all-maps-20260922-001/3s5z/jev,jev_gpt6,421.99999999138527,1
smac-hard/jev_runs/p0-astra-all-maps-20260922-001/3s5z/jev,jev_gpt6,389.9999999994179,1
smac-hard/jev_runs/p0-astra-all-maps-20260922-001/3s5z/jev,jev_gpt6,436.9999999908032,1
smac-hard/jev_runs/p0-astra-all-maps-20260922-001/3s5z/jev,jev_gpt6,360.0000000005821,1
smac-hard/jev_runs/p0-astra-all-maps-20260922-001/3s5z/jev,jev_gpt6,468.99999999732245,1
smac-hard/jev_runs/p0-astra-all-maps-20260922-001/3s5z/jev,jev_gpt6,578.0000000086147,1
smac-hard/jev_runs/p0-astra-all-maps-20260922-001/3s5z/jev,jev_gpt6,531.0000000026776,1
smac-hard/jev_runs/p0-astra-all-maps-20260922-001/3s5z/jev,jev_gpt6,531.0000000026776,1
smac-hard/jev_runs/p0-astra-all-maps-20260922-001/3s5z/jev,jev_gpt6,500.0,1
smac-hard/jev_runs/p0-astra-all-maps-20260922-001/3s5z/jev,jev_gpt6,546.9999999913853,1
smac-hard/jev_runs/p0-astra-all-maps-20260922-001/3s5z/jev,jev_gpt6,452.9999999940628,1
smac-hard/jev_runs/p0-astra-all-maps-20260922-001/3s5z/jev,jev_gpt6,593.9999999973224,1
smac-hard/jev_runs/p0-astra-all-maps-20260922-001/3s5z/jev,jev_gpt6,483.99999999674037,1
smac-hard/jev_runs/p0-astra-all-maps-20260922-001/3s5z/jev,jev_gpt6,531.0000000026776,1
smac-hard/jev_runs/p0-astra-all-maps-20260922-001/3s5z/jev,jev_gpt6,562.9999999946449,1
smac-hard/jev_runs/p0-astra-all-maps-20260922-001/3s5z/jev,jev_gpt6,516.0000000032596,1
smac-hard/jev_runs/p0-astra-all-maps-20260922-001/3s5z/jev,jev_gpt6,483.99999999674037,1
smac-hard/jev_runs/p0-astra-all-maps-20260922-001/3s5z/jev,jev_gpt6,640.9999999887077,1
smac-hard/jev_runs/p0-astra-all-maps-20260922-001/3s5z/jev,jev_gpt6,500.0,1
smac-hard/jev_runs/p0-astra-all-maps-20260922-001/3s5z/jev,jev_gpt6,514.9999999994179,1
smac-hard/jev_runs/p0-astra-all-maps-20260922-001/3s5z/jev,jev_gpt6,531.0000000026776,1
smac-hard/jev_runs/p0-astra-all-maps-20260922-001/3s5z/jev,jev_gpt6,437.0000000053551,1
smac-hard/jev_runs/p0-astra-all-maps-20260922-001/3s5z/jev,jev_gpt6,485.0000000005821,1
smac-hard/jev_runs/p0-astra-all-maps-20260922-001/3s5z/jev,jev_gpt6,500.0,1
smac-hard/jev_runs/p0-astra-all-maps-20260922-001/3s5z/jev,jev_gpt6,577.9999999940628,1
smac-hard/jev_runs/p0-astra-all-maps-20260922-001/3s5z/jev,jev_gpt6,500.0,1
smac-hard/jev_runs/p0-astra-all-maps-20260922-001/3s5z/jev,jev_gpt6,485.0000000005821,1
smac-hard/jev_runs/p0-astra-all-maps-20260922-001/3s5z/jev,jev_gpt6,516.0000000032596,1
smac-hard/jev_runs/p0-astra-all-maps-20260922-001/3s5z/jev,jev_gpt6,578.0000000086147,1
smac-hard/jev_runs/p0-astra-all-maps-20260922-001/3s5z/jev,jev_gpt6,516.0000000032596,1
smac-hard/jev_runs/p0-astra-all-maps-20260922-001/3s5z/jev,jev_gpt6,514.9999999994179,1
smac-hard/jev_runs/p0-astra-all-maps-20260922-001/3s5z/jev,jev_gpt6,516.0000000032596,1
smac-hard/jev_runs/p0-astra-all-maps-20260922-001/3s5z/jev,jev_gpt6,468.99999999732245,1
smac-hard/jev_runs/p0-astra-all-maps-20260922-001/3s5z/jev,jev_gpt6,467.99999999348074,1
smac-hard/jev_runs/p0-astra-all-maps-20260922-001/3s5z/jev,jev_gpt6,467.99999999348074,1
smac-hard/jev_runs/p0-astra-all-maps-20260922-001/3s5z/jev,jev_gpt6,516.0000000032596,1
smac-hard/jev_runs/p0-astra-all-maps-20260922-001/3s5z/jev,jev_gpt6,467.99999999348074,1
smac-hard/jev_runs/p0-astra-all-maps-20260922-001/3s5z/jev,jev_gpt6,483.99999999674037,1
smac-hard/jev_runs/p0-astra-all-maps-20260922-001/3s5z/jev,jev_gpt6,453.00000000861473,1
smac-hard/jev_runs/p0-astra-all-maps-20260922-001/3s5z/jev,jev_gpt6,405.99999998812564,1
smac-hard/jev_runs/p0-astra-all-maps-20260922-001/3s5z/jev,jev_gpt6,422.0000000059372,1
smac-hard/jev_runs/p0-astra-all-maps-20260922-001/3s5z/jev,jev_gpt6,437.9999999946449,1
smac-hard/jev_runs/p0-astra-all-maps-20260922-001/3s5z/jev,jev_gpt6,467.99999999348074,1
smac-hard/jev_runs/p0-astra-all-maps-20260922-001/3s5z/jev,jev_gpt6,608.9999999967404,1
smac-hard/jev_runs/p0-astra-all-maps-20260922-001/3s5z/jev,jev_gpt6,437.0000000053551,1
smac-hard/jev_runs/p0-astra-all-maps-20260922-001/3s5z/jev,jev_gpt6,437.9999999946449,1
smac-hard/jev_runs/p0-astra-all-maps-20260922-001/3s5z/jev,jev_gpt6,437.9999999946449,1
smac-hard/jev_runs/p0-astra-all-maps-20260922-001/3s5z/jev,jev_gpt6,437.0000000053551,1
smac-hard/jev_runs/p0-astra-all-maps-20260922-001/3s5z/jev,jev_gpt6,500.0,1
smac-hard/jev_runs/p0-astra-all-maps-20260922-001/3s5z/jev,jev_gpt6,406.99999999196734,1
smac-hard/jev_runs/p0-astra-all-maps-20260922-001/3s5z/jev,jev_gpt6,407.00000000651926,1
smac-hard/jev_runs/p0-astra-all-maps-20260922-001/3s5z/jev,jev_gpt6,406.00000000267755,1
smac-hard/jev_runs/p0-astra-all-maps-20260922-001/3s5z/jev,jev_gpt6,389.9999999994179,1
smac-hard/jev_runs/p0-astra-all-maps-20260922-001/3s5z/jev,jev_gpt6,358.99999999674037,1
smac-hard/jev_runs/p0-astra-all-maps-20260922-001/3s5z/jev,jev_gpt6,358.99999999674037,1
smac-hard/jev_runs/p0-astra-all-maps-20260922-001/3s5z/jev,jev_gpt6,406.00000000267755,1
smac-hard/jev_runs/p0-astra-all-maps-20260922-001/3s5z/jev,jev_gpt6,389.9999999994179,1
smac-hard/jev_runs/p0-astra-all-maps-20260922-001/3s5z/jev,jev_gpt6,437.9999999946449,1
smac-hard/jev_runs/p0-astra-all-maps-20260922-001/3s5z/jev,jev_gpt6,483.99999999674037,1
smac-hard/jev_runs/p0-astra-all-maps-20260922-001/3s5z/jev,jev_gpt6,422.0000000059372,1
smac-hard/jev_runs/p0-astra-all-maps-20260922-001/3s5z/jev,jev_gpt6,375.0,1
smac-hard/jev_runs/p0-astra-all-maps-20260922-001/3s5z/jev,jev_gpt6,437.9999999946449,1
smac-hard/jev_runs/p0-astra-all-maps-20260922-001/3s5z/jev,jev_gpt6,422.0000000059372,1
smac-hard/jev_runs/p0-astra-all-maps-20260922-001/3s5z/jev,jev_gpt6,421.99999999138527,1
smac-hard/jev_runs/p0-astra-all-maps-20260922-001/3s5z/jev,jev_gpt6,391.00000000325963,1
smac-hard/jev_runs/p0-astra-all-maps-20260922-001/3s5z/jev,jev_gpt6,360.0000000005821,1
smac-hard/jev_runs/p0-astra-all-maps-20260922-001/3s5z/jev,jev_gpt6,437.9999999946449,1
smac-hard/jev_runs/p0-astra-all-maps-20260922-001/3s5z/jev,jev_gpt6,391.00000000325963,1
smac-hard/jev_runs/p0-astra-all-maps-20260922-001/3s5z/jev,jev_gpt6,406.00000000267755,1
smac-hard/jev_runs/p0-astra-all-maps-20260922-001/3s5z/jev,jev_gpt6,375.0,1
smac-hard/jev_runs/all-maps-20260921-001/3s5z_vs_3s6z/jev,jev_only,2077.999999997701,1
smac-hard/jev_runs/all-maps-20260921-001/3s5z_vs_3s6z/jev,jev_only,485.0000000005821,1
smac-hard/jev_runs/all-maps-20260921-001/3s5z_vs_3s6z/jev,jev_only,469.0000000009604,1
smac-hard/jev_runs/all-maps-20260921-001/3s5z_vs_3s6z/jev,jev_only,796.9999999986612,1
smac-hard/jev_runs/all-maps-20260921-001/3s5z_vs_3s6z/jev,jev_only,469.0000000009604,1
smac-hard/jev_runs/all-maps-20260921-001/3s5z_vs_3s6z/jev,jev_only,469.0000000009604,1
smac-hard/jev_runs/all-maps-20260921-001/3s5z_vs_3s6z/jev,jev_only,563.0000000019209,1
smac-hard/jev_runs/all-maps-20260921-001/3s5z_vs_3s6z/jev,jev_only,515.9999999996217,1
smac-hard/jev_runs/all-maps-20260921-001/3s5z_vs_3s6z/jev,jev_only,500.0,1
smac-hard/jev_runs/all-maps-20260921-001/3s5z_vs_3s6z/jev,jev_only,500.0,1
smac-hard/jev_runs/all-maps-20260921-001/3s5z_vs_3s6z/jev,jev_only,467.9999999971187,1
smac-hard/jev_runs/all-maps-20260921-001/3s5z_vs_3s6z/jev,jev_only,467.9999999971187,1
smac-hard/jev_runs/all-maps-20260921-001/3s5z_vs_3s6z/jev,jev_only,483.99999999674037,1
smac-hard/jev_runs/all-maps-20260921-001/3s5z_vs_3s6z/jev,jev_only,515.9999999996217,1
smac-hard/jev_runs/all-maps-20260921-001/3s5z_vs_3s6z/jev,jev_only,500.0,1
smac-hard/jev_runs/all-maps-20260921-001/3s5z_vs_3s6z/jev,jev_only,500.0,1
smac-hard/jev_runs/all-maps-20260921-001/3s5z_vs_3s6z/jev,jev_only,405.9999999990396,1
smac-hard/jev_runs/all-maps-20260921-001/3s5z_vs_3s6z/jev,jev_only,500.0,1
smac-hard/jev_runs/all-maps-20260921-001/3s5z_vs_3s6z/jev,jev_only,702.9999999977008,1
smac-hard/jev_runs/all-maps-20260921-001/3s5z_vs_3s6z/jev,jev_only,672.0000000022992,1
smac-hard/jev_runs/all-maps-20260921-001/3s5z_vs_3s6z/jev,jev_only,561.9999999980791,1
smac-hard/jev_runs/all-maps-20260921-001/3s5z_vs_3s6z/jev,jev_only,500.0,1
smac-hard/jev_runs/all-maps-20260921-001/3s5z_vs_3s6z/jev,jev_only,422.0000000022992,1
smac-hard/jev_runs/all-maps-20260921-001/3s5z_vs_3s6z/jev,jev_only,421.9999999986612,1
smac-hard/jev_runs/all-maps-20260921-001/3s5z_vs_3s6z/jev,jev_only,469.0000000009604,1
smac-hard/jev_runs/all-maps-20260921-001/3s5z_vs_3s6z/jev,jev_only,453.0000000013388,1
smac-hard/jev_runs/all-maps-20260921-001/3s5z_vs_3s6z/jev,jev_only,545.9999999984575,1
smac-hard/jev_runs/all-maps-20260921-001/3s5z_vs_3s6z/jev,jev_only,437.9999999982829,1
smac-hard/jev_runs/all-maps-20260921-001/3s5z_vs_3s6z/jev,jev_only,453.0000000013388,1
smac-hard/jev_runs/all-maps-20260921-001/3s5z_vs_3s6z/jev,jev_only,436.99999999807915,1
smac-hard/jev_runs/all-maps-20260921-001/3s5z_vs_3s6z/jev,jev_only,437.9999999982829,1
smac-hard/jev_runs/all-maps-20260921-001/3s5z_vs_3s6z/jev,jev_only,453.0000000013388,1
smac-hard/jev_runs/all-maps-20260921-001/3s5z_vs_3s6z/jev,jev_only,469.0000000009604,1
smac-hard/jev_runs/all-maps-20260921-001/3s5z_vs_3s6z/jev,jev_only,531.9999999992433,1
smac-hard/jev_runs/all-maps-20260921-001/3s5z_vs_3s6z/jev,jev_only,390.99999999962165,1
smac-hard/jev_runs/all-maps-20260921-001/3s5z_vs_3s6z/jev,jev_only,375.0,1
smac-hard/jev_runs/all-maps-20260921-001/3s5z_vs_3s6z/jev,jev_only,546.9999999986612,1
smac-hard/jev_runs/all-maps-20260921-001/3s5z_vs_3s6z/jev,jev_only,514.9999999994179,1
smac-hard/jev_runs/all-maps-20260921-001/3s5z_vs_3s6z/jev,jev_only,438.00000000192085,1
smac-hard/jev_runs/all-maps-20260921-001/3s5z_vs_3s6z/jev,jev_only,469.0000000009604,1
smac-hard/jev_runs/all-maps-20260921-001/3s5z_vs_3s6z/jev,jev_only,469.0000000009604,1
smac-hard/jev_runs/all-maps-20260921-001/3s5z_vs_3s6z/jev,jev_only,592.9999999971187,1
smac-hard/jev_runs/all-maps-20260921-001/3s5z_vs_3s6z/jev,jev_only,500.0,1
smac-hard/jev_runs/all-maps-20260921-001/3s5z_vs_3s6z/jev,jev_only,484.00000000037835,1
smac-hard/jev_runs/all-maps-20260921-001/3s5z_vs_3s6z/jev,jev_only,562.9999999982829,1
smac-hard/jev_runs/all-maps-20260921-001/3s5z_vs_3s6z/jev,jev_only,500.0,1
smac-hard/jev_runs/all-maps-20260921-001/3s5z_vs_3s6z/jev,jev_only,889.9999999994179,1
smac-hard/jev_runs/all-maps-20260921-001/3s5z_vs_3s6z/jev,jev_only,483.99999999674037,1
smac-hard/jev_runs/all-maps-20260921-001/3s5z_vs_3s6z/jev,jev_only,561.9999999980791,1
smac-hard/jev_runs/all-maps-20260921-001/3s5z_vs_3s6z/jev,jev_only,531.0000000026776,1
smac-hard/jev_runs/all-maps-20260921-001/3s5z_vs_3s6z/jev,jev_only,671.9999999986612,1
smac-hard/jev_runs/all-maps-20260921-001/3s5z_vs_3s6z/jev,jev_only,485.0000000005821,1
smac-hard/jev_runs/all-maps-20260921-001/3s5z_vs_3s6z/jev,jev_only,625.0,1
smac-hard/jev_runs/all-maps-20260921-001/3s5z_vs_3s6z/jev,jev_only,687.0000000017171,1
smac-hard/jev_runs/all-maps-20260921-001/3s5z_vs_3s6z/jev,jev_only,890.9999999996217,1
smac-hard/jev_runs/all-maps-20260921-001/3s5z_vs_3s6z/jev,jev_only,655.9999999990396,1
smac-hard/jev_runs/all-maps-20260921-001/3s5z_vs_3s6z/jev,jev_only,655.9999999990396,1
smac-hard/jev_runs/all-maps-20260921-001/3s5z_vs_3s6z/jev,jev_only,484.00000000037835,1
smac-hard/jev_runs/all-maps-20260921-001/3s5z_vs_3s6z/jev,jev_only,436.99999999807915,1
smac-hard/jev_runs/all-maps-20260921-001/3s5z_vs_3s6z/jev,jev_only,500.0,1
smac-hard/jev_runs/all-maps-20260921-001/3s5z_vs_3s6z/jev,jev_only,436.99999999807915,1
smac-hard/jev_runs/all-maps-20260921-001/3s5z_vs_3s6z/jev,jev_only,530.9999999990396,1
smac-hard/jev_runs/all-maps-20260921-001/3s5z_vs_3s6z/jev,jev_only,469.0000000009604,1
smac-hard/jev_runs/all-maps-20260921-001/3s5z_vs_3s6z/jev,jev_only,452.9999999977008,1
smac-hard/jev_runs/all-maps-20260921-001/3s5z_vs_3s6z/jev,jev_only,452.9999999977008,1
smac-hard/jev_runs/all-maps-20260921-001/3s5z_vs_3s6z/jev,jev_only,422.0000000022992,1
smac-hard/jev_runs/all-maps-20260921-001/3s5z_vs_3s6z/jev,jev_only,406.9999999992433,1
smac-hard/jev_runs/all-maps-20260921-001/3s5z_vs_3s6z/jev,jev_only,405.9999999990396,1
smac-hard/jev_runs/all-maps-20260921-001/3s5z_vs_3s6z/jev,jev_only,640.9999999996217,1
smac-hard/jev_runs/all-maps-20260921-001/3s5z_vs_3s6z/jev,jev_only,421.9999999986612,1
smac-hard/jev_runs/all-maps-20260921-001/3s5z_vs_3s6z/jev,jev_only,375.0,1
smac-hard/jev_runs/all-maps-20260921-001/3s5z_vs_3s6z/jev,jev_only,407.0000000028813,1
smac-hard/jev_runs/all-maps-20260921-001/3s5z_vs_3s6z/jev,jev_only,406.9999999992433,1
smac-hard/jev_runs/all-maps-20260921-001/3s5z_vs_3s6z/jev,jev_only,405.9999999990396,1
smac-hard/jev_runs/all-maps-20260921-001/3s5z_vs_3s6z/jev,jev_only,389.9999999994179,1
smac-hard/jev_runs/all-maps-20260921-001/3s5z_vs_3s6z/jev,jev_only,405.9999999990396,1
smac-hard/jev_runs/all-maps-20260921-001/3s5z_vs_3s6z/jev,jev_only,390.99999999962165,1
smac-hard/jev_runs/all-maps-20260921-001/3s5z_vs_3s6z/jev,jev_only,389.9999999994179,1
smac-hard/jev_runs/all-maps-20260921-001/3s5z_vs_3s6z/jev,jev_only,405.9999999990396,1
smac-hard/jev_runs/all-maps-20260921-001/3s5z_vs_3s6z/jev,jev_only,390.99999999962165,1
smac-hard/jev_runs/all-maps-20260921-001/3s5z_vs_3s6z/jev,jev_only,422.0000000022992,1
smac-hard/jev_runs/all-maps-20260921-001/3s5z_vs_3s6z/jev,jev_only,421.9999999986612,1
smac-hard/jev_runs/all-maps-20260921-001/3s5z_vs_3s6z/jev,jev_only,484.00000000037835,1
smac-hard/jev_runs/all-maps-20260921-001/3s5z_vs_3s6z/jev,jev_only,484.00000000037835,1
smac-hard/jev_runs/all-maps-20260921-001/3s5z_vs_3s6z/jev,jev_only,469.0000000009604,1
smac-hard/jev_runs/all-maps-20260921-001/3s5z_vs_3s6z/jev,jev_only,453.0000000013388,1
smac-hard/jev_runs/all-maps-20260921-001/3s5z_vs_3s6z/jev,jev_only,484.00000000037835,1
smac-hard/jev_runs/all-maps-20260921-001/3s5z_vs_3s6z/jev,jev_only,546.9999999986612,1
smac-hard/jev_runs/all-maps-20260921-001/3s5z_vs_3s6z/jev,jev_only,688.0000000019209,1
smac-hard/jev_runs/all-maps-20260921-001/3s5z_vs_3s6z/jev,jev_only,500.0,1
smac-hard/jev_runs/all-maps-20260921-001/3s5z_vs_3s6z/jev,jev_only,485.0000000005821,1
smac-hard/jev_runs/all-maps-20260921-001/3s5z_vs_3s6z/jev,jev_only,687.0000000017171,1
smac-hard/jev_runs/all-maps-20260921-001/3s5z_vs_3s6z/jev,jev_only,578.0000000013388,1
smac-hard/jev_runs/all-maps-20260921-001/3s5z_vs_3s6z/jev,jev_only,655.9999999990396,1
smac-hard/jev_runs/all-maps-20260921-001/3s5z_vs_3s6z/jev,jev_only,468.0000000007567,1
smac-hard/jev_runs/all-maps-20260921-001/3s5z_vs_3s6z/jev,jev_only,469.0000000009604,1
smac-hard/jev_runs/all-maps-20260921-001/3s5z_vs_3s6z/jev,jev_only,437.9999999982829,1
smac-hard/jev_runs/all-maps-20260921-001/3s5z_vs_3s6z/jev,jev_only,1047.0000000022992,1
smac-hard/jev_runs/all-maps-20260921-001/3s5z_vs_3s6z/jev,jev_only,436.99999999807915,1
smac-hard/jev_runs/all-maps-20260921-001/3s5z_vs_3s6z/jev,jev_only,437.9999999982829,1
smac-hard/jev_runs/all-maps-20260921-001/3s5z_vs_3s6z/jev,jev_only,795.9999999984575,1
smac-hard/jev_runs/all-maps-20260921-001/3s5z_vs_3s6z/jev,jev_only,454.0000000015425,1
smac-hard/jev_runs/all-maps-20260921-001/3s5z_vs_3s6z/jev,jev_only,610.0000000005821,1
smac-hard/jev_runs/all-maps-20260921-001/3s5z_vs_3s6z/jev,jev_only,485.0000000005821,1
smac-hard/jev_runs/all-maps-20260921-001/3s5z_vs_3s6z/jev,jev_only,469.0000000009604,1
smac-hard/jev_runs/all-maps-20260921-001/3s5z_vs_3s6z/jev,jev_only,468.0000000007567,1
smac-hard/jev_runs/all-maps-20260921-001/3s5z_vs_3s6z/jev,jev_only,420.9999999984575,1
smac-hard/jev_runs/all-maps-20260921-001/3s5z_vs_3s6z/jev,jev_only,437.9999999982829,1
smac-hard/jev_runs/all-maps-20260921-001/3s5z_vs_3s6z/jev,jev_only,422.0000000022992,1
smac-hard/jev_runs/all-maps-20260921-001/3s5z_vs_3s6z/jev,jev_only,500.0,1
smac-hard/jev_runs/all-maps-20260921-001/3s5z_vs_3s6z/jev,jev_only,609.0000000003783,1
smac-hard/jev_runs/all-maps-20260921-001/3s5z_vs_3s6z/jev,jev_only,421.9999999986612,1
smac-hard/jev_runs/all-maps-20260921-001/3s5z_vs_3s6z/jev,jev_only,453.0000000013388,1
smac-hard/jev_runs/all-maps-20260921-001/3s5z_vs_3s6z/jev,jev_only,421.9999999986612,1
smac-hard/jev_runs/all-maps-20260921-001/3s5z_vs_3s6z/jev,jev_only,407.0000000028813,1
smac-hard/jev_runs/all-maps-20260921-001/3s5z_vs_3s6z/jev,jev_only,390.99999999962165,1
smac-hard/jev_runs/all-maps-20260921-001/3s5z_vs_3s6z/jev,jev_only,405.9999999990396,1
smac-hard/jev_runs/all-maps-20260921-001/3s5z_vs_3s6z/jev,jev_only,422.0000000022992,1
smac-hard/jev_runs/all-maps-20260921-001/3s5z_vs_3s6z/jev,jev_only,359.00000000037835,1
smac-hard/jev_runs/all-maps-20260921-001/3s5z_vs_3s6z/jev,jev_only,453.0000000013388,1
smac-hard/jev_runs/all-maps-20260921-001/3s5z_vs_3s6z/jev,jev_only,375.0,1
smac-hard/jev_runs/p0-astra-all-maps-20260922-001/3s5z_vs_3s6z/jev,jev_gpt6,5657.000000006519,1
smac-hard/jev_runs/p0-astra-all-maps-20260922-001/3s5z_vs_3s6z/jev,jev_gpt6,485.0000000005821,1
smac-hard/jev_runs/p0-astra-all-maps-20260922-001/3s5z_vs_3s6z/jev,jev_gpt6,485.0000000005821,1
smac-hard/jev_runs/p0-astra-all-maps-20260922-001/3s5z_vs_3s6z/jev,jev_gpt6,656.0000000026776,1
smac-hard/jev_runs/p0-astra-all-maps-20260922-001/3s5z_vs_3s6z/jev,jev_gpt6,514.9999999994179,1
smac-hard/jev_runs/p0-astra-all-maps-20260922-001/3s5z_vs_3s6z/jev,jev_gpt6,500.0,1
smac-hard/jev_runs/p0-astra-all-maps-20260922-001/3s5z_vs_3s6z/jev,jev_gpt6,483.99999999674037,1
smac-hard/jev_runs/p0-astra-all-maps-20260922-001/3s5z_vs_3s6z/jev,jev_gpt6,531.0000000026776,1
smac-hard/jev_runs/p0-astra-all-maps-20260922-001/3s5z_vs_3s6z/jev,jev_gpt6,500.0,1
smac-hard/jev_runs/p0-astra-all-maps-20260922-001/3s5z_vs_3s6z/jev,jev_gpt6,500.0,1
smac-hard/jev_runs/p0-astra-all-maps-20260922-001/3s5z_vs_3s6z/jev,jev_gpt6,656.0000000026776,1
smac-hard/jev_runs/p0-astra-all-maps-20260922-001/3s5z_vs_3s6z/jev,jev_gpt6,514.9999999994179,1
smac-hard/jev_runs/p0-astra-all-maps-20260922-001/3s5z_vs_3s6z/jev,jev_gpt6,531.0000000026776,1
smac-hard/jev_runs/p0-astra-all-maps-20260922-001/3s5z_vs_3s6z/jev,jev_gpt6,483.99999999674037,1
smac-hard/jev_runs/p0-astra-all-maps-20260922-001/3s5z_vs_3s6z/jev,jev_gpt6,531.0000000026776,1
smac-hard/jev_runs/p0-astra-all-maps-20260922-001/3s5z_vs_3s6z/jev,jev_gpt6,531.0000000026776,1
smac-hard/jev_runs/p0-astra-all-maps-20260922-001/3s5z_vs_3s6z/jev,jev_gpt6,468.99999999732245,1
smac-hard/jev_runs/p0-astra-all-maps-20260922-001/3s5z_vs_3s6z/jev,jev_gpt6,452.9999999940628,1
smac-hard/jev_runs/p0-astra-all-maps-20260922-001/3s5z_vs_3s6z/jev,jev_gpt6,608.9999999967404,1
smac-hard/jev_runs/p0-astra-all-maps-20260922-001/3s5z_vs_3s6z/jev,jev_gpt6,562.0000000053551,1
smac-hard/jev_runs/p0-astra-all-maps-20260922-001/3s5z_vs_3s6z/jev,jev_gpt6,452.9999999940628,1
smac-hard/jev_runs/p0-astra-all-maps-20260922-001/3s5z_vs_3s6z/jev,jev_gpt6,483.99999999674037,1
smac-hard/jev_runs/p0-astra-all-maps-20260922-001/3s5z_vs_3s6z/jev,jev_gpt6,422.0000000059372,1
smac-hard/jev_runs/p0-astra-all-maps-20260922-001/3s5z_vs_3s6z/jev,jev_gpt6,452.9999999940628,1
smac-hard/jev_runs/p0-astra-all-maps-20260922-001/3s5z_vs_3s6z/jev,jev_gpt6,562.0000000053551,1
smac-hard/jev_runs/p0-astra-all-maps-20260922-001/3s5z_vs_3s6z/jev,jev_gpt6,453.00000000861473,1
smac-hard/jev_runs/p0-astra-all-maps-20260922-001/3s5z_vs_3s6z/jev,jev_gpt6,485.0000000005821,1
smac-hard/jev_runs/p0-astra-all-maps-20260922-001/3s5z_vs_3s6z/jev,jev_gpt6,453.9999999979045,1
smac-hard/jev_runs/p0-astra-all-maps-20260922-001/3s5z_vs_3s6z/jev,jev_gpt6,452.9999999940628,1
smac-hard/jev_runs/p0-astra-all-maps-20260922-001/3s5z_vs_3s6z/jev,jev_gpt6,483.99999999674037,1
smac-hard/jev_runs/p0-astra-all-maps-20260922-001/3s5z_vs_3s6z/jev,jev_gpt6,437.0000000053551,1
smac-hard/jev_runs/p0-astra-all-maps-20260922-001/3s5z_vs_3s6z/jev,jev_gpt6,421.99999999138527,1
smac-hard/jev_runs/p0-astra-all-maps-20260922-001/3s5z_vs_3s6z/jev,jev_gpt6,500.0,1
smac-hard/jev_runs/p0-astra-all-maps-20260922-001/3s5z_vs_3s6z/jev,jev_gpt6,422.0000000059372,1
smac-hard/jev_runs/p0-astra-all-maps-20260922-001/3s5z_vs_3s6z/jev,jev_gpt6,389.9999999994179,1
smac-hard/jev_runs/p0-astra-all-maps-20260922-001/3s5z_vs_3s6z/jev,jev_gpt6,437.0000000053551,1
smac-hard/jev_runs/p0-astra-all-maps-20260922-001/3s5z_vs_3s6z/jev,jev_gpt6,421.99999999138527,1
smac-hard/jev_runs/p0-astra-all-maps-20260922-001/3s5z_vs_3s6z/jev,jev_gpt6,421.0000000020955,1
smac-hard/jev_runs/p0-astra-all-maps-20260922-001/3s5z_vs_3s6z/jev,jev_gpt6,437.9999999946449,1
smac-hard/jev_runs/p0-astra-all-maps-20260922-001/3s5z_vs_3s6z/jev,jev_gpt6,437.9999999946449,1
smac-hard/jev_runs/p0-astra-all-maps-20260922-001/3s5z_vs_3s6z/jev,jev_gpt6,391.00000000325963,1
smac-hard/jev_runs/p0-astra-all-maps-20260922-001/3s5z_vs_3s6z/jev,jev_gpt6,406.00000000267755,1
smac-hard/jev_runs/p0-astra-all-maps-20260922-001/3s5z_vs_3s6z/jev,jev_gpt6,421.99999999138527,1
smac-hard/jev_runs/p0-astra-all-maps-20260922-001/3s5z_vs_3s6z/jev,jev_gpt6,375.0,1
smac-hard/jev_runs/p0-astra-all-maps-20260922-001/3s5z_vs_3s6z/jev,jev_gpt6,468.99999999732245,1
smac-hard/jev_runs/p0-astra-all-maps-20260922-001/3s5z_vs_3s6z/jev,jev_gpt6,500.0,1
smac-hard/jev_runs/p0-astra-all-maps-20260922-001/3s5z_vs_3s6z/jev,jev_gpt6,485.0000000005821,1
smac-hard/jev_runs/p0-astra-all-maps-20260922-001/3s5z_vs_3s6z/jev,jev_gpt6,546.9999999913853,1
smac-hard/jev_runs/p0-astra-all-maps-20260922-001/3s5z_vs_3s6z/jev,jev_gpt6,593.9999999973224,1
smac-hard/jev_runs/p0-astra-all-maps-20260922-001/3s5z_vs_3s6z/jev,jev_gpt6,469.00000001187436,1
smac-hard/jev_runs/p0-astra-all-maps-20260922-001/3s5z_vs_3s6z/jev,jev_gpt6,453.00000000861473,1
smac-hard/jev_runs/p0-astra-all-maps-20260922-001/3s5z_vs_3s6z/jev,jev_gpt6,468.00000000803266,1
smac-hard/jev_runs/p0-astra-all-maps-20260922-001/3s5z_vs_3s6z/jev,jev_gpt6,500.0,1
smac-hard/jev_runs/p0-astra-all-maps-20260922-001/3s5z_vs_3s6z/jev,jev_gpt6,514.9999999994179,1
smac-hard/jev_runs/p0-astra-all-maps-20260922-001/3s5z_vs_3s6z/jev,jev_gpt6,485.0000000005821,1
smac-hard/jev_runs/p0-astra-all-maps-20260922-001/3s5z_vs_3s6z/jev,jev_gpt6,577.9999999940628,1
smac-hard/jev_runs/p0-astra-all-maps-20260922-001/3s5z_vs_3s6z/jev,jev_gpt6,577.9999999940628,1
smac-hard/jev_runs/p0-astra-all-maps-20260922-001/3s5z_vs_3s6z/jev,jev_gpt6,483.99999999674037,1
smac-hard/jev_runs/p0-astra-all-maps-20260922-001/3s5z_vs_3s6z/jev,jev_gpt6,500.0,1
smac-hard/jev_runs/p0-astra-all-maps-20260922-001/3s5z_vs_3s6z/jev,jev_gpt6,500.0,1
smac-hard/jev_runs/p0-astra-all-maps-20260922-001/3s5z_vs_3s6z/jev,jev_gpt6,468.99999999732245,1
smac-hard/jev_runs/p0-astra-all-maps-20260922-001/3s5z_vs_3s6z/jev,jev_gpt6,468.99999999732245,1
smac-hard/jev_runs/p0-astra-all-maps-20260922-001/3s5z_vs_3s6z/jev,jev_gpt6,437.9999999946449,1
smac-hard/jev_runs/p0-astra-all-maps-20260922-001/3s5z_vs_3s6z/jev,jev_gpt6,469.00000001187436,1
smac-hard/jev_runs/p0-astra-all-maps-20260922-001/3s5z_vs_3s6z/jev,jev_gpt6,453.00000000861473,1
smac-hard/jev_runs/p0-astra-all-maps-20260922-001/3s5z_vs_3s6z/jev,jev_gpt6,421.99999999138527,1
smac-hard/jev_runs/p0-astra-all-maps-20260922-001/3s5z_vs_3s6z/jev,jev_gpt6,500.0,1
smac-hard/jev_runs/p0-astra-all-maps-20260922-001/3s5z_vs_3s6z/jev,jev_gpt6,500.0,1
smac-hard/jev_runs/p0-astra-all-maps-20260922-001/3s5z_vs_3s6z/jev,jev_gpt6,452.9999999940628,1
smac-hard/jev_runs/p0-astra-all-maps-20260922-001/3s5z_vs_3s6z/jev,jev_gpt6,467.99999999348074,1
smac-hard/jev_runs/p0-astra-all-maps-20260922-001/3s5z_vs_3s6z/jev,jev_gpt6,500.0,1
smac-hard/jev_runs/p0-astra-all-maps-20260922-001/3s5z_vs_3s6z/jev,jev_gpt6,514.9999999994179,1
smac-hard/jev_runs/p0-astra-all-maps-20260922-001/3s5z_vs_3s6z/jev,jev_gpt6,531.0000000026776,1
smac-hard/jev_runs/p0-astra-all-maps-20260922-001/3s5z_vs_3s6z/jev,jev_gpt6,531.0000000026776,1
smac-hard/jev_runs/p0-astra-all-maps-20260922-001/3s5z_vs_3s6z/jev,jev_gpt6,546.0000000020955,1
smac-hard/jev_runs/p0-astra-all-maps-20260922-001/3s5z_vs_3s6z/jev,jev_gpt6,405.99999998812564,1
smac-hard/jev_runs/p0-astra-all-maps-20260922-001/3s5z_vs_3s6z/jev,jev_gpt6,422.0000000059372,1
smac-hard/jev_runs/p0-astra-all-maps-20260922-001/3s5z_vs_3s6z/jev,jev_gpt6,610.0000000005821,1
smac-hard/jev_runs/p0-astra-all-maps-20260922-001/3s5z_vs_3s6z/jev,jev_gpt6,421.99999999138527,1
smac-hard/jev_runs/p0-astra-all-maps-20260922-001/3s5z_vs_3s6z/jev,jev_gpt6,468.99999999732245,1
smac-hard/jev_runs/p0-astra-all-maps-20260922-001/3s5z_vs_3s6z/jev,jev_gpt6,469.00000001187436,1
smac-hard/jev_runs/p0-astra-all-maps-20260922-001/3s5z_vs_3s6z/jev,jev_gpt6,453.00000000861473,1
smac-hard/jev_runs/p0-astra-all-maps-20260922-001/3s5z_vs_3s6z/jev,jev_gpt6,437.9999999946449,1
smac-hard/jev_runs/p0-astra-all-maps-20260922-001/3s5z_vs_3s6z/jev,jev_gpt6,467.99999999348074,1
smac-hard/jev_runs/p0-astra-all-maps-20260922-001/3s5z_vs_3s6z/jev,jev_gpt6,437.0000000053551,1
smac-hard/jev_runs/p0-astra-all-maps-20260922-001/3s5z_vs_3s6z/jev,jev_gpt6,468.99999999732245,1
smac-hard/jev_runs/p0-astra-all-maps-20260922-001/3s5z_vs_3s6z/jev,jev_gpt6,389.9999999994179,1
smac-hard/jev_runs/p0-astra-all-maps-20260922-001/3s5z_vs_3s6z/jev,jev_gpt6,437.9999999946449,1
smac-hard/jev_runs/p0-astra-all-maps-20260922-001/3s5z_vs_3s6z/jev,jev_gpt6,360.0000000005821,1
smac-hard/jev_runs/p0-astra-all-maps-20260922-001/3s5z_vs_3s6z/jev,jev_gpt6,437.9999999946449,1
smac-hard/jev_runs/p0-astra-all-maps-20260922-001/3s5z_vs_3s6z/jev,jev_gpt6,438.0000000091968,1
smac-hard/jev_runs/p0-astra-all-maps-20260922-001/3s5z_vs_3s6z/jev,jev_gpt6,516.0000000032596,1
smac-hard/jev_runs/p0-astra-all-maps-20260922-001/3s5z_vs_3s6z/jev,jev_gpt6,500.0,1
smac-hard/jev_runs/p0-astra-all-maps-20260922-001/3s5z_vs_3s6z/jev,jev_gpt6,483.99999999674037,1
smac-hard/jev_runs/p0-astra-all-maps-20260922-001/3s5z_vs_3s6z/jev,jev_gpt6,514.9999999994179,1
smac-hard/jev_runs/p0-astra-all-maps-20260922-001/3s5z_vs_3s6z/jev,jev_gpt6,531.0000000026776,1
smac-hard/jev_runs/p0-astra-all-maps-20260922-001/3s5z_vs_3s6z/jev,jev_gpt6,500.0,1
smac-hard/jev_runs/p0-astra-all-maps-20260922-001/3s5z_vs_3s6z/jev,jev_gpt6,593.9999999973224,1
smac-hard/jev_runs/p0-astra-all-maps-20260922-001/3s5z_vs_3s6z/jev,jev_gpt6,500.0,1
smac-hard/jev_runs/p0-astra-all-maps-20260922-001/3s5z_vs_3s6z/jev,jev_gpt6,516.0000000032596,1
smac-hard/jev_runs/p0-astra-all-maps-20260922-001/3s5z_vs_3s6z/jev,jev_gpt6,500.0,1
smac-hard/jev_runs/p0-astra-all-maps-20260922-001/3s5z_vs_3s6z/jev,jev_gpt6,500.0,1
smac-hard/jev_runs/p0-astra-all-maps-20260922-001/3s5z_vs_3s6z/jev,jev_gpt6,562.0000000053551,1
smac-hard/jev_runs/p0-astra-all-maps-20260922-001/3s5z_vs_3s6z/jev,jev_gpt6,532.0000000065193,1
smac-hard/jev_runs/p0-astra-all-maps-20260922-001/3s5z_vs_3s6z/jev,jev_gpt6,483.99999999674037,1
smac-hard/jev_runs/p0-astra-all-maps-20260922-001/3s5z_vs_3s6z/jev,jev_gpt6,500.0,1
smac-hard/jev_runs/p0-astra-all-maps-20260922-001/3s5z_vs_3s6z/jev,jev_gpt6,483.99999999674037,1
smac-hard/jev_runs/p0-astra-all-maps-20260922-001/3s5z_vs_3s6z/jev,jev_gpt6,514.9999999994179,1
smac-hard/jev_runs/p0-astra-all-maps-20260922-001/3s5z_vs_3s6z/jev,jev_gpt6,516.0000000032596,1
smac-hard/jev_runs/p0-astra-all-maps-20260922-001/3s5z_vs_3s6z/jev,jev_gpt6,468.99999999732245,1
smac-hard/jev_runs/p0-astra-all-maps-20260922-001/3s5z_vs_3s6z/jev,jev_gpt6,468.99999999732245,1
smac-hard/jev_runs/p0-astra-all-maps-20260922-001/3s5z_vs_3s6z/jev,jev_gpt6,641.0000000032596,1
smac-hard/jev_runs/p0-astra-all-maps-20260922-001/3s5z_vs_3s6z/jev,jev_gpt6,437.9999999946449,1
smac-hard/jev_runs/p0-astra-all-maps-20260922-001/3s5z_vs_3s6z/jev,jev_gpt6,452.9999999940628,1
smac-hard/jev_runs/p0-astra-all-maps-20260922-001/3s5z_vs_3s6z/jev,jev_gpt6,453.00000000861473,1
smac-hard/jev_runs/p0-astra-all-maps-20260922-001/3s5z_vs_3s6z/jev,jev_gpt6,437.9999999946449,1
smac-hard/jev_runs/p0-astra-all-maps-20260922-001/3s5z_vs_3s6z/jev,jev_gpt6,516.0000000032596,1
smac-hard/jev_runs/p0-astra-all-maps-20260922-001/3s5z_vs_3s6z/jev,jev_gpt6,453.9999999979045,1
smac-hard/jev_runs/p0-astra-all-maps-20260922-001/3s5z_vs_3s6z/jev,jev_gpt6,468.99999999732245,1
smac-hard/jev_runs/p0-astra-all-maps-20260922-001/3s5z_vs_3s6z/jev,jev_gpt6,577.9999999940628,1
smac-hard/jev_runs/p0-astra-all-maps-20260922-001/3s5z_vs_3s6z/jev,jev_gpt6,468.99999999732245,1
smac-hard/jev_runs/p0-astra-all-maps-20260922-001/3s5z_vs_3s6z/jev,jev_gpt6,453.00000000861473,1
smac-hard/jev_runs/p0-astra-all-maps-20260922-001/3s5z_vs_3s6z/jev,jev_gpt6,468.99999999732245,1
smac-hard/jev_runs/p0-astra-all-maps-20260922-001/3s5z_vs_3s6z/jev,jev_gpt6,453.9999999979045,1
smac-hard/jev_runs/p0-astra-all-maps-20260922-001/3s5z_vs_3s6z/jev,jev_gpt6,437.0000000053551,1
smac-hard/jev_runs/p0-astra-all-maps-20260922-001/3s5z_vs_3s6z/jev,jev_gpt6,422.0000000059372,1
smac-hard/jev_runs/p0-astra-all-maps-20260922-001/3s5z_vs_3s6z/jev,jev_gpt6,422.0000000059372,1
smac-hard/jev_runs/p0-astra-all-maps-20260922-001/3s5z_vs_3s6z/jev,jev_gpt6,406.00000000267755,1
smac-hard/jev_runs/p0-astra-all-maps-20260922-001/3s5z_vs_3s6z/jev,jev_gpt6,421.0000000020955,1
smac-hard/jev_runs/p0-astra-all-maps-20260922-001/3s5z_vs_3s6z/jev,jev_gpt6,421.99999999138527,1
smac-hard/jev_runs/p0-astra-all-maps-20260922-001/3s5z_vs_3s6z/jev,jev_gpt6,437.0000000053551,1
smac-hard/jev_runs/p0-astra-all-maps-20260922-001/3s5z_vs_3s6z/jev,jev_gpt6,437.9999999946449,1
smac-hard/jev_runs/p0-astra-all-maps-20260922-001/3s5z_vs_3s6z/jev,jev_gpt6,375.0,1
smac-hard/jev_runs/all-maps-20260921-001/3s_vs_3z/jev,jev_only,1077.9999999977008,1
smac-hard/jev_runs/all-maps-20260921-001/3s_vs_3z/jev,jev_only,422.0000000022992,1
smac-hard/jev_runs/all-maps-20260921-001/3s_vs_3z/jev,jev_only,390.99999999962165,1
smac-hard/jev_runs/all-maps-20260921-001/3s_vs_3z/jev,jev_only,389.9999999994179,1
smac-hard/jev_runs/all-maps-20260921-001/3s_vs_3z/jev,jev_only,359.00000000037835,1
smac-hard/jev_runs/all-maps-20260921-001/3s_vs_3z/jev,jev_only,422.0000000022992,1
smac-hard/jev_runs/all-maps-20260921-001/3s_vs_3z/jev,jev_only,436.99999999807915,1
smac-hard/jev_runs/all-maps-20260921-001/3s_vs_3z/jev,jev_only,500.0,1
smac-hard/jev_runs/all-maps-20260921-001/3s_vs_3z/jev,jev_only,407.0000000028813,1
smac-hard/jev_runs/all-maps-20260921-001/3s_vs_3z/jev,jev_only,389.9999999994179,1
smac-hard/jev_runs/all-maps-20260921-001/3s_vs_3z/jev,jev_only,421.9999999986612,1
smac-hard/jev_runs/all-maps-20260921-001/3s_vs_3z/jev,jev_only,389.9999999994179,1
smac-hard/jev_runs/all-maps-20260921-001/3s_vs_3z/jev,jev_only,390.99999999962165,1
smac-hard/jev_runs/all-maps-20260921-001/3s_vs_3z/jev,jev_only,421.9999999986612,1
smac-hard/jev_runs/all-maps-20260921-001/3s_vs_3z/jev,jev_only,405.9999999990396,1
smac-hard/jev_runs/all-maps-20260921-001/3s_vs_3z/jev,jev_only,422.0000000022992,1
smac-hard/jev_runs/all-maps-20260921-001/3s_vs_3z/jev,jev_only,390.99999999962165,1
smac-hard/jev_runs/all-maps-20260921-001/3s_vs_3z/jev,jev_only,436.99999999807915,1
smac-hard/jev_runs/all-maps-20260921-001/3s_vs_3z/jev,jev_only,407.0000000028813,1
smac-hard/jev_runs/all-maps-20260921-001/3s_vs_3z/jev,jev_only,421.9999999986612,1
smac-hard/jev_runs/all-maps-20260921-001/3s_vs_3z/jev,jev_only,639.9999999994179,1
smac-hard/jev_runs/all-maps-20260921-001/3s_vs_3z/jev,jev_only,405.9999999990396,1
smac-hard/jev_runs/all-maps-20260921-001/3s_vs_3z/jev,jev_only,390.99999999962165,1
smac-hard/jev_runs/all-maps-20260921-001/3s_vs_3z/jev,jev_only,390.99999999962165,1
smac-hard/jev_runs/all-maps-20260921-001/3s_vs_3z/jev,jev_only,407.0000000028813,1
smac-hard/jev_runs/all-maps-20260921-001/3s_vs_3z/jev,jev_only,359.00000000037835,1
smac-hard/jev_runs/all-maps-20260921-001/3s_vs_3z/jev,jev_only,375.0,1
smac-hard/jev_runs/all-maps-20260921-001/3s_vs_3z/jev,jev_only,406.9999999992433,1
smac-hard/jev_runs/all-maps-20260921-001/3s_vs_3z/jev,jev_only,485.0000000005821,1
smac-hard/jev_runs/all-maps-20260921-001/3s_vs_3z/jev,jev_only,563.0000000019209,1
smac-hard/jev_runs/all-maps-20260921-001/3s_vs_3z/jev,jev_only,375.0,1
smac-hard/jev_runs/all-maps-20260921-001/3s_vs_3z/jev,jev_only,375.0,1
smac-hard/jev_runs/all-maps-20260921-001/3s_vs_3z/jev,jev_only,562.9999999982829,1
smac-hard/jev_runs/all-maps-20260921-001/3s_vs_3z/jev,jev_only,375.0,1
smac-hard/jev_runs/all-maps-20260921-001/3s_vs_3z/jev,jev_only,375.0,1
smac-hard/jev_runs/all-maps-20260921-001/3s_vs_3z/jev,jev_only,500.0,1
smac-hard/jev_runs/all-maps-20260921-001/3s_vs_3z/jev,jev_only,436.99999999807915,1
smac-hard/jev_runs/all-maps-20260921-001/3s_vs_3z/jev,jev_only,375.0,1
smac-hard/jev_runs/all-maps-20260921-001/3s_vs_3z/jev,jev_only,422.0000000022992,1
smac-hard/jev_runs/all-maps-20260921-001/3s_vs_3z/jev,jev_only,405.9999999990396,1
smac-hard/jev_runs/all-maps-20260921-001/3s_vs_3z/jev,jev_only,625.0,1
smac-hard/jev_runs/all-maps-20260921-001/3s_vs_3z/jev,jev_only,437.0000000017171,1
smac-hard/jev_runs/all-maps-20260921-001/3s_vs_3z/jev,jev_only,468.99999999732245,1
smac-hard/jev_runs/all-maps-20260921-001/3s_vs_3z/jev,jev_only,406.00000000267755,1
smac-hard/jev_runs/all-maps-20260921-001/3s_vs_3z/jev,jev_only,405.9999999990396,1
smac-hard/jev_runs/all-maps-20260921-001/3s_vs_3z/jev,jev_only,375.0,1
smac-hard/jev_runs/all-maps-20260921-001/3s_vs_3z/jev,jev_only,469.0000000009604,1
smac-hard/jev_runs/all-maps-20260921-001/3s_vs_3z/jev,jev_only,375.0,1
smac-hard/jev_runs/all-maps-20260921-001/3s_vs_3z/jev,jev_only,454.0000000015425,1
smac-hard/jev_runs/all-maps-20260921-001/3s_vs_3z/jev,jev_only,405.9999999990396,1
smac-hard/jev_runs/all-maps-20260921-001/3s_vs_3z/jev,jev_only,438.00000000192085,1
smac-hard/jev_runs/all-maps-20260921-001/3s_vs_3z/jev,jev_only,390.99999999962165,1
smac-hard/jev_runs/all-maps-20260921-001/3s_vs_3z/jev,jev_only,438.00000000192085,1
smac-hard/jev_runs/all-maps-20260921-001/3s_vs_3z/jev,jev_only,390.99999999962165,1
smac-hard/jev_runs/all-maps-20260921-001/3s_vs_3z/jev,jev_only,436.99999999807915,1
smac-hard/jev_runs/all-maps-20260921-001/3s_vs_3z/jev,jev_only,405.9999999990396,1
smac-hard/jev_runs/all-maps-20260921-001/3s_vs_3z/jev,jev_only,405.9999999990396,1
smac-hard/jev_runs/all-maps-20260921-001/3s_vs_3z/jev,jev_only,422.0000000022992,1
smac-hard/jev_runs/all-maps-20260921-001/3s_vs_3z/jev,jev_only,421.9999999986612,1
smac-hard/jev_runs/all-maps-20260921-001/3s_vs_3z/jev,jev_only,407.0000000028813,1
smac-hard/jev_runs/all-maps-20260921-001/3s_vs_3z/jev,jev_only,389.9999999994179,1
smac-hard/jev_runs/all-maps-20260921-001/3s_vs_3z/jev,jev_only,375.0,1
smac-hard/jev_runs/all-maps-20260921-001/3s_vs_3z/jev,jev_only,437.0000000017171,1
smac-hard/jev_runs/all-maps-20260921-001/3s_vs_3z/jev,jev_only,592.9999999971187,1
smac-hard/jev_runs/all-maps-20260921-001/3s_vs_3z/jev,jev_only,405.9999999990396,1
smac-hard/jev_runs/all-maps-20260921-001/3s_vs_3z/jev,jev_only,360.0000000005821,1
smac-hard/jev_runs/all-maps-20260921-001/3s_vs_3z/jev,jev_only,610.0000000005821,1
smac-hard/jev_runs/all-maps-20260921-001/3s_vs_3z/jev,jev_only,375.0,1
smac-hard/jev_runs/all-maps-20260921-001/3s_vs_3z/jev,jev_only,375.0,1
smac-hard/jev_runs/all-maps-20260921-001/3s_vs_3z/jev,jev_only,421.9999999986612,1
smac-hard/jev_runs/all-maps-20260921-001/3s_vs_3z/jev,jev_only,530.9999999990396,1
smac-hard/jev_runs/all-maps-20260921-001/3s_vs_3z/jev,jev_only,375.0,1
smac-hard/jev_runs/all-maps-20260921-001/3s_vs_3z/jev,jev_only,421.9999999986612,1
smac-hard/jev_runs/all-maps-20260921-001/3s_vs_3z/jev,jev_only,375.0,1
smac-hard/jev_runs/all-maps-20260921-001/3s_vs_3z/jev,jev_only,422.0000000022992,1
smac-hard/jev_runs/all-maps-20260921-001/3s_vs_3z/jev,jev_only,359.00000000037835,1
smac-hard/jev_runs/all-maps-20260921-001/3s_vs_3z/jev,jev_only,436.99999999807915,1
smac-hard/jev_runs/all-maps-20260921-001/3s_vs_3z/jev,jev_only,389.9999999994179,1
smac-hard/jev_runs/all-maps-20260921-001/3s_vs_3z/jev,jev_only,422.0000000022992,1
smac-hard/jev_runs/all-maps-20260921-001/3s_vs_3z/jev,jev_only,594.0000000009604,1
smac-hard/jev_runs/all-maps-20260921-001/3s_vs_3z/jev,jev_only,406.9999999992433,1
smac-hard/jev_runs/all-maps-20260921-001/3s_vs_3z/jev,jev_only,420.9999999984575,1
smac-hard/jev_runs/all-maps-20260921-001/3s_vs_3z/jev,jev_only,422.0000000022992,1
smac-hard/jev_runs/all-maps-20260921-001/3s_vs_3z/jev,jev_only,375.0,1
smac-hard/jev_runs/all-maps-20260921-001/3s_vs_3z/jev,jev_only,436.99999999807915,1
smac-hard/jev_runs/all-maps-20260921-001/3s_vs_3z/jev,jev_only,407.0000000028813,1
smac-hard/jev_runs/all-maps-20260921-001/3s_vs_3z/jev,jev_only,390.99999999962165,1
smac-hard/jev_runs/all-maps-20260921-001/3s_vs_3z/jev,jev_only,420.9999999984575,1
smac-hard/jev_runs/all-maps-20260921-001/3s_vs_3z/jev,jev_only,468.99999999732245,1
smac-hard/jev_runs/all-maps-20260921-001/3s_vs_3z/jev,jev_only,391.00000000325963,1
smac-hard/jev_runs/all-maps-20260921-001/3s_vs_3z/jev,jev_only,483.99999999674037,1
smac-hard/jev_runs/all-maps-20260921-001/3s_vs_3z/jev,jev_only,407.0000000028813,1
smac-hard/jev_runs/all-maps-20260921-001/3s_vs_3z/jev,jev_only,421.9999999986612,1
smac-hard/jev_runs/all-maps-20260921-001/3s_vs_3z/jev,jev_only,453.0000000013388,1
smac-hard/jev_runs/all-maps-20260921-001/3s_vs_3z/jev,jev_only,375.0,1
smac-hard/jev_runs/all-maps-20260921-001/3s_vs_3z/jev,jev_only,405.9999999990396,1
smac-hard/jev_runs/all-maps-20260921-001/3s_vs_3z/jev,jev_only,406.00000000267755,1
smac-hard/jev_runs/all-maps-20260921-001/3s_vs_3z/jev,jev_only,421.9999999986612,1
smac-hard/jev_runs/all-maps-20260921-001/3s_vs_3z/jev,jev_only,389.9999999994179,1
smac-hard/jev_runs/all-maps-20260921-001/3s_vs_3z/jev,jev_only,453.0000000013388,1
smac-hard/jev_runs/all-maps-20260921-001/3s_vs_3z/jev,jev_only,421.9999999986612,1
smac-hard/jev_runs/all-maps-20260921-001/3s_vs_3z/jev,jev_only,391.00000000325963,1
smac-hard/jev_runs/all-maps-20260921-001/3s_vs_3z/jev,jev_only,375.0,1
smac-hard/jev_runs/all-maps-20260921-001/3s_vs_3z/jev,jev_only,389.9999999994179,1
smac-hard/jev_runs/all-maps-20260921-001/3s_vs_3z/jev,jev_only,359.00000000037835,1
smac-hard/jev_runs/all-maps-20260921-001/3s_vs_3z/jev,jev_only,390.99999999962165,1
smac-hard/jev_runs/all-maps-20260921-001/3s_vs_3z/jev,jev_only,375.0,1
smac-hard/jev_runs/all-maps-20260921-001/3s_vs_3z/jev,jev_only,406.00000000267755,1
smac-hard/jev_runs/all-maps-20260921-001/3s_vs_3z/jev,jev_only,421.9999999986612,1
smac-hard/jev_runs/all-maps-20260921-001/3s_vs_3z/jev,jev_only,437.0000000017171,1
smac-hard/jev_runs/p0-astra-all-maps-20260922-001/3s_vs_3z/jev,jev_gpt6,1233.9999999967404,1
smac-hard/jev_runs/p0-astra-all-maps-20260922-001/3s_vs_3z/jev,jev_gpt6,391.00000000325963,1
smac-hard/jev_runs/p0-astra-all-maps-20260922-001/3s_vs_3z/jev,jev_gpt6,453.00000000861473,1
smac-hard/jev_runs/p0-astra-all-maps-20260922-001/3s_vs_3z/jev,jev_gpt6,390.9999999887077,1
smac-hard/jev_runs/p0-astra-all-maps-20260922-001/3s_vs_3z/jev,jev_gpt6,438.0000000091968,1
smac-hard/jev_runs/p0-astra-all-maps-20260922-001/3s_vs_3z/jev,jev_gpt6,406.00000000267755,1
smac-hard/jev_runs/p0-astra-all-maps-20260922-001/3s_vs_3z/jev,jev_gpt6,453.00000000861473,1
smac-hard/jev_runs/p0-astra-all-maps-20260922-001/3s_vs_3z/jev,jev_gpt6,437.9999999946449,1
smac-hard/jev_runs/p0-astra-all-maps-20260922-001/3s_vs_3z/jev,jev_gpt6,389.9999999994179,1
smac-hard/jev_runs/p0-astra-all-maps-20260922-001/3s_vs_3z/jev,jev_gpt6,406.00000000267755,1
smac-hard/jev_runs/p0-astra-all-maps-20260922-001/3s_vs_3z/jev,jev_gpt6,437.9999999946449,1
smac-hard/jev_runs/p0-astra-all-maps-20260922-001/3s_vs_3z/jev,jev_gpt6,422.0000000059372,1
smac-hard/jev_runs/p0-astra-all-maps-20260922-001/3s_vs_3z/jev,jev_gpt6,468.00000000803266,1
smac-hard/jev_runs/p0-astra-all-maps-20260922-001/3s_vs_3z/jev,jev_gpt6,405.99999998812564,1
smac-hard/jev_runs/p0-astra-all-maps-20260922-001/3s_vs_3z/jev,jev_gpt6,437.0000000053551,1
smac-hard/jev_runs/p0-astra-all-maps-20260922-001/3s_vs_3z/jev,jev_gpt6,452.9999999940628,1
smac-hard/jev_runs/p0-astra-all-maps-20260922-001/3s_vs_3z/jev,jev_gpt6,422.0000000059372,1
smac-hard/jev_runs/p0-astra-all-maps-20260922-001/3s_vs_3z/jev,jev_gpt6,422.0000000059372,1
smac-hard/jev_runs/p0-astra-all-maps-20260922-001/3s_vs_3z/jev,jev_gpt6,406.00000000267755,1
smac-hard/jev_runs/p0-astra-all-maps-20260922-001/3s_vs_3z/jev,jev_gpt6,436.9999999908032,1
smac-hard/jev_runs/p0-astra-all-maps-20260922-001/3s_vs_3z/jev,jev_gpt6,453.00000000861473,1
smac-hard/jev_runs/p0-astra-all-maps-20260922-001/3s_vs_3z/jev,jev_gpt6,421.99999999138527,1
smac-hard/jev_runs/p0-astra-all-maps-20260922-001/3s_vs_3z/jev,jev_gpt6,389.9999999994179,1
smac-hard/jev_runs/p0-astra-all-maps-20260922-001/3s_vs_3z/jev,jev_gpt6,389.9999999994179,1
smac-hard/jev_runs/p0-astra-all-maps-20260922-001/3s_vs_3z/jev,jev_gpt6,453.9999999979045,1
smac-hard/jev_runs/p0-astra-all-maps-20260922-001/3s_vs_3z/jev,jev_gpt6,389.9999999994179,1
smac-hard/jev_runs/p0-astra-all-maps-20260922-001/3s_vs_3z/jev,jev_gpt6,406.00000000267755,1
smac-hard/jev_runs/p0-astra-all-maps-20260922-001/3s_vs_3z/jev,jev_gpt6,406.99999999196734,1
smac-hard/jev_runs/p0-astra-all-maps-20260922-001/3s_vs_3z/jev,jev_gpt6,406.00000000267755,1
smac-hard/jev_runs/p0-astra-all-maps-20260922-001/3s_vs_3z/jev,jev_gpt6,452.9999999940628,1
smac-hard/jev_runs/p0-astra-all-maps-20260922-001/3s_vs_3z/jev,jev_gpt6,437.0000000053551,1
smac-hard/jev_runs/p0-astra-all-maps-20260922-001/3s_vs_3z/jev,jev_gpt6,422.0000000059372,1
smac-hard/jev_runs/p0-astra-all-maps-20260922-001/3s_vs_3z/jev,jev_gpt6,375.0,1
smac-hard/jev_runs/p0-astra-all-maps-20260922-001/3s_vs_3z/jev,jev_gpt6,391.00000000325963,1
smac-hard/jev_runs/p0-astra-all-maps-20260922-001/3s_vs_3z/jev,jev_gpt6,406.00000000267755,1
smac-hard/jev_runs/p0-astra-all-maps-20260922-001/3s_vs_3z/jev,jev_gpt6,375.0,1
smac-hard/jev_runs/p0-astra-all-maps-20260922-001/3s_vs_3z/jev,jev_gpt6,375.0,1
smac-hard/jev_runs/p0-astra-all-maps-20260922-001/3s_vs_3z/jev,jev_gpt6,437.9999999946449,1
smac-hard/jev_runs/p0-astra-all-maps-20260922-001/3s_vs_3z/jev,jev_gpt6,360.0000000005821,1
smac-hard/jev_runs/p0-astra-all-maps-20260922-001/3s_vs_3z/jev,jev_gpt6,391.00000000325963,1
smac-hard/jev_runs/p0-astra-all-maps-20260922-001/3s_vs_3z/jev,jev_gpt6,407.00000000651926,1
smac-hard/jev_runs/p0-astra-all-maps-20260922-001/3s_vs_3z/jev,jev_gpt6,375.0,1
smac-hard/jev_runs/p0-astra-all-maps-20260922-001/3s_vs_3z/jev,jev_gpt6,391.00000000325963,1
smac-hard/jev_runs/p0-astra-all-maps-20260922-001/3s_vs_3z/jev,jev_gpt6,436.9999999908032,1
smac-hard/jev_runs/p0-astra-all-maps-20260922-001/3s_vs_3z/jev,jev_gpt6,407.00000000651926,1
smac-hard/jev_runs/p0-astra-all-maps-20260922-001/3s_vs_3z/jev,jev_gpt6,500.0,1
smac-hard/jev_runs/p0-astra-all-maps-20260922-001/3s_vs_3z/jev,jev_gpt6,437.9999999946449,1
smac-hard/jev_runs/p0-astra-all-maps-20260922-001/3s_vs_3z/jev,jev_gpt6,437.0000000053551,1
smac-hard/jev_runs/p0-astra-all-maps-20260922-001/3s_vs_3z/jev,jev_gpt6,468.99999999732245,1
smac-hard/jev_runs/p0-astra-all-maps-20260922-001/3s_vs_3z/jev,jev_gpt6,421.0000000020955,1
smac-hard/jev_runs/p0-astra-all-maps-20260922-001/3s_vs_3z/jev,jev_gpt6,406.99999999196734,1
smac-hard/jev_runs/p0-astra-all-maps-20260922-001/3s_vs_3z/jev,jev_gpt6,438.0000000091968,1
smac-hard/jev_runs/p0-astra-all-maps-20260922-001/3s_vs_3z/jev,jev_gpt6,406.00000000267755,1
smac-hard/jev_runs/p0-astra-all-maps-20260922-001/3s_vs_3z/jev,jev_gpt6,515.9999999887077,1
smac-hard/jev_runs/p0-astra-all-maps-20260922-001/3s_vs_3z/jev,jev_gpt6,422.0000000059372,1
smac-hard/jev_runs/p0-astra-all-maps-20260922-001/3s_vs_3z/jev,jev_gpt6,421.99999999138527,1
smac-hard/jev_runs/p0-astra-all-maps-20260922-001/3s_vs_3z/jev,jev_gpt6,407.00000000651926,1
smac-hard/jev_runs/p0-astra-all-maps-20260922-001/3s_vs_3z/jev,jev_gpt6,406.00000000267755,1
smac-hard/jev_runs/p0-astra-all-maps-20260922-001/3s_vs_3z/jev,jev_gpt6,437.9999999946449,1
smac-hard/jev_runs/p0-astra-all-maps-20260922-001/3s_vs_3z/jev,jev_gpt6,500.0,1
smac-hard/jev_runs/p0-astra-all-maps-20260922-001/3s_vs_3z/jev,jev_gpt6,437.9999999946449,1
smac-hard/jev_runs/p0-astra-all-maps-20260922-001/3s_vs_3z/jev,jev_gpt6,453.00000000861473,1
smac-hard/jev_runs/p0-astra-all-maps-20260922-001/3s_vs_3z/jev,jev_gpt6,405.99999998812564,1
smac-hard/jev_runs/p0-astra-all-maps-20260922-001/3s_vs_3z/jev,jev_gpt6,437.0000000053551,1
smac-hard/jev_runs/p0-astra-all-maps-20260922-001/3s_vs_3z/jev,jev_gpt6,500.0,1
smac-hard/jev_runs/p0-astra-all-maps-20260922-001/3s_vs_3z/jev,jev_gpt6,437.0000000053551,1
smac-hard/jev_runs/p0-astra-all-maps-20260922-001/3s_vs_3z/jev,jev_gpt6,406.00000000267755,1
smac-hard/jev_runs/p0-astra-all-maps-20260922-001/3s_vs_3z/jev,jev_gpt6,500.0,1
smac-hard/jev_runs/p0-astra-all-maps-20260922-001/3s_vs_3z/jev,jev_gpt6,438.0000000091968,1
smac-hard/jev_runs/p0-astra-all-maps-20260922-001/3s_vs_3z/jev,jev_gpt6,406.00000000267755,1
smac-hard/jev_runs/p0-astra-all-maps-20260922-001/3s_vs_3z/jev,jev_gpt6,406.00000000267755,1
smac-hard/jev_runs/p0-astra-all-maps-20260922-001/3s_vs_3z/jev,jev_gpt6,406.00000000267755,1
smac-hard/jev_runs/p0-astra-all-maps-20260922-001/3s_vs_3z/jev,jev_gpt6,406.00000000267755,1
smac-hard/jev_runs/p0-astra-all-maps-20260922-001/3s_vs_3z/jev,jev_gpt6,484.0000000112923,1
smac-hard/jev_runs/p0-astra-all-maps-20260922-001/3s_vs_3z/jev,jev_gpt6,389.9999999994179,1
smac-hard/jev_runs/p0-astra-all-maps-20260922-001/3s_vs_3z/jev,jev_gpt6,468.99999999732245,1
smac-hard/jev_runs/p0-astra-all-maps-20260922-001/3s_vs_3z/jev,jev_gpt6,781.0000000026776,1
smac-hard/jev_runs/p0-astra-all-maps-20260922-001/3s_vs_3z/jev,jev_gpt6,406.00000000267755,1
smac-hard/jev_runs/p0-astra-all-maps-20260922-001/3s_vs_3z/jev,jev_gpt6,421.99999999138527,1
smac-hard/jev_runs/p0-astra-all-maps-20260922-001/3s_vs_3z/jev,jev_gpt6,438.0000000091968,1
smac-hard/jev_runs/p0-astra-all-maps-20260922-001/3s_vs_3z/jev,jev_gpt6,391.00000000325963,1
smac-hard/jev_runs/p0-astra-all-maps-20260922-001/3s_vs_3z/jev,jev_gpt6,405.99999998812564,1
smac-hard/jev_runs/p0-astra-all-maps-20260922-001/3s_vs_3z/jev,jev_gpt6,437.0000000053551,1
smac-hard/jev_runs/p0-astra-all-maps-20260922-001/3s_vs_3z/jev,jev_gpt6,421.99999999138527,1
smac-hard/jev_runs/p0-astra-all-maps-20260922-001/3s_vs_3z/jev,jev_gpt6,406.00000000267755,1
smac-hard/jev_runs/p0-astra-all-maps-20260922-001/3s_vs_3z/jev,jev_gpt6,453.00000000861473,1
smac-hard/jev_runs/p0-astra-all-maps-20260922-001/3s_vs_3z/jev,jev_gpt6,389.9999999994179,1
smac-hard/jev_runs/p0-astra-all-maps-20260922-001/3s_vs_3z/jev,jev_gpt6,421.99999999138527,1
smac-hard/jev_runs/p0-astra-all-maps-20260922-001/3s_vs_3z/jev,jev_gpt6,406.00000000267755,1
smac-hard/jev_runs/p0-astra-all-maps-20260922-001/3s_vs_3z/jev,jev_gpt6,421.99999999138527,1
smac-hard/jev_runs/p0-astra-all-maps-20260922-001/3s_vs_3z/jev,jev_gpt6,422.0000000059372,1
smac-hard/jev_runs/p0-astra-all-maps-20260922-001/3s_vs_3z/jev,jev_gpt6,436.9999999908032,1
smac-hard/jev_runs/p0-astra-all-maps-20260922-001/3s_vs_3z/jev,jev_gpt6,483.99999999674037,1
smac-hard/jev_runs/p0-astra-all-maps-20260922-001/3s_vs_3z/jev,jev_gpt6,406.00000000267755,1
smac-hard/jev_runs/p0-astra-all-maps-20260922-001/3s_vs_3z/jev,jev_gpt6,406.00000000267755,1
smac-hard/jev_runs/p0-astra-all-maps-20260922-001/3s_vs_3z/jev,jev_gpt6,421.99999999138527,1
smac-hard/jev_runs/p0-astra-all-maps-20260922-001/3s_vs_3z/jev,jev_gpt6,389.9999999994179,1
smac-hard/jev_runs/p0-astra-all-maps-20260922-001/3s_vs_3z/jev,jev_gpt6,483.99999999674037,1
smac-hard/jev_runs/p0-astra-all-maps-20260922-001/3s_vs_3z/jev,jev_gpt6,421.99999999138527,1
smac-hard/jev_runs/p0-astra-all-maps-20260922-001/3s_vs_3z/jev,jev_gpt6,422.0000000059372,1
smac-hard/jev_runs/p0-astra-all-maps-20260922-001/3s_vs_3z/jev,jev_gpt6,406.00000000267755,1
smac-hard/jev_runs/p0-astra-all-maps-20260922-001/3s_vs_3z/jev,jev_gpt6,421.99999999138527,1
smac-hard/jev_runs/p0-astra-all-maps-20260922-001/3s_vs_3z/jev,jev_gpt6,391.00000000325963,1
smac-hard/jev_runs/p0-astra-all-maps-20260922-001/3s_vs_3z/jev,jev_gpt6,437.9999999946449,1
smac-hard/jev_runs/p0-astra-all-maps-20260922-001/3s_vs_3z/jev,jev_gpt6,407.00000000651926,1
smac-hard/jev_runs/p0-astra-all-maps-20260922-001/3s_vs_3z/jev,jev_gpt6,391.00000000325963,1
smac-hard/jev_runs/p0-astra-all-maps-20260922-001/3s_vs_3z/jev,jev_gpt6,421.99999999138527,1
smac-hard/jev_runs/p0-astra-all-maps-20260922-001/3s_vs_3z/jev,jev_gpt6,468.00000000803266,1
smac-hard/jev_runs/p0-astra-all-maps-20260922-001/3s_vs_3z/jev,jev_gpt6,390.9999999887077,1
smac-hard/jev_runs/p0-astra-all-maps-20260922-001/3s_vs_3z/jev,jev_gpt6,391.00000000325963,1
smac-hard/jev_runs/p0-astra-all-maps-20260922-001/3s_vs_3z/jev,jev_gpt6,452.9999999940628,1
smac-hard/jev_runs/p0-astra-all-maps-20260922-001/3s_vs_3z/jev,jev_gpt6,422.0000000059372,1
smac-hard/jev_runs/p0-astra-all-maps-20260922-001/3s_vs_3z/jev,jev_gpt6,436.9999999908032,1
smac-hard/jev_runs/p0-astra-all-maps-20260922-001/3s_vs_3z/jev,jev_gpt6,422.0000000059372,1
smac-hard/jev_runs/p0-astra-all-maps-20260922-001/3s_vs_3z/jev,jev_gpt6,389.9999999994179,1
smac-hard/jev_runs/p0-astra-all-maps-20260922-001/3s_vs_3z/jev,jev_gpt6,375.0,1
smac-hard/jev_runs/p0-astra-all-maps-20260922-001/3s_vs_3z/jev,jev_gpt6,390.9999999887077,1
smac-hard/jev_runs/p0-astra-all-maps-20260922-001/3s_vs_3z/jev,jev_gpt6,437.0000000053551,1
smac-hard/jev_runs/p0-astra-all-maps-20260922-001/3s_vs_3z/jev,jev_gpt6,422.0000000059372,1
smac-hard/jev_runs/p0-astra-all-maps-20260922-001/3s_vs_3z/jev,jev_gpt6,422.0000000059372,1
smac-hard/jev_runs/p0-astra-all-maps-20260922-001/3s_vs_3z/jev,jev_gpt6,421.0000000020955,1
smac-hard/jev_runs/p0-astra-all-maps-20260922-001/3s_vs_3z/jev,jev_gpt6,421.99999999138527,1
smac-hard/jev_runs/p0-astra-all-maps-20260922-001/3s_vs_3z/jev,jev_gpt6,421.0000000020955,1
smac-hard/jev_runs/p0-astra-all-maps-20260922-001/3s_vs_3z/jev,jev_gpt6,390.9999999887077,1
smac-hard/jev_runs/p0-astra-all-maps-20260922-001/3s_vs_3z/jev,jev_gpt6,389.9999999994179,1
smac-hard/jev_runs/p0-astra-all-maps-20260922-001/3s_vs_3z/jev,jev_gpt6,375.0,1
smac-hard/jev_runs/p0-astra-all-maps-20260922-001/3s_vs_3z/jev,jev_gpt6,360.0000000005821,1
smac-hard/jev_runs/p0-astra-all-maps-20260922-001/3s_vs_3z/jev,jev_gpt6,391.00000000325963,1
smac-hard/jev_runs/p0-astra-all-maps-20260922-001/3s_vs_3z/jev,jev_gpt6,375.0,1
smac-hard/jev_runs/all-maps-20260921-001/3s_vs_4z/jev,jev_only,844.0000000009604,1
smac-hard/jev_runs/all-maps-20260921-001/3s_vs_4z/jev,jev_only,389.9999999994179,1
smac-hard/jev_runs/all-maps-20260921-001/3s_vs_4z/jev,jev_only,405.9999999990396,1
smac-hard/jev_runs/all-maps-20260921-001/3s_vs_4z/jev,jev_only,405.9999999990396,1
smac-hard/jev_runs/all-maps-20260921-001/3s_vs_4z/jev,jev_only,391.00000000325963,1
smac-hard/jev_runs/all-maps-20260921-001/3s_vs_4z/jev,jev_only,375.0,1
smac-hard/jev_runs/all-maps-20260921-001/3s_vs_4z/jev,jev_only,436.99999999807915,1
smac-hard/jev_runs/all-maps-20260921-001/3s_vs_4z/jev,jev_only,406.00000000267755,1
smac-hard/jev_runs/all-maps-20260921-001/3s_vs_4z/jev,jev_only,390.99999999962165,1
smac-hard/jev_runs/all-maps-20260921-001/3s_vs_4z/jev,jev_only,375.0,1
smac-hard/jev_runs/all-maps-20260921-001/3s_vs_4z/jev,jev_only,452.9999999977008,1
smac-hard/jev_runs/all-maps-20260921-001/3s_vs_4z/jev,jev_only,422.0000000022992,1
smac-hard/jev_runs/all-maps-20260921-001/3s_vs_4z/jev,jev_only,422.0000000022992,1
smac-hard/jev_runs/all-maps-20260921-001/3s_vs_4z/jev,jev_only,375.0,1
smac-hard/jev_runs/all-maps-20260921-001/3s_vs_4z/jev,jev_only,405.9999999990396,1
smac-hard/jev_runs/all-maps-20260921-001/3s_vs_4z/jev,jev_only,389.9999999994179,1
smac-hard/jev_runs/all-maps-20260921-001/3s_vs_4z/jev,jev_only,405.9999999990396,1
smac-hard/jev_runs/all-maps-20260921-001/3s_vs_4z/jev,jev_only,422.0000000022992,1
smac-hard/jev_runs/all-maps-20260921-001/3s_vs_4z/jev,jev_only,421.9999999986612,1
smac-hard/jev_runs/all-maps-20260921-001/3s_vs_4z/jev,jev_only,375.0,1
smac-hard/jev_runs/all-maps-20260921-001/3s_vs_4z/jev,jev_only,390.99999999962165,1
smac-hard/jev_runs/all-maps-20260921-001/3s_vs_4z/jev,jev_only,389.9999999994179,1
smac-hard/jev_runs/all-maps-20260921-001/3s_vs_4z/jev,jev_only,390.99999999962165,1
smac-hard/jev_runs/all-maps-20260921-001/3s_vs_4z/jev,jev_only,375.0,1
smac-hard/jev_runs/all-maps-20260921-001/3s_vs_4z/jev,jev_only,422.0000000022992,1
smac-hard/jev_runs/all-maps-20260921-001/3s_vs_4z/jev,jev_only,375.0,1
smac-hard/jev_runs/all-maps-20260921-001/3s_vs_4z/jev,jev_only,469.0000000009604,1
smac-hard/jev_runs/all-maps-20260921-001/3s_vs_4z/jev,jev_only,390.99999999962165,1
smac-hard/jev_runs/all-maps-20260921-001/3s_vs_4z/jev,jev_only,375.0,1
smac-hard/jev_runs/all-maps-20260921-001/3s_vs_4z/jev,jev_only,405.9999999990396,1
smac-hard/jev_runs/all-maps-20260921-001/3s_vs_4z/jev,jev_only,422.0000000022992,1
smac-hard/jev_runs/all-maps-20260921-001/3s_vs_4z/jev,jev_only,390.99999999962165,1
smac-hard/jev_runs/all-maps-20260921-001/3s_vs_4z/jev,jev_only,420.9999999984575,1
smac-hard/jev_runs/all-maps-20260921-001/3s_vs_4z/jev,jev_only,391.00000000325963,1
smac-hard/jev_runs/all-maps-20260921-001/3s_vs_4z/jev,jev_only,467.9999999971187,1
smac-hard/jev_runs/all-maps-20260921-001/3s_vs_4z/jev,jev_only,469.0000000009604,1
smac-hard/jev_runs/all-maps-20260921-001/3s_vs_4z/jev,jev_only,625.0,1
smac-hard/jev_runs/all-maps-20260921-001/3s_vs_4z/jev,jev_only,437.0000000017171,1
smac-hard/jev_runs/all-maps-20260921-001/3s_vs_4z/jev,jev_only,405.9999999990396,1
smac-hard/jev_runs/all-maps-20260921-001/3s_vs_4z/jev,jev_only,437.0000000017171,1
smac-hard/jev_runs/all-maps-20260921-001/3s_vs_4z/jev,jev_only,390.99999999962165,1
smac-hard/jev_runs/all-maps-20260921-001/3s_vs_4z/jev,jev_only,405.9999999990396,1
smac-hard/jev_runs/all-maps-20260921-001/3s_vs_4z/jev,jev_only,421.9999999986612,1
smac-hard/jev_runs/all-maps-20260921-001/3s_vs_4z/jev,jev_only,405.9999999990396,1
smac-hard/jev_runs/all-maps-20260921-001/3s_vs_4z/jev,jev_only,562.0000000017171,1
smac-hard/jev_runs/all-maps-20260921-001/3s_vs_4z/jev,jev_only,421.9999999986612,1
smac-hard/jev_runs/all-maps-20260921-001/3s_vs_4z/jev,jev_only,406.00000000267755,1
smac-hard/jev_runs/all-maps-20260921-001/3s_vs_4z/jev,jev_only,389.9999999994179,1
smac-hard/jev_runs/all-maps-20260921-001/3s_vs_4z/jev,jev_only,390.99999999962165,1
smac-hard/jev_runs/all-maps-20260921-001/3s_vs_4z/jev,jev_only,405.9999999990396,1
smac-hard/jev_runs/all-maps-20260921-001/3s_vs_4z/jev,jev_only,438.00000000192085,1
smac-hard/jev_runs/all-maps-20260921-001/3s_vs_4z/jev,jev_only,328.0000000013388,1
smac-hard/jev_runs/all-maps-20260921-001/3s_vs_4z/jev,jev_only,717.9999999971187,1
smac-hard/jev_runs/all-maps-20260921-001/3s_vs_4z/jev,jev_only,454.0000000015425,1
smac-hard/jev_runs/all-maps-20260921-001/3s_vs_4z/jev,jev_only,390.99999999962165,1
smac-hard/jev_runs/all-maps-20260921-001/3s_vs_4z/jev,jev_only,891.0000000032596,1
smac-hard/jev_runs/all-maps-20260921-001/3s_vs_4z/jev,jev_only,405.9999999990396,1
smac-hard/jev_runs/all-maps-20260921-001/3s_vs_4z/jev,jev_only,375.0,1
smac-hard/jev_runs/all-maps-20260921-001/3s_vs_4z/jev,jev_only,360.0000000005821,1
smac-hard/jev_runs/all-maps-20260921-001/3s_vs_4z/jev,jev_only,422.0000000022992,1
smac-hard/jev_runs/all-maps-20260921-001/3s_vs_4z/jev,jev_only,375.0,1
smac-hard/jev_runs/all-maps-20260921-001/3s_vs_4z/jev,jev_only,390.99999999962165,1
smac-hard/jev_runs/all-maps-20260921-001/3s_vs_4z/jev,jev_only,375.0,1
smac-hard/jev_runs/all-maps-20260921-001/3s_vs_4z/jev,jev_only,389.9999999994179,1
smac-hard/jev_runs/all-maps-20260921-001/3s_vs_4z/jev,jev_only,406.00000000267755,1
smac-hard/jev_runs/all-maps-20260921-001/3s_vs_4z/jev,jev_only,389.9999999994179,1
smac-hard/jev_runs/all-maps-20260921-001/3s_vs_4z/jev,jev_only,390.99999999962165,1
smac-hard/jev_runs/all-maps-20260921-001/3s_vs_4z/jev,jev_only,578.0000000013388,1
smac-hard/jev_runs/all-maps-20260921-001/3s_vs_4z/jev,jev_only,421.9999999986612,1
smac-hard/jev_runs/all-maps-20260921-001/3s_vs_4z/jev,jev_only,422.0000000022992,1
smac-hard/jev_runs/all-maps-20260921-001/3s_vs_4z/jev,jev_only,436.99999999807915,1
smac-hard/jev_runs/all-maps-20260921-001/3s_vs_4z/jev,jev_only,437.0000000017171,1
smac-hard/jev_runs/all-maps-20260921-001/3s_vs_4z/jev,jev_only,421.9999999986612,1
smac-hard/jev_runs/all-maps-20260921-001/3s_vs_4z/jev,jev_only,375.0,1
smac-hard/jev_runs/all-maps-20260921-001/3s_vs_4z/jev,jev_only,344.0000000009604,1
smac-hard/jev_runs/all-maps-20260921-001/3s_vs_4z/jev,jev_only,609.0000000003783,1
smac-hard/jev_runs/all-maps-20260921-001/3s_vs_4z/jev,jev_only,405.9999999990396,1
smac-hard/jev_runs/all-maps-20260921-001/3s_vs_4z/jev,jev_only,375.0,1
smac-hard/jev_runs/all-maps-20260921-001/3s_vs_4z/jev,jev_only,655.9999999990396,1
smac-hard/jev_runs/all-maps-20260921-001/3s_vs_4z/jev,jev_only,390.99999999962165,1
smac-hard/jev_runs/all-maps-20260921-001/3s_vs_4z/jev,jev_only,405.9999999990396,1
smac-hard/jev_runs/all-maps-20260921-001/3s_vs_4z/jev,jev_only,389.9999999994179,1
smac-hard/jev_runs/all-maps-20260921-001/3s_vs_4z/jev,jev_only,405.9999999990396,1
smac-hard/jev_runs/all-maps-20260921-001/3s_vs_4z/jev,jev_only,375.0,1
smac-hard/jev_runs/all-maps-20260921-001/3s_vs_4z/jev,jev_only,390.99999999962165,1
smac-hard/jev_runs/all-maps-20260921-001/3s_vs_4z/jev,jev_only,563.0000000019209,1
smac-hard/jev_runs/all-maps-20260921-001/3s_vs_4z/jev,jev_only,390.99999999962165,1
smac-hard/jev_runs/all-maps-20260921-001/3s_vs_4z/jev,jev_only,375.0,1
smac-hard/jev_runs/all-maps-20260921-001/3s_vs_4z/jev,jev_only,389.9999999994179,1
smac-hard/jev_runs/all-maps-20260921-001/3s_vs_4z/jev,jev_only,360.0000000005821,1
smac-hard/jev_runs/p0-astra-all-maps-20260922-001/3s_vs_4z/jev,jev_gpt6,4266.00000000326,1
smac-hard/jev_runs/p0-astra-all-maps-20260922-001/3s_vs_4z/jev,jev_gpt6,375.0,1
smac-hard/jev_runs/p0-astra-all-maps-20260922-001/3s_vs_4z/jev,jev_gpt6,500.0,1
smac-hard/jev_runs/p0-astra-all-maps-20260922-001/3s_vs_4z/jev,jev_gpt6,391.00000000325963,1
smac-hard/jev_runs/p0-astra-all-maps-20260922-001/3s_vs_4z/jev,jev_gpt6,421.0000000020955,1
smac-hard/jev_runs/p0-astra-all-maps-20260922-001/3s_vs_4z/jev,jev_gpt6,437.9999999946449,1
smac-hard/jev_runs/p0-astra-all-maps-20260922-001/3s_vs_4z/jev,jev_gpt6,452.9999999940628,1
smac-hard/jev_runs/p0-astra-all-maps-20260922-001/3s_vs_4z/jev,jev_gpt6,453.00000000861473,1
smac-hard/jev_runs/p0-astra-all-maps-20260922-001/3s_vs_4z/jev,jev_gpt6,421.99999999138527,1
smac-hard/jev_runs/p0-astra-all-maps-20260922-001/3s_vs_4z/jev,jev_gpt6,437.0000000053551,1
smac-hard/jev_runs/p0-astra-all-maps-20260922-001/3s_vs_4z/jev,jev_gpt6,468.99999999732245,1
smac-hard/jev_runs/p0-astra-all-maps-20260922-001/3s_vs_4z/jev,jev_gpt6,421.99999999138527,1
smac-hard/jev_runs/p0-astra-all-maps-20260922-001/3s_vs_4z/jev,jev_gpt6,422.0000000059372,1
smac-hard/jev_runs/p0-astra-all-maps-20260922-001/3s_vs_4z/jev,jev_gpt6,421.99999999138527,1
smac-hard/jev_runs/p0-astra-all-maps-20260922-001/3s_vs_4z/jev,jev_gpt6,485.0000000005821,1
smac-hard/jev_runs/p0-astra-all-maps-20260922-001/3s_vs_4z/jev,jev_gpt6,453.00000000861473,1
smac-hard/jev_runs/p0-astra-all-maps-20260922-001/3s_vs_4z/jev,jev_gpt6,452.9999999940628,1
smac-hard/jev_runs/p0-astra-all-maps-20260922-001/3s_vs_4z/jev,jev_gpt6,437.0000000053551,1
smac-hard/jev_runs/p0-astra-all-maps-20260922-001/3s_vs_4z/jev,jev_gpt6,421.99999999138527,1
smac-hard/jev_runs/p0-astra-all-maps-20260922-001/3s_vs_4z/jev,jev_gpt6,375.0,1
smac-hard/jev_runs/p0-astra-all-maps-20260922-001/3s_vs_4z/jev,jev_gpt6,406.00000000267755,1
smac-hard/jev_runs/p0-astra-all-maps-20260922-001/3s_vs_4z/jev,jev_gpt6,453.00000000861473,1
smac-hard/jev_runs/p0-astra-all-maps-20260922-001/3s_vs_4z/jev,jev_gpt6,406.99999999196734,1
smac-hard/jev_runs/p0-astra-all-maps-20260922-001/3s_vs_4z/jev,jev_gpt6,438.0000000091968,1
smac-hard/jev_runs/p0-astra-all-maps-20260922-001/3s_vs_4z/jev,jev_gpt6,421.99999999138527,1
smac-hard/jev_runs/p0-astra-all-maps-20260922-001/3s_vs_4z/jev,jev_gpt6,422.0000000059372,1
smac-hard/jev_runs/p0-astra-all-maps-20260922-001/3s_vs_4z/jev,jev_gpt6,452.9999999940628,1
smac-hard/jev_runs/p0-astra-all-maps-20260922-001/3s_vs_4z/jev,jev_gpt6,389.9999999994179,1
smac-hard/jev_runs/p0-astra-all-maps-20260922-001/3s_vs_4z/jev,jev_gpt6,406.00000000267755,1
smac-hard/jev_runs/p0-astra-all-maps-20260922-001/3s_vs_4z/jev,jev_gpt6,405.99999998812564,1
smac-hard/jev_runs/p0-astra-all-maps-20260922-001/3s_vs_4z/jev,jev_gpt6,375.0,1
smac-hard/jev_runs/p0-astra-all-maps-20260922-001/3s_vs_4z/jev,jev_gpt6,406.00000000267755,1
smac-hard/jev_runs/p0-astra-all-maps-20260922-001/3s_vs_4z/jev,jev_gpt6,437.9999999946449,1
smac-hard/jev_runs/p0-astra-all-maps-20260922-001/3s_vs_4z/jev,jev_gpt6,407.00000000651926,1
smac-hard/jev_runs/p0-astra-all-maps-20260922-001/3s_vs_4z/jev,jev_gpt6,375.0,1
smac-hard/jev_runs/p0-astra-all-maps-20260922-001/3s_vs_4z/jev,jev_gpt6,389.9999999994179,1
smac-hard/jev_runs/p0-astra-all-maps-20260922-001/3s_vs_4z/jev,jev_gpt6,422.0000000059372,1
smac-hard/jev_runs/p0-astra-all-maps-20260922-001/3s_vs_4z/jev,jev_gpt6,343.99999999732245,1
smac-hard/jev_runs/p0-astra-all-maps-20260922-001/3s_vs_4z/jev,jev_gpt6,389.9999999994179,1
smac-hard/jev_runs/p0-astra-all-maps-20260922-001/3s_vs_4z/jev,jev_gpt6,437.9999999946449,1
smac-hard/jev_runs/p0-astra-all-maps-20260922-001/3s_vs_4z/jev,jev_gpt6,468.00000000803266,1
smac-hard/jev_runs/p0-astra-all-maps-20260922-001/3s_vs_4z/jev,jev_gpt6,437.9999999946449,1
smac-hard/jev_runs/p0-astra-all-maps-20260922-001/3s_vs_4z/jev,jev_gpt6,453.00000000861473,1
smac-hard/jev_runs/p0-astra-all-maps-20260922-001/3s_vs_4z/jev,jev_gpt6,421.99999999138527,1
smac-hard/jev_runs/p0-astra-all-maps-20260922-001/3s_vs_4z/jev,jev_gpt6,437.0000000053551,1
smac-hard/jev_runs/p0-astra-all-maps-20260922-001/3s_vs_4z/jev,jev_gpt6,405.99999998812564,1
smac-hard/jev_runs/p0-astra-all-maps-20260922-001/3s_vs_4z/jev,jev_gpt6,453.00000000861473,1
smac-hard/jev_runs/p0-astra-all-maps-20260922-001/3s_vs_4z/jev,jev_gpt6,406.00000000267755,1
smac-hard/jev_runs/p0-astra-all-maps-20260922-001/3s_vs_4z/jev,jev_gpt6,437.0000000053551,1
smac-hard/jev_runs/p0-astra-all-maps-20260922-001/3s_vs_4z/jev,jev_gpt6,453.00000000861473,1
smac-hard/jev_runs/p0-astra-all-maps-20260922-001/3s_vs_4z/jev,jev_gpt6,468.99999999732245,1
smac-hard/jev_runs/p0-astra-all-maps-20260922-001/3s_vs_4z/jev,jev_gpt6,500.0,1
smac-hard/jev_runs/p0-astra-all-maps-20260922-001/3s_vs_4z/jev,jev_gpt6,406.99999999196734,1
smac-hard/jev_runs/p0-astra-all-maps-20260922-001/3s_vs_4z/jev,jev_gpt6,422.0000000059372,1
smac-hard/jev_runs/p0-astra-all-maps-20260922-001/3s_vs_4z/jev,jev_gpt6,406.00000000267755,1
smac-hard/jev_runs/p0-astra-all-maps-20260922-001/3s_vs_4z/jev,jev_gpt6,422.0000000059372,1
smac-hard/jev_runs/p0-astra-all-maps-20260922-001/3s_vs_4z/jev,jev_gpt6,437.9999999946449,1
smac-hard/jev_runs/p0-astra-all-maps-20260922-001/3s_vs_4z/jev,jev_gpt6,437.0000000053551,1
smac-hard/jev_runs/p0-astra-all-maps-20260922-001/3s_vs_4z/jev,jev_gpt6,452.9999999940628,1
smac-hard/jev_runs/p0-astra-all-maps-20260922-001/3s_vs_4z/jev,jev_gpt6,421.0000000020955,1
smac-hard/jev_runs/p0-astra-all-maps-20260922-001/3s_vs_4z/jev,jev_gpt6,421.99999999138527,1
smac-hard/jev_runs/p0-astra-all-maps-20260922-001/3s_vs_4z/jev,jev_gpt6,453.00000000861473,1
smac-hard/jev_runs/p0-astra-all-maps-20260922-001/3s_vs_4z/jev,jev_gpt6,375.0,1
smac-hard/jev_runs/p0-astra-all-maps-20260922-001/3s_vs_4z/jev,jev_gpt6,422.0000000059372,1
smac-hard/jev_runs/p0-astra-all-maps-20260922-001/3s_vs_4z/jev,jev_gpt6,436.9999999908032,1
smac-hard/jev_runs/p0-astra-all-maps-20260922-001/3s_vs_4z/jev,jev_gpt6,407.00000000651926,1
smac-hard/jev_runs/p0-astra-all-maps-20260922-001/3s_vs_4z/jev,jev_gpt6,391.00000000325963,1
smac-hard/jev_runs/p0-astra-all-maps-20260922-001/3s_vs_4z/jev,jev_gpt6,468.99999999732245,1
smac-hard/jev_runs/p0-astra-all-maps-20260922-001/3s_vs_4z/jev,jev_gpt6,422.0000000059372,1
smac-hard/jev_runs/p0-astra-all-maps-20260922-001/3s_vs_4z/jev,jev_gpt6,422.0000000059372,1
smac-hard/jev_runs/p0-astra-all-maps-20260922-001/3s_vs_4z/jev,jev_gpt6,468.99999999732245,1
smac-hard/jev_runs/p0-astra-all-maps-20260922-001/3s_vs_4z/jev,jev_gpt6,389.9999999994179,1
smac-hard/jev_runs/p0-astra-all-maps-20260922-001/3s_vs_4z/jev,jev_gpt6,422.0000000059372,1
smac-hard/jev_runs/p0-astra-all-maps-20260922-001/3s_vs_4z/jev,jev_gpt6,406.00000000267755,1
smac-hard/jev_runs/p0-astra-all-maps-20260922-001/3s_vs_4z/jev,jev_gpt6,422.0000000059372,1
smac-hard/jev_runs/p0-astra-all-maps-20260922-001/3s_vs_4z/jev,jev_gpt6,421.99999999138527,1
smac-hard/jev_runs/p0-astra-all-maps-20260922-001/3s_vs_4z/jev,jev_gpt6,389.9999999994179,1
smac-hard/jev_runs/p0-astra-all-maps-20260922-001/3s_vs_4z/jev,jev_gpt6,421.99999999138527,1
smac-hard/jev_runs/p0-astra-all-maps-20260922-001/3s_vs_4z/jev,jev_gpt6,422.0000000059372,1
smac-hard/jev_runs/p0-astra-all-maps-20260922-001/3s_vs_4z/jev,jev_gpt6,421.99999999138527,1
smac-hard/jev_runs/p0-astra-all-maps-20260922-001/3s_vs_4z/jev,jev_gpt6,485.0000000005821,1
smac-hard/jev_runs/p0-astra-all-maps-20260922-001/3s_vs_4z/jev,jev_gpt6,453.00000000861473,1
smac-hard/jev_runs/p0-astra-all-maps-20260922-001/3s_vs_4z/jev,jev_gpt6,405.99999998812564,1
smac-hard/jev_runs/p0-astra-all-maps-20260922-001/3s_vs_4z/jev,jev_gpt6,437.0000000053551,1
smac-hard/jev_runs/p0-astra-all-maps-20260922-001/3s_vs_4z/jev,jev_gpt6,437.9999999946449,1
smac-hard/jev_runs/p0-astra-all-maps-20260922-001/3s_vs_4z/jev,jev_gpt6,437.0000000053551,1
smac-hard/jev_runs/p0-astra-all-maps-20260922-001/3s_vs_4z/jev,jev_gpt6,421.99999999138527,1
smac-hard/jev_runs/p0-astra-all-maps-20260922-001/3s_vs_4z/jev,jev_gpt6,483.99999999674037,1
smac-hard/jev_runs/p0-astra-all-maps-20260922-001/3s_vs_4z/jev,jev_gpt6,421.0000000020955,1
smac-hard/jev_runs/p0-astra-all-maps-20260922-001/3s_vs_4z/jev,jev_gpt6,437.9999999946449,1
smac-hard/jev_runs/p0-astra-all-maps-20260922-001/3s_vs_4z/jev,jev_gpt6,406.00000000267755,1
smac-hard/jev_runs/p0-astra-all-maps-20260922-001/3s_vs_4z/jev,jev_gpt6,421.99999999138527,1
smac-hard/jev_runs/p0-astra-all-maps-20260922-001/3s_vs_4z/jev,jev_gpt6,437.0000000053551,1
smac-hard/jev_runs/p0-astra-all-maps-20260922-001/3s_vs_4z/jev,jev_gpt6,421.99999999138527,1
smac-hard/jev_runs/p0-astra-all-maps-20260922-001/3s_vs_4z/jev,jev_gpt6,422.0000000059372,1
smac-hard/jev_runs/p0-astra-all-maps-20260922-001/3s_vs_4z/jev,jev_gpt6,406.99999999196734,1
smac-hard/jev_runs/p0-astra-all-maps-20260922-001/3s_vs_4z/jev,jev_gpt6,469.00000001187436,1
smac-hard/jev_runs/p0-astra-all-maps-20260922-001/3s_vs_4z/jev,jev_gpt6,453.00000000861473,1
smac-hard/jev_runs/p0-astra-all-maps-20260922-001/3s_vs_4z/jev,jev_gpt6,468.99999999732245,1
smac-hard/jev_runs/p0-astra-all-maps-20260922-001/3s_vs_4z/jev,jev_gpt6,406.00000000267755,1
smac-hard/jev_runs/p0-astra-all-maps-20260922-001/3s_vs_4z/jev,jev_gpt6,406.00000000267755,1
smac-hard/jev_runs/p0-astra-all-maps-20260922-001/3s_vs_4z/jev,jev_gpt6,422.0000000059372,1
smac-hard/jev_runs/p0-astra-all-maps-20260922-001/3s_vs_4z/jev,jev_gpt6,422.0000000059372,1
smac-hard/jev_runs/p0-astra-all-maps-20260922-001/3s_vs_4z/jev,jev_gpt6,500.0,1
smac-hard/jev_runs/p0-astra-all-maps-20260922-001/3s_vs_4z/jev,jev_gpt6,422.0000000059372,1
smac-hard/jev_runs/p0-astra-all-maps-20260922-001/3s_vs_4z/jev,jev_gpt6,375.0,1
smac-hard/jev_runs/p0-astra-all-maps-20260922-001/3s_vs_4z/jev,jev_gpt6,389.9999999994179,1
smac-hard/jev_runs/p0-astra-all-maps-20260922-001/3s_vs_4z/jev,jev_gpt6,375.0,1
smac-hard/jev_runs/p0-astra-all-maps-20260922-001/3s_vs_4z/jev,jev_gpt6,389.9999999994179,1
smac-hard/jev_runs/p0-astra-all-maps-20260922-001/3s_vs_4z/jev,jev_gpt6,407.00000000651926,1
smac-hard/jev_runs/p0-astra-all-maps-20260922-001/3s_vs_4z/jev,jev_gpt6,375.0,1
smac-hard/jev_runs/all-maps-20260921-001/3s_vs_5z/jev,jev_only,905.9999999990396,1
smac-hard/jev_runs/all-maps-20260921-001/3s_vs_5z/jev,jev_only,530.9999999990396,1
smac-hard/jev_runs/all-maps-20260921-001/3s_vs_5z/jev,jev_only,453.0000000013388,1
smac-hard/jev_runs/all-maps-20260921-001/3s_vs_5z/jev,jev_only,609.0000000003783,1
smac-hard/jev_runs/all-maps-20260921-001/3s_vs_5z/jev,jev_only,390.99999999962165,1
smac-hard/jev_runs/all-maps-20260921-001/3s_vs_5z/jev,jev_only,500.0,1
smac-hard/jev_runs/all-maps-20260921-001/3s_vs_5z/jev,jev_only,515.9999999996217,1
smac-hard/jev_runs/all-maps-20260921-001/3s_vs_5z/jev,jev_only,485.0000000005821,1
smac-hard/jev_runs/all-maps-20260921-001/3s_vs_5z/jev,jev_only,469.0000000009604,1
smac-hard/jev_runs/all-maps-20260921-001/3s_vs_5z/jev,jev_only,389.9999999994179,1
smac-hard/jev_runs/all-maps-20260921-001/3s_vs_5z/jev,jev_only,530.9999999990396,1
smac-hard/jev_runs/all-maps-20260921-001/3s_vs_5z/jev,jev_only,421.9999999986612,1
smac-hard/jev_runs/all-maps-20260921-001/3s_vs_5z/jev,jev_only,485.0000000005821,1
smac-hard/jev_runs/all-maps-20260921-001/3s_vs_5z/jev,jev_only,422.0000000022992,1
smac-hard/jev_runs/all-maps-20260921-001/3s_vs_5z/jev,jev_only,500.0,1
smac-hard/jev_runs/all-maps-20260921-001/3s_vs_5z/jev,jev_only,515.9999999996217,1
smac-hard/jev_runs/all-maps-20260921-001/3s_vs_5z/jev,jev_only,594.0000000009604,1
smac-hard/jev_runs/all-maps-20260921-001/3s_vs_5z/jev,jev_only,625.0,1
smac-hard/jev_runs/all-maps-20260921-001/3s_vs_5z/jev,jev_only,389.9999999994179,1
smac-hard/jev_runs/all-maps-20260921-001/3s_vs_5z/jev,jev_only,469.0000000009604,1
smac-hard/jev_runs/all-maps-20260921-001/3s_vs_5z/jev,jev_only,593.0000000007567,1
smac-hard/jev_runs/all-maps-20260921-001/3s_vs_5z/jev,jev_only,452.9999999977008,1
smac-hard/jev_runs/all-maps-20260921-001/3s_vs_5z/jev,jev_only,375.0,1
smac-hard/jev_runs/all-maps-20260921-001/3s_vs_5z/jev,jev_only,436.99999999807915,1
smac-hard/jev_runs/all-maps-20260921-001/3s_vs_5z/jev,jev_only,390.99999999962165,1
smac-hard/jev_runs/all-maps-20260921-001/3s_vs_5z/jev,jev_only,547.0000000022992,1
smac-hard/jev_runs/all-maps-20260921-001/3s_vs_5z/jev,jev_only,390.99999999962165,1
smac-hard/jev_runs/all-maps-20260921-001/3s_vs_5z/jev,jev_only,452.9999999977008,1
smac-hard/jev_runs/all-maps-20260921-001/3s_vs_5z/jev,jev_only,359.00000000037835,1
smac-hard/jev_runs/all-maps-20260921-001/3s_vs_5z/jev,jev_only,406.00000000267755,1
smac-hard/jev_runs/all-maps-20260921-001/3s_vs_5z/jev,jev_only,390.99999999962165,1
smac-hard/jev_runs/all-maps-20260921-001/3s_vs_5z/jev,jev_only,405.9999999990396,1
smac-hard/jev_runs/all-maps-20260921-001/3s_vs_5z/jev,jev_only,421.9999999986612,1
smac-hard/jev_runs/all-maps-20260921-001/3s_vs_5z/jev,jev_only,406.00000000267755,1
smac-hard/jev_runs/all-maps-20260921-001/3s_vs_5z/jev,jev_only,405.9999999990396,1
smac-hard/jev_runs/all-maps-20260921-001/3s_vs_5z/jev,jev_only,469.0000000009604,1
smac-hard/jev_runs/all-maps-20260921-001/3s_vs_5z/jev,jev_only,405.9999999990396,1
smac-hard/jev_runs/all-maps-20260921-001/3s_vs_5z/jev,jev_only,389.9999999994179,1
smac-hard/jev_runs/all-maps-20260921-001/3s_vs_5z/jev,jev_only,390.99999999962165,1
smac-hard/jev_runs/all-maps-20260921-001/3s_vs_5z/jev,jev_only,485.0000000005821,1
smac-hard/jev_runs/all-maps-20260921-001/3s_vs_5z/jev,jev_only,407.0000000028813,1
smac-hard/jev_runs/all-maps-20260921-001/3s_vs_5z/jev,jev_only,421.9999999986612,1
smac-hard/jev_runs/all-maps-20260921-001/3s_vs_5z/jev,jev_only,375.0,1
smac-hard/jev_runs/all-maps-20260921-001/3s_vs_5z/jev,jev_only,406.00000000267755,1
smac-hard/jev_runs/all-maps-20260921-001/3s_vs_5z/jev,jev_only,405.9999999990396,1
smac-hard/jev_runs/all-maps-20260921-001/3s_vs_5z/jev,jev_only,375.0,1
smac-hard/jev_runs/all-maps-20260921-001/3s_vs_5z/jev,jev_only,375.0,1
smac-hard/jev_runs/all-maps-20260921-001/3s_vs_5z/jev,jev_only,406.00000000267755,1
smac-hard/jev_runs/all-maps-20260921-001/3s_vs_5z/jev,jev_only,592.9999999971187,1
smac-hard/jev_runs/all-maps-20260921-001/3s_vs_5z/jev,jev_only,358.99999999674037,1
smac-hard/jev_runs/all-maps-20260921-001/3s_vs_5z/jev,jev_only,375.0,1
smac-hard/jev_runs/all-maps-20260921-001/3s_vs_5z/jev,jev_only,405.9999999990396,1
smac-hard/jev_runs/all-maps-20260921-001/3s_vs_5z/jev,jev_only,390.99999999962165,1
smac-hard/jev_runs/all-maps-20260921-001/3s_vs_5z/jev,jev_only,389.9999999994179,1
smac-hard/jev_runs/all-maps-20260921-001/3s_vs_5z/jev,jev_only,438.00000000192085,1
smac-hard/jev_runs/all-maps-20260921-001/3s_vs_5z/jev,jev_only,375.0,1
smac-hard/jev_runs/all-maps-20260921-001/3s_vs_5z/jev,jev_only,422.0000000022992,1
smac-hard/jev_runs/all-maps-20260921-001/3s_vs_5z/jev,jev_only,390.99999999962165,1
smac-hard/jev_runs/all-maps-20260921-001/3s_vs_5z/jev,jev_only,421.9999999986612,1
smac-hard/jev_runs/all-maps-20260921-001/3s_vs_5z/jev,jev_only,420.9999999984575,1
smac-hard/jev_runs/all-maps-20260921-001/3s_vs_5z/jev,jev_only,390.99999999962165,1
smac-hard/jev_runs/all-maps-20260921-001/3s_vs_5z/jev,jev_only,437.9999999982829,1
smac-hard/jev_runs/all-maps-20260921-001/3s_vs_5z/jev,jev_only,454.0000000015425,1
smac-hard/jev_runs/all-maps-20260921-001/3s_vs_5z/jev,jev_only,422.0000000022992,1
smac-hard/jev_runs/all-maps-20260921-001/3s_vs_5z/jev,jev_only,389.9999999994179,1
smac-hard/jev_runs/all-maps-20260921-001/3s_vs_5z/jev,jev_only,375.0,1
smac-hard/jev_runs/all-maps-20260921-001/3s_vs_5z/jev,jev_only,375.0,1
smac-hard/jev_runs/all-maps-20260921-001/3s_vs_5z/jev,jev_only,390.99999999962165,1
smac-hard/jev_runs/all-maps-20260921-001/3s_vs_5z/jev,jev_only,407.0000000028813,1
smac-hard/jev_runs/all-maps-20260921-001/3s_vs_5z/jev,jev_only,437.9999999982829,1
smac-hard/jev_runs/all-maps-20260921-001/3s_vs_5z/jev,jev_only,453.0000000013388,1
smac-hard/jev_runs/all-maps-20260921-001/3s_vs_5z/jev,jev_only,421.9999999986612,1
smac-hard/jev_runs/all-maps-20260921-001/3s_vs_5z/jev,jev_only,437.9999999982829,1
smac-hard/jev_runs/all-maps-20260921-001/3s_vs_5z/jev,jev_only,405.9999999990396,1
smac-hard/jev_runs/all-maps-20260921-001/3s_vs_5z/jev,jev_only,405.9999999990396,1
smac-hard/jev_runs/all-maps-20260921-001/3s_vs_5z/jev,jev_only,389.9999999994179,1
smac-hard/jev_runs/all-maps-20260921-001/3s_vs_5z/jev,jev_only,422.0000000022992,1
smac-hard/jev_runs/all-maps-20260921-001/3s_vs_5z/jev,jev_only,421.9999999986612,1
smac-hard/jev_runs/all-maps-20260921-001/3s_vs_5z/jev,jev_only,437.0000000017171,1
smac-hard/jev_runs/p0-astra-all-maps-20260922-001/3s_vs_5z/jev,jev_gpt6,1202.9999999940628,1
smac-hard/jev_runs/p0-astra-all-maps-20260922-001/3s_vs_5z/jev,jev_gpt6,421.0000000020955,1
smac-hard/jev_runs/p0-astra-all-maps-20260922-001/3s_vs_5z/jev,jev_gpt6,500.0,1
smac-hard/jev_runs/p0-astra-all-maps-20260922-001/3s_vs_5z/jev,jev_gpt6,468.00000000803266,1
smac-hard/jev_runs/p0-astra-all-maps-20260922-001/3s_vs_5z/jev,jev_gpt6,483.99999999674037,1
smac-hard/jev_runs/p0-astra-all-maps-20260922-001/3s_vs_5z/jev,jev_gpt6,453.9999999979045,1
smac-hard/jev_runs/p0-astra-all-maps-20260922-001/3s_vs_5z/jev,jev_gpt6,406.00000000267755,1
smac-hard/jev_runs/p0-astra-all-maps-20260922-001/3s_vs_5z/jev,jev_gpt6,452.9999999940628,1
smac-hard/jev_runs/p0-astra-all-maps-20260922-001/3s_vs_5z/jev,jev_gpt6,468.99999999732245,1
smac-hard/jev_runs/p0-astra-all-maps-20260922-001/3s_vs_5z/jev,jev_gpt6,421.99999999138527,1
smac-hard/jev_runs/p0-astra-all-maps-20260922-001/3s_vs_5z/jev,jev_gpt6,514.9999999994179,1
smac-hard/jev_runs/p0-astra-all-maps-20260922-001/3s_vs_5z/jev,jev_gpt6,483.99999999674037,1
smac-hard/jev_runs/p0-astra-all-maps-20260922-001/3s_vs_5z/jev,jev_gpt6,437.0000000053551,1
smac-hard/jev_runs/p0-astra-all-maps-20260922-001/3s_vs_5z/jev,jev_gpt6,468.99999999732245,1
smac-hard/jev_runs/p0-astra-all-maps-20260922-001/3s_vs_5z/jev,jev_gpt6,453.9999999979045,1
smac-hard/jev_runs/p0-astra-all-maps-20260922-001/3s_vs_5z/jev,jev_gpt6,422.0000000059372,1
smac-hard/jev_runs/p0-astra-all-maps-20260922-001/3s_vs_5z/jev,jev_gpt6,422.0000000059372,1
smac-hard/jev_runs/p0-astra-all-maps-20260922-001/3s_vs_5z/jev,jev_gpt6,468.99999999732245,1
smac-hard/jev_runs/p0-astra-all-maps-20260922-001/3s_vs_5z/jev,jev_gpt6,437.0000000053551,1
smac-hard/jev_runs/p0-astra-all-maps-20260922-001/3s_vs_5z/jev,jev_gpt6,484.0000000112923,1
smac-hard/jev_runs/p0-astra-all-maps-20260922-001/3s_vs_5z/jev,jev_gpt6,468.00000000803266,1
smac-hard/jev_runs/p0-astra-all-maps-20260922-001/3s_vs_5z/jev,jev_gpt6,405.99999998812564,1
smac-hard/jev_runs/p0-astra-all-maps-20260922-001/3s_vs_5z/jev,jev_gpt6,406.00000000267755,1
smac-hard/jev_runs/p0-astra-all-maps-20260922-001/3s_vs_5z/jev,jev_gpt6,405.99999998812564,1
smac-hard/jev_runs/p0-astra-all-maps-20260922-001/3s_vs_5z/jev,jev_gpt6,406.00000000267755,1
smac-hard/jev_runs/p0-astra-all-maps-20260922-001/3s_vs_5z/jev,jev_gpt6,421.99999999138527,1
smac-hard/jev_runs/p0-astra-all-maps-20260922-001/3s_vs_5z/jev,jev_gpt6,422.0000000059372,1
smac-hard/jev_runs/p0-astra-all-maps-20260922-001/3s_vs_5z/jev,jev_gpt6,389.9999999994179,1
smac-hard/jev_runs/p0-astra-all-maps-20260922-001/3s_vs_5z/jev,jev_gpt6,358.99999999674037,1
smac-hard/jev_runs/p0-astra-all-maps-20260922-001/3s_vs_5z/jev,jev_gpt6,406.99999999196734,1
smac-hard/jev_runs/p0-astra-all-maps-20260922-001/3s_vs_5z/jev,jev_gpt6,469.00000001187436,1
smac-hard/jev_runs/p0-astra-all-maps-20260922-001/3s_vs_5z/jev,jev_gpt6,500.0,1
smac-hard/jev_runs/p0-astra-all-maps-20260922-001/3s_vs_5z/jev,jev_gpt6,453.00000000861473,1
smac-hard/jev_runs/p0-astra-all-maps-20260922-001/3s_vs_5z/jev,jev_gpt6,452.9999999940628,1
smac-hard/jev_runs/p0-astra-all-maps-20260922-001/3s_vs_5z/jev,jev_gpt6,452.9999999940628,1
smac-hard/jev_runs/p0-astra-all-maps-20260922-001/3s_vs_5z/jev,jev_gpt6,531.0000000026776,1
smac-hard/jev_runs/p0-astra-all-maps-20260922-001/3s_vs_5z/jev,jev_gpt6,500.0,1
smac-hard/jev_runs/p0-astra-all-maps-20260922-001/3s_vs_5z/jev,jev_gpt6,483.99999999674037,1
smac-hard/jev_runs/p0-astra-all-maps-20260922-001/3s_vs_5z/jev,jev_gpt6,421.0000000020955,1
smac-hard/jev_runs/p0-astra-all-maps-20260922-001/3s_vs_5z/jev,jev_gpt6,421.99999999138527,1
smac-hard/jev_runs/p0-astra-all-maps-20260922-001/3s_vs_5z/jev,jev_gpt6,514.9999999994179,1
smac-hard/jev_runs/p0-astra-all-maps-20260922-001/3s_vs_5z/jev,jev_gpt6,422.0000000059372,1
smac-hard/jev_runs/p0-astra-all-maps-20260922-001/3s_vs_5z/jev,jev_gpt6,453.00000000861473,1
smac-hard/jev_runs/p0-astra-all-maps-20260922-001/3s_vs_5z/jev,jev_gpt6,485.0000000005821,1
smac-hard/jev_runs/p0-astra-all-maps-20260922-001/3s_vs_5z/jev,jev_gpt6,468.99999999732245,1
smac-hard/jev_runs/p0-astra-all-maps-20260922-001/3s_vs_5z/jev,jev_gpt6,483.99999999674037,1
smac-hard/jev_runs/p0-astra-all-maps-20260922-001/3s_vs_5z/jev,jev_gpt6,452.9999999940628,1
smac-hard/jev_runs/p0-astra-all-maps-20260922-001/3s_vs_5z/jev,jev_gpt6,406.00000000267755,1
smac-hard/jev_runs/p0-astra-all-maps-20260922-001/3s_vs_5z/jev,jev_gpt6,406.00000000267755,1
smac-hard/jev_runs/p0-astra-all-maps-20260922-001/3s_vs_5z/jev,jev_gpt6,437.9999999946449,1
smac-hard/jev_runs/p0-astra-all-maps-20260922-001/3s_vs_5z/jev,jev_gpt6,406.00000000267755,1
smac-hard/jev_runs/p0-astra-all-maps-20260922-001/3s_vs_5z/jev,jev_gpt6,437.9999999946449,1
smac-hard/jev_runs/p0-astra-all-maps-20260922-001/3s_vs_5z/jev,jev_gpt6,452.9999999940628,1
smac-hard/jev_runs/p0-astra-all-maps-20260922-001/3s_vs_5z/jev,jev_gpt6,407.00000000651926,1
smac-hard/jev_runs/p0-astra-all-maps-20260922-001/3s_vs_5z/jev,jev_gpt6,452.9999999940628,1
smac-hard/jev_runs/p0-astra-all-maps-20260922-001/3s_vs_5z/jev,jev_gpt6,483.99999999674037,1
smac-hard/jev_runs/p0-astra-all-maps-20260922-001/3s_vs_5z/jev,jev_gpt6,453.00000000861473,1
smac-hard/jev_runs/p0-astra-all-maps-20260922-001/3s_vs_5z/jev,jev_gpt6,467.99999999348074,1
smac-hard/jev_runs/p0-astra-all-maps-20260922-001/3s_vs_5z/jev,jev_gpt6,438.0000000091968,1
smac-hard/jev_runs/p0-astra-all-maps-20260922-001/3s_vs_5z/jev,jev_gpt6,453.9999999979045,1
smac-hard/jev_runs/p0-astra-all-maps-20260922-001/3s_vs_5z/jev,jev_gpt6,452.9999999940628,1
smac-hard/jev_runs/p0-astra-all-maps-20260922-001/3s_vs_5z/jev,jev_gpt6,453.00000000861473,1
smac-hard/jev_runs/p0-astra-all-maps-20260922-001/3s_vs_5z/jev,jev_gpt6,453.9999999979045,1
smac-hard/jev_runs/p0-astra-all-maps-20260922-001/3s_vs_5z/jev,jev_gpt6,391.00000000325963,1
smac-hard/jev_runs/p0-astra-all-maps-20260922-001/3s_vs_5z/jev,jev_gpt6,500.0,1
smac-hard/jev_runs/p0-astra-all-maps-20260922-001/3s_vs_5z/jev,jev_gpt6,421.99999999138527,1
smac-hard/jev_runs/p0-astra-all-maps-20260922-001/3s_vs_5z/jev,jev_gpt6,483.99999999674037,1
smac-hard/jev_runs/p0-astra-all-maps-20260922-001/3s_vs_5z/jev,jev_gpt6,500.0,1
smac-hard/jev_runs/p0-astra-all-maps-20260922-001/3s_vs_5z/jev,jev_gpt6,437.9999999946449,1
smac-hard/jev_runs/p0-astra-all-maps-20260922-001/3s_vs_5z/jev,jev_gpt6,532.0000000065193,1
smac-hard/jev_runs/p0-astra-all-maps-20260922-001/3s_vs_5z/jev,jev_gpt6,421.99999999138527,1
smac-hard/jev_runs/p0-astra-all-maps-20260922-001/3s_vs_5z/jev,jev_gpt6,453.00000000861473,1
smac-hard/jev_runs/p0-astra-all-maps-20260922-001/3s_vs_5z/jev,jev_gpt6,531.0000000026776,1
smac-hard/jev_runs/p0-astra-all-maps-20260922-001/3s_vs_5z/jev,jev_gpt6,500.0,1
smac-hard/jev_runs/p0-astra-all-maps-20260922-001/3s_vs_5z/jev,jev_gpt6,452.9999999940628,1
smac-hard/jev_runs/p0-astra-all-maps-20260922-001/3s_vs_5z/jev,jev_gpt6,422.0000000059372,1
smac-hard/jev_runs/p0-astra-all-maps-20260922-001/3s_vs_5z/jev,jev_gpt6,468.99999999732245,1
smac-hard/jev_runs/p0-astra-all-maps-20260922-001/3s_vs_5z/jev,jev_gpt6,500.0,1
smac-hard/jev_runs/p0-astra-all-maps-20260922-001/3s_vs_5z/jev,jev_gpt6,546.9999999913853,1
smac-hard/jev_runs/p0-astra-all-maps-20260922-001/3s_vs_5z/jev,jev_gpt6,453.00000000861473,1
smac-hard/jev_runs/p0-astra-all-maps-20260922-001/3s_vs_5z/jev,jev_gpt6,437.9999999946449,1
smac-hard/jev_runs/p0-astra-all-maps-20260922-001/3s_vs_5z/jev,jev_gpt6,485.0000000005821,1
smac-hard/jev_runs/p0-astra-all-maps-20260922-001/3s_vs_5z/jev,jev_gpt6,437.0000000053551,1
smac-hard/jev_runs/p0-astra-all-maps-20260922-001/3s_vs_5z/jev,jev_gpt6,515.9999999887077,1
smac-hard/jev_runs/p0-astra-all-maps-20260922-001/3s_vs_5z/jev,jev_gpt6,437.0000000053551,1
smac-hard/jev_runs/p0-astra-all-maps-20260922-001/3s_vs_5z/jev,jev_gpt6,421.99999999138527,1
smac-hard/jev_runs/p0-astra-all-maps-20260922-001/3s_vs_5z/jev,jev_gpt6,422.0000000059372,1
smac-hard/jev_runs/all-maps-20260921-001/1c3s5z/jev,jev_only,1063.0000000019209,1
smac-hard/jev_runs/all-maps-20260921-001/1c3s5z/jev,jev_only,437.9999999982829,1
smac-hard/jev_runs/all-maps-20260921-001/1c3s5z/jev,jev_only,516.0000000032596,1
smac-hard/jev_runs/all-maps-20260921-001/1c3s5z/jev,jev_only,483.99999999674037,1
smac-hard/jev_runs/all-maps-20260921-001/1c3s5z/jev,jev_only,500.0,1
smac-hard/jev_runs/all-maps-20260921-001/1c3s5z/jev,jev_only,500.0,1
smac-hard/jev_runs/all-maps-20260921-001/1c3s5z/jev,jev_only,500.0,1
smac-hard/jev_runs/all-maps-20260921-001/1c3s5z/jev,jev_only,500.0,1
smac-hard/jev_runs/all-maps-20260921-001/1c3s5z/jev,jev_only,515.9999999996217,1
smac-hard/jev_runs/all-maps-20260921-001/1c3s5z/jev,jev_only,500.0,1
smac-hard/jev_runs/all-maps-20260921-001/1c3s5z/jev,jev_only,500.0,1
smac-hard/jev_runs/all-maps-20260921-001/1c3s5z/jev,jev_only,469.0000000009604,1
smac-hard/jev_runs/all-maps-20260921-001/1c3s5z/jev,jev_only,485.0000000005821,1
smac-hard/jev_runs/all-maps-20260921-001/1c3s5z/jev,jev_only,485.0000000005821,1
smac-hard/jev_runs/all-maps-20260921-001/1c3s5z/jev,jev_only,500.0,1
smac-hard/jev_runs/all-maps-20260921-001/1c3s5z/jev,jev_only,484.00000000037835,1
smac-hard/jev_runs/all-maps-20260921-001/1c3s5z/jev,jev_only,500.0,1
smac-hard/jev_runs/all-maps-20260921-001/1c3s5z/jev,jev_only,485.0000000005821,1
smac-hard/jev_runs/all-maps-20260921-001/1c3s5z/jev,jev_only,438.00000000192085,1
smac-hard/jev_runs/all-maps-20260921-001/1c3s5z/jev,jev_only,671.9999999986612,1
smac-hard/jev_runs/all-maps-20260921-001/1c3s5z/jev,jev_only,594.0000000009604,1
smac-hard/jev_runs/all-maps-20260921-001/1c3s5z/jev,jev_only,422.0000000022992,1
smac-hard/jev_runs/all-maps-20260921-001/1c3s5z/jev,jev_only,452.9999999977008,1
smac-hard/jev_runs/all-maps-20260921-001/1c3s5z/jev,jev_only,454.0000000015425,1
smac-hard/jev_runs/all-maps-20260921-001/1c3s5z/jev,jev_only,453.0000000013388,1
smac-hard/jev_runs/all-maps-20260921-001/1c3s5z/jev,jev_only,421.9999999986612,1
smac-hard/jev_runs/all-maps-20260921-001/1c3s5z/jev,jev_only,438.00000000192085,1
smac-hard/jev_runs/all-maps-20260921-001/1c3s5z/jev,jev_only,453.0000000013388,1
smac-hard/jev_runs/all-maps-20260921-001/1c3s5z/jev,jev_only,406.9999999992433,1
smac-hard/jev_runs/all-maps-20260921-001/1c3s5z/jev,jev_only,438.00000000192085,1
smac-hard/jev_runs/all-maps-20260921-001/1c3s5z/jev,jev_only,390.99999999962165,1
smac-hard/jev_runs/all-maps-20260921-001/1c3s5z/jev,jev_only,453.0000000013388,1
smac-hard/jev_runs/all-maps-20260921-001/1c3s5z/jev,jev_only,421.9999999986612,1
smac-hard/jev_runs/all-maps-20260921-001/1c3s5z/jev,jev_only,577.9999999977008,1
smac-hard/jev_runs/all-maps-20260921-001/1c3s5z/jev,jev_only,422.0000000022992,1
smac-hard/jev_runs/all-maps-20260921-001/1c3s5z/jev,jev_only,344.0000000009604,1
smac-hard/jev_runs/all-maps-20260921-001/1c3s5z/jev,jev_only,359.00000000037835,1
smac-hard/jev_runs/all-maps-20260921-001/1c3s5z/jev,jev_only,405.9999999990396,1
smac-hard/jev_runs/all-maps-20260921-001/1c3s5z/jev,jev_only,390.99999999962165,1
smac-hard/jev_runs/all-maps-20260921-001/1c3s5z/jev,jev_only,422.0000000022992,1
smac-hard/jev_runs/all-maps-20260921-001/1c3s5z/jev,jev_only,515.9999999996217,1
smac-hard/jev_runs/all-maps-20260921-001/1c3s5z/jev,jev_only,515.9999999996217,1
smac-hard/jev_runs/all-maps-20260921-001/1c3s5z/jev,jev_only,500.0,1
smac-hard/jev_runs/all-maps-20260921-001/1c3s5z/jev,jev_only,483.99999999674037,1
smac-hard/jev_runs/all-maps-20260921-001/1c3s5z/jev,jev_only,686.9999999980791,1
smac-hard/jev_runs/all-maps-20260921-001/1c3s5z/jev,jev_only,672.0000000022992,1
smac-hard/jev_runs/all-maps-20260921-001/1c3s5z/jev,jev_only,702.9999999977008,1
smac-hard/jev_runs/all-maps-20260921-001/1c3s5z/jev,jev_only,483.99999999674037,1
smac-hard/jev_runs/all-maps-20260921-001/1c3s5z/jev,jev_only,468.99999999732245,1
smac-hard/jev_runs/all-maps-20260921-001/1c3s5z/jev,jev_only,468.99999999732245,1
smac-hard/jev_runs/all-maps-20260921-001/1c3s5z/jev,jev_only,532.0000000028813,1
smac-hard/jev_runs/all-maps-20260921-001/1c3s5z/jev,jev_only,485.0000000005821,1
smac-hard/jev_runs/all-maps-20260921-001/1c3s5z/jev,jev_only,671.9999999986612,1
smac-hard/jev_runs/all-maps-20260921-001/1c3s5z/jev,jev_only,500.0,1
smac-hard/jev_runs/all-maps-20260921-001/1c3s5z/jev,jev_only,500.0,1
smac-hard/jev_runs/all-maps-20260921-001/1c3s5z/jev,jev_only,500.0,1
smac-hard/jev_runs/all-maps-20260921-001/1c3s5z/jev,jev_only,514.9999999994179,1
smac-hard/jev_runs/all-maps-20260921-001/1c3s5z/jev,jev_only,484.00000000037835,1
smac-hard/jev_runs/all-maps-20260921-001/1c3s5z/jev,jev_only,453.0000000013388,1
smac-hard/jev_runs/all-maps-20260921-001/1c3s5z/jev,jev_only,484.00000000037835,1
smac-hard/jev_runs/all-maps-20260921-001/1c3s5z/jev,jev_only,467.9999999971187,1
smac-hard/jev_runs/all-maps-20260921-001/1c3s5z/jev,jev_only,530.9999999990396,1
smac-hard/jev_runs/all-maps-20260921-001/1c3s5z/jev,jev_only,453.0000000013388,1
smac-hard/jev_runs/all-maps-20260921-001/1c3s5z/jev,jev_only,484.00000000037835,1
smac-hard/jev_runs/all-maps-20260921-001/1c3s5z/jev,jev_only,452.9999999977008,1
smac-hard/jev_runs/all-maps-20260921-001/1c3s5z/jev,jev_only,594.0000000009604,1
smac-hard/jev_runs/all-maps-20260921-001/1c3s5z/jev,jev_only,453.0000000013388,1
smac-hard/jev_runs/all-maps-20260921-001/1c3s5z/jev,jev_only,437.0000000017171,1
smac-hard/jev_runs/all-maps-20260921-001/1c3s5z/jev,jev_only,405.9999999990396,1
smac-hard/jev_runs/all-maps-20260921-001/1c3s5z/jev,jev_only,420.9999999984575,1
smac-hard/jev_runs/all-maps-20260921-001/1c3s5z/jev,jev_only,452.9999999977008,1
smac-hard/jev_runs/all-maps-20260921-001/1c3s5z/jev,jev_only,422.0000000022992,1
smac-hard/jev_runs/all-maps-20260921-001/1c3s5z/jev,jev_only,421.9999999986612,1
smac-hard/jev_runs/all-maps-20260921-001/1c3s5z/jev,jev_only,405.9999999990396,1
smac-hard/jev_runs/all-maps-20260921-001/1c3s5z/jev,jev_only,436.99999999807915,1
smac-hard/jev_runs/all-maps-20260921-001/1c3s5z/jev,jev_only,421.9999999986612,1
smac-hard/jev_runs/all-maps-20260921-001/1c3s5z/jev,jev_only,421.9999999986612,1
smac-hard/jev_runs/all-maps-20260921-001/1c3s5z/jev,jev_only,389.9999999994179,1
smac-hard/jev_runs/all-maps-20260921-001/1c3s5z/jev,jev_only,375.0,1
smac-hard/jev_runs/all-maps-20260921-001/1c3s5z/jev,jev_only,421.9999999986612,1
smac-hard/jev_runs/all-maps-20260921-001/1c3s5z/jev,jev_only,389.9999999994179,1
smac-hard/jev_runs/all-maps-20260921-001/1c3s5z/jev,jev_only,406.00000000267755,1
smac-hard/jev_runs/all-maps-20260921-001/1c3s5z/jev,jev_only,406.00000000267755,1
smac-hard/jev_runs/all-maps-20260921-001/1c3s5z/jev,jev_only,389.9999999994179,1
smac-hard/jev_runs/all-maps-20260921-001/1c3s5z/jev,jev_only,360.0000000005821,1
smac-hard/jev_runs/all-maps-20260921-001/1c3s5z/jev,jev_only,343.99999999732245,1
smac-hard/jev_runs/all-maps-20260921-001/1c3s5z/jev,jev_only,389.9999999994179,1
smac-hard/jev_runs/all-maps-20260921-001/1c3s5z/jev,jev_only,561.9999999980791,1
smac-hard/jev_runs/all-maps-20260921-001/1c3s5z/jev,jev_only,593.9999999973224,1
smac-hard/jev_runs/all-maps-20260921-001/1c3s5z/jev,jev_only,358.99999999674037,1
smac-hard/jev_runs/all-maps-20260921-001/1c3s5z/jev,jev_only,375.0,1
smac-hard/jev_runs/all-maps-20260921-001/1c3s5z/jev,jev_only,406.9999999992433,1
smac-hard/jev_runs/all-maps-20260921-001/1c3s5z/jev,jev_only,421.9999999986612,1
smac-hard/jev_runs/all-maps-20260921-001/1c3s5z/jev,jev_only,468.99999999732245,1
smac-hard/jev_runs/all-maps-20260921-001/1c3s5z/jev,jev_only,500.0,1
smac-hard/jev_runs/all-maps-20260921-001/1c3s5z/jev,jev_only,733.9999999967404,1
smac-hard/jev_runs/all-maps-20260921-001/1c3s5z/jev,jev_only,671.9999999986612,1
smac-hard/jev_runs/all-maps-20260921-001/1c3s5z/jev,jev_only,485.0000000005821,1
smac-hard/jev_runs/all-maps-20260921-001/1c3s5z/jev,jev_only,500.0,1
smac-hard/jev_runs/all-maps-20260921-001/1c3s5z/jev,jev_only,500.0,1
smac-hard/jev_runs/all-maps-20260921-001/1c3s5z/jev,jev_only,531.9999999992433,1
smac-hard/jev_runs/all-maps-20260921-001/1c3s5z/jev,jev_only,515.9999999959837,1
smac-hard/jev_runs/all-maps-20260921-001/1c3s5z/jev,jev_only,641.0000000032596,1
smac-hard/jev_runs/all-maps-20260921-001/1c3s5z/jev,jev_only,515.9999999959837,1
smac-hard/jev_runs/all-maps-20260921-001/1c3s5z/jev,jev_only,483.99999999674037,1
smac-hard/jev_runs/all-maps-20260921-001/1c3s5z/jev,jev_only,718.0000000007567,1
smac-hard/jev_runs/all-maps-20260921-001/1c3s5z/jev,jev_only,500.0,1
smac-hard/jev_runs/all-maps-20260921-001/1c3s5z/jev,jev_only,625.0,1
smac-hard/jev_runs/all-maps-20260921-001/1c3s5z/jev,jev_only,703.0000000013388,1
smac-hard/jev_runs/all-maps-20260921-001/1c3s5z/jev,jev_only,469.0000000045984,1
smac-hard/jev_runs/all-maps-20260921-001/1c3s5z/jev,jev_only,453.9999999979045,1
smac-hard/jev_runs/all-maps-20260921-001/1c3s5z/jev,jev_only,468.99999999732245,1
smac-hard/jev_runs/all-maps-20260921-001/1c3s5z/jev,jev_only,483.99999999674037,1
smac-hard/jev_runs/all-maps-20260921-001/1c3s5z/jev,jev_only,578.0000000013388,1
smac-hard/jev_runs/all-maps-20260921-001/1c3s5z/jev,jev_only,421.9999999986612,1
smac-hard/jev_runs/all-maps-20260921-001/1c3s5z/jev,jev_only,625.0,1
smac-hard/jev_runs/all-maps-20260921-001/1c3s5z/jev,jev_only,640.9999999959837,1
smac-hard/jev_runs/all-maps-20260921-001/1c3s5z/jev,jev_only,436.99999999807915,1
smac-hard/jev_runs/all-maps-20260921-001/1c3s5z/jev,jev_only,421.9999999986612,1
smac-hard/jev_runs/all-maps-20260921-001/1c3s5z/jev,jev_only,406.9999999992433,1
smac-hard/jev_runs/all-maps-20260921-001/1c3s5z/jev,jev_only,391.00000000325963,1
smac-hard/jev_runs/all-maps-20260921-001/1c3s5z/jev,jev_only,452.9999999940628,1
smac-hard/jev_runs/all-maps-20260921-001/1c3s5z/jev,jev_only,375.0,1
smac-hard/jev_runs/all-maps-20260921-001/1c3s5z/jev,jev_only,421.0000000020955,1
smac-hard/jev_runs/all-maps-20260921-001/1c3s5z/jev,jev_only,375.0,1
smac-hard/jev_runs/all-maps-20260921-001/1c3s5z/jev,jev_only,593.0000000007567,1
smac-hard/jev_runs/all-maps-20260921-001/1c3s5z/jev,jev_only,438.00000000192085,1
smac-hard/jev_runs/all-maps-20260921-001/1c3s5z/jev,jev_only,375.0,1
smac-hard/jev_runs/all-maps-20260921-001/1c3s5z/jev,jev_only,391.00000000325963,1
smac-hard/jev_runs/all-maps-20260921-001/1c3s5z/jev,jev_only,360.0000000005821,1
smac-hard/jev_runs/all-maps-20260921-001/1c3s5z/jev,jev_only,375.0,1
smac-hard/jev_runs/all-maps-20260921-001/1c3s5z/jev,jev_only,344.0000000045984,1
smac-hard/jev_runs/p0-astra-all-maps-20260922-001/1c3s5z/jev,jev_gpt6,11641.00000000326,1
smac-hard/jev_runs/p0-astra-all-maps-20260922-001/1c3s5z/jev,jev_gpt6,609.0000000112923,1
smac-hard/jev_runs/p0-astra-all-maps-20260922-001/1c3s5z/jev,jev_gpt6,828.0000000086147,1
smac-hard/jev_runs/p0-astra-all-maps-20260922-001/1c3s5z/jev,jev_gpt6,765.9999999887077,1
smac-hard/jev_runs/p0-astra-all-maps-20260922-001/1c3s5z/jev,jev_gpt6,547.0000000059372,1
smac-hard/jev_runs/p0-astra-all-maps-20260922-001/1c3s5z/jev,jev_gpt6,577.9999999940628,1
smac-hard/jev_runs/p0-astra-all-maps-20260922-001/1c3s5z/jev,jev_gpt6,578.9999999979045,1
smac-hard/jev_runs/p0-astra-all-maps-20260922-001/1c3s5z/jev,jev_gpt6,500.0,1
smac-hard/jev_runs/p0-astra-all-maps-20260922-001/1c3s5z/jev,jev_gpt6,593.9999999973224,1
smac-hard/jev_runs/p0-astra-all-maps-20260922-001/1c3s5z/jev,jev_gpt6,546.9999999913853,1
smac-hard/jev_runs/p0-astra-all-maps-20260922-001/1c3s5z/jev,jev_gpt6,516.0000000032596,1
smac-hard/jev_runs/p0-astra-all-maps-20260922-001/1c3s5z/jev,jev_gpt6,577.9999999940628,1
smac-hard/jev_runs/p0-astra-all-maps-20260922-001/1c3s5z/jev,jev_gpt6,500.0,1
smac-hard/jev_runs/p0-astra-all-maps-20260922-001/1c3s5z/jev,jev_gpt6,531.9999999919673,1
smac-hard/jev_runs/p0-astra-all-maps-20260922-001/1c3s5z/jev,jev_gpt6,547.0000000059372,1
smac-hard/jev_runs/p0-astra-all-maps-20260922-001/1c3s5z/jev,jev_gpt6,485.0000000005821,1
smac-hard/jev_runs/p0-astra-all-maps-20260922-001/1c3s5z/jev,jev_gpt6,656.9999999919673,1
smac-hard/jev_runs/p0-astra-all-maps-20260922-001/1c3s5z/jev,jev_gpt6,516.0000000032596,1
smac-hard/jev_runs/p0-astra-all-maps-20260922-001/1c3s5z/jev,jev_gpt6,608.9999999967404,1
smac-hard/jev_runs/p0-astra-all-maps-20260922-001/1c3s5z/jev,jev_gpt6,483.99999999674037,1
smac-hard/jev_runs/p0-astra-all-maps-20260922-001/1c3s5z/jev,jev_gpt6,483.99999999674037,1
smac-hard/jev_runs/p0-astra-all-maps-20260922-001/1c3s5z/jev,jev_gpt6,467.99999999348074,1
smac-hard/jev_runs/p0-astra-all-maps-20260922-001/1c3s5z/jev,jev_gpt6,500.0,1
smac-hard/jev_runs/p0-astra-all-maps-20260922-001/1c3s5z/jev,jev_gpt6,468.99999999732245,1
smac-hard/jev_runs/p0-astra-all-maps-20260922-001/1c3s5z/jev,jev_gpt6,485.0000000005821,1
smac-hard/jev_runs/p0-astra-all-maps-20260922-001/1c3s5z/jev,jev_gpt6,608.9999999967404,1
smac-hard/jev_runs/p0-astra-all-maps-20260922-001/1c3s5z/jev,jev_gpt6,467.99999999348074,1
smac-hard/jev_runs/p0-astra-all-maps-20260922-001/1c3s5z/jev,jev_gpt6,563.0000000091968,1
smac-hard/jev_runs/p0-astra-all-maps-20260922-001/1c3s5z/jev,jev_gpt6,516.0000000032596,1
smac-hard/jev_runs/p0-astra-all-maps-20260922-001/1c3s5z/jev,jev_gpt6,469.00000001187436,1
smac-hard/jev_runs/p0-astra-all-maps-20260922-001/1c3s5z/jev,jev_gpt6,453.00000000861473,1
smac-hard/jev_runs/p0-astra-all-maps-20260922-001/1c3s5z/jev,jev_gpt6,485.0000000005821,1
smac-hard/jev_runs/p0-astra-all-maps-20260922-001/1c3s5z/jev,jev_gpt6,500.0,1
smac-hard/jev_runs/p0-astra-all-maps-20260922-001/1c3s5z/jev,jev_gpt6,516.0000000032596,1
smac-hard/jev_runs/p0-astra-all-maps-20260922-001/1c3s5z/jev,jev_gpt6,483.99999999674037,1
smac-hard/jev_runs/p0-astra-all-maps-20260922-001/1c3s5z/jev,jev_gpt6,530.9999999881256,1
smac-hard/jev_runs/p0-astra-all-maps-20260922-001/1c3s5z/jev,jev_gpt6,500.0,1
smac-hard/jev_runs/p0-astra-all-maps-20260922-001/1c3s5z/jev,jev_gpt6,483.99999999674037,1
smac-hard/jev_runs/p0-astra-all-maps-20260922-001/1c3s5z/jev,jev_gpt6,421.0000000020955,1
smac-hard/jev_runs/p0-astra-all-maps-20260922-001/1c3s5z/jev,jev_gpt6,452.9999999940628,1
smac-hard/jev_runs/p0-astra-all-maps-20260922-001/1c3s5z/jev,jev_gpt6,452.9999999940628,1
smac-hard/jev_runs/p0-astra-all-maps-20260922-001/1c3s5z/jev,jev_gpt6,421.0000000020955,1
smac-hard/jev_runs/p0-astra-all-maps-20260922-001/1c3s5z/jev,jev_gpt6,452.9999999940628,1
smac-hard/jev_runs/p0-astra-all-maps-20260922-001/1c3s5z/jev,jev_gpt6,422.0000000059372,1
smac-hard/jev_runs/p0-astra-all-maps-20260922-001/1c3s5z/jev,jev_gpt6,437.0000000053551,1
smac-hard/jev_runs/p0-astra-all-maps-20260922-001/1c3s5z/jev,jev_gpt6,452.9999999940628,1
smac-hard/jev_runs/p0-astra-all-maps-20260922-001/1c3s5z/jev,jev_gpt6,437.0000000053551,1
smac-hard/jev_runs/p0-astra-all-maps-20260922-001/1c3s5z/jev,jev_gpt6,468.00000000803266,1
smac-hard/jev_runs/p0-astra-all-maps-20260922-001/1c3s5z/jev,jev_gpt6,405.99999998812564,1
smac-hard/jev_runs/p0-astra-all-maps-20260922-001/1c3s5z/jev,jev_gpt6,483.99999999674037,1
smac-hard/jev_runs/p0-astra-all-maps-20260922-001/1c3s5z/jev,jev_gpt6,2015.9999999887077,1
smac-hard/jev_runs/p0-astra-all-maps-20260922-001/1c3s5z/jev,jev_gpt6,3844.0000000118744,1
smac-hard/jev_runs/p0-astra-all-maps-20260922-001/1c3s5z/jev,jev_gpt6,531.0000000026776,1
smac-hard/jev_runs/p0-astra-all-maps-20260922-001/1c3s5z/jev,jev_gpt6,656.0000000026776,1
smac-hard/jev_runs/p0-astra-all-maps-20260922-001/1c3s5z/jev,jev_gpt6,483.99999999674037,1
smac-hard/jev_runs/p0-astra-all-maps-20260922-001/1c3s5z/jev,jev_gpt6,905.9999999881256,1
smac-hard/jev_runs/p0-astra-all-maps-20260922-001/1c3s5z/jev,jev_gpt6,531.0000000026776,1
smac-hard/jev_runs/p0-astra-all-maps-20260922-001/1c3s5z/jev,jev_gpt6,531.9999999919673,1
smac-hard/jev_runs/p0-astra-all-maps-20260922-001/1c3s5z/jev,jev_gpt6,2328.0000000086147,1
smac-hard/jev_runs/p0-astra-all-maps-20260922-001/1c3s5z/jev,jev_gpt6,500.0,1
smac-hard/jev_runs/p0-astra-all-maps-20260922-001/1c3s5z/jev,jev_gpt6,516.0000000032596,1
smac-hard/jev_runs/p0-astra-all-maps-20260922-001/1c3s5z/jev,jev_gpt6,1156.0000000026776,1
smac-hard/jev_runs/p0-astra-all-maps-20260922-001/1c3s5z/jev,jev_gpt6,1125.0,1
smac-hard/jev_runs/p0-astra-all-maps-20260922-001/1c3s5z/jev,jev_gpt6,1453.0000000086147,1
smac-hard/jev_runs/p0-astra-all-maps-20260922-001/1c3s5z/jev,jev_gpt6,1578.9999999979045,1
smac-hard/jev_runs/p0-astra-all-maps-20260922-001/1c3s5z/jev,jev_gpt6,2421.9999999913853,1
smac-hard/jev_runs/p0-astra-all-maps-20260922-001/1c3s5z/jev,jev_gpt6,6000.0,1
smac-hard/jev_runs/p0-astra-all-maps-20260922-001/1c3s5z/jev,jev_gpt6,4842.999999993481,1
smac-hard/jev_runs/p0-astra-all-maps-20260922-001/1c3s5z/jev,jev_gpt6,4733.99999999674,1
smac-hard/jev_runs/p0-astra-all-maps-20260922-001/1c3s5z/jev,jev_gpt6,453.00000000861473,1
smac-hard/jev_runs/p0-astra-all-maps-20260922-001/1c3s5z/jev,jev_gpt6,484.0000000112923,1
smac-hard/jev_runs/p0-astra-all-maps-20260922-001/1c3s5z/jev,jev_gpt6,437.0000000053551,1
smac-hard/jev_runs/p0-astra-all-maps-20260922-001/1c3s5z/jev,jev_gpt6,483.99999999674037,1
smac-hard/jev_runs/p0-astra-all-maps-20260922-001/1c3s5z/jev,jev_gpt6,483.99999999674037,1
smac-hard/jev_runs/p0-astra-all-maps-20260922-001/1c3s5z/jev,jev_gpt6,531.0000000026776,1
smac-hard/jev_runs/p0-astra-all-maps-20260922-001/1c3s5z/jev,jev_gpt6,1750.0,1
smac-hard/jev_runs/p0-astra-all-maps-20260922-001/1c3s5z/jev,jev_gpt6,500.0,1
smac-hard/jev_runs/p0-astra-all-maps-20260922-001/1c3s5z/jev,jev_gpt6,531.0000000026776,1
smac-hard/jev_runs/p0-astra-all-maps-20260922-001/1c3s5z/jev,jev_gpt6,5452.999999994063,1
smac-hard/jev_runs/p0-astra-all-maps-20260922-001/1c3s5z/jev,jev_gpt6,437.0000000053551,1
smac-hard/jev_runs/p0-astra-all-maps-20260922-001/1c3s5z/jev,jev_gpt6,484.0000000112923,1
smac-hard/jev_runs/p0-astra-all-maps-20260922-001/1c3s5z/jev,jev_gpt6,468.99999999732245,1
smac-hard/jev_runs/p0-astra-all-maps-20260922-001/1c3s5z/jev,jev_gpt6,437.9999999946449,1
smac-hard/jev_runs/p0-astra-all-maps-20260922-001/1c3s5z/jev,jev_gpt6,6937.000000005355,1
smac-hard/jev_runs/p0-astra-all-maps-20260922-001/1c3s5z/jev,jev_gpt6,453.00000000861473,1
smac-hard/jev_runs/p0-astra-all-maps-20260922-001/1c3s5z/jev,jev_gpt6,20328.999999997905,1
smac-hard/jev_runs/p0-astra-all-maps-20260922-001/1c3s5z/jev,jev_gpt6,687.9999999946449,1
smac-hard/jev_runs/p0-astra-all-maps-20260922-001/1c3s5z/jev,jev_gpt6,703.0000000086147,1
smac-hard/jev_runs/p0-astra-all-maps-20260922-001/1c3s5z/jev,jev_gpt6,687.9999999946449,1
smac-hard/jev_runs/p0-astra-all-maps-20260922-001/1c3s5z/jev,jev_gpt6,750.0,1
smac-hard/jev_runs/p0-astra-all-maps-20260922-001/1c3s5z/jev,jev_gpt6,593.9999999973224,1
smac-hard/jev_runs/p0-astra-all-maps-20260922-001/1c3s5z/jev,jev_gpt6,547.0000000059372,1
smac-hard/jev_runs/p0-astra-all-maps-20260922-001/1c3s5z/jev,jev_gpt6,531.9999999919673,1
smac-hard/jev_runs/p0-astra-all-maps-20260922-001/1c3s5z/jev,jev_gpt6,563.0000000091968,1
smac-hard/jev_runs/p0-astra-all-maps-20260922-001/1c3s5z/jev,jev_gpt6,593.9999999973224,1
smac-hard/jev_runs/p0-astra-all-maps-20260922-001/1c3s5z/jev,jev_gpt6,452.9999999940628,1
smac-hard/jev_runs/p0-astra-all-maps-20260922-001/1c3s5z/jev,jev_gpt6,593.9999999973224,1
smac-hard/jev_runs/p0-astra-all-maps-20260922-001/1c3s5z/jev,jev_gpt6,547.0000000059372,1
smac-hard/jev_runs/p0-astra-all-maps-20260922-001/1c3s5z/jev,jev_gpt6,593.9999999973224,1
smac-hard/jev_runs/p0-astra-all-maps-20260922-001/1c3s5z/jev,jev_gpt6,562.0000000053551,1
smac-hard/jev_runs/p0-astra-all-maps-20260922-001/1c3s5z/jev,jev_gpt6,639.9999999994179,1
smac-hard/jev_runs/p0-astra-all-maps-20260922-001/1c3s5z/jev,jev_gpt6,608.9999999967404,1
smac-hard/jev_runs/p0-astra-all-maps-20260922-001/1c3s5z/jev,jev_gpt6,531.0000000026776,1
smac-hard/jev_runs/p0-astra-all-maps-20260922-001/1c3s5z/jev,jev_gpt6,547.0000000059372,1
smac-hard/jev_runs/p0-astra-all-maps-20260922-001/1c3s5z/jev,jev_gpt6,656.9999999919673,1
smac-hard/jev_runs/p0-astra-all-maps-20260922-001/1c3s5z/jev,jev_gpt6,719.0000000118744,1
smac-hard/jev_runs/p0-astra-all-maps-20260922-001/1c3s5z/jev,jev_gpt6,531.0000000026776,1
smac-hard/jev_runs/p0-astra-all-maps-20260922-001/1c3s5z/jev,jev_gpt6,702.9999999940628,1
smac-hard/jev_runs/p0-astra-all-maps-20260922-001/1c3s5z/jev,jev_gpt6,608.9999999967404,1
smac-hard/jev_runs/p0-astra-all-maps-20260922-001/1c3s5z/jev,jev_gpt6,562.9999999946449,1
smac-hard/jev_runs/p0-astra-all-maps-20260922-001/1c3s5z/jev,jev_gpt6,563.0000000091968,1
smac-hard/jev_runs/p0-astra-all-maps-20260922-001/1c3s5z/jev,jev_gpt6,625.0,1
smac-hard/jev_runs/p0-astra-all-maps-20260922-001/1c3s5z/jev,jev_gpt6,687.0000000053551,1
smac-hard/jev_runs/p0-astra-all-maps-20260922-001/1c3s5z/jev,jev_gpt6,561.9999999908032,1
smac-hard/jev_runs/p0-astra-all-maps-20260922-001/1c3s5z/jev,jev_gpt6,562.0000000053551,1
smac-hard/jev_runs/p0-astra-all-maps-20260922-001/1c3s5z/jev,jev_gpt6,610.0000000005821,1
smac-hard/jev_runs/p0-astra-all-maps-20260922-001/1c3s5z/jev,jev_gpt6,657.0000000065193,1
smac-hard/jev_runs/p0-astra-all-maps-20260922-001/1c3s5z/jev,jev_gpt6,608.9999999967404,1
smac-hard/jev_runs/p0-astra-all-maps-20260922-001/1c3s5z/jev,jev_gpt6,546.9999999913853,1
smac-hard/jev_runs/p0-astra-all-maps-20260922-001/1c3s5z/jev,jev_gpt6,531.0000000026776,1
smac-hard/jev_runs/p0-astra-all-maps-20260922-001/1c3s5z/jev,jev_gpt6,625.0,1
smac-hard/jev_runs/p0-astra-all-maps-20260922-001/1c3s5z/jev,jev_gpt6,500.0,1
smac-hard/jev_runs/p0-astra-all-maps-20260922-001/1c3s5z/jev,jev_gpt6,531.0000000026776,1
smac-hard/jev_runs/p0-astra-all-maps-20260922-001/1c3s5z/jev,jev_gpt6,531.0000000026776,1
smac-hard/jev_runs/p0-astra-all-maps-20260922-001/1c3s5z/jev,jev_gpt6,562.9999999946449,1
smac-hard/jev_runs/p0-astra-all-maps-20260922-001/1c3s5z/jev,jev_gpt6,500.0,1
smac-hard/jev_runs/p0-astra-all-maps-20260922-001/1c3s5z/jev,jev_gpt6,500.0,1
smac-hard/jev_runs/p0-astra-all-maps-20260922-001/1c3s5z/jev,jev_gpt6,500.0,1
smac-hard/jev_runs/p0-astra-all-maps-20260922-001/1c3s5z/jev,jev_gpt6,500.0,1
smac-hard/jev_runs/p0-astra-all-maps-20260922-001/1c3s5z/jev,jev_gpt6,656.0000000026776,1
smac-hard/jev_runs/p0-astra-all-maps-20260922-001/1c3s5z/jev,jev_gpt6,453.00000000861473,1
smac-hard/jev_runs/p0-astra-all-maps-20260922-001/1c3s5z/jev,jev_gpt6,500.0,1
smac-hard/jev_runs/p0-astra-all-maps-20260922-001/1c3s5z/jev,jev_gpt6,452.9999999940628,1
smac-hard/jev_runs/p0-astra-all-maps-20260922-001/1c3s5z/jev,jev_gpt6,577.9999999940628,1
smac-hard/jev_runs/p0-astra-all-maps-20260922-001/1c3s5z/jev,jev_gpt6,468.99999999732245,1
smac-hard/jev_runs/p0-astra-all-maps-20260922-001/1c3s5z/jev,jev_gpt6,485.0000000005821,1
smac-hard/jev_runs/p0-astra-all-maps-20260922-001/1c3s5z/jev,jev_gpt6,469.00000001187436,1
smac-hard/jev_runs/p0-astra-all-maps-20260922-001/1c3s5z/jev,jev_gpt6,468.00000000803266,1
smac-hard/jev_runs/p0-astra-all-maps-20260922-001/1c3s5z/jev,jev_gpt6,483.99999999674037,1
smac-hard/jev_runs/p0-astra-all-maps-20260922-001/1c3s5z/jev,jev_gpt6,500.0,1
smac-hard/jev_runs/p0-astra-all-maps-20260922-001/1c3s5z/jev,jev_gpt6,468.00000000803266,1
smac-hard/jev_runs/p0-astra-all-maps-20260922-001/1c3s5z/jev,jev_gpt6,421.99999999138527,1
smac-hard/jev_runs/p0-astra-all-maps-20260922-001/1c3s5z/jev,jev_gpt6,500.0,1
smac-hard/jev_runs/p0-astra-all-maps-20260922-001/1c3s5z/jev,jev_gpt6,468.99999999732245,1
smac-hard/jev_runs/p0-astra-all-maps-20260922-001/1c3s5z/jev,jev_gpt6,500.0,1
smac-hard/jev_runs/all-maps-20260921-001/2m_vs_1z/jev,jev_only,1000.0,1
smac-hard/jev_runs/all-maps-20260921-001/2m_vs_1z/jev,jev_only,375.0,1
smac-hard/jev_runs/all-maps-20260921-001/2m_vs_1z/jev,jev_only,390.99999999598367,1
smac-hard/jev_runs/all-maps-20260921-001/2m_vs_1z/jev,jev_only,625.0,1
smac-hard/jev_runs/all-maps-20260921-001/2m_vs_1z/jev,jev_only,344.0000000045984,1
smac-hard/jev_runs/all-maps-20260921-001/2m_vs_1z/jev,jev_only,375.0,1
smac-hard/jev_runs/all-maps-20260921-001/2m_vs_1z/jev,jev_only,313.00000000192085,1
smac-hard/jev_runs/all-maps-20260921-001/2m_vs_1z/jev,jev_only,360.0000000005821,1
smac-hard/jev_runs/all-maps-20260921-001/2m_vs_1z/jev,jev_only,375.0,1
smac-hard/jev_runs/all-maps-20260921-001/2m_vs_1z/jev,jev_only,360.0000000005821,1
smac-hard/jev_runs/all-maps-20260921-001/2m_vs_1z/jev,jev_only,343.99999999732245,1
smac-hard/jev_runs/all-maps-20260921-001/2m_vs_1z/jev,jev_only,358.99999999674037,1
smac-hard/jev_runs/all-maps-20260921-001/2m_vs_1z/jev,jev_only,389.9999999994179,1
smac-hard/jev_runs/all-maps-20260921-001/2m_vs_1z/jev,jev_only,375.0,1
smac-hard/jev_runs/all-maps-20260921-001/2m_vs_1z/jev,jev_only,358.99999999674037,1
smac-hard/jev_runs/all-maps-20260921-001/2m_vs_1z/jev,jev_only,358.99999999674037,1
smac-hard/jev_runs/all-maps-20260921-001/2m_vs_1z/jev,jev_only,375.0,1
smac-hard/jev_runs/all-maps-20260921-001/2m_vs_1z/jev,jev_only,578.0000000013388,1
smac-hard/jev_runs/all-maps-20260921-001/2m_vs_1z/jev,jev_only,391.00000000325963,1
smac-hard/jev_runs/all-maps-20260921-001/2m_vs_1z/jev,jev_only,328.9999999979045,1
smac-hard/jev_runs/all-maps-20260921-001/2m_vs_1z/jev,jev_only,375.0,1
smac-hard/jev_runs/all-maps-20260921-001/2m_vs_1z/jev,jev_only,561.9999999980791,1
smac-hard/jev_runs/all-maps-20260921-001/2m_vs_1z/jev,jev_only,360.0000000005821,1
smac-hard/jev_runs/all-maps-20260921-001/2m_vs_1z/jev,jev_only,360.0000000005821,1
smac-hard/jev_runs/all-maps-20260921-001/2m_vs_1z/jev,jev_only,389.9999999994179,1
smac-hard/jev_runs/all-maps-20260921-001/2m_vs_1z/jev,jev_only,563.0000000019209,1
smac-hard/jev_runs/all-maps-20260921-001/2m_vs_1z/jev,jev_only,390.99999999598367,1
smac-hard/jev_runs/all-maps-20260921-001/2m_vs_1z/jev,jev_only,358.99999999674037,1
smac-hard/jev_runs/all-maps-20260921-001/2m_vs_1z/jev,jev_only,561.9999999980791,1
smac-hard/jev_runs/all-maps-20260921-001/2m_vs_1z/jev,jev_only,389.9999999994179,1
smac-hard/jev_runs/all-maps-20260921-001/2m_vs_1z/jev,jev_only,375.0,1
smac-hard/jev_runs/all-maps-20260921-001/2m_vs_1z/jev,jev_only,343.0000000007567,1
smac-hard/jev_runs/all-maps-20260921-001/2m_vs_1z/jev,jev_only,375.0,1
smac-hard/jev_runs/all-maps-20260921-001/2m_vs_1z/jev,jev_only,343.0000000007567,1
smac-hard/jev_runs/all-maps-20260921-001/2m_vs_1z/jev,jev_only,375.0,1
smac-hard/jev_runs/all-maps-20260921-001/2m_vs_1z/jev,jev_only,359.00000000401633,1
smac-hard/jev_runs/all-maps-20260921-001/2m_vs_1z/jev,jev_only,375.0,1
smac-hard/jev_runs/all-maps-20260921-001/2m_vs_1z/jev,jev_only,389.9999999994179,1
smac-hard/jev_runs/all-maps-20260921-001/2m_vs_1z/jev,jev_only,500.0,1
smac-hard/jev_runs/all-maps-20260921-001/2m_vs_1z/jev,jev_only,375.0,1
smac-hard/jev_runs/all-maps-20260921-001/2m_vs_1z/jev,jev_only,391.00000000325963,1
smac-hard/jev_runs/all-maps-20260921-001/2m_vs_1z/jev,jev_only,343.0000000007567,1
smac-hard/jev_runs/all-maps-20260921-001/2m_vs_1z/jev,jev_only,344.0000000045984,1
smac-hard/jev_runs/all-maps-20260921-001/2m_vs_1z/jev,jev_only,360.0000000005821,1
smac-hard/jev_runs/all-maps-20260921-001/2m_vs_1z/jev,jev_only,343.99999999732245,1
smac-hard/jev_runs/all-maps-20260921-001/2m_vs_1z/jev,jev_only,421.9999999986612,1
smac-hard/jev_runs/all-maps-20260921-001/2m_vs_1z/jev,jev_only,360.0000000005821,1
smac-hard/jev_runs/all-maps-20260921-001/2m_vs_1z/jev,jev_only,375.0,1
smac-hard/jev_runs/all-maps-20260921-001/2m_vs_1z/jev,jev_only,516.0000000032596,1
smac-hard/jev_runs/all-maps-20260921-001/2m_vs_1z/jev,jev_only,375.0,1
smac-hard/jev_runs/all-maps-20260921-001/2m_vs_1z/jev,jev_only,358.99999999674037,1
smac-hard/jev_runs/all-maps-20260921-001/2m_vs_1z/jev,jev_only,327.9999999940628,1
smac-hard/jev_runs/all-maps-20260921-001/2m_vs_1z/jev,jev_only,391.00000000325963,1
smac-hard/jev_runs/all-maps-20260921-001/2m_vs_1z/jev,jev_only,500.0,1
smac-hard/jev_runs/all-maps-20260921-001/2m_vs_1z/jev,jev_only,531.0000000026776,1
smac-hard/jev_runs/p0-astra-all-maps-20260922-001/2m_vs_1z/jev,jev_gpt6,1250.0,1
smac-hard/jev_runs/p0-astra-all-maps-20260922-001/2m_vs_1z/jev,jev_gpt6,452.9999999940628,1
smac-hard/jev_runs/p0-astra-all-maps-20260922-001/2m_vs_1z/jev,jev_gpt6,483.99999999674037,1
smac-hard/jev_runs/p0-astra-all-maps-20260922-001/2m_vs_1z/jev,jev_gpt6,437.9999999946449,1
smac-hard/jev_runs/p0-astra-all-maps-20260922-001/2m_vs_1z/jev,jev_gpt6,422.0000000059372,1
smac-hard/jev_runs/p0-astra-all-maps-20260922-001/2m_vs_1z/jev,jev_gpt6,452.9999999940628,1
smac-hard/jev_runs/p0-astra-all-maps-20260922-001/2m_vs_1z/jev,jev_gpt6,391.00000000325963,1
smac-hard/jev_runs/p0-astra-all-maps-20260922-001/2m_vs_1z/jev,jev_gpt6,421.0000000020955,1
smac-hard/jev_runs/p0-astra-all-maps-20260922-001/2m_vs_1z/jev,jev_gpt6,375.0,1
smac-hard/jev_runs/p0-astra-all-maps-20260922-001/2m_vs_1z/jev,jev_gpt6,500.0,1
smac-hard/jev_runs/p0-astra-all-maps-20260922-001/2m_vs_1z/jev,jev_gpt6,389.9999999994179,1
smac-hard/jev_runs/p0-astra-all-maps-20260922-001/2m_vs_1z/jev,jev_gpt6,406.00000000267755,1
smac-hard/jev_runs/p0-astra-all-maps-20260922-001/2m_vs_1z/jev,jev_gpt6,358.99999999674037,1
smac-hard/jev_runs/p0-astra-all-maps-20260922-001/2m_vs_1z/jev,jev_gpt6,406.00000000267755,1
smac-hard/jev_runs/p0-astra-all-maps-20260922-001/2m_vs_1z/jev,jev_gpt6,422.0000000059372,1
smac-hard/jev_runs/p0-astra-all-maps-20260922-001/2m_vs_1z/jev,jev_gpt6,391.00000000325963,1
smac-hard/jev_runs/p0-astra-all-maps-20260922-001/2m_vs_1z/jev,jev_gpt6,389.9999999994179,1
smac-hard/jev_runs/p0-astra-all-maps-20260922-001/2m_vs_1z/jev,jev_gpt6,360.0000000005821,1
smac-hard/jev_runs/p0-astra-all-maps-20260922-001/2m_vs_1z/jev,jev_gpt6,391.00000000325963,1
smac-hard/jev_runs/p0-astra-all-maps-20260922-001/2m_vs_1z/jev,jev_gpt6,406.00000000267755,1
smac-hard/jev_runs/p0-astra-all-maps-20260922-001/2m_vs_1z/jev,jev_gpt6,406.00000000267755,1
smac-hard/jev_runs/p0-astra-all-maps-20260922-001/2m_vs_1z/jev,jev_gpt6,389.9999999994179,1
smac-hard/jev_runs/p0-astra-all-maps-20260922-001/2m_vs_1z/jev,jev_gpt6,391.00000000325963,1
smac-hard/jev_runs/p0-astra-all-maps-20260922-001/2m_vs_1z/jev,jev_gpt6,422.0000000059372,1
smac-hard/jev_runs/p0-astra-all-maps-20260922-001/2m_vs_1z/jev,jev_gpt6,422.0000000059372,1
smac-hard/jev_runs/p0-astra-all-maps-20260922-001/2m_vs_1z/jev,jev_gpt6,375.0,1
smac-hard/jev_runs/p0-astra-all-maps-20260922-001/2m_vs_1z/jev,jev_gpt6,375.0,1
smac-hard/jev_runs/p0-astra-all-maps-20260922-001/2m_vs_1z/jev,jev_gpt6,375.0,1
smac-hard/jev_runs/p0-astra-all-maps-20260922-001/2m_vs_1z/jev,jev_gpt6,375.0,1
smac-hard/jev_runs/p0-astra-all-maps-20260922-001/2m_vs_1z/jev,jev_gpt6,405.99999998812564,1
smac-hard/jev_runs/p0-astra-all-maps-20260922-001/2m_vs_1z/jev,jev_gpt6,406.00000000267755,1
smac-hard/jev_runs/p0-astra-all-maps-20260922-001/2m_vs_1z/jev,jev_gpt6,422.0000000059372,1
smac-hard/jev_runs/p0-astra-all-maps-20260922-001/2m_vs_1z/jev,jev_gpt6,389.9999999994179,1
smac-hard/jev_runs/p0-astra-all-maps-20260922-001/2m_vs_1z/jev,jev_gpt6,422.0000000059372,1
smac-hard/jev_runs/p0-astra-all-maps-20260922-001/2m_vs_1z/jev,jev_gpt6,391.00000000325963,1
smac-hard/jev_runs/p0-astra-all-maps-20260922-001/2m_vs_1z/jev,jev_gpt6,406.99999999196734,1
smac-hard/jev_runs/p0-astra-all-maps-20260922-001/2m_vs_1z/jev,jev_gpt6,343.00000000803266,1
smac-hard/jev_runs/p0-astra-all-maps-20260922-001/2m_vs_1z/jev,jev_gpt6,405.99999998812564,1
smac-hard/jev_runs/p0-astra-all-maps-20260922-001/2m_vs_1z/jev,jev_gpt6,453.00000000861473,1
smac-hard/jev_runs/p0-astra-all-maps-20260922-001/2m_vs_1z/jev,jev_gpt6,389.9999999994179,1
smac-hard/jev_runs/p0-astra-all-maps-20260922-001/2m_vs_1z/jev,jev_gpt6,358.99999999674037,1
smac-hard/jev_runs/p0-astra-all-maps-20260922-001/2m_vs_1z/jev,jev_gpt6,342.99999999348074,1
smac-hard/jev_runs/p0-astra-all-maps-20260922-001/2m_vs_1z/jev,jev_gpt6,344.00000001187436,1
smac-hard/jev_runs/p0-astra-all-maps-20260922-001/2m_vs_1z/jev,jev_gpt6,389.9999999994179,1
smac-hard/jev_runs/p0-astra-all-maps-20260922-001/2m_vs_1z/jev,jev_gpt6,343.99999999732245,1
smac-hard/jev_runs/p0-astra-all-maps-20260922-001/2m_vs_1z/jev,jev_gpt6,407.00000000651926,1
smac-hard/jev_runs/p0-astra-all-maps-20260922-001/2m_vs_1z/jev,jev_gpt6,391.00000000325963,1
smac-hard/jev_runs/p0-astra-all-maps-20260922-001/2m_vs_1z/jev,jev_gpt6,561.9999999908032,1
smac-hard/jev_runs/p0-astra-all-maps-20260922-001/2m_vs_1z/jev,jev_gpt6,375.0,1
smac-hard/jev_runs/p0-astra-all-maps-20260922-001/2m_vs_1z/jev,jev_gpt6,406.00000000267755,1
smac-hard/jev_runs/p0-astra-all-maps-20260922-001/2m_vs_1z/jev,jev_gpt6,421.99999999138527,1
smac-hard/jev_runs/p0-astra-all-maps-20260922-001/2m_vs_1z/jev,jev_gpt6,391.00000000325963,1
smac-hard/jev_runs/p0-astra-all-maps-20260922-001/2m_vs_1z/jev,jev_gpt6,421.0000000020955,1
smac-hard/jev_runs/p0-astra-all-maps-20260922-001/2m_vs_1z/jev,jev_gpt6,375.0,1
smac-hard/jev_runs/p0-astra-all-maps-20260922-001/2m_vs_1z/jev,jev_gpt6,390.9999999887077,1
smac-hard/jev_runs/p0-astra-all-maps-20260922-001/2m_vs_1z/jev,jev_gpt6,375.0,1
smac-hard/jev_runs/p0-astra-all-maps-20260922-001/2m_vs_1z/jev,jev_gpt6,391.00000000325963,1
smac-hard/jev_runs/p0-astra-all-maps-20260922-001/2m_vs_1z/jev,jev_gpt6,389.9999999994179,1
smac-hard/jev_runs/p0-astra-all-maps-20260922-001/2m_vs_1z/jev,jev_gpt6,421.99999999138527,1
smac-hard/jev_runs/p0-astra-all-maps-20260922-001/2m_vs_1z/jev,jev_gpt6,389.9999999994179,1
smac-hard/jev_runs/p0-astra-all-maps-20260922-001/2m_vs_1z/jev,jev_gpt6,358.99999999674037,1
smac-hard/jev_runs/p0-astra-all-maps-20260922-001/2m_vs_1z/jev,jev_gpt6,391.00000000325963,1
smac-hard/jev_runs/p0-astra-all-maps-20260922-001/2m_vs_1z/jev,jev_gpt6,406.00000000267755,1
smac-hard/jev_runs/p0-astra-all-maps-20260922-001/2m_vs_1z/jev,jev_gpt6,405.99999998812564,1
smac-hard/jev_runs/p0-astra-all-maps-20260922-001/2m_vs_1z/jev,jev_gpt6,406.00000000267755,1
smac-hard/jev_runs/p0-astra-all-maps-20260922-001/2m_vs_1z/jev,jev_gpt6,406.00000000267755,1
smac-hard/jev_runs/p0-astra-all-maps-20260922-001/2m_vs_1z/jev,jev_gpt6,343.99999999732245,1
smac-hard/jev_runs/p0-astra-all-maps-20260922-001/2m_vs_1z/jev,jev_gpt6,406.99999999196734,1
smac-hard/jev_runs/p0-astra-all-maps-20260922-001/2m_vs_1z/jev,jev_gpt6,406.00000000267755,1
smac-hard/jev_runs/p0-astra-all-maps-20260922-001/2m_vs_1z/jev,jev_gpt6,406.00000000267755,1
smac-hard/jev_runs/p0-astra-all-maps-20260922-001/2m_vs_1z/jev,jev_gpt6,375.0,1
smac-hard/jev_runs/p0-astra-all-maps-20260922-001/2m_vs_1z/jev,jev_gpt6,389.9999999994179,1
smac-hard/jev_runs/p0-astra-all-maps-20260922-001/2m_vs_1z/jev,jev_gpt6,483.99999999674037,1
smac-hard/jev_runs/p0-astra-all-maps-20260922-001/2m_vs_1z/jev,jev_gpt6,375.0,1
smac-hard/jev_runs/p0-astra-all-maps-20260922-001/2m_vs_1z/jev,jev_gpt6,390.9999999887077,1
smac-hard/jev_runs/all-maps-20260921-001/corridor/jev,jev_only,1046.9999999986612,1
smac-hard/jev_runs/all-maps-20260921-001/corridor/jev,jev_only,406.00000000267755,1
smac-hard/jev_runs/all-maps-20260921-001/corridor/jev,jev_only,500.0,1
smac-hard/jev_runs/all-maps-20260921-001/corridor/jev,jev_only,453.0000000013388,1
smac-hard/jev_runs/all-maps-20260921-001/corridor/jev,jev_only,561.9999999980791,1
smac-hard/jev_runs/all-maps-20260921-001/corridor/jev,jev_only,1062.000000005355,2
smac-hard/jev_runs/all-maps-20260921-001/corridor/jev,jev_only,578.0000000013388,2
smac-hard/jev_runs/all-maps-20260921-001/corridor/jev,jev_only,514.9999999994179,2
smac-hard/jev_runs/all-maps-20260921-001/corridor/jev,jev_only,530.9999999954016,2
smac-hard/jev_runs/all-maps-20260921-001/corridor/jev,jev_only,641.0000000032596,2
smac-hard/jev_runs/all-maps-20260921-001/corridor/jev,jev_only,531.9999999992433,2
smac-hard/jev_runs/all-maps-20260921-001/corridor/jev,jev_only,500.0,2
smac-hard/jev_runs/all-maps-20260921-001/corridor/jev,jev_only,593.0000000007567,2
smac-hard/jev_runs/all-maps-20260921-001/corridor/jev,jev_only,718.0000000007567,2
smac-hard/jev_runs/all-maps-20260921-001/corridor/jev,jev_only,514.9999999994179,2
smac-hard/jev_runs/all-maps-20260921-001/corridor/jev,jev_only,531.9999999992433,2
smac-hard/jev_runs/all-maps-20260921-001/corridor/jev,jev_only,578.0000000013388,2
smac-hard/jev_runs/all-maps-20260921-001/corridor/jev,jev_only,546.9999999986612,2
smac-hard/jev_runs/all-maps-20260921-001/corridor/jev,jev_only,515.9999999959837,2
smac-hard/jev_runs/all-maps-20260921-001/corridor/jev,jev_only,514.9999999994179,2
smac-hard/jev_runs/all-maps-20260921-001/corridor/jev,jev_only,500.0,2
smac-hard/jev_runs/all-maps-20260921-001/corridor/jev,jev_only,530.9999999954016,1
smac-hard/jev_runs/all-maps-20260921-001/corridor/jev,jev_only,546.9999999986612,1
smac-hard/jev_runs/all-maps-20260921-001/corridor/jev,jev_only,531.0000000026776,1
smac-hard/jev_runs/all-maps-20260921-001/corridor/jev,jev_only,530.9999999954016,1
smac-hard/jev_runs/all-maps-20260921-001/corridor/jev,jev_only,500.0,1
smac-hard/jev_runs/all-maps-20260921-001/corridor/jev,jev_only,453.9999999979045,1
smac-hard/jev_runs/all-maps-20260921-001/corridor/jev,jev_only,468.99999999732245,1
smac-hard/jev_runs/all-maps-20260921-001/corridor/jev,jev_only,436.99999999807915,1
smac-hard/jev_runs/all-maps-20260921-001/corridor/jev,jev_only,405.9999999954016,1
smac-hard/jev_runs/all-maps-20260921-001/corridor/jev,jev_only,625.0,1
smac-hard/jev_runs/all-maps-20260921-001/corridor/jev,jev_only,421.9999999986612,1
smac-hard/jev_runs/all-maps-20260921-001/corridor/jev,jev_only,436.99999999807915,1
smac-hard/jev_runs/all-maps-20260921-001/corridor/jev,jev_only,389.9999999994179,1
smac-hard/jev_runs/all-maps-20260921-001/corridor/jev,jev_only,438.00000000192085,1
smac-hard/jev_runs/all-maps-20260921-001/corridor/jev,jev_only,391.00000000325963,1
smac-hard/jev_runs/all-maps-20260921-001/corridor/jev,jev_only,406.9999999992433,1
smac-hard/jev_runs/all-maps-20260921-001/corridor/jev,jev_only,390.99999999598367,1
smac-hard/jev_runs/all-maps-20260921-001/corridor/jev,jev_only,453.0000000013388,1
smac-hard/jev_runs/all-maps-20260921-001/corridor/jev,jev_only,641.0000000032596,1
smac-hard/jev_runs/all-maps-20260921-001/corridor/jev,jev_only,389.9999999994179,1
smac-hard/jev_runs/all-maps-20260921-001/corridor/jev,jev_only,421.9999999986612,1
smac-hard/jev_runs/all-maps-20260921-001/corridor/jev,jev_only,468.0000000007567,1
smac-hard/jev_runs/all-maps-20260921-001/corridor/jev,jev_only,516.0000000032596,1
smac-hard/jev_runs/all-maps-20260921-001/corridor/jev,jev_only,485.0000000005821,1
smac-hard/jev_runs/all-maps-20260921-001/corridor/jev,jev_only,1061.9999999980791,2
smac-hard/jev_runs/all-maps-20260921-001/corridor/jev,jev_only,468.0000000007567,2
smac-hard/jev_runs/all-maps-20260921-001/corridor/jev,jev_only,561.9999999980791,2
smac-hard/jev_runs/all-maps-20260921-001/corridor/jev,jev_only,514.9999999994179,2
smac-hard/jev_runs/all-maps-20260921-001/corridor/jev,jev_only,500.0,2
smac-hard/jev_runs/all-maps-20260921-001/corridor/jev,jev_only,531.0000000026776,2
smac-hard/jev_runs/all-maps-20260921-001/corridor/jev,jev_only,500.0,2
smac-hard/jev_runs/all-maps-20260921-001/corridor/jev,jev_only,750.0,2
smac-hard/jev_runs/all-maps-20260921-001/corridor/jev,jev_only,516.0000000032596,2
smac-hard/jev_runs/all-maps-20260921-001/corridor/jev,jev_only,561.9999999980791,2
smac-hard/jev_runs/all-maps-20260921-001/corridor/jev,jev_only,687.0000000053551,2
smac-hard/jev_runs/all-maps-20260921-001/corridor/jev,jev_only,531.0000000026776,2
smac-hard/jev_runs/all-maps-20260921-001/corridor/jev,jev_only,578.0000000013388,2
smac-hard/jev_runs/all-maps-20260921-001/corridor/jev,jev_only,516.0000000032596,2
smac-hard/jev_runs/all-maps-20260921-001/corridor/jev,jev_only,500.0,2
smac-hard/jev_runs/all-maps-20260921-001/corridor/jev,jev_only,796.9999999986612,2
smac-hard/jev_runs/all-maps-20260921-001/corridor/jev,jev_only,500.0,2
smac-hard/jev_runs/all-maps-20260921-001/corridor/jev,jev_only,686.9999999980791,1
smac-hard/jev_runs/all-maps-20260921-001/corridor/jev,jev_only,608.9999999967404,1
smac-hard/jev_runs/all-maps-20260921-001/corridor/jev,jev_only,563.0000000019209,1
smac-hard/jev_runs/all-maps-20260921-001/corridor/jev,jev_only,515.9999999959837,1
smac-hard/jev_runs/all-maps-20260921-001/corridor/jev,jev_only,546.0000000020955,1
smac-hard/jev_runs/all-maps-20260921-001/corridor/jev,jev_only,436.99999999807915,1
smac-hard/jev_runs/all-maps-20260921-001/corridor/jev,jev_only,436.99999999807915,1
smac-hard/jev_runs/all-maps-20260921-001/corridor/jev,jev_only,391.00000000325963,1
smac-hard/jev_runs/all-maps-20260921-001/corridor/jev,jev_only,406.00000000267755,1
smac-hard/jev_runs/all-maps-20260921-001/corridor/jev,jev_only,391.00000000325963,1
smac-hard/jev_runs/all-maps-20260921-001/corridor/jev,jev_only,421.9999999986612,1
smac-hard/jev_runs/all-maps-20260921-001/corridor/jev,jev_only,375.0,1
smac-hard/jev_runs/all-maps-20260921-001/corridor/jev,jev_only,390.99999999598367,1
smac-hard/jev_runs/all-maps-20260921-001/corridor/jev,jev_only,391.00000000325963,1
smac-hard/jev_runs/all-maps-20260921-001/corridor/jev,jev_only,453.0000000013388,1
smac-hard/jev_runs/all-maps-20260921-001/corridor/jev,jev_only,375.0,1
smac-hard/jev_runs/all-maps-20260921-001/corridor/jev,jev_only,469.0000000045984,1
smac-hard/jev_runs/all-maps-20260921-001/corridor/jev,jev_only,516.0000000032596,1
smac-hard/jev_runs/all-maps-20260921-001/corridor/jev,jev_only,938.0000000019209,2
smac-hard/jev_runs/all-maps-20260921-001/corridor/jev,jev_only,688.0000000019209,2
smac-hard/jev_runs/all-maps-20260921-001/corridor/jev,jev_only,735.0000000005821,2
smac-hard/jev_runs/all-maps-20260921-001/corridor/jev,jev_only,968.9999999973224,2
smac-hard/jev_runs/all-maps-20260921-001/corridor/jev,jev_only,671.9999999986612,2
smac-hard/jev_runs/all-maps-20260921-001/corridor/jev,jev_only,686.9999999980791,2
smac-hard/jev_runs/all-maps-20260921-001/corridor/jev,jev_only,546.9999999986612,2
smac-hard/jev_runs/all-maps-20260921-001/corridor/jev,jev_only,500.0,2
smac-hard/jev_runs/all-maps-20260921-001/corridor/jev,jev_only,485.0000000005821,2
smac-hard/jev_runs/all-maps-20260921-001/corridor/jev,jev_only,500.0,2
smac-hard/jev_runs/all-maps-20260921-001/corridor/jev,jev_only,546.9999999986612,2
smac-hard/jev_runs/all-maps-20260921-001/corridor/jev,jev_only,530.9999999954016,2
smac-hard/jev_runs/all-maps-20260921-001/corridor/jev,jev_only,485.0000000005821,2
smac-hard/jev_runs/all-maps-20260921-001/corridor/jev,jev_only,641.0000000032596,2
smac-hard/jev_runs/all-maps-20260921-001/corridor/jev,jev_only,639.9999999994179,2
smac-hard/jev_runs/all-maps-20260921-001/corridor/jev,jev_only,516.0000000032596,2
smac-hard/jev_runs/all-maps-20260921-001/corridor/jev,jev_only,578.0000000013388,1
smac-hard/jev_runs/all-maps-20260921-001/corridor/jev,jev_only,516.0000000032596,1
smac-hard/jev_runs/all-maps-20260921-001/corridor/jev,jev_only,750.0,1
smac-hard/jev_runs/all-maps-20260921-001/corridor/jev,jev_only,531.0000000026776,1
smac-hard/jev_runs/all-maps-20260921-001/corridor/jev,jev_only,514.9999999994179,1
smac-hard/jev_runs/all-maps-20260921-001/corridor/jev,jev_only,469.0000000045984,1
smac-hard/jev_runs/all-maps-20260921-001/corridor/jev,jev_only,453.9999999979045,1
smac-hard/jev_runs/all-maps-20260921-001/corridor/jev,jev_only,546.9999999986612,1
smac-hard/jev_runs/all-maps-20260921-001/corridor/jev,jev_only,405.9999999954016,1
smac-hard/jev_runs/all-maps-20260921-001/corridor/jev,jev_only,656.0000000026776,1
smac-hard/jev_runs/all-maps-20260921-001/corridor/jev,jev_only,469.0000000045984,1
smac-hard/jev_runs/all-maps-20260921-001/corridor/jev,jev_only,453.9999999979045,1
smac-hard/jev_runs/all-maps-20260921-001/corridor/jev,jev_only,610.0000000005821,1
smac-hard/jev_runs/all-maps-20260921-001/corridor/jev,jev_only,453.0000000013388,1
smac-hard/jev_runs/all-maps-20260921-001/corridor/jev,jev_only,422.0000000059372,1
smac-hard/jev_runs/all-maps-20260921-001/corridor/jev,jev_only,485.0000000005821,1
smac-hard/jev_runs/all-maps-20260921-001/corridor/jev,jev_only,406.9999999992433,1
smac-hard/jev_runs/all-maps-20260921-001/corridor/jev,jev_only,438.00000000192085,1
smac-hard/jev_runs/all-maps-20260921-001/corridor/jev,jev_only,421.9999999986612,1
smac-hard/jev_runs/p0-astra-all-maps-20260922-001/corridor/jev,jev_gpt6,5608.99999999674,1
smac-hard/jev_runs/p0-astra-all-maps-20260922-001/corridor/jev,jev_gpt6,515.9999999887077,1
smac-hard/jev_runs/p0-astra-all-maps-20260922-001/corridor/jev,jev_gpt6,469.00000001187436,1
smac-hard/jev_runs/p0-astra-all-maps-20260922-001/corridor/jev,jev_gpt6,453.00000000861473,1
smac-hard/jev_runs/p0-astra-all-maps-20260922-001/corridor/jev,jev_gpt6,500.0,1
smac-hard/jev_runs/p0-astra-all-maps-20260922-001/corridor/jev,jev_gpt6,562.9999999946449,1
smac-hard/jev_runs/p0-astra-all-maps-20260922-001/corridor/jev,jev_gpt6,485.0000000005821,1
smac-hard/jev_runs/p0-astra-all-maps-20260922-001/corridor/jev,jev_gpt6,500.0,1
smac-hard/jev_runs/p0-astra-all-maps-20260922-001/corridor/jev,jev_gpt6,421.99999999138527,1
smac-hard/jev_runs/p0-astra-all-maps-20260922-001/corridor/jev,jev_gpt6,438.0000000091968,1
smac-hard/jev_runs/p0-astra-all-maps-20260922-001/corridor/jev,jev_gpt6,500.0,1
smac-hard/jev_runs/p0-astra-all-maps-20260922-001/corridor/jev,jev_gpt6,547.0000000059372,1
smac-hard/jev_runs/p0-astra-all-maps-20260922-001/corridor/jev,jev_gpt6,546.9999999913853,1
smac-hard/jev_runs/p0-astra-all-maps-20260922-001/corridor/jev,jev_gpt6,516.0000000032596,1
smac-hard/jev_runs/p0-astra-all-maps-20260922-001/corridor/jev,jev_gpt6,500.0,1
smac-hard/jev_runs/p0-astra-all-maps-20260922-001/corridor/jev,jev_gpt6,5031.999999991967,2
smac-hard/jev_runs/p0-astra-all-maps-20260922-001/corridor/jev,jev_gpt6,593.9999999973224,2
smac-hard/jev_runs/p0-astra-all-maps-20260922-001/corridor/jev,jev_gpt6,562.0000000053551,1
smac-hard/jev_runs/p0-astra-all-maps-20260922-001/corridor/jev,jev_gpt6,531.0000000026776,2
smac-hard/jev_runs/p0-astra-all-maps-20260922-001/corridor/jev,jev_gpt6,546.9999999913853,2
smac-hard/jev_runs/p0-astra-all-maps-20260922-001/corridor/jev,jev_gpt6,500.0,2
smac-hard/jev_runs/p0-astra-all-maps-20260922-001/corridor/jev,jev_gpt6,546.0000000020955,2
smac-hard/jev_runs/p0-astra-all-maps-20260922-001/corridor/jev,jev_gpt6,514.9999999994179,2
smac-hard/jev_runs/p0-astra-all-maps-20260922-001/corridor/jev,jev_gpt6,577.9999999940628,1
smac-hard/jev_runs/p0-astra-all-maps-20260922-001/corridor/jev,jev_gpt6,547.0000000059372,1
smac-hard/jev_runs/p0-astra-all-maps-20260922-001/corridor/jev,jev_gpt6,547.0000000059372,1
smac-hard/jev_runs/p0-astra-all-maps-20260922-001/corridor/jev,jev_gpt6,703.9999999979045,1
smac-hard/jev_runs/p0-astra-all-maps-20260922-001/corridor/jev,jev_gpt6,547.0000000059372,1
smac-hard/jev_runs/p0-astra-all-maps-20260922-001/corridor/jev,jev_gpt6,610.0000000005821,1
smac-hard/jev_runs/p0-astra-all-maps-20260922-001/corridor/jev,jev_gpt6,530.9999999881256,1
smac-hard/jev_runs/p0-astra-all-maps-20260922-001/corridor/jev,jev_gpt6,546.0000000020955,1
smac-hard/jev_runs/p0-astra-all-maps-20260922-001/corridor/jev,jev_gpt6,531.0000000026776,1
smac-hard/jev_runs/p0-astra-all-maps-20260922-001/corridor/jev,jev_gpt6,483.99999999674037,1
smac-hard/jev_runs/p0-astra-all-maps-20260922-001/corridor/jev,jev_gpt6,531.0000000026776,1
smac-hard/jev_runs/p0-astra-all-maps-20260922-001/corridor/jev,jev_gpt6,515.9999999887077,1
smac-hard/jev_runs/p0-astra-all-maps-20260922-001/corridor/jev,jev_gpt6,516.0000000032596,1
smac-hard/jev_runs/p0-astra-all-maps-20260922-001/corridor/jev,jev_gpt6,452.9999999940628,1
smac-hard/jev_runs/p0-astra-all-maps-20260922-001/corridor/jev,jev_gpt6,437.0000000053551,1
smac-hard/jev_runs/p0-astra-all-maps-20260922-001/corridor/jev,jev_gpt6,468.00000000803266,1
smac-hard/jev_runs/p0-astra-all-maps-20260922-001/corridor/jev,jev_gpt6,468.00000000803266,1
smac-hard/jev_runs/p0-astra-all-maps-20260922-001/corridor/jev,jev_gpt6,546.9999999913853,1
smac-hard/jev_runs/p0-astra-all-maps-20260922-001/corridor/jev,jev_gpt6,437.9999999946449,1
smac-hard/jev_runs/p0-astra-all-maps-20260922-001/corridor/jev,jev_gpt6,516.0000000032596,1
smac-hard/jev_runs/p0-astra-all-maps-20260922-001/corridor/jev,jev_gpt6,483.99999999674037,1
smac-hard/jev_runs/p0-astra-all-maps-20260922-001/corridor/jev,jev_gpt6,421.0000000020955,1
smac-hard/jev_runs/p0-astra-all-maps-20260922-001/corridor/jev,jev_gpt6,437.9999999946449,1
smac-hard/jev_runs/p0-astra-all-maps-20260922-001/corridor/jev,jev_gpt6,391.00000000325963,1
smac-hard/jev_runs/p0-astra-all-maps-20260922-001/corridor/jev,jev_gpt6,406.99999999196734,1
smac-hard/jev_runs/p0-astra-all-maps-20260922-001/corridor/jev,jev_gpt6,469.00000001187436,1
smac-hard/jev_runs/p0-astra-all-maps-20260922-001/corridor/jev,jev_gpt6,453.00000000861473,1
smac-hard/jev_runs/p0-astra-all-maps-20260922-001/corridor/jev,jev_gpt6,546.9999999913853,1
smac-hard/jev_runs/p0-astra-all-maps-20260922-001/corridor/jev,jev_gpt6,406.99999999196734,1
smac-hard/jev_runs/p0-astra-all-maps-20260922-001/corridor/jev,jev_gpt6,422.0000000059372,1
smac-hard/jev_runs/p0-astra-all-maps-20260922-001/corridor/jev,jev_gpt6,531.0000000026776,1
smac-hard/jev_runs/p0-astra-all-maps-20260922-001/corridor/jev,jev_gpt6,421.99999999138527,1
smac-hard/jev_runs/p0-astra-all-maps-20260922-001/corridor/jev,jev_gpt6,421.0000000020955,1
smac-hard/jev_runs/p0-astra-all-maps-20260922-001/corridor/jev,jev_gpt6,405.99999998812564,1
smac-hard/jev_runs/p0-astra-all-maps-20260922-001/corridor/jev,jev_gpt6,421.0000000020955,1
smac-hard/jev_runs/p0-astra-all-maps-20260922-001/corridor/jev,jev_gpt6,437.9999999946449,1
smac-hard/jev_runs/p0-astra-all-maps-20260922-001/corridor/jev,jev_gpt6,406.00000000267755,1
smac-hard/jev_runs/p0-astra-all-maps-20260922-001/corridor/jev,jev_gpt6,437.9999999946449,1
smac-hard/jev_runs/p0-astra-all-maps-20260922-001/corridor/jev,jev_gpt6,468.99999999732245,1
smac-hard/jev_runs/p0-astra-all-maps-20260922-001/corridor/jev,jev_gpt6,500.0,1
smac-hard/jev_runs/p0-astra-all-maps-20260922-001/corridor/jev,jev_gpt6,500.0,1
smac-hard/jev_runs/p0-astra-all-maps-20260922-001/corridor/jev,jev_gpt6,593.9999999973224,1
smac-hard/jev_runs/p0-astra-all-maps-20260922-001/corridor/jev,jev_gpt6,531.0000000026776,1
smac-hard/jev_runs/p0-astra-all-maps-20260922-001/corridor/jev,jev_gpt6,561.9999999908032,1
smac-hard/jev_runs/p0-astra-all-maps-20260922-001/corridor/jev,jev_gpt6,1342.9999999934807,2
smac-hard/jev_runs/p0-astra-all-maps-20260922-001/corridor/jev,jev_gpt6,500.0,2
smac-hard/jev_runs/p0-astra-all-maps-20260922-001/corridor/jev,jev_gpt6,577.9999999940628,2
smac-hard/jev_runs/p0-astra-all-maps-20260922-001/corridor/jev,jev_gpt6,485.0000000005821,2
smac-hard/jev_runs/p0-astra-all-maps-20260922-001/corridor/jev,jev_gpt6,562.9999999946449,2
smac-hard/jev_runs/p0-astra-all-maps-20260922-001/corridor/jev,jev_gpt6,531.0000000026776,1
smac-hard/jev_runs/p0-astra-all-maps-20260922-001/corridor/jev,jev_gpt6,608.9999999967404,1
smac-hard/jev_runs/p0-astra-all-maps-20260922-001/corridor/jev,jev_gpt6,593.9999999973224,1
smac-hard/jev_runs/p0-astra-all-maps-20260922-001/corridor/jev,jev_gpt6,531.9999999919673,1
smac-hard/jev_runs/p0-astra-all-maps-20260922-001/corridor/jev,jev_gpt6,531.0000000026776,1
smac-hard/jev_runs/p0-astra-all-maps-20260922-001/corridor/jev,jev_gpt6,577.9999999940628,1
smac-hard/jev_runs/p0-astra-all-maps-20260922-001/corridor/jev,jev_gpt6,577.9999999940628,1
smac-hard/jev_runs/p0-astra-all-maps-20260922-001/corridor/jev,jev_gpt6,531.0000000026776,1
smac-hard/jev_runs/p0-astra-all-maps-20260922-001/corridor/jev,jev_gpt6,546.9999999913853,1
smac-hard/jev_runs/p0-astra-all-maps-20260922-001/corridor/jev,jev_gpt6,483.99999999674037,1
smac-hard/jev_runs/p0-astra-all-maps-20260922-001/corridor/jev,jev_gpt6,500.0,1
smac-hard/jev_runs/p0-astra-all-maps-20260922-001/corridor/jev,jev_gpt6,485.0000000005821,1
smac-hard/jev_runs/p0-astra-all-maps-20260922-001/corridor/jev,jev_gpt6,483.99999999674037,1
smac-hard/jev_runs/p0-astra-all-maps-20260922-001/corridor/jev,jev_gpt6,516.0000000032596,1
smac-hard/jev_runs/p0-astra-all-maps-20260922-001/corridor/jev,jev_gpt6,437.0000000053551,1
smac-hard/jev_runs/p0-astra-all-maps-20260922-001/corridor/jev,jev_gpt6,608.9999999967404,1
smac-hard/jev_runs/p0-astra-all-maps-20260922-001/corridor/jev,jev_gpt6,468.99999999732245,1
smac-hard/jev_runs/p0-astra-all-maps-20260922-001/corridor/jev,jev_gpt6,468.99999999732245,1
smac-hard/jev_runs/p0-astra-all-maps-20260922-001/corridor/jev,jev_gpt6,452.9999999940628,1
smac-hard/jev_runs/p0-astra-all-maps-20260922-001/corridor/jev,jev_gpt6,485.0000000005821,1
smac-hard/jev_runs/p0-astra-all-maps-20260922-001/corridor/jev,jev_gpt6,468.99999999732245,1
smac-hard/jev_runs/p0-astra-all-maps-20260922-001/corridor/jev,jev_gpt6,452.9999999940628,1
smac-hard/jev_runs/p0-astra-all-maps-20260922-001/corridor/jev,jev_gpt6,453.00000000861473,1
smac-hard/jev_runs/p0-astra-all-maps-20260922-001/corridor/jev,jev_gpt6,406.99999999196734,1
smac-hard/jev_runs/p0-astra-all-maps-20260922-001/corridor/jev,jev_gpt6,422.0000000059372,1
smac-hard/jev_runs/p0-astra-all-maps-20260922-001/corridor/jev,jev_gpt6,421.99999999138527,1
smac-hard/jev_runs/p0-astra-all-maps-20260922-001/corridor/jev,jev_gpt6,467.99999999348074,1
smac-hard/jev_runs/p0-astra-all-maps-20260922-001/corridor/jev,jev_gpt6,922.0000000059372,1
smac-hard/jev_runs/p0-astra-all-maps-20260922-001/corridor/jev,jev_gpt6,421.99999999138527,1
smac-hard/jev_runs/p0-astra-all-maps-20260922-001/corridor/jev,jev_gpt6,422.0000000059372,1
smac-hard/jev_runs/p0-astra-all-maps-20260922-001/corridor/jev,jev_gpt6,406.99999999196734,1
smac-hard/jev_runs/p0-astra-all-maps-20260922-001/corridor/jev,jev_gpt6,453.00000000861473,1
smac-hard/jev_runs/p0-astra-all-maps-20260922-001/corridor/jev,jev_gpt6,421.99999999138527,1
smac-hard/jev_runs/p0-astra-all-maps-20260922-001/corridor/jev,jev_gpt6,452.9999999940628,1
smac-hard/jev_runs/p0-astra-all-maps-20260922-001/corridor/jev,jev_gpt6,500.0,1
smac-hard/jev_runs/p0-astra-all-maps-20260922-001/corridor/jev,jev_gpt6,438.0000000091968,1
smac-hard/jev_runs/p0-astra-all-maps-20260922-001/corridor/jev,jev_gpt6,437.9999999946449,1
smac-hard/jev_runs/p0-astra-all-maps-20260922-001/corridor/jev,jev_gpt6,421.0000000020955,1
smac-hard/jev_runs/p0-astra-all-maps-20260922-001/corridor/jev,jev_gpt6,452.9999999940628,1
smac-hard/jev_runs/p0-astra-all-maps-20260922-001/corridor/jev,jev_gpt6,421.99999999138527,1
smac-hard/jev_runs/p0-astra-all-maps-20260922-001/corridor/jev,jev_gpt6,500.0,1
smac-hard/jev_runs/p0-astra-all-maps-20260922-001/corridor/jev,jev_gpt6,390.9999999887077,1
smac-hard/jev_runs/p0-astra-all-maps-20260922-001/corridor/jev,jev_gpt6,468.99999999732245,1
smac-hard/jev_runs/p0-astra-all-maps-20260922-001/corridor/jev,jev_gpt6,422.0000000059372,1
smac-hard/jev_runs/p0-astra-all-maps-20260922-001/corridor/jev,jev_gpt6,452.9999999940628,1
smac-hard/jev_runs/p0-astra-all-maps-20260922-001/corridor/jev,jev_gpt6,422.0000000059372,1
smac-hard/jev_runs/p0-astra-all-maps-20260922-001/corridor/jev,jev_gpt6,405.99999998812564,1
smac-hard/jev_runs/p0-astra-all-maps-20260922-001/corridor/jev,jev_gpt6,422.0000000059372,1
smac-hard/jev_runs/p0-astra-all-maps-20260922-001/corridor/jev,jev_gpt6,406.99999999196734,1
smac-hard/jev_runs/p0-astra-all-maps-20260922-001/corridor/jev,jev_gpt6,438.0000000091968,1
smac-hard/jev_runs/p0-astra-all-maps-20260922-001/corridor/jev,jev_gpt6,453.9999999979045,1
smac-hard/jev_runs/p0-astra-all-maps-20260922-001/corridor/jev,jev_gpt6,547.0000000059372,1
smac-hard/jev_runs/p0-astra-all-maps-20260922-001/corridor/jev,jev_gpt6,547.0000000059372,1
smac-hard/jev_runs/p0-astra-all-maps-20260922-001/corridor/jev,jev_gpt6,531.0000000026776,1
smac-hard/jev_runs/p0-astra-all-maps-20260922-001/corridor/jev,jev_gpt6,500.0,1
smac-hard/jev_runs/p0-astra-all-maps-20260922-001/corridor/jev,jev_gpt6,5656.000000002678,2
smac-hard/jev_runs/p0-astra-all-maps-20260922-001/corridor/jev,jev_gpt6,7202.999999994063,2
smac-hard/jev_runs/p0-astra-all-maps-20260922-001/corridor/jev,jev_gpt6,7235.000000000582,2
smac-hard/jev_runs/p0-astra-all-maps-20260922-001/corridor/jev,jev_gpt6,1233.9999999967404,2
smac-hard/jev_runs/p0-astra-all-maps-20260922-001/corridor/jev,jev_gpt6,483.99999999674037,2
smac-hard/jev_runs/p0-astra-all-maps-20260922-001/corridor/jev,jev_gpt6,514.9999999994179,2
smac-hard/jev_runs/p0-astra-all-maps-20260922-001/corridor/jev,jev_gpt6,500.0,2
smac-hard/jev_runs/p0-astra-all-maps-20260922-001/corridor/jev,jev_gpt6,500.0,1
smac-hard/jev_runs/p0-astra-all-maps-20260922-001/corridor/jev,jev_gpt6,515.9999999887077,1
smac-hard/jev_runs/p0-astra-all-maps-20260922-001/corridor/jev,jev_gpt6,672.0000000059372,1
smac-hard/jev_runs/p0-astra-all-maps-20260922-001/corridor/jev,jev_gpt6,500.0,1
smac-hard/jev_runs/p0-astra-all-maps-20260922-001/corridor/jev,jev_gpt6,453.00000000861473,1
smac-hard/jev_runs/p0-astra-all-maps-20260922-001/corridor/jev,jev_gpt6,468.99999999732245,1
smac-hard/jev_runs/p0-astra-all-maps-20260922-001/corridor/jev,jev_gpt6,515.9999999887077,1
smac-hard/jev_runs/p0-astra-all-maps-20260922-001/corridor/jev,jev_gpt6,453.00000000861473,1
smac-hard/jev_runs/p0-astra-all-maps-20260922-001/corridor/jev,jev_gpt6,500.0,1
smac-hard/jev_runs/p0-astra-all-maps-20260922-001/corridor/jev,jev_gpt6,516.0000000032596,1
smac-hard/jev_runs/p0-astra-all-maps-20260922-001/corridor/jev,jev_gpt6,452.9999999940628,1
smac-hard/jev_runs/p0-astra-all-maps-20260922-001/corridor/jev,jev_gpt6,531.0000000026776,1
smac-hard/jev_runs/p0-astra-all-maps-20260922-001/corridor/jev,jev_gpt6,468.99999999732245,1
smac-hard/jev_runs/p0-astra-all-maps-20260922-001/corridor/jev,jev_gpt6,436.9999999908032,1
smac-hard/jev_runs/p0-astra-all-maps-20260922-001/corridor/jev,jev_gpt6,453.00000000861473,1
smac-hard/jev_runs/p0-astra-all-maps-20260922-001/corridor/jev,jev_gpt6,453.00000000861473,1
smac-hard/jev_runs/p0-astra-all-maps-20260922-001/corridor/jev,jev_gpt6,453.00000000861473,1
smac-hard/jev_runs/p0-astra-all-maps-20260922-001/corridor/jev,jev_gpt6,468.99999999732245,1
smac-hard/jev_runs/p0-astra-all-maps-20260922-001/corridor/jev,jev_gpt6,406.00000000267755,1
smac-hard/jev_runs/p0-astra-all-maps-20260922-001/corridor/jev,jev_gpt6,406.00000000267755,1
smac-hard/jev_runs/p0-astra-all-maps-20260922-001/corridor/jev,jev_gpt6,437.9999999946449,1
smac-hard/jev_runs/p0-astra-all-maps-20260922-001/corridor/jev,jev_gpt6,407.00000000651926,1
smac-hard/jev_runs/p0-astra-all-maps-20260922-001/corridor/jev,jev_gpt6,406.00000000267755,1
smac-hard/jev_runs/p0-astra-all-maps-20260922-001/corridor/jev,jev_gpt6,389.9999999994179,1
smac-hard/jev_runs/p0-astra-all-maps-20260922-001/corridor/jev,jev_gpt6,422.0000000059372,1
smac-hard/jev_runs/p0-astra-all-maps-20260922-001/corridor/jev,jev_gpt6,391.00000000325963,1
smac-hard/jev_runs/p0-astra-all-maps-20260922-001/corridor/jev,jev_gpt6,389.9999999994179,1
smac-hard/jev_runs/p0-astra-all-maps-20260922-001/corridor/jev,jev_gpt6,453.00000000861473,1
smac-hard/jev_runs/p0-astra-all-maps-20260922-001/corridor/jev,jev_gpt6,406.00000000267755,1
smac-hard/jev_runs/p0-astra-all-maps-20260922-001/corridor/jev,jev_gpt6,483.99999999674037,1
smac-hard/jev_runs/p0-astra-all-maps-20260922-001/corridor/jev,jev_gpt6,406.00000000267755,1
smac-hard/jev_runs/p0-astra-all-maps-20260922-001/corridor/jev,jev_gpt6,421.99999999138527,1
smac-hard/jev_runs/p0-astra-all-maps-20260922-001/corridor/jev,jev_gpt6,467.99999999348074,1
smac-hard/jev_runs/p0-astra-all-maps-20260922-001/corridor/jev,jev_gpt6,453.00000000861473,1
smac-hard/jev_runs/p0-astra-all-maps-20260922-001/corridor/jev,jev_gpt6,406.00000000267755,1
smac-hard/jev_runs/p0-astra-all-maps-20260922-001/corridor/jev,jev_gpt6,421.0000000020955,1
smac-hard/jev_runs/p0-astra-all-maps-20260922-001/corridor/jev,jev_gpt6,421.99999999138527,1
smac-hard/jev_runs/p0-astra-all-maps-20260922-001/corridor/jev,jev_gpt6,437.0000000053551,1
smac-hard/jev_runs/p0-astra-all-maps-20260922-001/corridor/jev,jev_gpt6,562.0000000053551,1
smac-hard/jev_runs/p0-astra-all-maps-20260922-001/corridor/jev,jev_gpt6,436.9999999908032,1
smac-hard/jev_runs/p0-astra-all-maps-20260922-001/corridor/jev,jev_gpt6,453.00000000861473,1
smac-hard/jev_runs/p0-astra-all-maps-20260922-001/corridor/jev,jev_gpt6,422.0000000059372,1
smac-hard/jev_runs/p0-astra-all-maps-20260922-001/corridor/jev,jev_gpt6,437.9999999946449,1
smac-hard/jev_runs/p0-astra-all-maps-20260922-001/corridor/jev,jev_gpt6,391.00000000325963,1
smac-hard/jev_runs/p0-astra-all-maps-20260922-001/corridor/jev,jev_gpt6,500.0,1
smac-hard/jev_runs/p0-astra-all-maps-20260922-001/corridor/jev,jev_gpt6,531.0000000026776,1
smac-hard/jev_runs/p0-astra-all-maps-20260922-001/corridor/jev,jev_gpt6,437.9999999946449,1
smac-hard/jev_runs/p0-astra-all-maps-20260922-001/corridor/jev,jev_gpt6,391.00000000325963,1
smac-hard/jev_runs/p0-astra-all-maps-20260922-001/corridor/jev,jev_gpt6,437.9999999946449,1
smac-hard/jev_runs/p0-astra-all-maps-20260922-001/corridor/jev,jev_gpt6,421.0000000020955,1
smac-hard/jev_runs/p0-astra-all-maps-20260922-001/corridor/jev,jev_gpt6,390.9999999887077,1
smac-hard/jev_runs/p0-astra-all-maps-20260922-001/corridor/jev,jev_gpt6,389.9999999994179,1
smac-hard/jev_runs/p0-astra-all-maps-20260922-001/corridor/jev,jev_gpt6,483.99999999674037,1
smac-hard/jev_runs/p0-astra-all-maps-20260922-001/corridor/jev,jev_gpt6,391.00000000325963,1
smac-hard/jev_runs/p0-astra-all-maps-20260922-001/corridor/jev,jev_gpt6,562.9999999946449,1
smac-hard/jev_runs/all-maps-20260921-001/6h_vs_8z/jev,jev_only,1155.9999999954016,1
smac-hard/jev_runs/all-maps-20260921-001/6h_vs_8z/jev,jev_only,468.0000000007567,1
smac-hard/jev_runs/all-maps-20260921-001/6h_vs_8z/jev,jev_only,469.0000000045984,1
smac-hard/jev_runs/all-maps-20260921-001/6h_vs_8z/jev,jev_only,813.0000000019209,1
smac-hard/jev_runs/all-maps-20260921-001/6h_vs_8z/jev,jev_only,500.0,1
smac-hard/jev_runs/all-maps-20260921-001/6h_vs_8z/jev,jev_only,578.0000000013388,1
smac-hard/jev_runs/all-maps-20260921-001/6h_vs_8z/jev,jev_only,530.9999999954016,1
smac-hard/jev_runs/all-maps-20260921-001/6h_vs_8z/jev,jev_only,468.0000000007567,1
smac-hard/jev_runs/all-maps-20260921-001/6h_vs_8z/jev,jev_only,484.00000000401633,1
smac-hard/jev_runs/all-maps-20260921-001/6h_vs_8z/jev,jev_only,1328.0000000013388,1
smac-hard/jev_runs/all-maps-20260921-001/6h_vs_8z/jev,jev_only,609.0000000040163,1
smac-hard/jev_runs/all-maps-20260921-001/6h_vs_8z/jev,jev_only,594.0000000045984,1
smac-hard/jev_runs/all-maps-20260921-001/6h_vs_8z/jev,jev_only,625.0,1
smac-hard/jev_runs/all-maps-20260921-001/6h_vs_8z/jev,jev_only,389.9999999994179,1
smac-hard/jev_runs/all-maps-20260921-001/6h_vs_8z/jev,jev_only,453.0000000013388,1
smac-hard/jev_runs/all-maps-20260921-001/6h_vs_8z/jev,jev_only,405.9999999954016,1
smac-hard/jev_runs/all-maps-20260921-001/6h_vs_8z/jev,jev_only,375.0,1
smac-hard/jev_runs/all-maps-20260921-001/6h_vs_8z/jev,jev_only,436.99999999807915,1
smac-hard/jev_runs/all-maps-20260921-001/6h_vs_8z/jev,jev_only,468.0000000007567,1
smac-hard/jev_runs/all-maps-20260921-001/6h_vs_8z/jev,jev_only,453.0000000013388,1
smac-hard/jev_runs/all-maps-20260921-001/6h_vs_8z/jev,jev_only,436.99999999807915,1
smac-hard/jev_runs/all-maps-20260921-001/6h_vs_8z/jev,jev_only,483.99999999674037,1
smac-hard/jev_runs/all-maps-20260921-001/6h_vs_8z/jev,jev_only,468.99999999732245,1
smac-hard/jev_runs/all-maps-20260921-001/6h_vs_8z/jev,jev_only,468.99999999732245,1
smac-hard/jev_runs/all-maps-20260921-001/6h_vs_8z/jev,jev_only,436.99999999807915,1
smac-hard/jev_runs/all-maps-20260921-001/6h_vs_8z/jev,jev_only,546.9999999986612,1
smac-hard/jev_runs/all-maps-20260921-001/6h_vs_8z/jev,jev_only,421.9999999986612,1
smac-hard/jev_runs/all-maps-20260921-001/6h_vs_8z/jev,jev_only,468.0000000007567,1
smac-hard/jev_runs/all-maps-20260921-001/6h_vs_8z/jev,jev_only,516.0000000032596,1
smac-hard/jev_runs/all-maps-20260921-001/6h_vs_8z/jev,jev_only,406.9999999992433,1
smac-hard/jev_runs/all-maps-20260921-001/6h_vs_8z/jev,jev_only,406.00000000267755,1
smac-hard/jev_runs/all-maps-20260921-001/6h_vs_8z/jev,jev_only,406.00000000267755,1
smac-hard/jev_runs/all-maps-20260921-001/6h_vs_8z/jev,jev_only,406.00000000267755,1
smac-hard/jev_runs/all-maps-20260921-001/6h_vs_8z/jev,jev_only,405.9999999954016,1
smac-hard/jev_runs/all-maps-20260921-001/6h_vs_8z/jev,jev_only,375.0,1
smac-hard/jev_runs/all-maps-20260921-001/6h_vs_8z/jev,jev_only,438.00000000192085,1
smac-hard/jev_runs/all-maps-20260921-001/6h_vs_8z/jev,jev_only,406.9999999992433,1
smac-hard/jev_runs/all-maps-20260921-001/6h_vs_8z/jev,jev_only,453.0000000013388,1
smac-hard/jev_runs/all-maps-20260921-001/6h_vs_8z/jev,jev_only,453.0000000013388,1
smac-hard/jev_runs/all-maps-20260921-001/6h_vs_8z/jev,jev_only,437.9999999946449,1
smac-hard/jev_runs/all-maps-20260921-001/6h_vs_8z/jev,jev_only,421.0000000020955,1
smac-hard/jev_runs/all-maps-20260921-001/6h_vs_8z/jev,jev_only,625.0,1
smac-hard/jev_runs/all-maps-20260921-001/6h_vs_8z/jev,jev_only,625.0,1
smac-hard/jev_runs/all-maps-20260921-001/6h_vs_8z/jev,jev_only,625.0,1
smac-hard/jev_runs/all-maps-20260921-001/6h_vs_8z/jev,jev_only,468.99999999732245,1
smac-hard/jev_runs/all-maps-20260921-001/6h_vs_8z/jev,jev_only,608.9999999967404,1
smac-hard/jev_runs/all-maps-20260921-001/6h_vs_8z/jev,jev_only,468.0000000007567,1
smac-hard/jev_runs/all-maps-20260921-001/6h_vs_8z/jev,jev_only,453.0000000013388,1
smac-hard/jev_runs/all-maps-20260921-001/6h_vs_8z/jev,jev_only,437.9999999946449,1
smac-hard/jev_runs/all-maps-20260921-001/6h_vs_8z/jev,jev_only,421.0000000020955,1
smac-hard/jev_runs/all-maps-20260921-001/6h_vs_8z/jev,jev_only,421.9999999986612,1
smac-hard/jev_runs/all-maps-20260921-001/6h_vs_8z/jev,jev_only,406.00000000267755,1
smac-hard/jev_runs/all-maps-20260921-001/6h_vs_8z/jev,jev_only,406.9999999992433,1
smac-hard/jev_runs/all-maps-20260921-001/6h_vs_8z/jev,jev_only,453.0000000013388,1
smac-hard/jev_runs/all-maps-20260921-001/6h_vs_8z/jev,jev_only,390.99999999598367,1
smac-hard/jev_runs/all-maps-20260921-001/6h_vs_8z/jev,jev_only,421.9999999986612,1
smac-hard/jev_runs/all-maps-20260921-001/6h_vs_8z/jev,jev_only,453.0000000013388,1
smac-hard/jev_runs/p0-astra-all-maps-20260922-001/6h_vs_8z/jev,jev_gpt6,2359.0000000112923,1
smac-hard/jev_runs/p0-astra-all-maps-20260922-001/6h_vs_8z/jev,jev_gpt6,453.00000000861473,1
smac-hard/jev_runs/p0-astra-all-maps-20260922-001/6h_vs_8z/jev,jev_gpt6,452.9999999940628,1
smac-hard/jev_runs/p0-astra-all-maps-20260922-001/6h_vs_8z/jev,jev_gpt6,468.99999999732245,1
smac-hard/jev_runs/p0-astra-all-maps-20260922-001/6h_vs_8z/jev,jev_gpt6,500.0,1
smac-hard/jev_runs/p0-astra-all-maps-20260922-001/6h_vs_8z/jev,jev_gpt6,468.99999999732245,1
smac-hard/jev_runs/p0-astra-all-maps-20260922-001/6h_vs_8z/jev,jev_gpt6,421.99999999138527,1
smac-hard/jev_runs/p0-astra-all-maps-20260922-001/6h_vs_8z/jev,jev_gpt6,468.99999999732245,1
smac-hard/jev_runs/p0-astra-all-maps-20260922-001/6h_vs_8z/jev,jev_gpt6,469.00000001187436,1
smac-hard/jev_runs/p0-astra-all-maps-20260922-001/6h_vs_8z/jev,jev_gpt6,468.99999999732245,1
smac-hard/jev_runs/p0-astra-all-maps-20260922-001/6h_vs_8z/jev,jev_gpt6,485.0000000005821,1
smac-hard/jev_runs/p0-astra-all-maps-20260922-001/6h_vs_8z/jev,jev_gpt6,485.0000000005821,1
smac-hard/jev_runs/p0-astra-all-maps-20260922-001/6h_vs_8z/jev,jev_gpt6,484.0000000112923,1
smac-hard/jev_runs/p0-astra-all-maps-20260922-001/6h_vs_8z/jev,jev_gpt6,453.00000000861473,1
smac-hard/jev_runs/p0-astra-all-maps-20260922-001/6h_vs_8z/jev,jev_gpt6,421.99999999138527,1
smac-hard/jev_runs/p0-astra-all-maps-20260922-001/6h_vs_8z/jev,jev_gpt6,453.00000000861473,1
smac-hard/jev_runs/p0-astra-all-maps-20260922-001/6h_vs_8z/jev,jev_gpt6,422.0000000059372,1
smac-hard/jev_runs/p0-astra-all-maps-20260922-001/6h_vs_8z/jev,jev_gpt6,483.99999999674037,1
smac-hard/jev_runs/p0-astra-all-maps-20260922-001/6h_vs_8z/jev,jev_gpt6,452.9999999940628,1
smac-hard/jev_runs/p0-astra-all-maps-20260922-001/6h_vs_8z/jev,jev_gpt6,422.0000000059372,1
smac-hard/jev_runs/p0-astra-all-maps-20260922-001/6h_vs_8z/jev,jev_gpt6,375.0,1
smac-hard/jev_runs/p0-astra-all-maps-20260922-001/6h_vs_8z/jev,jev_gpt6,468.99999999732245,1
smac-hard/jev_runs/p0-astra-all-maps-20260922-001/6h_vs_8z/jev,jev_gpt6,391.00000000325963,1
smac-hard/jev_runs/p0-astra-all-maps-20260922-001/6h_vs_8z/jev,jev_gpt6,343.99999999732245,1
smac-hard/jev_runs/p0-astra-all-maps-20260922-001/6h_vs_8z/jev,jev_gpt6,375.0,1
smac-hard/jev_runs/p0-astra-all-maps-20260922-001/6h_vs_8z/jev,jev_gpt6,391.00000000325963,1
smac-hard/jev_runs/p0-astra-all-maps-20260922-001/6h_vs_8z/jev,jev_gpt6,516.0000000032596,1
smac-hard/jev_runs/p0-astra-all-maps-20260922-001/6h_vs_8z/jev,jev_gpt6,421.99999999138527,1
smac-hard/jev_runs/p0-astra-all-maps-20260922-001/6h_vs_8z/jev,jev_gpt6,453.00000000861473,1
smac-hard/jev_runs/p0-astra-all-maps-20260922-001/6h_vs_8z/jev,jev_gpt6,437.0000000053551,1
smac-hard/jev_runs/p0-astra-all-maps-20260922-001/6h_vs_8z/jev,jev_gpt6,483.99999999674037,1
smac-hard/jev_runs/p0-astra-all-maps-20260922-001/6h_vs_8z/jev,jev_gpt6,453.9999999979045,1
smac-hard/jev_runs/p0-astra-all-maps-20260922-001/6h_vs_8z/jev,jev_gpt6,452.9999999940628,1
smac-hard/jev_runs/p0-astra-all-maps-20260922-001/6h_vs_8z/jev,jev_gpt6,421.0000000020955,1
smac-hard/jev_runs/p0-astra-all-maps-20260922-001/6h_vs_8z/jev,jev_gpt6,484.0000000112923,1
smac-hard/jev_runs/p0-astra-all-maps-20260922-001/6h_vs_8z/jev,jev_gpt6,453.00000000861473,1
smac-hard/jev_runs/p0-astra-all-maps-20260922-001/6h_vs_8z/jev,jev_gpt6,436.9999999908032,1
smac-hard/jev_runs/p0-astra-all-maps-20260922-001/6h_vs_8z/jev,jev_gpt6,483.99999999674037,1
smac-hard/jev_runs/p0-astra-all-maps-20260922-001/6h_vs_8z/jev,jev_gpt6,467.99999999348074,1
smac-hard/jev_runs/p0-astra-all-maps-20260922-001/6h_vs_8z/jev,jev_gpt6,422.0000000059372,1
smac-hard/jev_runs/p0-astra-all-maps-20260922-001/6h_vs_8z/jev,jev_gpt6,437.9999999946449,1
smac-hard/jev_runs/p0-astra-all-maps-20260922-001/6h_vs_8z/jev,jev_gpt6,422.0000000059372,1
smac-hard/jev_runs/p0-astra-all-maps-20260922-001/6h_vs_8z/jev,jev_gpt6,437.0000000053551,1
smac-hard/jev_runs/p0-astra-all-maps-20260922-001/6h_vs_8z/jev,jev_gpt6,389.9999999994179,1
smac-hard/jev_runs/p0-astra-all-maps-20260922-001/6h_vs_8z/jev,jev_gpt6,390.9999999887077,1
smac-hard/jev_runs/p0-astra-all-maps-20260922-001/6h_vs_8z/jev,jev_gpt6,422.0000000059372,1
smac-hard/jev_runs/p0-astra-all-maps-20260922-001/6h_vs_8z/jev,jev_gpt6,406.00000000267755,1
smac-hard/jev_runs/p0-astra-all-maps-20260922-001/6h_vs_8z/jev,jev_gpt6,375.0,1
smac-hard/jev_runs/p0-astra-all-maps-20260922-001/6h_vs_8z/jev,jev_gpt6,359.0000000112923,1
smac-hard/jev_runs/p0-astra-all-maps-20260922-001/6h_vs_8z/jev,jev_gpt6,390.9999999887077,1
smac-hard/jev_runs/p0-astra-all-maps-20260922-001/6h_vs_8z/jev,jev_gpt6,547.0000000059372,1
smac-hard/jev_runs/p0-astra-all-maps-20260922-001/6h_vs_8z/jev,jev_gpt6,468.00000000803266,1
smac-hard/jev_runs/p0-astra-all-maps-20260922-001/6h_vs_8z/jev,jev_gpt6,483.99999999674037,1
smac-hard/jev_runs/p0-astra-all-maps-20260922-001/6h_vs_8z/jev,jev_gpt6,422.0000000059372,1
smac-hard/jev_runs/p0-astra-all-maps-20260922-001/6h_vs_8z/jev,jev_gpt6,468.99999999732245,1
smac-hard/jev_runs/p0-astra-all-maps-20260922-001/6h_vs_8z/jev,jev_gpt6,514.9999999994179,1
smac-hard/jev_runs/p0-astra-all-maps-20260922-001/6h_vs_8z/jev,jev_gpt6,500.0,1
smac-hard/jev_runs/p0-astra-all-maps-20260922-001/6h_vs_8z/jev,jev_gpt6,421.99999999138527,1
smac-hard/jev_runs/p0-astra-all-maps-20260922-001/6h_vs_8z/jev,jev_gpt6,483.99999999674037,1
smac-hard/jev_runs/p0-astra-all-maps-20260922-001/6h_vs_8z/jev,jev_gpt6,452.9999999940628,1
smac-hard/jev_runs/p0-astra-all-maps-20260922-001/6h_vs_8z/jev,jev_gpt6,531.0000000026776,1
smac-hard/jev_runs/p0-astra-all-maps-20260922-001/6h_vs_8z/jev,jev_gpt6,421.99999999138527,1
smac-hard/jev_runs/p0-astra-all-maps-20260922-001/6h_vs_8z/jev,jev_gpt6,438.0000000091968,1
smac-hard/jev_runs/p0-astra-all-maps-20260922-001/6h_vs_8z/jev,jev_gpt6,453.9999999979045,1
smac-hard/jev_runs/p0-astra-all-maps-20260922-001/6h_vs_8z/jev,jev_gpt6,452.9999999940628,1
smac-hard/jev_runs/p0-astra-all-maps-20260922-001/6h_vs_8z/jev,jev_gpt6,406.00000000267755,1
smac-hard/jev_runs/p0-astra-all-maps-20260922-001/6h_vs_8z/jev,jev_gpt6,436.9999999908032,1
smac-hard/jev_runs/p0-astra-all-maps-20260922-001/6h_vs_8z/jev,jev_gpt6,422.0000000059372,1
smac-hard/jev_runs/p0-astra-all-maps-20260922-001/6h_vs_8z/jev,jev_gpt6,437.9999999946449,1
smac-hard/jev_runs/p0-astra-all-maps-20260922-001/6h_vs_8z/jev,jev_gpt6,483.99999999674037,1
smac-hard/jev_runs/p0-astra-all-maps-20260922-001/6h_vs_8z/jev,jev_gpt6,437.9999999946449,1
smac-hard/jev_runs/p0-astra-all-maps-20260922-001/6h_vs_8z/jev,jev_gpt6,391.00000000325963,1
smac-hard/jev_runs/p0-astra-all-maps-20260922-001/6h_vs_8z/jev,jev_gpt6,391.00000000325963,1
smac-hard/jev_runs/p0-astra-all-maps-20260922-001/6h_vs_8z/jev,jev_gpt6,360.0000000005821,1
smac-hard/jev_runs/p0-astra-all-maps-20260922-001/6h_vs_8z/jev,jev_gpt6,389.9999999994179,1
smac-hard/jev_runs/all-maps-20260921-001/2s_vs_1sc/jev,jev_only,1046.9999999986612,1
smac-hard/jev_runs/all-maps-20260921-001/2s_vs_1sc/jev,jev_only,375.0,1
smac-hard/jev_runs/all-maps-20260921-001/2s_vs_1sc/jev,jev_only,390.99999999598367,1
smac-hard/jev_runs/all-maps-20260921-001/2s_vs_1sc/jev,jev_only,391.00000000325963,1
smac-hard/jev_runs/all-maps-20260921-001/2s_vs_1sc/jev,jev_only,360.0000000005821,1
smac-hard/jev_runs/all-maps-20260921-001/2s_vs_1sc/jev,jev_only,375.0,1
smac-hard/jev_runs/all-maps-20260921-001/2s_vs_1sc/jev,jev_only,389.9999999994179,1
smac-hard/jev_runs/all-maps-20260921-001/2s_vs_1sc/jev,jev_only,375.0,1
smac-hard/jev_runs/all-maps-20260921-001/2s_vs_1sc/jev,jev_only,389.9999999994179,1
smac-hard/jev_runs/all-maps-20260921-001/2s_vs_1sc/jev,jev_only,406.9999999992433,1
smac-hard/jev_runs/all-maps-20260921-001/2s_vs_1sc/jev,jev_only,375.0,1
smac-hard/jev_runs/all-maps-20260921-001/2s_vs_1sc/jev,jev_only,389.9999999994179,1
smac-hard/jev_runs/all-maps-20260921-001/2s_vs_1sc/jev,jev_only,375.0,1
smac-hard/jev_runs/all-maps-20260921-001/2s_vs_1sc/jev,jev_only,421.9999999986612,1
smac-hard/jev_runs/all-maps-20260921-001/2s_vs_1sc/jev,jev_only,578.0000000013388,1
smac-hard/jev_runs/all-maps-20260921-001/2s_vs_1sc/jev,jev_only,391.00000000325963,1
smac-hard/jev_runs/all-maps-20260921-001/2s_vs_1sc/jev,jev_only,375.0,1
smac-hard/jev_runs/all-maps-20260921-001/2s_vs_1sc/jev,jev_only,359.00000000401633,1
smac-hard/jev_runs/all-maps-20260921-001/2s_vs_1sc/jev,jev_only,360.0000000005821,1
smac-hard/jev_runs/all-maps-20260921-001/2s_vs_1sc/jev,jev_only,328.0000000013388,1
smac-hard/jev_runs/all-maps-20260921-001/2s_vs_1sc/jev,jev_only,375.0,1
smac-hard/jev_runs/all-maps-20260921-001/2s_vs_1sc/jev,jev_only,421.9999999986612,1
smac-hard/jev_runs/all-maps-20260921-001/2s_vs_1sc/jev,jev_only,375.0,1
smac-hard/jev_runs/all-maps-20260921-001/2s_vs_1sc/jev,jev_only,343.99999999732245,1
smac-hard/jev_runs/all-maps-20260921-001/2s_vs_1sc/jev,jev_only,421.0000000020955,1
smac-hard/jev_runs/all-maps-20260921-001/2s_vs_1sc/jev,jev_only,343.99999999732245,1
smac-hard/jev_runs/all-maps-20260921-001/2s_vs_1sc/jev,jev_only,389.9999999994179,1
smac-hard/jev_runs/all-maps-20260921-001/2s_vs_1sc/jev,jev_only,360.0000000005821,1
smac-hard/jev_runs/all-maps-20260921-001/2s_vs_1sc/jev,jev_only,593.9999999973224,1
smac-hard/jev_runs/all-maps-20260921-001/2s_vs_1sc/jev,jev_only,343.0000000007567,1
smac-hard/jev_runs/all-maps-20260921-001/2s_vs_1sc/jev,jev_only,485.0000000005821,1
smac-hard/jev_runs/all-maps-20260921-001/2s_vs_1sc/jev,jev_only,390.99999999598367,1
smac-hard/jev_runs/all-maps-20260921-001/2s_vs_1sc/jev,jev_only,375.0,1
smac-hard/jev_runs/all-maps-20260921-001/2s_vs_1sc/jev,jev_only,389.9999999994179,1
smac-hard/jev_runs/all-maps-20260921-001/2s_vs_1sc/jev,jev_only,421.9999999986612,1
smac-hard/jev_runs/all-maps-20260921-001/2s_vs_1sc/jev,jev_only,344.0000000045984,1
smac-hard/jev_runs/all-maps-20260921-001/2s_vs_1sc/jev,jev_only,561.9999999980791,1
smac-hard/jev_runs/all-maps-20260921-001/2s_vs_1sc/jev,jev_only,531.9999999992433,1
smac-hard/jev_runs/all-maps-20260921-001/2s_vs_1sc/jev,jev_only,328.0000000013388,1
smac-hard/jev_runs/all-maps-20260921-001/2s_vs_1sc/jev,jev_only,405.9999999954016,1
smac-hard/jev_runs/all-maps-20260921-001/2s_vs_1sc/jev,jev_only,359.00000000401633,1
smac-hard/jev_runs/all-maps-20260921-001/2s_vs_1sc/jev,jev_only,359.00000000401633,1
smac-hard/jev_runs/all-maps-20260921-001/2s_vs_1sc/jev,jev_only,344.0000000045984,1
smac-hard/jev_runs/all-maps-20260921-001/2s_vs_1sc/jev,jev_only,421.9999999986612,1
smac-hard/jev_runs/all-maps-20260921-001/2s_vs_1sc/jev,jev_only,343.99999999732245,1
smac-hard/jev_runs/all-maps-20260921-001/2s_vs_1sc/jev,jev_only,358.99999999674037,1
smac-hard/jev_runs/all-maps-20260921-001/2s_vs_1sc/jev,jev_only,468.99999999732245,1
smac-hard/jev_runs/all-maps-20260921-001/2s_vs_1sc/jev,jev_only,358.99999999674037,1
smac-hard/jev_runs/all-maps-20260921-001/2s_vs_1sc/jev,jev_only,358.99999999674037,1
smac-hard/jev_runs/all-maps-20260921-001/2s_vs_1sc/jev,jev_only,406.00000000267755,1
smac-hard/jev_runs/all-maps-20260921-001/2s_vs_1sc/jev,jev_only,375.0,1
smac-hard/jev_runs/all-maps-20260921-001/2s_vs_1sc/jev,jev_only,360.0000000005821,1
smac-hard/jev_runs/all-maps-20260921-001/2s_vs_1sc/jev,jev_only,390.99999999598367,1
smac-hard/jev_runs/all-maps-20260921-001/2s_vs_1sc/jev,jev_only,405.9999999954016,1
smac-hard/jev_runs/all-maps-20260921-001/2s_vs_1sc/jev,jev_only,546.0000000020955,1
smac-hard/jev_runs/all-maps-20260921-001/2s_vs_1sc/jev,jev_only,546.9999999986612,1
smac-hard/jev_runs/all-maps-20260921-001/2s_vs_1sc/jev,jev_only,375.0,1
smac-hard/jev_runs/all-maps-20260921-001/2s_vs_1sc/jev,jev_only,375.0,1
smac-hard/jev_runs/all-maps-20260921-001/2s_vs_1sc/jev,jev_only,360.0000000005821,1
smac-hard/jev_runs/all-maps-20260921-001/2s_vs_1sc/jev,jev_only,343.0000000007567,1
smac-hard/jev_runs/all-maps-20260921-001/2s_vs_1sc/jev,jev_only,375.0,1
smac-hard/jev_runs/all-maps-20260921-001/2s_vs_1sc/jev,jev_only,375.0,1
smac-hard/jev_runs/all-maps-20260921-001/2s_vs_1sc/jev,jev_only,421.9999999986612,1
smac-hard/jev_runs/all-maps-20260921-001/2s_vs_1sc/jev,jev_only,375.0,1
smac-hard/jev_runs/all-maps-20260921-001/2s_vs_1sc/jev,jev_only,578.0000000013388,1
smac-hard/jev_runs/all-maps-20260921-001/2s_vs_1sc/jev,jev_only,390.99999999598367,1
smac-hard/jev_runs/all-maps-20260921-001/2s_vs_1sc/jev,jev_only,375.0,1
smac-hard/jev_runs/all-maps-20260921-001/2s_vs_1sc/jev,jev_only,375.0,1
smac-hard/jev_runs/all-maps-20260921-001/2s_vs_1sc/jev,jev_only,391.00000000325963,1
smac-hard/jev_runs/all-maps-20260921-001/2s_vs_1sc/jev,jev_only,358.99999999674037,1
smac-hard/jev_runs/all-maps-20260921-001/2s_vs_1sc/jev,jev_only,280.9999999954016,1
smac-hard/jev_runs/all-maps-20260921-001/2s_vs_1sc/jev,jev_only,343.0000000007567,1
smac-hard/jev_runs/all-maps-20260921-001/2s_vs_1sc/jev,jev_only,391.00000000325963,1
smac-hard/jev_runs/all-maps-20260921-001/2s_vs_1sc/jev,jev_only,390.99999999598367,1
smac-hard/jev_runs/all-maps-20260921-001/2s_vs_1sc/jev,jev_only,328.0000000013388,1
smac-hard/jev_runs/all-maps-20260921-001/2s_vs_1sc/jev,jev_only,389.9999999994179,1
smac-hard/jev_runs/all-maps-20260921-001/2s_vs_1sc/jev,jev_only,390.99999999598367,1
smac-hard/jev_runs/all-maps-20260921-001/2s_vs_1sc/jev,jev_only,391.00000000325963,1
smac-hard/jev_runs/all-maps-20260921-001/2s_vs_1sc/jev,jev_only,358.99999999674037,1
smac-hard/jev_runs/all-maps-20260921-001/2s_vs_1sc/jev,jev_only,594.0000000045984,1
smac-hard/jev_runs/all-maps-20260921-001/2s_vs_1sc/jev,jev_only,389.9999999994179,1
smac-hard/jev_runs/all-maps-20260921-001/2s_vs_1sc/jev,jev_only,360.0000000005821,1
smac-hard/jev_runs/all-maps-20260921-001/2s_vs_1sc/jev,jev_only,500.0,1
smac-hard/jev_runs/all-maps-20260921-001/2s_vs_1sc/jev,jev_only,421.9999999986612,1
smac-hard/jev_runs/all-maps-20260921-001/2s_vs_1sc/jev,jev_only,358.99999999674037,1
smac-hard/jev_runs/all-maps-20260921-001/2s_vs_1sc/jev,jev_only,328.0000000013388,1
smac-hard/jev_runs/all-maps-20260921-001/2s_vs_1sc/jev,jev_only,360.0000000005821,1
smac-hard/jev_runs/all-maps-20260921-001/2s_vs_1sc/jev,jev_only,375.0,1
smac-hard/jev_runs/all-maps-20260921-001/2s_vs_1sc/jev,jev_only,375.0,1
smac-hard/jev_runs/all-maps-20260921-001/2s_vs_1sc/jev,jev_only,406.00000000267755,1
smac-hard/jev_runs/all-maps-20260921-001/2s_vs_1sc/jev,jev_only,375.0,1
smac-hard/jev_runs/all-maps-20260921-001/2s_vs_1sc/jev,jev_only,546.9999999986612,1
smac-hard/jev_runs/all-maps-20260921-001/2s_vs_1sc/jev,jev_only,375.0,1
smac-hard/jev_runs/all-maps-20260921-001/2s_vs_1sc/jev,jev_only,375.0,1
smac-hard/jev_runs/all-maps-20260921-001/2s_vs_1sc/jev,jev_only,531.0000000026776,1
smac-hard/jev_runs/all-maps-20260921-001/2s_vs_1sc/jev,jev_only,296.9999999986612,1
smac-hard/jev_runs/all-maps-20260921-001/2s_vs_1sc/jev,jev_only,358.99999999674037,1
smac-hard/jev_runs/all-maps-20260921-001/2s_vs_1sc/jev,jev_only,546.0000000020955,1
smac-hard/jev_runs/all-maps-20260921-001/2s_vs_1sc/jev,jev_only,375.0,1
smac-hard/jev_runs/all-maps-20260921-001/2s_vs_1sc/jev,jev_only,375.0,1
smac-hard/jev_runs/all-maps-20260921-001/2s_vs_1sc/jev,jev_only,375.0,1
smac-hard/jev_runs/all-maps-20260921-001/2s_vs_1sc/jev,jev_only,530.9999999954016,1
smac-hard/jev_runs/all-maps-20260921-001/2s_vs_1sc/jev,jev_only,358.99999999674037,1
smac-hard/jev_runs/all-maps-20260921-001/2s_vs_1sc/jev,jev_only,391.00000000325963,1
smac-hard/jev_runs/all-maps-20260921-001/2s_vs_1sc/jev,jev_only,389.9999999994179,1
smac-hard/jev_runs/all-maps-20260921-001/2s_vs_1sc/jev,jev_only,405.9999999954016,1
smac-hard/jev_runs/all-maps-20260921-001/2s_vs_1sc/jev,jev_only,375.0,1
smac-hard/jev_runs/all-maps-20260921-001/2s_vs_1sc/jev,jev_only,530.9999999954016,1
smac-hard/jev_runs/all-maps-20260921-001/2s_vs_1sc/jev,jev_only,359.00000000401633,1
smac-hard/jev_runs/all-maps-20260921-001/2s_vs_1sc/jev,jev_only,390.99999999598367,1
smac-hard/jev_runs/all-maps-20260921-001/2s_vs_1sc/jev,jev_only,358.99999999674037,1
smac-hard/jev_runs/all-maps-20260921-001/2s_vs_1sc/jev,jev_only,406.00000000267755,1
smac-hard/jev_runs/all-maps-20260921-001/2s_vs_1sc/jev,jev_only,343.99999999732245,1
smac-hard/jev_runs/all-maps-20260921-001/2s_vs_1sc/jev,jev_only,469.0000000045984,1
smac-hard/jev_runs/all-maps-20260921-001/2s_vs_1sc/jev,jev_only,405.9999999954016,1
smac-hard/jev_runs/all-maps-20260921-001/2s_vs_1sc/jev,jev_only,343.0000000007567,1
smac-hard/jev_runs/all-maps-20260921-001/2s_vs_1sc/jev,jev_only,594.0000000045984,1
smac-hard/jev_runs/all-maps-20260921-001/2s_vs_1sc/jev,jev_only,421.9999999986612,1
smac-hard/jev_runs/all-maps-20260921-001/2s_vs_1sc/jev,jev_only,530.9999999954016,1
smac-hard/jev_runs/all-maps-20260921-001/2s_vs_1sc/jev,jev_only,421.9999999986612,1
smac-hard/jev_runs/all-maps-20260921-001/2s_vs_1sc/jev,jev_only,328.0000000013388,1
smac-hard/jev_runs/all-maps-20260921-001/2s_vs_1sc/jev,jev_only,343.99999999732245,1
smac-hard/jev_runs/all-maps-20260921-001/2s_vs_1sc/jev,jev_only,358.99999999674037,1
smac-hard/jev_runs/all-maps-20260921-001/2s_vs_1sc/jev,jev_only,375.0,1
smac-hard/jev_runs/all-maps-20260921-001/2s_vs_1sc/jev,jev_only,405.9999999954016,1
smac-hard/jev_runs/all-maps-20260921-001/2s_vs_1sc/jev,jev_only,375.0,1
smac-hard/jev_runs/all-maps-20260921-001/2s_vs_1sc/jev,jev_only,375.0,1
smac-hard/jev_runs/all-maps-20260921-001/2s_vs_1sc/jev,jev_only,343.99999999732245,1
smac-hard/jev_runs/all-maps-20260921-001/2s_vs_1sc/jev,jev_only,375.0,1
smac-hard/jev_runs/all-maps-20260921-001/2s_vs_1sc/jev,jev_only,358.99999999674037,1
smac-hard/jev_runs/all-maps-20260921-001/2s_vs_1sc/jev,jev_only,358.99999999674037,1
smac-hard/jev_runs/all-maps-20260921-001/2s_vs_1sc/jev,jev_only,375.0,1
smac-hard/jev_runs/all-maps-20260921-001/2s_vs_1sc/jev,jev_only,359.00000000401633,1
smac-hard/jev_runs/all-maps-20260921-001/2s_vs_1sc/jev,jev_only,375.0,1
smac-hard/jev_runs/p0-astra-all-maps-20260922-001/2s_vs_1sc/jev,jev_gpt6,7297.000000005937,1
smac-hard/jev_runs/p0-astra-all-maps-20260922-001/2s_vs_1sc/jev,jev_gpt6,389.9999999994179,1
smac-hard/jev_runs/p0-astra-all-maps-20260922-001/2s_vs_1sc/jev,jev_gpt6,390.9999999887077,1
smac-hard/jev_runs/p0-astra-all-maps-20260922-001/2s_vs_1sc/jev,jev_gpt6,407.00000000651926,1
smac-hard/jev_runs/p0-astra-all-maps-20260922-001/2s_vs_1sc/jev,jev_gpt6,437.9999999946449,1
smac-hard/jev_runs/p0-astra-all-maps-20260922-001/2s_vs_1sc/jev,jev_gpt6,391.00000000325963,1
smac-hard/jev_runs/p0-astra-all-maps-20260922-001/2s_vs_1sc/jev,jev_gpt6,437.0000000053551,1
smac-hard/jev_runs/p0-astra-all-maps-20260922-001/2s_vs_1sc/jev,jev_gpt6,421.99999999138527,1
smac-hard/jev_runs/p0-astra-all-maps-20260922-001/2s_vs_1sc/jev,jev_gpt6,422.0000000059372,1
smac-hard/jev_runs/p0-astra-all-maps-20260922-001/2s_vs_1sc/jev,jev_gpt6,406.00000000267755,1
smac-hard/jev_runs/p0-astra-all-maps-20260922-001/2s_vs_1sc/jev,jev_gpt6,422.0000000059372,1
smac-hard/jev_runs/p0-astra-all-maps-20260922-001/2s_vs_1sc/jev,jev_gpt6,421.0000000020955,1
smac-hard/jev_runs/p0-astra-all-maps-20260922-001/2s_vs_1sc/jev,jev_gpt6,375.0,1
smac-hard/jev_runs/p0-astra-all-maps-20260922-001/2s_vs_1sc/jev,jev_gpt6,406.00000000267755,1
smac-hard/jev_runs/p0-astra-all-maps-20260922-001/2s_vs_1sc/jev,jev_gpt6,406.00000000267755,1
smac-hard/jev_runs/p0-astra-all-maps-20260922-001/2s_vs_1sc/jev,jev_gpt6,375.0,1
smac-hard/jev_runs/p0-astra-all-maps-20260922-001/2s_vs_1sc/jev,jev_gpt6,360.0000000005821,1
smac-hard/jev_runs/p0-astra-all-maps-20260922-001/2s_vs_1sc/jev,jev_gpt6,391.00000000325963,1
smac-hard/jev_runs/p0-astra-all-maps-20260922-001/2s_vs_1sc/jev,jev_gpt6,468.99999999732245,1
smac-hard/jev_runs/p0-astra-all-maps-20260922-001/2s_vs_1sc/jev,jev_gpt6,375.0,1
smac-hard/jev_runs/p0-astra-all-maps-20260922-001/2s_vs_1sc/jev,jev_gpt6,421.99999999138527,1
smac-hard/jev_runs/p0-astra-all-maps-20260922-001/2s_vs_1sc/jev,jev_gpt6,391.00000000325963,1
smac-hard/jev_runs/p0-astra-all-maps-20260922-001/2s_vs_1sc/jev,jev_gpt6,422.0000000059372,1
smac-hard/jev_runs/p0-astra-all-maps-20260922-001/2s_vs_1sc/jev,jev_gpt6,359.0000000112923,1
smac-hard/jev_runs/p0-astra-all-maps-20260922-001/2s_vs_1sc/jev,jev_gpt6,389.9999999994179,1
smac-hard/jev_runs/p0-astra-all-maps-20260922-001/2s_vs_1sc/jev,jev_gpt6,391.00000000325963,1
smac-hard/jev_runs/p0-astra-all-maps-20260922-001/2s_vs_1sc/jev,jev_gpt6,437.9999999946449,1
smac-hard/jev_runs/p0-astra-all-maps-20260922-001/2s_vs_1sc/jev,jev_gpt6,391.00000000325963,1
smac-hard/jev_runs/p0-astra-all-maps-20260922-001/2s_vs_1sc/jev,jev_gpt6,781.0000000026776,1
smac-hard/jev_runs/p0-astra-all-maps-20260922-001/2s_vs_1sc/jev,jev_gpt6,375.0,1
smac-hard/jev_runs/p0-astra-all-maps-20260922-001/2s_vs_1sc/jev,jev_gpt6,358.99999999674037,1
smac-hard/jev_runs/p0-astra-all-maps-20260922-001/2s_vs_1sc/jev,jev_gpt6,390.9999999887077,1
smac-hard/jev_runs/p0-astra-all-maps-20260922-001/2s_vs_1sc/jev,jev_gpt6,406.00000000267755,1
smac-hard/jev_runs/p0-astra-all-maps-20260922-001/2s_vs_1sc/jev,jev_gpt6,406.00000000267755,1
smac-hard/jev_runs/p0-astra-all-maps-20260922-001/2s_vs_1sc/jev,jev_gpt6,360.0000000005821,1
smac-hard/jev_runs/p0-astra-all-maps-20260922-001/2s_vs_1sc/jev,jev_gpt6,375.0,1
smac-hard/jev_runs/p0-astra-all-maps-20260922-001/2s_vs_1sc/jev,jev_gpt6,391.00000000325963,1
smac-hard/jev_runs/p0-astra-all-maps-20260922-001/2s_vs_1sc/jev,jev_gpt6,358.99999999674037,1
smac-hard/jev_runs/p0-astra-all-maps-20260922-001/2s_vs_1sc/jev,jev_gpt6,375.0,1
smac-hard/jev_runs/p0-astra-all-maps-20260922-001/2s_vs_1sc/jev,jev_gpt6,437.9999999946449,1
smac-hard/jev_runs/p0-astra-all-maps-20260922-001/2s_vs_1sc/jev,jev_gpt6,375.0,1
smac-hard/jev_runs/p0-astra-all-maps-20260922-001/2s_vs_1sc/jev,jev_gpt6,406.00000000267755,1
smac-hard/jev_runs/p0-astra-all-maps-20260922-001/2s_vs_1sc/jev,jev_gpt6,390.9999999887077,1
smac-hard/jev_runs/p0-astra-all-maps-20260922-001/2s_vs_1sc/jev,jev_gpt6,453.00000000861473,1
smac-hard/jev_runs/p0-astra-all-maps-20260922-001/2s_vs_1sc/jev,jev_gpt6,375.0,1
smac-hard/jev_runs/p0-astra-all-maps-20260922-001/2s_vs_1sc/jev,jev_gpt6,391.00000000325963,1
smac-hard/jev_runs/p0-astra-all-maps-20260922-001/2s_vs_1sc/jev,jev_gpt6,358.99999999674037,1
smac-hard/jev_runs/p0-astra-all-maps-20260922-001/2s_vs_1sc/jev,jev_gpt6,421.0000000020955,1
smac-hard/jev_runs/p0-astra-all-maps-20260922-001/2s_vs_1sc/jev,jev_gpt6,390.9999999887077,1
smac-hard/jev_runs/p0-astra-all-maps-20260922-001/2s_vs_1sc/jev,jev_gpt6,422.0000000059372,1
smac-hard/jev_runs/p0-astra-all-maps-20260922-001/2s_vs_1sc/jev,jev_gpt6,437.0000000053551,1
smac-hard/jev_runs/p0-astra-all-maps-20260922-001/2s_vs_1sc/jev,jev_gpt6,437.0000000053551,1
smac-hard/jev_runs/p0-astra-all-maps-20260922-001/2s_vs_1sc/jev,jev_gpt6,406.00000000267755,1
smac-hard/jev_runs/p0-astra-all-maps-20260922-001/2s_vs_1sc/jev,jev_gpt6,389.9999999994179,1
smac-hard/jev_runs/p0-astra-all-maps-20260922-001/2s_vs_1sc/jev,jev_gpt6,358.99999999674037,1
smac-hard/jev_runs/p0-astra-all-maps-20260922-001/2s_vs_1sc/jev,jev_gpt6,358.99999999674037,1
smac-hard/jev_runs/p0-astra-all-maps-20260922-001/2s_vs_1sc/jev,jev_gpt6,391.00000000325963,1
smac-hard/jev_runs/p0-astra-all-maps-20260922-001/2s_vs_1sc/jev,jev_gpt6,391.00000000325963,1
smac-hard/jev_runs/p0-astra-all-maps-20260922-001/2s_vs_1sc/jev,jev_gpt6,406.99999999196734,1
smac-hard/jev_runs/p0-astra-all-maps-20260922-001/2s_vs_1sc/jev,jev_gpt6,375.0,1
smac-hard/jev_runs/p0-astra-all-maps-20260922-001/2s_vs_1sc/jev,jev_gpt6,406.00000000267755,1
smac-hard/jev_runs/p0-astra-all-maps-20260922-001/2s_vs_1sc/jev,jev_gpt6,500.0,1
smac-hard/jev_runs/p0-astra-all-maps-20260922-001/2s_vs_1sc/jev,jev_gpt6,389.9999999994179,1
smac-hard/jev_runs/p0-astra-all-maps-20260922-001/2s_vs_1sc/jev,jev_gpt6,437.9999999946449,1
smac-hard/jev_runs/p0-astra-all-maps-20260922-001/2s_vs_1sc/jev,jev_gpt6,389.9999999994179,1
smac-hard/jev_runs/p0-astra-all-maps-20260922-001/2s_vs_1sc/jev,jev_gpt6,360.0000000005821,1
smac-hard/jev_runs/p0-astra-all-maps-20260922-001/2s_vs_1sc/jev,jev_gpt6,391.00000000325963,1
smac-hard/jev_runs/p0-astra-all-maps-20260922-001/2s_vs_1sc/jev,jev_gpt6,391.00000000325963,1
smac-hard/jev_runs/p0-astra-all-maps-20260922-001/2s_vs_1sc/jev,jev_gpt6,375.0,1
smac-hard/jev_runs/p0-astra-all-maps-20260922-001/2s_vs_1sc/jev,jev_gpt6,438.0000000091968,1
smac-hard/jev_runs/p0-astra-all-maps-20260922-001/2s_vs_1sc/jev,jev_gpt6,391.00000000325963,1
smac-hard/jev_runs/p0-astra-all-maps-20260922-001/2s_vs_1sc/jev,jev_gpt6,390.9999999887077,1
smac-hard/jev_runs/p0-astra-all-maps-20260922-001/2s_vs_1sc/jev,jev_gpt6,391.00000000325963,1
smac-hard/jev_runs/p0-astra-all-maps-20260922-001/2s_vs_1sc/jev,jev_gpt6,389.9999999994179,1
smac-hard/jev_runs/p0-astra-all-maps-20260922-001/2s_vs_1sc/jev,jev_gpt6,358.99999999674037,1
smac-hard/jev_runs/p0-astra-all-maps-20260922-001/2s_vs_1sc/jev,jev_gpt6,406.00000000267755,1
smac-hard/jev_runs/p0-astra-all-maps-20260922-001/2s_vs_1sc/jev,jev_gpt6,406.00000000267755,1
smac-hard/jev_runs/p0-astra-all-maps-20260922-001/2s_vs_1sc/jev,jev_gpt6,514.9999999994179,1
smac-hard/jev_runs/p0-astra-all-maps-20260922-001/2s_vs_1sc/jev,jev_gpt6,406.00000000267755,1
smac-hard/jev_runs/p0-astra-all-maps-20260922-001/2s_vs_1sc/jev,jev_gpt6,421.99999999138527,1
smac-hard/jev_runs/p0-astra-all-maps-20260922-001/2s_vs_1sc/jev,jev_gpt6,406.00000000267755,1
smac-hard/jev_runs/p0-astra-all-maps-20260922-001/2s_vs_1sc/jev,jev_gpt6,406.00000000267755,1
smac-hard/jev_runs/p0-astra-all-maps-20260922-001/2s_vs_1sc/jev,jev_gpt6,406.00000000267755,1
smac-hard/jev_runs/p0-astra-all-maps-20260922-001/2s_vs_1sc/jev,jev_gpt6,453.00000000861473,1
smac-hard/jev_runs/p0-astra-all-maps-20260922-001/2s_vs_1sc/jev,jev_gpt6,4296.999999991385,1
smac-hard/jev_runs/p0-astra-all-maps-20260922-001/2s_vs_1sc/jev,jev_gpt6,391.00000000325963,1
smac-hard/jev_runs/p0-astra-all-maps-20260922-001/2s_vs_1sc/jev,jev_gpt6,343.99999999732245,1
smac-hard/jev_runs/p0-astra-all-maps-20260922-001/2s_vs_1sc/jev,jev_gpt6,406.00000000267755,1
smac-hard/jev_runs/p0-astra-all-maps-20260922-001/2s_vs_1sc/jev,jev_gpt6,375.0,1
smac-hard/jev_runs/p0-astra-all-maps-20260922-001/2s_vs_1sc/jev,jev_gpt6,390.9999999887077,1
smac-hard/jev_runs/p0-astra-all-maps-20260922-001/2s_vs_1sc/jev,jev_gpt6,500.0,1
smac-hard/jev_runs/p0-astra-all-maps-20260922-001/2s_vs_1sc/jev,jev_gpt6,391.00000000325963,1
smac-hard/jev_runs/p0-astra-all-maps-20260922-001/2s_vs_1sc/jev,jev_gpt6,406.00000000267755,1
smac-hard/jev_runs/p0-astra-all-maps-20260922-001/2s_vs_1sc/jev,jev_gpt6,359.0000000112923,1
smac-hard/jev_runs/p0-astra-all-maps-20260922-001/2s_vs_1sc/jev,jev_gpt6,389.9999999994179,1
smac-hard/jev_runs/p0-astra-all-maps-20260922-001/2s_vs_1sc/jev,jev_gpt6,407.00000000651926,1
smac-hard/jev_runs/p0-astra-all-maps-20260922-001/2s_vs_1sc/jev,jev_gpt6,421.0000000020955,1
smac-hard/jev_runs/p0-astra-all-maps-20260922-001/2s_vs_1sc/jev,jev_gpt6,405.99999998812564,1
smac-hard/jev_runs/p0-astra-all-maps-20260922-001/2s_vs_1sc/jev,jev_gpt6,391.00000000325963,1
smac-hard/jev_runs/p0-astra-all-maps-20260922-001/2s_vs_1sc/jev,jev_gpt6,421.0000000020955,1
smac-hard/jev_runs/p0-astra-all-maps-20260922-001/2s_vs_1sc/jev,jev_gpt6,391.00000000325963,1
smac-hard/jev_runs/p0-astra-all-maps-20260922-001/2s_vs_1sc/jev,jev_gpt6,389.9999999994179,1
smac-hard/jev_runs/p0-astra-all-maps-20260922-001/2s_vs_1sc/jev,jev_gpt6,438.0000000091968,1
smac-hard/jev_runs/p0-astra-all-maps-20260922-001/2s_vs_1sc/jev,jev_gpt6,421.99999999138527,1
smac-hard/jev_runs/p0-astra-all-maps-20260922-001/2s_vs_1sc/jev,jev_gpt6,422.0000000059372,1
smac-hard/jev_runs/p0-astra-all-maps-20260922-001/2s_vs_1sc/jev,jev_gpt6,391.00000000325963,1
smac-hard/jev_runs/p0-astra-all-maps-20260922-001/2s_vs_1sc/jev,jev_gpt6,375.0,1
smac-hard/jev_runs/p0-astra-all-maps-20260922-001/2s_vs_1sc/jev,jev_gpt6,422.0000000059372,1
smac-hard/jev_runs/p0-astra-all-maps-20260922-001/2s_vs_1sc/jev,jev_gpt6,389.9999999994179,1
smac-hard/jev_runs/p0-astra-all-maps-20260922-001/2s_vs_1sc/jev,jev_gpt6,406.00000000267755,1
smac-hard/jev_runs/p0-astra-all-maps-20260922-001/2s_vs_1sc/jev,jev_gpt6,375.0,1
smac-hard/jev_runs/p0-astra-all-maps-20260922-001/2s_vs_1sc/jev,jev_gpt6,438.0000000091968,1
smac-hard/jev_runs/p0-astra-all-maps-20260922-001/2s_vs_1sc/jev,jev_gpt6,406.99999999196734,1
smac-hard/jev_runs/p0-astra-all-maps-20260922-001/2s_vs_1sc/jev,jev_gpt6,407.00000000651926,1
smac-hard/jev_runs/p0-astra-all-maps-20260922-001/2s_vs_1sc/jev,jev_gpt6,391.00000000325963,1
smac-hard/jev_runs/p0-astra-all-maps-20260922-001/2s_vs_1sc/jev,jev_gpt6,468.99999999732245,1
smac-hard/jev_runs/p0-astra-all-maps-20260922-001/2s_vs_1sc/jev,jev_gpt6,422.0000000059372,1
smac-hard/jev_runs/p0-astra-all-maps-20260922-001/2s_vs_1sc/jev,jev_gpt6,389.9999999994179,1
smac-hard/jev_runs/p0-astra-all-maps-20260922-001/2s_vs_1sc/jev,jev_gpt6,453.00000000861473,1
smac-hard/jev_runs/p0-astra-all-maps-20260922-001/2s_vs_1sc/jev,jev_gpt6,405.99999998812564,1
smac-hard/jev_runs/p0-astra-all-maps-20260922-001/2s_vs_1sc/jev,jev_gpt6,437.0000000053551,1
smac-hard/jev_runs/p0-astra-all-maps-20260922-001/2s_vs_1sc/jev,jev_gpt6,405.99999998812564,1
smac-hard/jev_runs/p0-astra-all-maps-20260922-001/2s_vs_1sc/jev,jev_gpt6,406.00000000267755,1
smac-hard/jev_runs/p0-astra-all-maps-20260922-001/2s_vs_1sc/jev,jev_gpt6,500.0,1
smac-hard/jev_runs/p0-astra-all-maps-20260922-001/2s_vs_1sc/jev,jev_gpt6,453.9999999979045,1
smac-hard/jev_runs/p0-astra-all-maps-20260922-001/2s_vs_1sc/jev,jev_gpt6,391.00000000325963,1
smac-hard/jev_runs/p0-astra-all-maps-20260922-001/2s_vs_1sc/jev,jev_gpt6,406.00000000267755,1
smac-hard/jev_runs/p0-astra-all-maps-20260922-001/2s_vs_1sc/jev,jev_gpt6,452.9999999940628,1
smac-hard/jev_runs/p0-astra-all-maps-20260922-001/2s_vs_1sc/jev,jev_gpt6,468.99999999732245,1
smac-hard/jev_runs/p0-astra-all-maps-20260922-001/2s_vs_1sc/jev,jev_gpt6,421.0000000020955,1
smac-hard/jev_runs/p0-astra-all-maps-20260922-001/2s_vs_1sc/jev,jev_gpt6,421.99999999138527,1
smac-hard/jev_runs/p0-astra-all-maps-20260922-001/2s_vs_1sc/jev,jev_gpt6,391.00000000325963,1
smac-hard/jev_runs/p0-astra-all-maps-20260922-001/2s_vs_1sc/jev,jev_gpt6,389.9999999994179,1
smac-hard/jev_runs/p0-astra-all-maps-20260922-001/2s_vs_1sc/jev,jev_gpt6,500.0,1
smac-hard/jev_runs/p0-astra-all-maps-20260922-001/2s_vs_1sc/jev,jev_gpt6,421.0000000020955,1
smac-hard/jev_runs/all-maps-20260921-001/so_many_baneling/jev,jev_only,1125.0,3
smac-hard/jev_runs/all-maps-20260921-001/so_many_baneling/jev,jev_only,516.0000000032596,3
smac-hard/jev_runs/all-maps-20260921-001/so_many_baneling/jev,jev_only,625.0,3
smac-hard/jev_runs/all-maps-20260921-001/so_many_baneling/jev,jev_only,531.0000000026776,3
smac-hard/jev_runs/all-maps-20260921-001/so_many_baneling/jev,jev_only,514.9999999994179,3
smac-hard/jev_runs/all-maps-20260921-001/so_many_baneling/jev,jev_only,578.0000000013388,3
smac-hard/jev_runs/all-maps-20260921-001/so_many_baneling/jev,jev_only,469.0000000045984,3
smac-hard/jev_runs/all-maps-20260921-001/so_many_baneling/jev,jev_only,500.0,3
smac-hard/jev_runs/all-maps-20260921-001/so_many_baneling/jev,jev_only,639.9999999994179,3
smac-hard/jev_runs/all-maps-20260921-001/so_many_baneling/jev,jev_only,781.0000000026776,3
smac-hard/jev_runs/all-maps-20260921-001/so_many_baneling/jev,jev_only,515.9999999959837,3
smac-hard/jev_runs/all-maps-20260921-001/so_many_baneling/jev,jev_only,656.9999999992433,3
smac-hard/jev_runs/all-maps-20260921-001/so_many_baneling/jev,jev_only,500.0,3
smac-hard/jev_runs/all-maps-20260921-001/so_many_baneling/jev,jev_only,671.9999999986612,2
smac-hard/jev_runs/all-maps-20260921-001/so_many_baneling/jev,jev_only,515.9999999959837,2
smac-hard/jev_runs/all-maps-20260921-001/so_many_baneling/jev,jev_only,703.0000000013388,1
smac-hard/jev_runs/all-maps-20260921-001/so_many_baneling/jev,jev_only,453.0000000013388,1
smac-hard/jev_runs/all-maps-20260921-001/so_many_baneling/jev,jev_only,468.0000000007567,3
smac-hard/jev_runs/all-maps-20260921-001/so_many_baneling/jev,jev_only,578.0000000013388,3
smac-hard/jev_runs/all-maps-20260921-001/so_many_baneling/jev,jev_only,485.0000000005821,3
smac-hard/jev_runs/all-maps-20260921-001/so_many_baneling/jev,jev_only,500.0,3
smac-hard/jev_runs/all-maps-20260921-001/so_many_baneling/jev,jev_only,781.0000000026776,3
smac-hard/jev_runs/all-maps-20260921-001/so_many_baneling/jev,jev_only,500.0,3
smac-hard/jev_runs/all-maps-20260921-001/so_many_baneling/jev,jev_only,516.0000000032596,3
smac-hard/jev_runs/all-maps-20260921-001/so_many_baneling/jev,jev_only,672.0000000059372,3
smac-hard/jev_runs/all-maps-20260921-001/so_many_baneling/jev,jev_only,500.0,3
smac-hard/jev_runs/all-maps-20260921-001/so_many_baneling/jev,jev_only,671.9999999986612,3
smac-hard/jev_runs/all-maps-20260921-001/so_many_baneling/jev,jev_only,485.0000000005821,3
smac-hard/jev_runs/all-maps-20260921-001/so_many_baneling/jev,jev_only,500.0,3
smac-hard/jev_runs/all-maps-20260921-001/so_many_baneling/jev,jev_only,500.0,3
smac-hard/jev_runs/all-maps-20260921-001/so_many_baneling/jev,jev_only,515.9999999959837,2
smac-hard/jev_runs/all-maps-20260921-001/so_many_baneling/jev,jev_only,500.0,2
smac-hard/jev_runs/all-maps-20260921-001/so_many_baneling/jev,jev_only,436.99999999807915,1
smac-hard/jev_runs/all-maps-20260921-001/so_many_baneling/jev,jev_only,406.00000000267755,1
smac-hard/jev_runs/all-maps-20260921-001/so_many_baneling/jev,jev_only,514.9999999994179,3
smac-hard/jev_runs/all-maps-20260921-001/so_many_baneling/jev,jev_only,531.0000000026776,3
smac-hard/jev_runs/all-maps-20260921-001/so_many_baneling/jev,jev_only,452.9999999940628,3
smac-hard/jev_runs/all-maps-20260921-001/so_many_baneling/jev,jev_only,485.0000000005821,3
smac-hard/jev_runs/all-maps-20260921-001/so_many_baneling/jev,jev_only,485.0000000005821,3
smac-hard/jev_runs/all-maps-20260921-001/so_many_baneling/jev,jev_only,766.0000000032596,3
smac-hard/jev_runs/all-maps-20260921-001/so_many_baneling/jev,jev_only,515.9999999959837,3
smac-hard/jev_runs/all-maps-20260921-001/so_many_baneling/jev,jev_only,468.0000000007567,3
smac-hard/jev_runs/all-maps-20260921-001/so_many_baneling/jev,jev_only,625.0,3
smac-hard/jev_runs/all-maps-20260921-001/so_many_baneling/jev,jev_only,500.0,3
smac-hard/jev_runs/all-maps-20260921-001/so_many_baneling/jev,jev_only,500.0,3
smac-hard/jev_runs/all-maps-20260921-001/so_many_baneling/jev,jev_only,514.9999999994179,3
smac-hard/jev_runs/all-maps-20260921-001/so_many_baneling/jev,jev_only,563.0000000019209,3
smac-hard/jev_runs/all-maps-20260921-001/so_many_baneling/jev,jev_only,531.0000000026776,3
smac-hard/jev_runs/all-maps-20260921-001/so_many_baneling/jev,jev_only,578.0000000013388,2
smac-hard/jev_runs/all-maps-20260921-001/so_many_baneling/jev,jev_only,500.0,1
smac-hard/jev_runs/all-maps-20260921-001/so_many_baneling/jev,jev_only,421.9999999986612,1
smac-hard/jev_runs/all-maps-20260921-001/so_many_baneling/jev,jev_only,406.00000000267755,1
smac-hard/jev_runs/p0-astra-all-maps-20260922-001/so_many_baneling/jev,jev_gpt6,1389.999999999418,2
smac-hard/jev_runs/p0-astra-all-maps-20260922-001/so_many_baneling/jev,jev_gpt6,578.0000000086147,2
smac-hard/jev_runs/p0-astra-all-maps-20260922-001/so_many_baneling/jev,jev_gpt6,500.0,2
smac-hard/jev_runs/p0-astra-all-maps-20260922-001/so_many_baneling/jev,jev_gpt6,578.0000000086147,2
smac-hard/jev_runs/p0-astra-all-maps-20260922-001/so_many_baneling/jev,jev_gpt6,562.9999999946449,2
smac-hard/jev_runs/p0-astra-all-maps-20260922-001/so_many_baneling/jev,jev_gpt6,516.0000000032596,2
smac-hard/jev_runs/p0-astra-all-maps-20260922-001/so_many_baneling/jev,jev_gpt6,485.0000000005821,2
smac-hard/jev_runs/p0-astra-all-maps-20260922-001/so_many_baneling/jev,jev_gpt6,531.0000000026776,2
smac-hard/jev_runs/p0-astra-all-maps-20260922-001/so_many_baneling/jev,jev_gpt6,500.0,2
smac-hard/jev_runs/p0-astra-all-maps-20260922-001/so_many_baneling/jev,jev_gpt6,483.99999999674037,2
smac-hard/jev_runs/p0-astra-all-maps-20260922-001/so_many_baneling/jev,jev_gpt6,531.0000000026776,2
smac-hard/jev_runs/p0-astra-all-maps-20260922-001/so_many_baneling/jev,jev_gpt6,500.0,2
smac-hard/jev_runs/p0-astra-all-maps-20260922-001/so_many_baneling/jev,jev_gpt6,562.9999999946449,2
smac-hard/jev_runs/p0-astra-all-maps-20260922-001/so_many_baneling/jev,jev_gpt6,577.9999999940628,2
smac-hard/jev_runs/p0-astra-all-maps-20260922-001/so_many_baneling/jev,jev_gpt6,593.9999999973224,1
smac-hard/jev_runs/p0-astra-all-maps-20260922-001/so_many_baneling/jev,jev_gpt6,625.0,1
smac-hard/jev_runs/p0-astra-all-maps-20260922-001/so_many_baneling/jev,jev_gpt6,468.99999999732245,1
smac-hard/jev_runs/p0-astra-all-maps-20260922-001/so_many_baneling/jev,jev_gpt6,468.99999999732245,1
smac-hard/jev_runs/p0-astra-all-maps-20260922-001/so_many_baneling/jev,jev_gpt6,421.0000000020955,1
smac-hard/jev_runs/p0-astra-all-maps-20260922-001/so_many_baneling/jev,jev_gpt6,421.99999999138527,1
smac-hard/jev_runs/p0-astra-all-maps-20260922-001/so_many_baneling/jev,jev_gpt6,547.0000000059372,1
smac-hard/jev_runs/p0-astra-all-maps-20260922-001/so_many_baneling/jev,jev_gpt6,531.0000000026776,2
smac-hard/jev_runs/p0-astra-all-maps-20260922-001/so_many_baneling/jev,jev_gpt6,561.9999999908032,2
smac-hard/jev_runs/p0-astra-all-maps-20260922-001/so_many_baneling/jev,jev_gpt6,483.99999999674037,2
smac-hard/jev_runs/p0-astra-all-maps-20260922-001/so_many_baneling/jev,jev_gpt6,516.0000000032596,2
smac-hard/jev_runs/p0-astra-all-maps-20260922-001/so_many_baneling/jev,jev_gpt6,514.9999999994179,2
smac-hard/jev_runs/p0-astra-all-maps-20260922-001/so_many_baneling/jev,jev_gpt6,500.0,2
smac-hard/jev_runs/p0-astra-all-maps-20260922-001/so_many_baneling/jev,jev_gpt6,531.0000000026776,2
smac-hard/jev_runs/p0-astra-all-maps-20260922-001/so_many_baneling/jev,jev_gpt6,483.99999999674037,2
smac-hard/jev_runs/p0-astra-all-maps-20260922-001/so_many_baneling/jev,jev_gpt6,500.0,2
smac-hard/jev_runs/p0-astra-all-maps-20260922-001/so_many_baneling/jev,jev_gpt6,485.0000000005821,2
smac-hard/jev_runs/p0-astra-all-maps-20260922-001/so_many_baneling/jev,jev_gpt6,500.0,2
smac-hard/jev_runs/p0-astra-all-maps-20260922-001/so_many_baneling/jev,jev_gpt6,516.0000000032596,2
smac-hard/jev_runs/p0-astra-all-maps-20260922-001/so_many_baneling/jev,jev_gpt6,500.0,2
smac-hard/jev_runs/p0-astra-all-maps-20260922-001/so_many_baneling/jev,jev_gpt6,532.0000000065193,2
smac-hard/jev_runs/p0-astra-all-maps-20260922-001/so_many_baneling/jev,jev_gpt6,483.99999999674037,2
smac-hard/jev_runs/p0-astra-all-maps-20260922-001/so_many_baneling/jev,jev_gpt6,531.9999999919673,1
smac-hard/jev_runs/p0-astra-all-maps-20260922-001/so_many_baneling/jev,jev_gpt6,516.0000000032596,2
smac-hard/jev_runs/p0-astra-all-maps-20260922-001/so_many_baneling/jev,jev_gpt6,578.0000000086147,2
smac-hard/jev_runs/p0-astra-all-maps-20260922-001/so_many_baneling/jev,jev_gpt6,515.9999999887077,2
smac-hard/jev_runs/p0-astra-all-maps-20260922-001/so_many_baneling/jev,jev_gpt6,562.0000000053551,2
smac-hard/jev_runs/p0-astra-all-maps-20260922-001/so_many_baneling/jev,jev_gpt6,514.9999999994179,2
smac-hard/jev_runs/p0-astra-all-maps-20260922-001/so_many_baneling/jev,jev_gpt6,483.99999999674037,2
smac-hard/jev_runs/p0-astra-all-maps-20260922-001/so_many_baneling/jev,jev_gpt6,531.0000000026776,2
smac-hard/jev_runs/p0-astra-all-maps-20260922-001/so_many_baneling/jev,jev_gpt6,514.9999999994179,2
smac-hard/jev_runs/p0-astra-all-maps-20260922-001/so_many_baneling/jev,jev_gpt6,562.0000000053551,2
smac-hard/jev_runs/p0-astra-all-maps-20260922-001/so_many_baneling/jev,jev_gpt6,500.0,2
smac-hard/jev_runs/p0-astra-all-maps-20260922-001/so_many_baneling/jev,jev_gpt6,483.99999999674037,2
smac-hard/jev_runs/p0-astra-all-maps-20260922-001/so_many_baneling/jev,jev_gpt6,500.0,2
smac-hard/jev_runs/p0-astra-all-maps-20260922-001/so_many_baneling/jev,jev_gpt6,640.9999999887077,2
smac-hard/jev_runs/p0-astra-all-maps-20260922-001/so_many_baneling/jev,jev_gpt6,547.0000000059372,2
smac-hard/jev_runs/p0-astra-all-maps-20260922-001/so_many_baneling/jev,jev_gpt6,530.9999999881256,1
smac-hard/jev_runs/p0-astra-all-maps-20260922-001/so_many_baneling/jev,jev_gpt6,468.99999999732245,1
smac-hard/jev_runs/all-maps-20260921-001/bane_vs_bane/jev-retry-20260922-003027-436916,jev_only,1671.9999999986612,6
smac-hard/jev_runs/all-maps-20260921-001/bane_vs_bane/jev-retry-20260922-003027-436916,jev_only,1077.9999999940628,6
smac-hard/jev_runs/all-maps-20260921-001/bane_vs_bane/jev-retry-20260922-003027-436916,jev_only,1093.9999999973224,6
smac-hard/jev_runs/all-maps-20260921-001/bane_vs_bane/jev-retry-20260922-003027-436916,jev_only,1093.9999999973224,6
smac-hard/jev_runs/all-maps-20260921-001/bane_vs_bane/jev-retry-20260922-003027-436916,jev_only,1016.0000000032596,6
smac-hard/jev_runs/all-maps-20260921-001/bane_vs_bane/jev-retry-20260922-003027-436916,jev_only,1093.0000000007567,6
smac-hard/jev_runs/all-maps-20260921-001/bane_vs_bane/jev-retry-20260922-003027-436916,jev_only,1014.9999999994179,6
smac-hard/jev_runs/all-maps-20260921-001/bane_vs_bane/jev-retry-20260922-003027-436916,jev_only,1031.0000000026776,6
smac-hard/jev_runs/all-maps-20260921-001/bane_vs_bane/jev-retry-20260922-003027-436916,jev_only,1203.0000000013388,6
smac-hard/jev_runs/all-maps-20260921-001/bane_vs_bane/jev-retry-20260922-003027-436916,jev_only,1093.0000000007567,6
smac-hard/jev_runs/all-maps-20260921-001/bane_vs_bane/jev-retry-20260922-003027-436916,jev_only,1063.0000000019209,6
smac-hard/jev_runs/all-maps-20260921-001/bane_vs_bane/jev-retry-20260922-003027-436916,jev_only,1156.0000000026776,6
smac-hard/jev_runs/all-maps-20260921-001/bane_vs_bane/jev-retry-20260922-003027-436916,jev_only,1030.9999999954016,6
smac-hard/jev_runs/all-maps-20260921-001/bane_vs_bane/jev-retry-20260922-003027-436916,jev_only,735.0000000005821,4
smac-hard/jev_runs/all-maps-20260921-001/bane_vs_bane/jev-retry-20260922-003027-436916,jev_only,781.0000000026776,1
smac-hard/jev_runs/all-maps-20260921-001/bane_vs_bane/jev-retry-20260922-003027-436916,jev_only,516.0000000032596,1
smac-hard/jev_runs/all-maps-20260921-001/bane_vs_bane/jev-retry-20260922-003027-436916,jev_only,500.0,1
smac-hard/jev_runs/all-maps-20260921-001/bane_vs_bane/jev-retry-20260922-003027-436916,jev_only,500.0,1
smac-hard/jev_runs/all-maps-20260921-001/bane_vs_bane/jev-retry-20260922-003027-436916,jev_only,453.0000000013388,1
smac-hard/jev_runs/all-maps-20260921-001/bane_vs_bane/jev-retry-20260922-003027-436916,jev_only,500.0,1
smac-hard/jev_runs/all-maps-20260921-001/bane_vs_bane/jev-retry-20260922-003027-436916,jev_only,531.0000000026776,1
smac-hard/jev_runs/all-maps-20260921-001/bane_vs_bane/jev-retry-20260922-003027-436916,jev_only,406.9999999992433,1
smac-hard/jev_runs/all-maps-20260921-001/bane_vs_bane/jev-retry-20260922-003027-436916,jev_only,485.0000000005821,1
smac-hard/jev_runs/all-maps-20260921-001/bane_vs_bane/jev-retry-20260922-003027-436916,jev_only,484.00000000401633,1
smac-hard/jev_runs/all-maps-20260921-001/bane_vs_bane/jev-retry-20260922-003027-436916,jev_only,437.0000000053551,1
smac-hard/jev_runs/all-maps-20260921-001/bane_vs_bane/jev-retry-20260922-003027-436916,jev_only,609.0000000040163,1
smac-hard/jev_runs/all-maps-20260921-001/bane_vs_bane/jev-retry-20260922-003027-436916,jev_only,719.0000000045984,1
smac-hard/jev_runs/all-maps-20260921-001/bane_vs_bane/jev-retry-20260922-003027-436916,jev_only,421.9999999986612,1
smac-hard/jev_runs/all-maps-20260921-001/bane_vs_bane/jev-retry-20260922-003027-436916,jev_only,422.0000000059372,1
smac-hard/jev_runs/all-maps-20260921-001/bane_vs_bane/jev-retry-20260922-003027-436916,jev_only,390.99999999598367,1
smac-hard/jev_runs/all-maps-20260921-001/bane_vs_bane/jev-retry-20260922-003027-436916,jev_only,389.9999999994179,1
smac-hard/jev_runs/all-maps-20260921-001/bane_vs_bane/jev-retry-20260922-003027-436916,jev_only,422.0000000059372,1
smac-hard/jev_runs/all-maps-20260921-001/bane_vs_bane/jev-retry-20260922-003027-436916,jev_only,406.9999999992433,1
smac-hard/jev_runs/all-maps-20260921-001/bane_vs_bane/jev-retry-20260922-003027-436916,jev_only,421.9999999986612,1
smac-hard/jev_runs/all-maps-20260921-001/bane_vs_bane/jev-retry-20260922-003027-436916,jev_only,452.9999999940628,1
smac-hard/jev_runs/all-maps-20260921-001/bane_vs_bane/jev-retry-20260922-003027-436916,jev_only,468.0000000007567,1
smac-hard/jev_runs/all-maps-20260921-001/bane_vs_bane/jev-retry-20260922-003027-436916,jev_only,468.99999999732245,1
smac-hard/jev_runs/all-maps-20260921-001/bane_vs_bane/jev-retry-20260922-003027-436916,jev_only,421.9999999986612,1
smac-hard/jev_runs/all-maps-20260921-001/bane_vs_bane/jev-retry-20260922-003027-436916,jev_only,406.00000000267755,1
smac-hard/jev_runs/all-maps-20260921-001/bane_vs_bane/jev-retry-20260922-003027-436916,jev_only,421.9999999986612,1
smac-hard/jev_runs/all-maps-20260921-001/bane_vs_bane/jev-retry-20260922-003027-436916,jev_only,1546.9999999986612,6
smac-hard/jev_runs/all-maps-20260921-001/bane_vs_bane/jev-retry-20260922-003027-436916,jev_only,1109.0000000040163,6
smac-hard/jev_runs/all-maps-20260921-001/bane_vs_bane/jev-retry-20260922-003027-436916,jev_only,985.0000000005821,6
smac-hard/jev_runs/all-maps-20260921-001/bane_vs_bane/jev-retry-20260922-003027-436916,jev_only,1031.9999999992433,6
smac-hard/jev_runs/all-maps-20260921-001/bane_vs_bane/jev-retry-20260922-003027-436916,jev_only,1234.0000000040163,6
smac-hard/jev_runs/all-maps-20260921-001/bane_vs_bane/jev-retry-20260922-003027-436916,jev_only,1093.9999999973224,6
smac-hard/jev_runs/all-maps-20260921-001/bane_vs_bane/jev-retry-20260922-003027-436916,jev_only,1093.9999999973224,6
smac-hard/jev_runs/all-maps-20260921-001/bane_vs_bane/jev-retry-20260922-003027-436916,jev_only,1063.0000000019209,6
smac-hard/jev_runs/all-maps-20260921-001/bane_vs_bane/jev-retry-20260922-003027-436916,jev_only,1125.0,6
smac-hard/jev_runs/all-maps-20260921-001/bane_vs_bane/jev-retry-20260922-003027-436916,jev_only,1094.0000000045984,6
smac-hard/jev_runs/all-maps-20260921-001/bane_vs_bane/jev-retry-20260922-003027-436916,jev_only,889.9999999994179,5
smac-hard/jev_runs/all-maps-20260921-001/bane_vs_bane/jev-retry-20260922-003027-436916,jev_only,921.9999999986612,5
smac-hard/jev_runs/all-maps-20260921-001/bane_vs_bane/jev-retry-20260922-003027-436916,jev_only,593.9999999973224,3
smac-hard/jev_runs/all-maps-20260921-001/bane_vs_bane/jev-retry-20260922-003027-436916,jev_only,718.9999999973224,2
smac-hard/jev_runs/all-maps-20260921-001/bane_vs_bane/jev-retry-20260922-003027-436916,jev_only,563.0000000019209,2
smac-hard/jev_runs/all-maps-20260921-001/bane_vs_bane/jev-retry-20260922-003027-436916,jev_only,610.0000000005821,2
smac-hard/jev_runs/all-maps-20260921-001/bane_vs_bane/jev-retry-20260922-003027-436916,jev_only,531.0000000026776,2
smac-hard/jev_runs/all-maps-20260921-001/bane_vs_bane/jev-retry-20260922-003027-436916,jev_only,453.9999999979045,1
smac-hard/jev_runs/all-maps-20260921-001/bane_vs_bane/jev-retry-20260922-003027-436916,jev_only,500.0,1
smac-hard/jev_runs/all-maps-20260921-001/bane_vs_bane/jev-retry-20260922-003027-436916,jev_only,421.9999999986612,1
smac-hard/jev_runs/all-maps-20260921-001/bane_vs_bane/jev-retry-20260922-003027-436916,jev_only,1077.9999999940628,6
smac-hard/jev_runs/all-maps-20260921-001/bane_vs_bane/jev-retry-20260922-003027-436916,jev_only,1139.999999999418,6
smac-hard/jev_runs/all-maps-20260921-001/bane_vs_bane/jev-retry-20260922-003027-436916,jev_only,1171.9999999986612,6
smac-hard/jev_runs/all-maps-20260921-001/bane_vs_bane/jev-retry-20260922-003027-436916,jev_only,1046.9999999986612,6
smac-hard/jev_runs/all-maps-20260921-001/bane_vs_bane/jev-retry-20260922-003027-436916,jev_only,1030.9999999954016,6
smac-hard/jev_runs/all-maps-20260921-001/bane_vs_bane/jev-retry-20260922-003027-436916,jev_only,1219.0000000045984,6
smac-hard/jev_runs/all-maps-20260921-001/bane_vs_bane/jev-retry-20260922-003027-436916,jev_only,1000.0,6
smac-hard/jev_runs/all-maps-20260921-001/bane_vs_bane/jev-retry-20260922-003027-436916,jev_only,1156.9999999992433,6
smac-hard/jev_runs/all-maps-20260921-001/bane_vs_bane/jev-retry-20260922-003027-436916,jev_only,1108.9999999967404,6
smac-hard/jev_runs/all-maps-20260921-001/bane_vs_bane/jev-retry-20260922-003027-436916,jev_only,1375.0,6
smac-hard/jev_runs/all-maps-20260921-001/bane_vs_bane/jev-retry-20260922-003027-436916,jev_only,985.0000000005821,6
smac-hard/jev_runs/all-maps-20260921-001/bane_vs_bane/jev-retry-20260922-003027-436916,jev_only,1063.0000000019209,6
smac-hard/jev_runs/all-maps-20260921-001/bane_vs_bane/jev-retry-20260922-003027-436916,jev_only,1063.0000000019209,6
smac-hard/jev_runs/all-maps-20260921-001/bane_vs_bane/jev-retry-20260922-003027-436916,jev_only,1000.0,6
smac-hard/jev_runs/all-maps-20260921-001/bane_vs_bane/jev-retry-20260922-003027-436916,jev_only,1140.9999999959837,5
smac-hard/jev_runs/all-maps-20260921-001/bane_vs_bane/jev-retry-20260922-003027-436916,jev_only,1062.000000005355,5
smac-hard/jev_runs/all-maps-20260921-001/bane_vs_bane/jev-retry-20260922-003027-436916,jev_only,1110.000000000582,5
smac-hard/jev_runs/all-maps-20260921-001/bane_vs_bane/jev-retry-20260922-003027-436916,jev_only,1000.0,5
smac-hard/jev_runs/all-maps-20260921-001/bane_vs_bane/jev-retry-20260922-003027-436916,jev_only,546.9999999986612,2
smac-hard/jev_runs/all-maps-20260921-001/bane_vs_bane/jev-retry-20260922-003027-436916,jev_only,531.0000000026776,1
smac-hard/jev_runs/all-maps-20260921-001/bane_vs_bane/jev-retry-20260922-003027-436916,jev_only,546.9999999986612,1
smac-hard/jev_runs/all-maps-20260921-001/bane_vs_bane/jev-retry-20260922-003027-436916,jev_only,828.0000000013388,1
smac-hard/jev_runs/all-maps-20260921-001/bane_vs_bane/jev-retry-20260922-003027-436916,jev_only,438.00000000192085,1
smac-hard/jev_runs/p0-astra-all-maps-20260922-001/bane_vs_bane/jev-retry-20260922-201819-687502,jev_gpt6,5828.9999999979045,4
smac-hard/jev_runs/p0-astra-all-maps-20260922-001/bane_vs_bane/jev-retry-20260922-201819-687502,jev_gpt6,1015.9999999887077,6
smac-hard/jev_runs/p0-astra-all-maps-20260922-001/bane_vs_bane/jev-retry-20260922-201819-687502,jev_gpt6,1014.9999999994179,6
smac-hard/jev_runs/p0-astra-all-maps-20260922-001/bane_vs_bane/jev-retry-20260922-201819-687502,jev_gpt6,1062.000000005355,6
smac-hard/jev_runs/p0-astra-all-maps-20260922-001/bane_vs_bane/jev-retry-20260922-201819-687502,jev_gpt6,1046.9999999913853,6
smac-hard/jev_runs/p0-astra-all-maps-20260922-001/bane_vs_bane/jev-retry-20260922-201819-687502,jev_gpt6,1093.9999999973224,6
smac-hard/jev_runs/p0-astra-all-maps-20260922-001/bane_vs_bane/jev-retry-20260922-201819-687502,jev_gpt6,1047.0000000059372,6
smac-hard/jev_runs/p0-astra-all-maps-20260922-001/bane_vs_bane/jev-retry-20260922-201819-687502,jev_gpt6,1046.0000000020955,6
smac-hard/jev_runs/p0-astra-all-maps-20260922-001/bane_vs_bane/jev-retry-20260922-201819-687502,jev_gpt6,1078.0000000086147,6
smac-hard/jev_runs/p0-astra-all-maps-20260922-001/bane_vs_bane/jev-retry-20260922-201819-687502,jev_gpt6,1389.999999999418,6
smac-hard/jev_runs/p0-astra-all-maps-20260922-001/bane_vs_bane/jev-retry-20260922-201819-687502,jev_gpt6,1078.0000000086147,5
smac-hard/jev_runs/p0-astra-all-maps-20260922-001/bane_vs_bane/jev-retry-20260922-201819-687502,jev_gpt6,938.0000000091968,5
smac-hard/jev_runs/p0-astra-all-maps-20260922-001/bane_vs_bane/jev-retry-20260922-201819-687502,jev_gpt6,578.0000000086147,4
smac-hard/jev_runs/p0-astra-all-maps-20260922-001/bane_vs_bane/jev-retry-20260922-201819-687502,jev_gpt6,578.0000000086147,4
smac-hard/jev_runs/p0-astra-all-maps-20260922-001/bane_vs_bane/jev-retry-20260922-201819-687502,jev_gpt6,593.0000000080327,4
smac-hard/jev_runs/p0-astra-all-maps-20260922-001/bane_vs_bane/jev-retry-20260922-201819-687502,jev_gpt6,531.9999999919673,1
smac-hard/jev_runs/p0-astra-all-maps-20260922-001/bane_vs_bane/jev-retry-20260922-201819-687502,jev_gpt6,453.00000000861473,1
smac-hard/jev_runs/p0-astra-all-maps-20260922-001/bane_vs_bane/jev-retry-20260922-201819-687502,jev_gpt6,562.9999999946449,4
smac-hard/jev_runs/p0-astra-all-maps-20260922-001/bane_vs_bane/jev-retry-20260922-201819-687502,jev_gpt6,1046.9999999913853,6
smac-hard/jev_runs/p0-astra-all-maps-20260922-001/bane_vs_bane/jev-retry-20260922-201819-687502,jev_gpt6,1093.9999999973224,6
smac-hard/jev_runs/p0-astra-all-maps-20260922-001/bane_vs_bane/jev-retry-20260922-201819-687502,jev_gpt6,1046.9999999913853,6
smac-hard/jev_runs/p0-astra-all-maps-20260922-001/bane_vs_bane/jev-retry-20260922-201819-687502,jev_gpt6,1000.0,6
smac-hard/jev_runs/p0-astra-all-maps-20260922-001/bane_vs_bane/jev-retry-20260922-201819-687502,jev_gpt6,1110.000000000582,6
smac-hard/jev_runs/p0-astra-all-maps-20260922-001/bane_vs_bane/jev-retry-20260922-201819-687502,jev_gpt6,1062.999999994645,6
smac-hard/jev_runs/p0-astra-all-maps-20260922-001/bane_vs_bane/jev-retry-20260922-201819-687502,jev_gpt6,1031.0000000026776,6
smac-hard/jev_runs/p0-astra-all-maps-20260922-001/bane_vs_bane/jev-retry-20260922-201819-687502,jev_gpt6,1078.0000000086147,6
smac-hard/jev_runs/p0-astra-all-maps-20260922-001/bane_vs_bane/jev-retry-20260922-201819-687502,jev_gpt6,983.9999999967404,6
smac-hard/jev_runs/p0-astra-all-maps-20260922-001/bane_vs_bane/jev-retry-20260922-201819-687502,jev_gpt6,921.9999999913853,5
smac-hard/jev_runs/p0-astra-all-maps-20260922-001/bane_vs_bane/jev-retry-20260922-201819-687502,jev_gpt6,936.9999999908032,5
smac-hard/jev_runs/p0-astra-all-maps-20260922-001/bane_vs_bane/jev-retry-20260922-201819-687502,jev_gpt6,561.9999999908032,4
smac-hard/jev_runs/p0-astra-all-maps-20260922-001/bane_vs_bane/jev-retry-20260922-201819-687502,jev_gpt6,593.9999999973224,3
smac-hard/jev_runs/p0-astra-all-maps-20260922-001/bane_vs_bane/jev-retry-20260922-201819-687502,jev_gpt6,561.9999999908032,3
smac-hard/jev_runs/p0-astra-all-maps-20260922-001/bane_vs_bane/jev-retry-20260922-201819-687502,jev_gpt6,547.0000000059372,3
smac-hard/jev_runs/p0-astra-all-maps-20260922-001/bane_vs_bane/jev-retry-20260922-201819-687502,jev_gpt6,547.0000000059372,3
smac-hard/jev_runs/p0-astra-all-maps-20260922-001/bane_vs_bane/jev-retry-20260922-201819-687502,jev_gpt6,530.9999999881256,2
smac-hard/jev_runs/p0-astra-all-maps-20260922-001/bane_vs_bane/jev-retry-20260922-201819-687502,jev_gpt6,483.99999999674037,1
smac-hard/jev_runs/p0-astra-all-maps-20260922-001/bane_vs_bane/jev-retry-20260922-201819-687502,jev_gpt6,437.0000000053551,1
smac-hard/jev_runs/p0-astra-all-maps-20260922-001/bane_vs_bane/jev-retry-20260922-201819-687502,jev_gpt6,546.9999999913853,4
smac-hard/jev_runs/p0-astra-all-maps-20260922-001/bane_vs_bane/jev-retry-20260922-201819-687502,jev_gpt6,1031.0000000026776,6
smac-hard/jev_runs/p0-astra-all-maps-20260922-001/bane_vs_bane/jev-retry-20260922-201819-687502,jev_gpt6,1077.9999999940628,6
smac-hard/jev_runs/p0-astra-all-maps-20260922-001/bane_vs_bane/jev-retry-20260922-201819-687502,jev_gpt6,1016.0000000032596,6
smac-hard/jev_runs/p0-astra-all-maps-20260922-001/bane_vs_bane/jev-retry-20260922-201819-687502,jev_gpt6,1031.0000000026776,6
smac-hard/jev_runs/p0-astra-all-maps-20260922-001/bane_vs_bane/jev-retry-20260922-201819-687502,jev_gpt6,1077.9999999940628,6
smac-hard/jev_runs/p0-astra-all-maps-20260922-001/bane_vs_bane/jev-retry-20260922-201819-687502,jev_gpt6,1110.000000000582,6
smac-hard/jev_runs/p0-astra-all-maps-20260922-001/bane_vs_bane/jev-retry-20260922-201819-687502,jev_gpt6,1031.0000000026776,6
smac-hard/jev_runs/p0-astra-all-maps-20260922-001/bane_vs_bane/jev-retry-20260922-201819-687502,jev_gpt6,1092.9999999934807,6
smac-hard/jev_runs/p0-astra-all-maps-20260922-001/bane_vs_bane/jev-retry-20260922-201819-687502,jev_gpt6,1062.999999994645,6
smac-hard/jev_runs/p0-astra-all-maps-20260922-001/bane_vs_bane/jev-retry-20260922-201819-687502,jev_gpt6,1155.9999999881256,5
smac-hard/jev_runs/p0-astra-all-maps-20260922-001/bane_vs_bane/jev-retry-20260922-201819-687502,jev_gpt6,531.0000000026776,2
smac-hard/jev_runs/p0-astra-all-maps-20260922-001/bane_vs_bane/jev-retry-20260922-201819-687502,jev_gpt6,546.9999999913853,1
smac-hard/jev_runs/p0-astra-all-maps-20260922-001/bane_vs_bane/jev-retry-20260922-201819-687502,jev_gpt6,516.0000000032596,1
smac-hard/jev_runs/all-maps-20260921-001/2c_vs_64zg/jev,jev_only,1265.9999999959837,2
smac-hard/jev_runs/all-maps-20260921-001/2c_vs_64zg/jev,jev_only,514.9999999994179,2
smac-hard/jev_runs/all-maps-20260921-001/2c_vs_64zg/jev,jev_only,608.9999999967404,2
smac-hard/jev_runs/all-maps-20260921-001/2c_vs_64zg/jev,jev_only,578.0000000013388,2
smac-hard/jev_runs/all-maps-20260921-001/2c_vs_64zg/jev,jev_only,484.00000000401633,2
smac-hard/jev_runs/all-maps-20260921-001/2c_vs_64zg/jev,jev_only,483.99999999674037,2
smac-hard/jev_runs/all-maps-20260921-001/2c_vs_64zg/jev,jev_only,485.0000000005821,2
smac-hard/jev_runs/all-maps-20260921-001/2c_vs_64zg/jev,jev_only,531.0000000026776,2
smac-hard/jev_runs/all-maps-20260921-001/2c_vs_64zg/jev,jev_only,530.9999999954016,2
smac-hard/jev_runs/all-maps-20260921-001/2c_vs_64zg/jev,jev_only,516.0000000032596,2
smac-hard/jev_runs/all-maps-20260921-001/2c_vs_64zg/jev,jev_only,530.9999999954016,1
smac-hard/jev_runs/all-maps-20260921-001/2c_vs_64zg/jev,jev_only,500.0,1
smac-hard/jev_runs/all-maps-20260921-001/2c_vs_64zg/jev,jev_only,468.0000000007567,1
smac-hard/jev_runs/all-maps-20260921-001/2c_vs_64zg/jev,jev_only,483.99999999674037,1
smac-hard/jev_runs/all-maps-20260921-001/2c_vs_64zg/jev,jev_only,485.0000000005821,1
smac-hard/jev_runs/all-maps-20260921-001/2c_vs_64zg/jev,jev_only,452.9999999940628,1
smac-hard/jev_runs/all-maps-20260921-001/2c_vs_64zg/jev,jev_only,671.9999999986612,1
smac-hard/jev_runs/all-maps-20260921-001/2c_vs_64zg/jev,jev_only,453.0000000013388,1
smac-hard/jev_runs/all-maps-20260921-001/2c_vs_64zg/jev,jev_only,516.0000000032596,2
smac-hard/jev_runs/all-maps-20260921-001/2c_vs_64zg/jev,jev_only,485.0000000005821,2
smac-hard/jev_runs/all-maps-20260921-001/2c_vs_64zg/jev,jev_only,483.99999999674037,2
smac-hard/jev_runs/all-maps-20260921-001/2c_vs_64zg/jev,jev_only,514.9999999994179,2
smac-hard/jev_runs/all-maps-20260921-001/2c_vs_64zg/jev,jev_only,531.0000000026776,2
smac-hard/jev_runs/all-maps-20260921-001/2c_vs_64zg/jev,jev_only,500.0,2
smac-hard/jev_runs/all-maps-20260921-001/2c_vs_64zg/jev,jev_only,610.0000000005821,2
smac-hard/jev_runs/all-maps-20260921-001/2c_vs_64zg/jev,jev_only,562.0000000053551,2
smac-hard/jev_runs/all-maps-20260921-001/2c_vs_64zg/jev,jev_only,468.0000000007567,2
smac-hard/jev_runs/all-maps-20260921-001/2c_vs_64zg/jev,jev_only,468.99999999732245,2
smac-hard/jev_runs/all-maps-20260921-001/2c_vs_64zg/jev,jev_only,547.0000000059372,1
smac-hard/jev_runs/all-maps-20260921-001/2c_vs_64zg/jev,jev_only,500.0,1
smac-hard/jev_runs/all-maps-20260921-001/2c_vs_64zg/jev,jev_only,500.0,1
smac-hard/jev_runs/all-maps-20260921-001/2c_vs_64zg/jev,jev_only,546.0000000020955,1
smac-hard/jev_runs/all-maps-20260921-001/2c_vs_64zg/jev,jev_only,514.9999999994179,1
smac-hard/jev_runs/all-maps-20260921-001/2c_vs_64zg/jev,jev_only,563.0000000019209,1
smac-hard/jev_runs/all-maps-20260921-001/2c_vs_64zg/jev,jev_only,469.0000000045984,1
smac-hard/jev_runs/all-maps-20260921-001/2c_vs_64zg/jev,jev_only,468.0000000007567,1
smac-hard/jev_runs/all-maps-20260921-001/2c_vs_64zg/jev,jev_only,500.0,1
smac-hard/jev_runs/all-maps-20260921-001/2c_vs_64zg/jev,jev_only,485.0000000005821,1
smac-hard/jev_runs/all-maps-20260921-001/2c_vs_64zg/jev,jev_only,671.9999999986612,1
smac-hard/jev_runs/all-maps-20260921-001/2c_vs_64zg/jev,jev_only,484.00000000401633,1
smac-hard/jev_runs/all-maps-20260921-001/2c_vs_64zg/jev,jev_only,733.9999999967404,1
smac-hard/jev_runs/all-maps-20260921-001/2c_vs_64zg/jev,jev_only,516.0000000032596,1
smac-hard/jev_runs/all-maps-20260921-001/2c_vs_64zg/jev,jev_only,469.0000000045984,1
smac-hard/jev_runs/all-maps-20260921-001/2c_vs_64zg/jev,jev_only,500.0,1
smac-hard/jev_runs/all-maps-20260921-001/2c_vs_64zg/jev,jev_only,515.9999999959837,1
smac-hard/jev_runs/all-maps-20260921-001/2c_vs_64zg/jev,jev_only,2343.9999999973224,2
smac-hard/jev_runs/all-maps-20260921-001/2c_vs_64zg/jev,jev_only,625.0,2
smac-hard/jev_runs/all-maps-20260921-001/2c_vs_64zg/jev,jev_only,500.0,2
smac-hard/jev_runs/all-maps-20260921-001/2c_vs_64zg/jev,jev_only,546.0000000020955,2
smac-hard/jev_runs/all-maps-20260921-001/2c_vs_64zg/jev,jev_only,530.9999999954016,2
smac-hard/jev_runs/all-maps-20260921-001/2c_vs_64zg/jev,jev_only,686.9999999980791,2
smac-hard/jev_runs/all-maps-20260921-001/2c_vs_64zg/jev,jev_only,906.9999999992433,2
smac-hard/jev_runs/all-maps-20260921-001/2c_vs_64zg/jev,jev_only,812.9999999946449,2
smac-hard/jev_runs/all-maps-20260921-001/2c_vs_64zg/jev,jev_only,516.0000000032596,2
smac-hard/jev_runs/all-maps-20260921-001/2c_vs_64zg/jev,jev_only,561.9999999980791,2
smac-hard/jev_runs/all-maps-20260921-001/2c_vs_64zg/jev,jev_only,593.9999999973224,2
smac-hard/jev_runs/all-maps-20260921-001/2c_vs_64zg/jev,jev_only,578.9999999979045,2
smac-hard/jev_runs/all-maps-20260921-001/2c_vs_64zg/jev,jev_only,485.0000000005821,1
smac-hard/jev_runs/all-maps-20260921-001/2c_vs_64zg/jev,jev_only,500.0,1
smac-hard/jev_runs/all-maps-20260921-001/2c_vs_64zg/jev,jev_only,546.9999999986612,1
smac-hard/jev_runs/all-maps-20260921-001/2c_vs_64zg/jev,jev_only,469.0000000045984,1
smac-hard/jev_runs/all-maps-20260921-001/2c_vs_64zg/jev,jev_only,500.0,1
smac-hard/jev_runs/p0-astra-all-maps-20260922-001/2c_vs_64zg/jev,jev_gpt6,1360.000000000582,1
smac-hard/jev_runs/p0-astra-all-maps-20260922-001/2c_vs_64zg/jev,jev_gpt6,532.0000000065193,1
smac-hard/jev_runs/p0-astra-all-maps-20260922-001/2c_vs_64zg/jev,jev_gpt6,500.0,1
smac-hard/jev_runs/p0-astra-all-maps-20260922-001/2c_vs_64zg/jev,jev_gpt6,500.0,1
smac-hard/jev_runs/p0-astra-all-maps-20260922-001/2c_vs_64zg/jev,jev_gpt6,547.0000000059372,1
smac-hard/jev_runs/p0-astra-all-maps-20260922-001/2c_vs_64zg/jev,jev_gpt6,500.0,1
smac-hard/jev_runs/p0-astra-all-maps-20260922-001/2c_vs_64zg/jev,jev_gpt6,468.00000000803266,1
smac-hard/jev_runs/p0-astra-all-maps-20260922-001/2c_vs_64zg/jev,jev_gpt6,484.0000000112923,1
smac-hard/jev_runs/p0-astra-all-maps-20260922-001/2c_vs_64zg/jev,jev_gpt6,656.0000000026776,1
smac-hard/jev_runs/p0-astra-all-maps-20260922-001/2c_vs_64zg/jev,jev_gpt6,483.99999999674037,1
smac-hard/jev_runs/p0-astra-all-maps-20260922-001/2c_vs_64zg/jev,jev_gpt6,437.0000000053551,1
smac-hard/jev_runs/p0-astra-all-maps-20260922-001/2c_vs_64zg/jev,jev_gpt6,468.99999999732245,1
smac-hard/jev_runs/p0-astra-all-maps-20260922-001/2c_vs_64zg/jev,jev_gpt6,453.9999999979045,1
smac-hard/jev_runs/p0-astra-all-maps-20260922-001/2c_vs_64zg/jev,jev_gpt6,452.9999999940628,1
smac-hard/jev_runs/p0-astra-all-maps-20260922-001/2c_vs_64zg/jev,jev_gpt6,452.9999999940628,1
smac-hard/jev_runs/p0-astra-all-maps-20260922-001/2c_vs_64zg/jev,jev_gpt6,514.9999999994179,1
smac-hard/jev_runs/p0-astra-all-maps-20260922-001/2c_vs_64zg/jev,jev_gpt6,453.9999999979045,1
smac-hard/jev_runs/p0-astra-all-maps-20260922-001/2c_vs_64zg/jev,jev_gpt6,437.9999999946449,1
smac-hard/jev_runs/p0-astra-all-maps-20260922-001/2c_vs_64zg/jev,jev_gpt6,531.0000000026776,1
smac-hard/jev_runs/p0-astra-all-maps-20260922-001/2c_vs_64zg/jev,jev_gpt6,453.9999999979045,1
smac-hard/jev_runs/p0-astra-all-maps-20260922-001/2c_vs_64zg/jev,jev_gpt6,468.99999999732245,1
smac-hard/jev_runs/p0-astra-all-maps-20260922-001/2c_vs_64zg/jev,jev_gpt6,516.0000000032596,1
smac-hard/jev_runs/p0-astra-all-maps-20260922-001/2c_vs_64zg/jev,jev_gpt6,500.0,1
smac-hard/jev_runs/p0-astra-all-maps-20260922-001/2c_vs_64zg/jev,jev_gpt6,485.0000000005821,1
smac-hard/jev_runs/p0-astra-all-maps-20260922-001/2c_vs_64zg/jev,jev_gpt6,452.9999999940628,1
smac-hard/jev_runs/p0-astra-all-maps-20260922-001/2c_vs_64zg/jev,jev_gpt6,452.9999999940628,1
smac-hard/jev_runs/p0-astra-all-maps-20260922-001/2c_vs_64zg/jev,jev_gpt6,452.9999999940628,1
smac-hard/jev_runs/p0-astra-all-maps-20260922-001/2c_vs_64zg/jev,jev_gpt6,437.0000000053551,1
smac-hard/jev_runs/p0-astra-all-maps-20260922-001/2c_vs_64zg/jev,jev_gpt6,453.00000000861473,1
smac-hard/jev_runs/p0-astra-all-maps-20260922-001/2c_vs_64zg/jev,jev_gpt6,515.9999999887077,1
smac-hard/jev_runs/p0-astra-all-maps-20260922-001/2c_vs_64zg/jev,jev_gpt6,437.0000000053551,1
smac-hard/jev_runs/p0-astra-all-maps-20260922-001/2c_vs_64zg/jev,jev_gpt6,483.99999999674037,1
smac-hard/jev_runs/p0-astra-all-maps-20260922-001/2c_vs_64zg/jev,jev_gpt6,483.99999999674037,1
smac-hard/jev_runs/p0-astra-all-maps-20260922-001/2c_vs_64zg/jev,jev_gpt6,468.99999999732245,1
smac-hard/jev_runs/p0-astra-all-maps-20260922-001/2c_vs_64zg/jev,jev_gpt6,421.99999999138527,1
smac-hard/jev_runs/p0-astra-all-maps-20260922-001/2c_vs_64zg/jev,jev_gpt6,468.99999999732245,1
smac-hard/jev_runs/p0-astra-all-maps-20260922-001/2c_vs_64zg/jev,jev_gpt6,467.99999999348074,1
smac-hard/jev_runs/p0-astra-all-maps-20260922-001/2c_vs_64zg/jev,jev_gpt6,437.0000000053551,1
smac-hard/jev_runs/p0-astra-all-maps-20260922-001/2c_vs_64zg/jev,jev_gpt6,422.0000000059372,1
smac-hard/jev_runs/p0-astra-all-maps-20260922-001/2c_vs_64zg/jev,jev_gpt6,468.99999999732245,1
smac-hard/jev_runs/p0-astra-all-maps-20260922-001/2c_vs_64zg/jev,jev_gpt6,437.0000000053551,1
smac-hard/jev_runs/p0-astra-all-maps-20260922-001/2c_vs_64zg/jev,jev_gpt6,437.0000000053551,1
smac-hard/jev_runs/p0-astra-all-maps-20260922-001/2c_vs_64zg/jev,jev_gpt6,436.9999999908032,1
smac-hard/jev_runs/p0-astra-all-maps-20260922-001/2c_vs_64zg/jev,jev_gpt6,422.0000000059372,1
smac-hard/jev_runs/p0-astra-all-maps-20260922-001/2c_vs_64zg/jev,jev_gpt6,453.00000000861473,1
smac-hard/jev_runs/p0-astra-all-maps-20260922-001/2c_vs_64zg/jev,jev_gpt6,453.9999999979045,1
smac-hard/jev_runs/p0-astra-all-maps-20260922-001/2c_vs_64zg/jev,jev_gpt6,437.9999999946449,1
smac-hard/jev_runs/p0-astra-all-maps-20260922-001/2c_vs_64zg/jev,jev_gpt6,453.00000000861473,1
smac-hard/jev_runs/p0-astra-all-maps-20260922-001/2c_vs_64zg/jev,jev_gpt6,405.99999998812564,1
smac-hard/jev_runs/p0-astra-all-maps-20260922-001/2c_vs_64zg/jev,jev_gpt6,437.0000000053551,1
smac-hard/jev_runs/p0-astra-all-maps-20260922-001/2c_vs_64zg/jev,jev_gpt6,483.99999999674037,1
smac-hard/jev_runs/p0-astra-all-maps-20260922-001/2c_vs_64zg/jev,jev_gpt6,405.99999998812564,1
smac-hard/jev_runs/p0-astra-all-maps-20260922-001/2c_vs_64zg/jev,jev_gpt6,578.0000000086147,1
smac-hard/jev_runs/p0-astra-all-maps-20260922-001/2c_vs_64zg/jev,jev_gpt6,516.0000000032596,1
smac-hard/jev_runs/p0-astra-all-maps-20260922-001/2c_vs_64zg/jev,jev_gpt6,500.0,1
smac-hard/jev_runs/p0-astra-all-maps-20260922-001/2c_vs_64zg/jev,jev_gpt6,483.99999999674037,1
smac-hard/jev_runs/p0-astra-all-maps-20260922-001/2c_vs_64zg/jev,jev_gpt6,531.0000000026776,1
smac-hard/jev_runs/p0-astra-all-maps-20260922-001/2c_vs_64zg/jev,jev_gpt6,468.99999999732245,1
smac-hard/jev_runs/p0-astra-all-maps-20260922-001/2c_vs_64zg/jev,jev_gpt6,468.99999999732245,1
smac-hard/jev_runs/p0-astra-all-maps-20260922-001/2c_vs_64zg/jev,jev_gpt6,500.0,1
smac-hard/jev_runs/p0-astra-all-maps-20260922-001/2c_vs_64zg/jev,jev_gpt6,500.0,1
smac-hard/jev_runs/p0-astra-all-maps-20260922-001/2c_vs_64zg/jev,jev_gpt6,516.0000000032596,1
smac-hard/jev_runs/p0-astra-all-maps-20260922-001/2c_vs_64zg/jev,jev_gpt6,500.0,1
smac-hard/jev_runs/p0-astra-all-maps-20260922-001/2c_vs_64zg/jev,jev_gpt6,485.0000000005821,1
smac-hard/jev_runs/p0-astra-all-maps-20260922-001/2c_vs_64zg/jev,jev_gpt6,514.9999999994179,1
smac-hard/jev_runs/p0-astra-all-maps-20260922-001/2c_vs_64zg/jev,jev_gpt6,485.0000000005821,1
smac-hard/jev_runs/p0-astra-all-maps-20260922-001/2c_vs_64zg/jev,jev_gpt6,546.9999999913853,1
smac-hard/jev_runs/p0-astra-all-maps-20260922-001/2c_vs_64zg/jev,jev_gpt6,468.99999999732245,1
smac-hard/jev_runs/p0-astra-all-maps-20260922-001/2c_vs_64zg/jev,jev_gpt6,500.0,1
smac-hard/jev_runs/p0-astra-all-maps-20260922-001/2c_vs_64zg/jev,jev_gpt6,452.9999999940628,1
smac-hard/jev_runs/p0-astra-all-maps-20260922-001/2c_vs_64zg/jev,jev_gpt6,485.0000000005821,1
smac-hard/jev_runs/p0-astra-all-maps-20260922-001/2c_vs_64zg/jev,jev_gpt6,437.9999999946449,1
smac-hard/jev_runs/p0-astra-all-maps-20260922-001/2c_vs_64zg/jev,jev_gpt6,452.9999999940628,1
smac-hard/jev_runs/p0-astra-all-maps-20260922-001/2c_vs_64zg/jev,jev_gpt6,437.0000000053551,1
smac-hard/jev_runs/p0-astra-all-maps-20260922-001/2c_vs_64zg/jev,jev_gpt6,437.0000000053551,1
smac-hard/jev_runs/p0-astra-all-maps-20260922-001/2c_vs_64zg/jev,jev_gpt6,468.99999999732245,1
smac-hard/jev_runs/p0-astra-all-maps-20260922-001/2c_vs_64zg/jev,jev_gpt6,452.9999999940628,1
smac-hard/jev_runs/p0-astra-all-maps-20260922-001/2c_vs_64zg/jev,jev_gpt6,452.9999999940628,1
smac-hard/jev_runs/p0-astra-all-maps-20260922-001/2c_vs_64zg/jev,jev_gpt6,406.00000000267755,1
smac-hard/jev_runs/p0-astra-all-maps-20260922-001/2c_vs_64zg/jev,jev_gpt6,531.9999999919673,1
smac-hard/jev_runs/p0-astra-all-maps-20260922-001/2c_vs_64zg/jev,jev_gpt6,437.0000000053551,1
smac-hard/jev_runs/p0-astra-all-maps-20260922-001/2c_vs_64zg/jev,jev_gpt6,453.00000000861473,1
smac-hard/jev_runs/p0-astra-all-maps-20260922-001/2c_vs_64zg/jev,jev_gpt6,452.9999999940628,1
smac-hard/jev_runs/p0-astra-all-maps-20260922-001/2c_vs_64zg/jev,jev_gpt6,453.9999999979045,1
smac-hard/jev_runs/p0-astra-all-maps-20260922-001/2c_vs_64zg/jev,jev_gpt6,452.9999999940628,1
smac-hard/jev_runs/p0-astra-all-maps-20260922-001/2c_vs_64zg/jev,jev_gpt6,437.9999999946449,1
smac-hard/jev_runs/p0-astra-all-maps-20260922-001/2c_vs_64zg/jev,jev_gpt6,485.0000000005821,1
smac-hard/jev_runs/p0-astra-all-maps-20260922-001/2c_vs_64zg/jev,jev_gpt6,422.0000000059372,1
smac-hard/jev_runs/p0-astra-all-maps-20260922-001/2c_vs_64zg/jev,jev_gpt6,546.9999999913853,1
smac-hard/jev_runs/p0-astra-all-maps-20260922-001/2c_vs_64zg/jev,jev_gpt6,500.0,1
smac-hard/jev_runs/p0-astra-all-maps-20260922-001/2c_vs_64zg/jev,jev_gpt6,483.99999999674037,1
smac-hard/jev_runs/p0-astra-all-maps-20260922-001/2c_vs_64zg/jev,jev_gpt6,468.99999999732245,1
smac-hard/jev_runs/p0-astra-all-maps-20260922-001/2c_vs_64zg/jev,jev_gpt6,452.9999999940628,1
smac-hard/jev_runs/p0-astra-all-maps-20260922-001/2c_vs_64zg/jev,jev_gpt6,437.0000000053551,1
smac-hard/jev_runs/p0-astra-all-maps-20260922-001/2c_vs_64zg/jev,jev_gpt6,422.0000000059372,1
smac-hard/jev_runs/p0-astra-all-maps-20260922-001/2c_vs_64zg/jev,jev_gpt6,562.9999999946449,1
smac-hard/jev_runs/p0-astra-all-maps-20260922-001/2c_vs_64zg/jev,jev_gpt6,422.0000000059372,1
smac-hard/jev_runs/p0-astra-all-maps-20260922-001/2c_vs_64zg/jev,jev_gpt6,389.9999999994179,1
smac-hard/jev_runs/p0-astra-all-maps-20260922-001/2c_vs_64zg/jev,jev_gpt6,421.99999999138527,1
smac-hard/jev_runs/p0-astra-all-maps-20260922-001/2c_vs_64zg/jev,jev_gpt6,389.9999999994179,1
smac-hard/jev_runs/p0-astra-all-maps-20260922-001/2c_vs_64zg/jev,jev_gpt6,437.9999999946449,1
smac-hard/jev_runs/p0-astra-all-maps-20260922-001/2c_vs_64zg/jev,jev_gpt6,344.00000001187436,1
smac-hard/jev_runs/p0-astra-all-maps-20260922-001/2c_vs_64zg/jev,jev_gpt6,422.0000000059372,1
smac-hard/jev_runs/p0-astra-all-maps-20260922-001/2c_vs_64zg/jev,jev_gpt6,375.0,1
smac-hard/jev_runs/p0-astra-all-maps-20260922-001/2c_vs_64zg/jev,jev_gpt6,437.9999999946449,1
smac-hard/jev_runs/p0-astra-all-maps-20260922-001/2c_vs_64zg/jev,jev_gpt6,389.9999999994179,1
smac-hard/jev_runs/p0-astra-all-maps-20260922-001/2c_vs_64zg/jev,jev_gpt6,358.99999999674037,1
smac-hard/jev_runs/p0-astra-all-maps-20260922-001/2c_vs_64zg/jev,jev_gpt6,375.0,1
smac-hard/jev_runs/p0-astra-all-maps-20260922-001/2c_vs_64zg/jev,jev_gpt6,343.99999999732245,1
smac-hard/jev_runs/p0-astra-all-maps-20260922-001/2c_vs_64zg/jev,jev_gpt6,375.0,1
smac-hard/jev_runs/p0-astra-all-maps-20260922-001/2c_vs_64zg/jev,jev_gpt6,422.0000000059372,1
smac-hard/jev_runs/p0-astra-all-maps-20260922-001/2c_vs_64zg/jev,jev_gpt6,421.99999999138527,1
smac-hard/jev_runs/p0-astra-all-maps-20260922-001/2c_vs_64zg/jev,jev_gpt6,500.0,1
smac-hard/jev_runs/p0-astra-all-maps-20260922-001/2c_vs_64zg/jev,jev_gpt6,485.0000000005821,1
smac-hard/jev_runs/p0-astra-all-maps-20260922-001/2c_vs_64zg/jev,jev_gpt6,516.0000000032596,1
smac-hard/jev_runs/p0-astra-all-maps-20260922-001/2c_vs_64zg/jev,jev_gpt6,437.9999999946449,1
smac-hard/jev_runs/p0-astra-all-maps-20260922-001/2c_vs_64zg/jev,jev_gpt6,485.0000000005821,1
smac-hard/jev_runs/p0-astra-all-maps-20260922-001/2c_vs_64zg/jev,jev_gpt6,483.99999999674037,1
smac-hard/jev_runs/p0-astra-all-maps-20260922-001/2c_vs_64zg/jev,jev_gpt6,467.99999999348074,1
smac-hard/jev_runs/p0-astra-all-maps-20260922-001/2c_vs_64zg/jev,jev_gpt6,531.0000000026776,1
smac-hard/jev_runs/p0-astra-all-maps-20260922-001/2c_vs_64zg/jev,jev_gpt6,468.99999999732245,1
smac-hard/jev_runs/p0-astra-all-maps-20260922-001/2c_vs_64zg/jev,jev_gpt6,469.00000001187436,1
smac-hard/jev_runs/p0-astra-all-maps-20260922-001/2c_vs_64zg/jev,jev_gpt6,469.00000001187436,1
smac-hard/jev_runs/p0-astra-all-maps-20260922-001/2c_vs_64zg/jev,jev_gpt6,500.0,1
smac-hard/jev_runs/p0-astra-all-maps-20260922-001/2c_vs_64zg/jev,jev_gpt6,485.0000000005821,1
smac-hard/jev_runs/p0-astra-all-maps-20260922-001/2c_vs_64zg/jev,jev_gpt6,436.9999999908032,1
smac-hard/jev_runs/p0-astra-all-maps-20260922-001/2c_vs_64zg/jev,jev_gpt6,452.9999999940628,1
smac-hard/jev_runs/p0-astra-all-maps-20260922-001/2c_vs_64zg/jev,jev_gpt6,468.99999999732245,1
smac-hard/jev_runs/p0-astra-all-maps-20260922-001/2c_vs_64zg/jev,jev_gpt6,437.0000000053551,1
smac-hard/jev_runs/p0-astra-all-maps-20260922-001/2c_vs_64zg/jev,jev_gpt6,422.0000000059372,1
smac-hard/jev_runs/p0-astra-all-maps-20260922-001/2c_vs_64zg/jev,jev_gpt6,436.9999999908032,1
smac-hard/jev_runs/p0-astra-all-maps-20260922-001/2c_vs_64zg/jev,jev_gpt6,453.00000000861473,1
smac-hard/jev_runs/p0-astra-all-maps-20260922-001/2c_vs_64zg/jev,jev_gpt6,437.0000000053551,1
smac-hard/jev_runs/p0-astra-all-maps-20260922-001/2c_vs_64zg/jev,jev_gpt6,531.9999999919673,1
smac-hard/jev_runs/p0-astra-all-maps-20260922-001/2c_vs_64zg/jev,jev_gpt6,468.99999999732245,1
smac-hard/jev_runs/p0-astra-all-maps-20260922-001/2c_vs_64zg/jev,jev_gpt6,437.0000000053551,1
smac-hard/jev_runs/p0-astra-all-maps-20260922-001/2c_vs_64zg/jev,jev_gpt6,469.00000001187436,1
smac-hard/jev_runs/p0-astra-all-maps-20260922-001/2c_vs_64zg/jev,jev_gpt6,516.0000000032596,1
smac-hard/jev_runs/p0-astra-all-maps-20260922-001/2c_vs_64zg/jev,jev_gpt6,485.0000000005821,1
smac-hard/jev_runs/p0-astra-all-maps-20260922-001/2c_vs_64zg/jev,jev_gpt6,468.99999999732245,1
smac-hard/jev_runs/p0-astra-all-maps-20260922-001/2c_vs_64zg/jev,jev_gpt6,500.0,1
smac-hard/jev_runs/p0-astra-all-maps-20260922-001/2c_vs_64zg/jev,jev_gpt6,468.99999999732245,1
smac-hard/jev_runs/p0-astra-all-maps-20260922-001/2c_vs_64zg/jev,jev_gpt6,437.9999999946449,1
smac-hard/jev_runs/p0-astra-all-maps-20260922-001/2c_vs_64zg/jev,jev_gpt6,452.9999999940628,1
smac-hard/jev_runs/p0-astra-all-maps-20260922-001/2c_vs_64zg/jev,jev_gpt6,437.9999999946449,1
smac-hard/jev_runs/p0-astra-all-maps-20260922-001/2c_vs_64zg/jev,jev_gpt6,468.99999999732245,1
smac-hard/jev_runs/p0-astra-all-maps-20260922-001/2c_vs_64zg/jev,jev_gpt6,469.00000001187436,1
smac-hard/jev_runs/p0-astra-all-maps-20260922-001/2c_vs_64zg/jev,jev_gpt6,485.0000000005821,1
smac-hard/jev_runs/p0-astra-all-maps-20260922-001/2c_vs_64zg/jev,jev_gpt6,469.00000001187436,1
smac-hard/jev_runs/p0-astra-all-maps-20260922-001/2c_vs_64zg/jev,jev_gpt6,500.0,1
smac-hard/jev_runs/p0-astra-all-maps-20260922-001/2c_vs_64zg/jev,jev_gpt6,483.99999999674037,1
smac-hard/jev_runs/all-maps-20260921-001/2vr_vs_3sc/jev-retry-20260922-003154-123594,jev_only,875.0,1
smac-hard/jev_runs/all-maps-20260921-001/2vr_vs_3sc/jev-retry-20260922-003154-123594,jev_only,391.00000000325963,1
smac-hard/jev_runs/all-maps-20260921-001/2vr_vs_3sc/jev-retry-20260922-003154-123594,jev_only,343.99999999732245,1
smac-hard/jev_runs/all-maps-20260921-001/2vr_vs_3sc/jev-retry-20260922-003154-123594,jev_only,359.00000000401633,1
smac-hard/jev_runs/all-maps-20260921-001/2vr_vs_3sc/jev-retry-20260922-003154-123594,jev_only,531.0000000026776,1
smac-hard/jev_runs/all-maps-20260921-001/2vr_vs_3sc/jev-retry-20260922-003154-123594,jev_only,390.99999999598367,1
smac-hard/jev_runs/all-maps-20260921-001/2vr_vs_3sc/jev-retry-20260922-003154-123594,jev_only,391.00000000325963,1
smac-hard/jev_runs/all-maps-20260921-001/2vr_vs_3sc/jev-retry-20260922-003154-123594,jev_only,360.0000000005821,1
smac-hard/jev_runs/all-maps-20260921-001/2vr_vs_3sc/jev-retry-20260922-003154-123594,jev_only,391.00000000325963,1
smac-hard/jev_runs/all-maps-20260921-001/2vr_vs_3sc/jev-retry-20260922-003154-123594,jev_only,406.9999999992433,1
smac-hard/jev_runs/all-maps-20260921-001/2vr_vs_3sc/jev-retry-20260922-003154-123594,jev_only,358.99999999674037,1
smac-hard/jev_runs/all-maps-20260921-001/2vr_vs_3sc/jev-retry-20260922-003154-123594,jev_only,406.00000000267755,1
smac-hard/jev_runs/all-maps-20260921-001/2vr_vs_3sc/jev-retry-20260922-003154-123594,jev_only,375.0,1
smac-hard/jev_runs/all-maps-20260921-001/2vr_vs_3sc/jev-retry-20260922-003154-123594,jev_only,437.9999999946449,1
smac-hard/jev_runs/all-maps-20260921-001/2vr_vs_3sc/jev-retry-20260922-003154-123594,jev_only,406.00000000267755,1
smac-hard/jev_runs/all-maps-20260921-001/2vr_vs_3sc/jev-retry-20260922-003154-123594,jev_only,438.00000000192085,1
smac-hard/jev_runs/all-maps-20260921-001/2vr_vs_3sc/jev-retry-20260922-003154-123594,jev_only,375.0,1
smac-hard/jev_runs/all-maps-20260921-001/2vr_vs_3sc/jev-retry-20260922-003154-123594,jev_only,406.00000000267755,1
smac-hard/jev_runs/all-maps-20260921-001/2vr_vs_3sc/jev-retry-20260922-003154-123594,jev_only,358.99999999674037,1
smac-hard/jev_runs/all-maps-20260921-001/2vr_vs_3sc/jev-retry-20260922-003154-123594,jev_only,421.9999999986612,1
smac-hard/jev_runs/all-maps-20260921-001/2vr_vs_3sc/jev-retry-20260922-003154-123594,jev_only,421.9999999986612,1
smac-hard/jev_runs/all-maps-20260921-001/2vr_vs_3sc/jev-retry-20260922-003154-123594,jev_only,375.0,1
smac-hard/jev_runs/all-maps-20260921-001/2vr_vs_3sc/jev-retry-20260922-003154-123594,jev_only,375.0,1
smac-hard/jev_runs/all-maps-20260921-001/2vr_vs_3sc/jev-retry-20260922-003154-123594,jev_only,375.0,1
smac-hard/jev_runs/all-maps-20260921-001/2vr_vs_3sc/jev-retry-20260922-003154-123594,jev_only,1030.9999999954016,1
smac-hard/jev_runs/all-maps-20260921-001/2vr_vs_3sc/jev-retry-20260922-003154-123594,jev_only,406.00000000267755,1
smac-hard/jev_runs/all-maps-20260921-001/2vr_vs_3sc/jev-retry-20260922-003154-123594,jev_only,485.0000000005821,1
smac-hard/jev_runs/all-maps-20260921-001/2vr_vs_3sc/jev-retry-20260922-003154-123594,jev_only,375.0,1
smac-hard/jev_runs/all-maps-20260921-001/2vr_vs_3sc/jev-retry-20260922-003154-123594,jev_only,469.0000000045984,1
smac-hard/jev_runs/all-maps-20260921-001/2vr_vs_3sc/jev-retry-20260922-003154-123594,jev_only,358.99999999674037,1
smac-hard/jev_runs/all-maps-20260921-001/2vr_vs_3sc/jev-retry-20260922-003154-123594,jev_only,389.9999999994179,1
smac-hard/jev_runs/all-maps-20260921-001/2vr_vs_3sc/jev-retry-20260922-003154-123594,jev_only,422.0000000059372,1
smac-hard/jev_runs/all-maps-20260921-001/2vr_vs_3sc/jev-retry-20260922-003154-123594,jev_only,406.9999999992433,1
smac-hard/jev_runs/all-maps-20260921-001/2vr_vs_3sc/jev-retry-20260922-003154-123594,jev_only,438.00000000192085,1
smac-hard/jev_runs/all-maps-20260921-001/2vr_vs_3sc/jev-retry-20260922-003154-123594,jev_only,389.9999999994179,1
smac-hard/jev_runs/all-maps-20260921-001/2vr_vs_3sc/jev-retry-20260922-003154-123594,jev_only,421.9999999986612,1
smac-hard/jev_runs/all-maps-20260921-001/2vr_vs_3sc/jev-retry-20260922-003154-123594,jev_only,375.0,1
smac-hard/jev_runs/all-maps-20260921-001/2vr_vs_3sc/jev-retry-20260922-003154-123594,jev_only,406.00000000267755,1
smac-hard/jev_runs/all-maps-20260921-001/2vr_vs_3sc/jev-retry-20260922-003154-123594,jev_only,437.9999999946449,1
smac-hard/jev_runs/all-maps-20260921-001/2vr_vs_3sc/jev-retry-20260922-003154-123594,jev_only,389.9999999994179,1
smac-hard/jev_runs/all-maps-20260921-001/2vr_vs_3sc/jev-retry-20260922-003154-123594,jev_only,421.9999999986612,1
smac-hard/jev_runs/all-maps-20260921-001/2vr_vs_3sc/jev-retry-20260922-003154-123594,jev_only,358.99999999674037,1
smac-hard/jev_runs/all-maps-20260921-001/2vr_vs_3sc/jev-retry-20260922-003154-123594,jev_only,421.9999999986612,1
smac-hard/jev_runs/all-maps-20260921-001/2vr_vs_3sc/jev-retry-20260922-003154-123594,jev_only,593.0000000007567,1
smac-hard/jev_runs/all-maps-20260921-001/2vr_vs_3sc/jev-retry-20260922-003154-123594,jev_only,375.0,1
smac-hard/jev_runs/all-maps-20260921-001/2vr_vs_3sc/jev-retry-20260922-003154-123594,jev_only,343.99999999732245,1
smac-hard/jev_runs/all-maps-20260921-001/2vr_vs_3sc/jev-retry-20260922-003154-123594,jev_only,453.0000000013388,1
smac-hard/jev_runs/all-maps-20260921-001/2vr_vs_3sc/jev-retry-20260922-003154-123594,jev_only,561.9999999980791,1
smac-hard/jev_runs/all-maps-20260921-001/2vr_vs_3sc/jev-retry-20260922-003154-123594,jev_only,421.9999999986612,1
smac-hard/jev_runs/all-maps-20260921-001/2vr_vs_3sc/jev-retry-20260922-003154-123594,jev_only,468.99999999732245,1
smac-hard/jev_runs/all-maps-20260921-001/2vr_vs_3sc/jev-retry-20260922-003154-123594,jev_only,389.9999999994179,1
smac-hard/jev_runs/all-maps-20260921-001/2vr_vs_3sc/jev-retry-20260922-003154-123594,jev_only,390.99999999598367,1
smac-hard/jev_runs/all-maps-20260921-001/2vr_vs_3sc/jev-retry-20260922-003154-123594,jev_only,406.00000000267755,1
smac-hard/jev_runs/all-maps-20260921-001/2vr_vs_3sc/jev-retry-20260922-003154-123594,jev_only,389.9999999994179,1
smac-hard/jev_runs/all-maps-20260921-001/2vr_vs_3sc/jev-retry-20260922-003154-123594,jev_only,375.0,1
smac-hard/jev_runs/all-maps-20260921-001/2vr_vs_3sc/jev-retry-20260922-003154-123594,jev_only,453.0000000013388,1
smac-hard/jev_runs/all-maps-20260921-001/2vr_vs_3sc/jev-retry-20260922-003154-123594,jev_only,375.0,1
smac-hard/jev_runs/all-maps-20260921-001/2vr_vs_3sc/jev-retry-20260922-003154-123594,jev_only,406.9999999992433,1
smac-hard/jev_runs/all-maps-20260921-001/2vr_vs_3sc/jev-retry-20260922-003154-123594,jev_only,406.9999999992433,1
smac-hard/jev_runs/all-maps-20260921-001/2vr_vs_3sc/jev-retry-20260922-003154-123594,jev_only,593.9999999973224,1
smac-hard/jev_runs/all-maps-20260921-001/2vr_vs_3sc/jev-retry-20260922-003154-123594,jev_only,406.00000000267755,1
smac-hard/jev_runs/all-maps-20260921-001/2vr_vs_3sc/jev-retry-20260922-003154-123594,jev_only,390.99999999598367,1
smac-hard/jev_runs/all-maps-20260921-001/2vr_vs_3sc/jev-retry-20260922-003154-123594,jev_only,375.0,1
smac-hard/jev_runs/all-maps-20260921-001/2vr_vs_3sc/jev-retry-20260922-003154-123594,jev_only,375.0,1
smac-hard/jev_runs/all-maps-20260921-001/2vr_vs_3sc/jev-retry-20260922-003154-123594,jev_only,390.99999999598367,1
smac-hard/jev_runs/all-maps-20260921-001/2vr_vs_3sc/jev-retry-20260922-003154-123594,jev_only,375.0,1
smac-hard/jev_runs/all-maps-20260921-001/2vr_vs_3sc/jev-retry-20260922-003154-123594,jev_only,453.0000000013388,1
smac-hard/jev_runs/p0-astra-all-maps-20260922-001/2vr_vs_3sc/jev,jev_gpt6,1233.9999999967404,1
smac-hard/jev_runs/p0-astra-all-maps-20260922-001/2vr_vs_3sc/jev,jev_gpt6,500.0,1
smac-hard/jev_runs/p0-astra-all-maps-20260922-001/2vr_vs_3sc/jev,jev_gpt6,437.0000000053551,1
smac-hard/jev_runs/p0-astra-all-maps-20260922-001/2vr_vs_3sc/jev,jev_gpt6,452.9999999940628,1
smac-hard/jev_runs/p0-astra-all-maps-20260922-001/2vr_vs_3sc/jev,jev_gpt6,391.00000000325963,1
smac-hard/jev_runs/p0-astra-all-maps-20260922-001/2vr_vs_3sc/jev,jev_gpt6,437.9999999946449,1
smac-hard/jev_runs/p0-astra-all-maps-20260922-001/2vr_vs_3sc/jev,jev_gpt6,421.0000000020955,1
smac-hard/jev_runs/p0-astra-all-maps-20260922-001/2vr_vs_3sc/jev,jev_gpt6,421.99999999138527,1
smac-hard/jev_runs/p0-astra-all-maps-20260922-001/2vr_vs_3sc/jev,jev_gpt6,421.0000000020955,1
smac-hard/jev_runs/p0-astra-all-maps-20260922-001/2vr_vs_3sc/jev,jev_gpt6,405.99999998812564,1
smac-hard/jev_runs/p0-astra-all-maps-20260922-001/2vr_vs_3sc/jev,jev_gpt6,422.0000000059372,1
smac-hard/jev_runs/p0-astra-all-maps-20260922-001/2vr_vs_3sc/jev,jev_gpt6,421.99999999138527,1
smac-hard/jev_runs/p0-astra-all-maps-20260922-001/2vr_vs_3sc/jev,jev_gpt6,516.0000000032596,1
smac-hard/jev_runs/p0-astra-all-maps-20260922-001/2vr_vs_3sc/jev,jev_gpt6,437.0000000053551,1
smac-hard/jev_runs/p0-astra-all-maps-20260922-001/2vr_vs_3sc/jev,jev_gpt6,358.99999999674037,1
smac-hard/jev_runs/p0-astra-all-maps-20260922-001/2vr_vs_3sc/jev,jev_gpt6,391.00000000325963,1
smac-hard/jev_runs/p0-astra-all-maps-20260922-001/2vr_vs_3sc/jev,jev_gpt6,375.0,1
smac-hard/jev_runs/p0-astra-all-maps-20260922-001/2vr_vs_3sc/jev,jev_gpt6,437.9999999946449,1
smac-hard/jev_runs/p0-astra-all-maps-20260922-001/2vr_vs_3sc/jev,jev_gpt6,359.0000000112923,1
smac-hard/jev_runs/p0-astra-all-maps-20260922-001/2vr_vs_3sc/jev,jev_gpt6,389.9999999994179,1
smac-hard/jev_runs/p0-astra-all-maps-20260922-001/2vr_vs_3sc/jev,jev_gpt6,406.00000000267755,1
smac-hard/jev_runs/p0-astra-all-maps-20260922-001/2vr_vs_3sc/jev,jev_gpt6,421.99999999138527,1
smac-hard/jev_runs/p0-astra-all-maps-20260922-001/2vr_vs_3sc/jev,jev_gpt6,407.00000000651926,1
smac-hard/jev_runs/p0-astra-all-maps-20260922-001/2vr_vs_3sc/jev,jev_gpt6,422.0000000059372,1
smac-hard/jev_runs/p0-astra-all-maps-20260922-001/2vr_vs_3sc/jev,jev_gpt6,406.00000000267755,1
smac-hard/jev_runs/p0-astra-all-maps-20260922-001/2vr_vs_3sc/jev,jev_gpt6,390.9999999887077,1
smac-hard/jev_runs/p0-astra-all-maps-20260922-001/2vr_vs_3sc/jev,jev_gpt6,453.00000000861473,1
smac-hard/jev_runs/p0-astra-all-maps-20260922-001/2vr_vs_3sc/jev,jev_gpt6,405.99999998812564,1
smac-hard/jev_runs/p0-astra-all-maps-20260922-001/2vr_vs_3sc/jev,jev_gpt6,406.00000000267755,1
smac-hard/jev_runs/p0-astra-all-maps-20260922-001/2vr_vs_3sc/jev,jev_gpt6,389.9999999994179,1
smac-hard/jev_runs/p0-astra-all-maps-20260922-001/2vr_vs_3sc/jev,jev_gpt6,375.0,1
smac-hard/jev_runs/p0-astra-all-maps-20260922-001/2vr_vs_3sc/jev,jev_gpt6,453.00000000861473,1
smac-hard/jev_runs/p0-astra-all-maps-20260922-001/2vr_vs_3sc/jev,jev_gpt6,375.0,1
smac-hard/jev_runs/p0-astra-all-maps-20260922-001/2vr_vs_3sc/jev,jev_gpt6,390.9999999887077,1
smac-hard/jev_runs/p0-astra-all-maps-20260922-001/2vr_vs_3sc/jev,jev_gpt6,391.00000000325963,1
smac-hard/jev_runs/p0-astra-all-maps-20260922-001/2vr_vs_3sc/jev,jev_gpt6,483.99999999674037,1
smac-hard/jev_runs/p0-astra-all-maps-20260922-001/2vr_vs_3sc/jev,jev_gpt6,422.0000000059372,1
smac-hard/jev_runs/p0-astra-all-maps-20260922-001/2vr_vs_3sc/jev,jev_gpt6,422.0000000059372,1
smac-hard/jev_runs/p0-astra-all-maps-20260922-001/2vr_vs_3sc/jev,jev_gpt6,437.9999999946449,1
smac-hard/jev_runs/p0-astra-all-maps-20260922-001/2vr_vs_3sc/jev,jev_gpt6,360.0000000005821,1
smac-hard/jev_runs/p0-astra-all-maps-20260922-001/2vr_vs_3sc/jev,jev_gpt6,391.00000000325963,1
smac-hard/jev_runs/p0-astra-all-maps-20260922-001/2vr_vs_3sc/jev,jev_gpt6,375.0,1
smac-hard/jev_runs/p0-astra-all-maps-20260922-001/2vr_vs_3sc/jev,jev_gpt6,422.0000000059372,1
smac-hard/jev_runs/p0-astra-all-maps-20260922-001/2vr_vs_3sc/jev,jev_gpt6,406.00000000267755,1
smac-hard/jev_runs/p0-astra-all-maps-20260922-001/2vr_vs_3sc/jev,jev_gpt6,437.9999999946449,1
smac-hard/jev_runs/p0-astra-all-maps-20260922-001/2vr_vs_3sc/jev,jev_gpt6,375.0,1
smac-hard/jev_runs/p0-astra-all-maps-20260922-001/2vr_vs_3sc/jev,jev_gpt6,422.0000000059372,1
smac-hard/jev_runs/p0-astra-all-maps-20260922-001/2vr_vs_3sc/jev,jev_gpt6,389.9999999994179,1
smac-hard/jev_runs/p0-astra-all-maps-20260922-001/2vr_vs_3sc/jev,jev_gpt6,391.00000000325963,1
smac-hard/jev_runs/p0-astra-all-maps-20260922-001/2vr_vs_3sc/jev,jev_gpt6,391.00000000325963,1
smac-hard/jev_runs/p0-astra-all-maps-20260922-001/2vr_vs_3sc/jev,jev_gpt6,437.9999999946449,1
smac-hard/jev_runs/p0-astra-all-maps-20260922-001/2vr_vs_3sc/jev,jev_gpt6,406.00000000267755,1
smac-hard/jev_runs/p0-astra-all-maps-20260922-001/2vr_vs_3sc/jev,jev_gpt6,437.9999999946449,1
smac-hard/jev_runs/p0-astra-all-maps-20260922-001/2vr_vs_3sc/jev,jev_gpt6,500.0,1
smac-hard/jev_runs/p0-astra-all-maps-20260922-001/2vr_vs_3sc/jev,jev_gpt6,437.9999999946449,1
smac-hard/jev_runs/p0-astra-all-maps-20260922-001/2vr_vs_3sc/jev,jev_gpt6,406.00000000267755,1
smac-hard/jev_runs/p0-astra-all-maps-20260922-001/2vr_vs_3sc/jev,jev_gpt6,358.99999999674037,1
smac-hard/jev_runs/p0-astra-all-maps-20260922-001/2vr_vs_3sc/jev,jev_gpt6,406.00000000267755,1
smac-hard/jev_runs/p0-astra-all-maps-20260922-001/2vr_vs_3sc/jev,jev_gpt6,391.00000000325963,1
smac-hard/jev_runs/p0-astra-all-maps-20260922-001/2vr_vs_3sc/jev,jev_gpt6,405.99999998812564,1
smac-hard/jev_runs/p0-astra-all-maps-20260922-001/2vr_vs_3sc/jev,jev_gpt6,391.00000000325963,1
smac-hard/jev_runs/p0-astra-all-maps-20260922-001/2vr_vs_3sc/jev,jev_gpt6,421.0000000020955,1
smac-hard/jev_runs/p0-astra-all-maps-20260922-001/2vr_vs_3sc/jev,jev_gpt6,375.0,1
smac-hard/jev_runs/p0-astra-all-maps-20260922-001/2vr_vs_3sc/jev,jev_gpt6,406.00000000267755,1
smac-hard/jev_runs/p0-astra-all-maps-20260922-001/2vr_vs_3sc/jev,jev_gpt6,422.0000000059372,1
smac-hard/jev_runs/p0-astra-all-maps-20260922-001/2vr_vs_3sc/jev,jev_gpt6,406.00000000267755,1
smac-hard/jev_runs/p0-astra-all-maps-20260922-001/2vr_vs_3sc/jev,jev_gpt6,422.0000000059372,1
smac-hard/jev_runs/p0-astra-all-maps-20260922-001/2vr_vs_3sc/jev,jev_gpt6,452.9999999940628,1
smac-hard/jev_runs/all-maps-20260921-001/3hl_vs_24zl/jev,jev_only,875.0,1
smac-hard/jev_runs/all-maps-20260921-001/3hl_vs_24zl/jev,jev_only,389.9999999994179,1
smac-hard/jev_runs/all-maps-20260921-001/3hl_vs_24zl/jev,jev_only,358.99999999674037,1
smac-hard/jev_runs/all-maps-20260921-001/3hl_vs_24zl/jev,jev_only,405.9999999954016,1
smac-hard/jev_runs/all-maps-20260921-001/3hl_vs_24zl/jev,jev_only,391.00000000325963,1
smac-hard/jev_runs/all-maps-20260921-001/3hl_vs_24zl/jev,jev_only,405.9999999954016,1
smac-hard/jev_runs/all-maps-20260921-001/3hl_vs_24zl/jev,jev_only,406.00000000267755,1
smac-hard/jev_runs/all-maps-20260921-001/3hl_vs_24zl/jev,jev_only,421.9999999986612,1
smac-hard/jev_runs/all-maps-20260921-001/3hl_vs_24zl/jev,jev_only,483.99999999674037,1
smac-hard/jev_runs/all-maps-20260921-001/3hl_vs_24zl/jev,jev_only,514.9999999994179,1
smac-hard/jev_runs/all-maps-20260921-001/3hl_vs_24zl/jev,jev_only,483.99999999674037,1
smac-hard/jev_runs/all-maps-20260921-001/3hl_vs_24zl/jev,jev_only,485.0000000005821,1
smac-hard/jev_runs/all-maps-20260921-001/3hl_vs_24zl/jev,jev_only,453.0000000013388,1
smac-hard/jev_runs/all-maps-20260921-001/3hl_vs_24zl/jev,jev_only,562.9999999946449,1
smac-hard/jev_runs/all-maps-20260921-001/3hl_vs_24zl/jev,jev_only,718.0000000007567,1
smac-hard/jev_runs/all-maps-20260921-001/3hl_vs_24zl/jev,jev_only,468.0000000007567,1
smac-hard/jev_runs/all-maps-20260921-001/3hl_vs_24zl/jev,jev_only,483.99999999674037,1
smac-hard/jev_runs/all-maps-20260921-001/3hl_vs_24zl/jev,jev_only,375.0,1
smac-hard/jev_runs/all-maps-20260921-001/3hl_vs_24zl/jev,jev_only,563.0000000019209,1
smac-hard/jev_runs/all-maps-20260921-001/3hl_vs_24zl/jev,jev_only,547.0000000059372,1
smac-hard/jev_runs/all-maps-20260921-001/3hl_vs_24zl/jev,jev_only,530.9999999954016,1
smac-hard/jev_runs/all-maps-20260921-001/3hl_vs_24zl/jev,jev_only,421.9999999986612,1
smac-hard/jev_runs/all-maps-20260921-001/3hl_vs_24zl/jev,jev_only,422.0000000059372,1
smac-hard/jev_runs/all-maps-20260921-001/3hl_vs_24zl/jev,jev_only,453.9999999979045,1
smac-hard/jev_runs/all-maps-20260921-001/3hl_vs_24zl/jev,jev_only,360.0000000005821,1
smac-hard/jev_runs/all-maps-20260921-001/3hl_vs_24zl/jev,jev_only,406.00000000267755,1
smac-hard/jev_runs/all-maps-20260921-001/3hl_vs_24zl/jev,jev_only,421.9999999986612,1
smac-hard/jev_runs/all-maps-20260921-001/3hl_vs_24zl/jev,jev_only,436.99999999807915,1
smac-hard/jev_runs/all-maps-20260921-001/3hl_vs_24zl/jev,jev_only,578.0000000013388,1
smac-hard/jev_runs/all-maps-20260921-001/3hl_vs_24zl/jev,jev_only,531.9999999992433,1
smac-hard/jev_runs/all-maps-20260921-001/3hl_vs_24zl/jev,jev_only,531.0000000026776,1
smac-hard/jev_runs/all-maps-20260921-001/3hl_vs_24zl/jev,jev_only,500.0,1
smac-hard/jev_runs/all-maps-20260921-001/3hl_vs_24zl/jev,jev_only,485.0000000005821,1
smac-hard/jev_runs/all-maps-20260921-001/3hl_vs_24zl/jev,jev_only,453.0000000013388,1
smac-hard/jev_runs/all-maps-20260921-001/3hl_vs_24zl/jev,jev_only,436.99999999807915,1
smac-hard/jev_runs/all-maps-20260921-001/3hl_vs_24zl/jev,jev_only,500.0,1
smac-hard/jev_runs/all-maps-20260921-001/3hl_vs_24zl/jev,jev_only,468.99999999732245,1
smac-hard/jev_runs/all-maps-20260921-001/3hl_vs_24zl/jev,jev_only,421.9999999986612,1
smac-hard/jev_runs/all-maps-20260921-001/3hl_vs_24zl/jev,jev_only,436.99999999807915,1
smac-hard/jev_runs/all-maps-20260921-001/3hl_vs_24zl/jev,jev_only,343.0000000007567,1
smac-hard/jev_runs/all-maps-20260921-001/3hl_vs_24zl/jev,jev_only,546.9999999986612,1
smac-hard/jev_runs/all-maps-20260921-001/3hl_vs_24zl/jev,jev_only,578.0000000013388,1
smac-hard/jev_runs/all-maps-20260921-001/3hl_vs_24zl/jev,jev_only,389.9999999994179,1
smac-hard/jev_runs/all-maps-20260921-001/3hl_vs_24zl/jev,jev_only,375.0,1
smac-hard/jev_runs/all-maps-20260921-001/3hl_vs_24zl/jev,jev_only,343.0000000007567,1
smac-hard/jev_runs/all-maps-20260921-001/3hl_vs_24zl/jev,jev_only,718.0000000007567,1
smac-hard/jev_runs/all-maps-20260921-001/3hl_vs_24zl/jev,jev_only,468.0000000007567,1
smac-hard/jev_runs/all-maps-20260921-001/3hl_vs_24zl/jev,jev_only,484.00000000401633,1
smac-hard/jev_runs/all-maps-20260921-001/3hl_vs_24zl/jev,jev_only,453.0000000013388,1
smac-hard/jev_runs/all-maps-20260921-001/3hl_vs_24zl/jev,jev_only,500.0,1
smac-hard/jev_runs/all-maps-20260921-001/3hl_vs_24zl/jev,jev_only,656.0000000026776,1
smac-hard/jev_runs/all-maps-20260921-001/3hl_vs_24zl/jev,jev_only,483.99999999674037,1
smac-hard/jev_runs/all-maps-20260921-001/3hl_vs_24zl/jev,jev_only,500.0,1
smac-hard/jev_runs/all-maps-20260921-001/3hl_vs_24zl/jev,jev_only,593.9999999973224,1
smac-hard/jev_runs/all-maps-20260921-001/3hl_vs_24zl/jev,jev_only,530.9999999954016,1
smac-hard/jev_runs/all-maps-20260921-001/3hl_vs_24zl/jev,jev_only,405.9999999954016,1
smac-hard/jev_runs/p0-astra-all-maps-20260922-001/3hl_vs_24zl/jev,jev_gpt6,1233.9999999967404,1
smac-hard/jev_runs/p0-astra-all-maps-20260922-001/3hl_vs_24zl/jev,jev_gpt6,468.99999999732245,1
smac-hard/jev_runs/p0-astra-all-maps-20260922-001/3hl_vs_24zl/jev,jev_gpt6,500.0,1
smac-hard/jev_runs/p0-astra-all-maps-20260922-001/3hl_vs_24zl/jev,jev_gpt6,468.99999999732245,1
smac-hard/jev_runs/p0-astra-all-maps-20260922-001/3hl_vs_24zl/jev,jev_gpt6,406.00000000267755,1
smac-hard/jev_runs/p0-astra-all-maps-20260922-001/3hl_vs_24zl/jev,jev_gpt6,421.99999999138527,1
smac-hard/jev_runs/p0-astra-all-maps-20260922-001/3hl_vs_24zl/jev,jev_gpt6,421.0000000020955,1
smac-hard/jev_runs/p0-astra-all-maps-20260922-001/3hl_vs_24zl/jev,jev_gpt6,530.9999999881256,1
smac-hard/jev_runs/p0-astra-all-maps-20260922-001/3hl_vs_24zl/jev,jev_gpt6,577.9999999940628,1
smac-hard/jev_runs/p0-astra-all-maps-20260922-001/3hl_vs_24zl/jev,jev_gpt6,500.0,1
smac-hard/jev_runs/p0-astra-all-maps-20260922-001/3hl_vs_24zl/jev,jev_gpt6,437.9999999946449,1
smac-hard/jev_runs/p0-astra-all-maps-20260922-001/3hl_vs_24zl/jev,jev_gpt6,453.00000000861473,1
smac-hard/jev_runs/p0-astra-all-maps-20260922-001/3hl_vs_24zl/jev,jev_gpt6,452.9999999940628,1
smac-hard/jev_runs/p0-astra-all-maps-20260922-001/3hl_vs_24zl/jev,jev_gpt6,452.9999999940628,1
smac-hard/jev_runs/p0-astra-all-maps-20260922-001/3hl_vs_24zl/jev,jev_gpt6,500.0,1
smac-hard/jev_runs/p0-astra-all-maps-20260922-001/3hl_vs_24zl/jev,jev_gpt6,500.0,1
smac-hard/jev_runs/p0-astra-all-maps-20260922-001/3hl_vs_24zl/jev,jev_gpt6,452.9999999940628,1
smac-hard/jev_runs/p0-astra-all-maps-20260922-001/3hl_vs_24zl/jev,jev_gpt6,483.99999999674037,1
smac-hard/jev_runs/p0-astra-all-maps-20260922-001/3hl_vs_24zl/jev,jev_gpt6,421.99999999138527,1
smac-hard/jev_runs/p0-astra-all-maps-20260922-001/3hl_vs_24zl/jev,jev_gpt6,422.0000000059372,1
smac-hard/jev_runs/p0-astra-all-maps-20260922-001/3hl_vs_24zl/jev,jev_gpt6,375.0,1
smac-hard/jev_runs/p0-astra-all-maps-20260922-001/3hl_vs_24zl/jev,jev_gpt6,389.9999999994179,1
smac-hard/jev_runs/p0-astra-all-maps-20260922-001/3hl_vs_24zl/jev,jev_gpt6,375.0,1
smac-hard/jev_runs/p0-astra-all-maps-20260922-001/3hl_vs_24zl/jev,jev_gpt6,375.0,1
smac-hard/jev_runs/p0-astra-all-maps-20260922-001/3hl_vs_24zl/jev,jev_gpt6,421.99999999138527,1
smac-hard/jev_runs/p0-astra-all-maps-20260922-001/3hl_vs_24zl/jev,jev_gpt6,391.00000000325963,1
smac-hard/jev_runs/p0-astra-all-maps-20260922-001/3hl_vs_24zl/jev,jev_gpt6,360.0000000005821,1
smac-hard/jev_runs/p0-astra-all-maps-20260922-001/3hl_vs_24zl/jev,jev_gpt6,468.99999999732245,1
smac-hard/jev_runs/p0-astra-all-maps-20260922-001/3hl_vs_24zl/jev,jev_gpt6,500.0,1
smac-hard/jev_runs/p0-astra-all-maps-20260922-001/3hl_vs_24zl/jev,jev_gpt6,453.00000000861473,1
smac-hard/jev_runs/p0-astra-all-maps-20260922-001/3hl_vs_24zl/jev,jev_gpt6,500.0,1
smac-hard/jev_runs/p0-astra-all-maps-20260922-001/3hl_vs_24zl/jev,jev_gpt6,469.00000001187436,1
smac-hard/jev_runs/p0-astra-all-maps-20260922-001/3hl_vs_24zl/jev,jev_gpt6,438.0000000091968,1
smac-hard/jev_runs/p0-astra-all-maps-20260922-001/3hl_vs_24zl/jev,jev_gpt6,437.9999999946449,1
smac-hard/jev_runs/p0-astra-all-maps-20260922-001/3hl_vs_24zl/jev,jev_gpt6,500.0,1
smac-hard/jev_runs/p0-astra-all-maps-20260922-001/3hl_vs_24zl/jev,jev_gpt6,577.9999999940628,1
smac-hard/jev_runs/p0-astra-all-maps-20260922-001/3hl_vs_24zl/jev,jev_gpt6,514.9999999994179,1
smac-hard/jev_runs/p0-astra-all-maps-20260922-001/3hl_vs_24zl/jev,jev_gpt6,578.9999999979045,1
smac-hard/jev_runs/p0-astra-all-maps-20260922-001/3hl_vs_24zl/jev,jev_gpt6,437.9999999946449,1
smac-hard/jev_runs/p0-astra-all-maps-20260922-001/3hl_vs_24zl/jev,jev_gpt6,438.0000000091968,1
smac-hard/jev_runs/p0-astra-all-maps-20260922-001/3hl_vs_24zl/jev,jev_gpt6,389.9999999994179,1
smac-hard/jev_runs/p0-astra-all-maps-20260922-001/3hl_vs_24zl/jev,jev_gpt6,391.00000000325963,1
smac-hard/jev_runs/p0-astra-all-maps-20260922-001/3hl_vs_24zl/jev,jev_gpt6,500.0,1
smac-hard/jev_runs/p0-astra-all-maps-20260922-001/3hl_vs_24zl/jev,jev_gpt6,405.99999998812564,1
smac-hard/jev_runs/p0-astra-all-maps-20260922-001/3hl_vs_24zl/jev,jev_gpt6,483.99999999674037,1
smac-hard/jev_runs/p0-astra-all-maps-20260922-001/3hl_vs_24zl/jev,jev_gpt6,406.00000000267755,1
smac-hard/jev_runs/p0-astra-all-maps-20260922-001/3hl_vs_24zl/jev,jev_gpt6,406.00000000267755,1
smac-hard/jev_runs/p0-astra-all-maps-20260922-001/3hl_vs_24zl/jev,jev_gpt6,500.0,1
smac-hard/jev_runs/p0-astra-all-maps-20260922-001/3hl_vs_24zl/jev,jev_gpt6,500.0,1
smac-hard/jev_runs/p0-astra-all-maps-20260922-001/3hl_vs_24zl/jev,jev_gpt6,468.99999999732245,1
smac-hard/jev_runs/p0-astra-all-maps-20260922-001/3hl_vs_24zl/jev,jev_gpt6,469.00000001187436,1
smac-hard/jev_runs/p0-astra-all-maps-20260922-001/3hl_vs_24zl/jev,jev_gpt6,500.0,1
smac-hard/jev_runs/p0-astra-all-maps-20260922-001/3hl_vs_24zl/jev,jev_gpt6,516.0000000032596,1
smac-hard/jev_runs/p0-astra-all-maps-20260922-001/3hl_vs_24zl/jev,jev_gpt6,468.99999999732245,1
smac-hard/jev_runs/p0-astra-all-maps-20260922-001/3hl_vs_24zl/jev,jev_gpt6,500.0,1
smac-hard/jev_runs/p0-astra-all-maps-20260922-001/3hl_vs_24zl/jev,jev_gpt6,468.99999999732245,1
smac-hard/jev_runs/p0-astra-all-maps-20260922-001/3hl_vs_24zl/jev,jev_gpt6,406.00000000267755,1
smac-hard/jev_runs/p0-astra-all-maps-20260922-001/3hl_vs_24zl/jev,jev_gpt6,468.99999999732245,1
smac-hard/jev_runs/p0-astra-all-maps-20260922-001/3hl_vs_24zl/jev,jev_gpt6,406.00000000267755,1
smac-hard/jev_runs/p0-astra-all-maps-20260922-001/3hl_vs_24zl/jev,jev_gpt6,436.9999999908032,1
smac-hard/jev_runs/p0-astra-all-maps-20260922-001/3hl_vs_24zl/jev,jev_gpt6,391.00000000325963,1
smac-hard/jev_runs/p0-astra-all-maps-20260922-001/3hl_vs_24zl/jev,jev_gpt6,562.9999999946449,1
smac-hard/jev_runs/all-maps-20260921-001/3rp_vs_5zl/jev,jev_only,921.9999999986612,1
smac-hard/jev_runs/all-maps-20260921-001/3rp_vs_5zl/jev,jev_only,422.0000000059372,1
smac-hard/jev_runs/all-maps-20260921-001/3rp_vs_5zl/jev,jev_only,436.99999999807915,1
smac-hard/jev_runs/all-maps-20260921-001/3rp_vs_5zl/jev,jev_only,375.0,1
smac-hard/jev_runs/all-maps-20260921-001/3rp_vs_5zl/jev,jev_only,421.0000000020955,1
smac-hard/jev_runs/all-maps-20260921-001/3rp_vs_5zl/jev,jev_only,436.99999999807915,1
smac-hard/jev_runs/all-maps-20260921-001/3rp_vs_5zl/jev,jev_only,421.9999999986612,1
smac-hard/jev_runs/all-maps-20260921-001/3rp_vs_5zl/jev,jev_only,453.0000000013388,1
smac-hard/jev_runs/all-maps-20260921-001/3rp_vs_5zl/jev,jev_only,514.9999999994179,1
smac-hard/jev_runs/all-maps-20260921-001/3rp_vs_5zl/jev,jev_only,500.0,1
smac-hard/jev_runs/all-maps-20260921-001/3rp_vs_5zl/jev,jev_only,405.9999999954016,1
smac-hard/jev_runs/all-maps-20260921-001/3rp_vs_5zl/jev,jev_only,561.9999999980791,1
smac-hard/jev_runs/all-maps-20260921-001/3rp_vs_5zl/jev,jev_only,391.00000000325963,1
smac-hard/jev_runs/all-maps-20260921-001/3rp_vs_5zl/jev,jev_only,405.9999999954016,1
smac-hard/jev_runs/all-maps-20260921-001/3rp_vs_5zl/jev,jev_only,453.0000000013388,1
smac-hard/jev_runs/all-maps-20260921-001/3rp_vs_5zl/jev,jev_only,390.99999999598367,1
smac-hard/jev_runs/all-maps-20260921-001/3rp_vs_5zl/jev,jev_only,436.99999999807915,1
smac-hard/jev_runs/all-maps-20260921-001/3rp_vs_5zl/jev,jev_only,343.99999999732245,1
smac-hard/jev_runs/all-maps-20260921-001/3rp_vs_5zl/jev,jev_only,718.0000000007567,1
smac-hard/jev_runs/all-maps-20260921-001/3rp_vs_5zl/jev,jev_only,375.0,1
smac-hard/jev_runs/all-maps-20260921-001/3rp_vs_5zl/jev,jev_only,406.00000000267755,1
smac-hard/jev_runs/all-maps-20260921-001/3rp_vs_5zl/jev,jev_only,375.0,1
smac-hard/jev_runs/all-maps-20260921-001/3rp_vs_5zl/jev,jev_only,639.9999999994179,1
smac-hard/jev_runs/all-maps-20260921-001/3rp_vs_5zl/jev,jev_only,406.00000000267755,1
smac-hard/jev_runs/all-maps-20260921-001/3rp_vs_5zl/jev,jev_only,375.0,1
smac-hard/jev_runs/all-maps-20260921-001/3rp_vs_5zl/jev,jev_only,360.0000000005821,1
smac-hard/jev_runs/all-maps-20260921-001/3rp_vs_5zl/jev,jev_only,405.9999999954016,1
smac-hard/jev_runs/all-maps-20260921-001/3rp_vs_5zl/jev,jev_only,422.0000000059372,1
smac-hard/jev_runs/all-maps-20260921-001/3rp_vs_5zl/jev,jev_only,406.9999999992433,1
smac-hard/jev_runs/all-maps-20260921-001/3rp_vs_5zl/jev,jev_only,500.0,1
smac-hard/jev_runs/all-maps-20260921-001/3rp_vs_5zl/jev,jev_only,452.9999999940628,1
smac-hard/jev_runs/all-maps-20260921-001/3rp_vs_5zl/jev,jev_only,375.0,1
smac-hard/jev_runs/all-maps-20260921-001/3rp_vs_5zl/jev,jev_only,421.9999999986612,1
smac-hard/jev_runs/all-maps-20260921-001/3rp_vs_5zl/jev,jev_only,500.0,1
smac-hard/jev_runs/all-maps-20260921-001/3rp_vs_5zl/jev,jev_only,421.9999999986612,1
smac-hard/jev_runs/all-maps-20260921-001/3rp_vs_5zl/jev,jev_only,375.0,1
smac-hard/jev_runs/all-maps-20260921-001/3rp_vs_5zl/jev,jev_only,390.99999999598367,1
smac-hard/jev_runs/all-maps-20260921-001/3rp_vs_5zl/jev,jev_only,421.9999999986612,1
smac-hard/jev_runs/all-maps-20260921-001/3rp_vs_5zl/jev,jev_only,406.00000000267755,1
smac-hard/jev_runs/all-maps-20260921-001/3rp_vs_5zl/jev,jev_only,391.00000000325963,1
smac-hard/jev_runs/all-maps-20260921-001/3rp_vs_5zl/jev,jev_only,375.0,1
smac-hard/jev_runs/all-maps-20260921-001/3rp_vs_5zl/jev,jev_only,406.00000000267755,1
smac-hard/jev_runs/all-maps-20260921-001/3rp_vs_5zl/jev,jev_only,500.0,1
smac-hard/jev_runs/all-maps-20260921-001/3rp_vs_5zl/jev,jev_only,438.00000000192085,1
smac-hard/jev_runs/all-maps-20260921-001/3rp_vs_5zl/jev,jev_only,390.99999999598367,1
smac-hard/jev_runs/all-maps-20260921-001/3rp_vs_5zl/jev,jev_only,421.9999999986612,1
smac-hard/jev_runs/all-maps-20260921-001/3rp_vs_5zl/jev,jev_only,391.00000000325963,1
smac-hard/jev_runs/all-maps-20260921-001/3rp_vs_5zl/jev,jev_only,437.9999999946449,1
smac-hard/jev_runs/all-maps-20260921-001/3rp_vs_5zl/jev,jev_only,546.0000000020955,1
smac-hard/jev_runs/all-maps-20260921-001/3rp_vs_5zl/jev,jev_only,375.0,1
smac-hard/jev_runs/all-maps-20260921-001/3rp_vs_5zl/jev,jev_only,608.9999999967404,1
smac-hard/jev_runs/all-maps-20260921-001/3rp_vs_5zl/jev,jev_only,438.00000000192085,1
smac-hard/jev_runs/all-maps-20260921-001/3rp_vs_5zl/jev,jev_only,389.9999999994179,1
smac-hard/jev_runs/all-maps-20260921-001/3rp_vs_5zl/jev,jev_only,421.9999999986612,1
smac-hard/jev_runs/all-maps-20260921-001/3rp_vs_5zl/jev,jev_only,406.00000000267755,1
smac-hard/jev_runs/all-maps-20260921-001/3rp_vs_5zl/jev,jev_only,406.9999999992433,1
smac-hard/jev_runs/all-maps-20260921-001/3rp_vs_5zl/jev,jev_only,406.9999999992433,1
smac-hard/jev_runs/all-maps-20260921-001/3rp_vs_5zl/jev,jev_only,436.99999999807915,1
smac-hard/jev_runs/all-maps-20260921-001/3rp_vs_5zl/jev,jev_only,405.9999999954016,1
smac-hard/jev_runs/all-maps-20260921-001/3rp_vs_5zl/jev,jev_only,514.9999999994179,1
smac-hard/jev_runs/all-maps-20260921-001/3rp_vs_5zl/jev,jev_only,516.0000000032596,1
smac-hard/jev_runs/all-maps-20260921-001/3rp_vs_5zl/jev,jev_only,390.99999999598367,1
smac-hard/jev_runs/all-maps-20260921-001/3rp_vs_5zl/jev,jev_only,389.9999999994179,1
smac-hard/jev_runs/all-maps-20260921-001/3rp_vs_5zl/jev,jev_only,422.0000000059372,1
smac-hard/jev_runs/all-maps-20260921-001/3rp_vs_5zl/jev,jev_only,389.9999999994179,1
smac-hard/jev_runs/all-maps-20260921-001/3rp_vs_5zl/jev,jev_only,469.0000000045984,1
smac-hard/jev_runs/all-maps-20260921-001/3rp_vs_5zl/jev,jev_only,406.9999999992433,1
smac-hard/jev_runs/all-maps-20260921-001/3rp_vs_5zl/jev,jev_only,406.00000000267755,1
smac-hard/jev_runs/all-maps-20260921-001/3rp_vs_5zl/jev,jev_only,453.0000000013388,1
smac-hard/jev_runs/all-maps-20260921-001/3rp_vs_5zl/jev,jev_only,375.0,1
smac-hard/jev_runs/all-maps-20260921-001/3rp_vs_5zl/jev,jev_only,406.9999999992433,1
smac-hard/jev_runs/all-maps-20260921-001/3rp_vs_5zl/jev,jev_only,375.0,1
smac-hard/jev_runs/all-maps-20260921-001/3rp_vs_5zl/jev,jev_only,344.0000000045984,1
smac-hard/jev_runs/all-maps-20260921-001/3rp_vs_5zl/jev,jev_only,593.9999999973224,1
smac-hard/jev_runs/all-maps-20260921-001/3rp_vs_5zl/jev,jev_only,375.0,1
smac-hard/jev_runs/all-maps-20260921-001/3rp_vs_5zl/jev,jev_only,360.0000000005821,1
smac-hard/jev_runs/all-maps-20260921-001/3rp_vs_5zl/jev,jev_only,546.9999999986612,1
smac-hard/jev_runs/all-maps-20260921-001/3rp_vs_5zl/jev,jev_only,485.0000000005821,1
smac-hard/jev_runs/all-maps-20260921-001/3rp_vs_5zl/jev,jev_only,360.0000000005821,1
smac-hard/jev_runs/all-maps-20260921-001/3rp_vs_5zl/jev,jev_only,516.0000000032596,1
smac-hard/jev_runs/p0-astra-all-maps-20260922-001/3rp_vs_5zl/jev,jev_gpt6,5671.0000000020955,1
smac-hard/jev_runs/p0-astra-all-maps-20260922-001/3rp_vs_5zl/jev,jev_gpt6,468.99999999732245,1
smac-hard/jev_runs/p0-astra-all-maps-20260922-001/3rp_vs_5zl/jev,jev_gpt6,453.9999999979045,1
smac-hard/jev_runs/p0-astra-all-maps-20260922-001/3rp_vs_5zl/jev,jev_gpt6,468.99999999732245,1
smac-hard/jev_runs/p0-astra-all-maps-20260922-001/3rp_vs_5zl/jev,jev_gpt6,421.0000000020955,1
smac-hard/jev_runs/p0-astra-all-maps-20260922-001/3rp_vs_5zl/jev,jev_gpt6,405.99999998812564,1
smac-hard/jev_runs/p0-astra-all-maps-20260922-001/3rp_vs_5zl/jev,jev_gpt6,422.0000000059372,1
smac-hard/jev_runs/p0-astra-all-maps-20260922-001/3rp_vs_5zl/jev,jev_gpt6,484.0000000112923,1
smac-hard/jev_runs/p0-astra-all-maps-20260922-001/3rp_vs_5zl/jev,jev_gpt6,407.00000000651926,1
smac-hard/jev_runs/p0-astra-all-maps-20260922-001/3rp_vs_5zl/jev,jev_gpt6,452.9999999940628,1
smac-hard/jev_runs/p0-astra-all-maps-20260922-001/3rp_vs_5zl/jev,jev_gpt6,389.9999999994179,1
smac-hard/jev_runs/p0-astra-all-maps-20260922-001/3rp_vs_5zl/jev,jev_gpt6,452.9999999940628,1
smac-hard/jev_runs/p0-astra-all-maps-20260922-001/3rp_vs_5zl/jev,jev_gpt6,406.99999999196734,1
smac-hard/jev_runs/p0-astra-all-maps-20260922-001/3rp_vs_5zl/jev,jev_gpt6,406.00000000267755,1
smac-hard/jev_runs/p0-astra-all-maps-20260922-001/3rp_vs_5zl/jev,jev_gpt6,421.99999999138527,1
smac-hard/jev_runs/p0-astra-all-maps-20260922-001/3rp_vs_5zl/jev,jev_gpt6,375.0,1
smac-hard/jev_runs/p0-astra-all-maps-20260922-001/3rp_vs_5zl/jev,jev_gpt6,375.0,1
smac-hard/jev_runs/p0-astra-all-maps-20260922-001/3rp_vs_5zl/jev,jev_gpt6,358.99999999674037,1
smac-hard/jev_runs/p0-astra-all-maps-20260922-001/3rp_vs_5zl/jev,jev_gpt6,452.9999999940628,1
smac-hard/jev_runs/p0-astra-all-maps-20260922-001/3rp_vs_5zl/jev,jev_gpt6,406.00000000267755,1
smac-hard/jev_runs/p0-astra-all-maps-20260922-001/3rp_vs_5zl/jev,jev_gpt6,358.99999999674037,1
smac-hard/jev_runs/p0-astra-all-maps-20260922-001/3rp_vs_5zl/jev,jev_gpt6,406.00000000267755,1
smac-hard/jev_runs/p0-astra-all-maps-20260922-001/3rp_vs_5zl/jev,jev_gpt6,453.9999999979045,1
smac-hard/jev_runs/p0-astra-all-maps-20260922-001/3rp_vs_5zl/jev,jev_gpt6,375.0,1
smac-hard/jev_runs/p0-astra-all-maps-20260922-001/3rp_vs_5zl/jev,jev_gpt6,406.00000000267755,1
smac-hard/jev_runs/p0-astra-all-maps-20260922-001/3rp_vs_5zl/jev,jev_gpt6,390.9999999887077,1
smac-hard/jev_runs/p0-astra-all-maps-20260922-001/3rp_vs_5zl/jev,jev_gpt6,407.00000000651926,1
smac-hard/jev_runs/p0-astra-all-maps-20260922-001/3rp_vs_5zl/jev,jev_gpt6,360.0000000005821,1
smac-hard/jev_runs/p0-astra-all-maps-20260922-001/3rp_vs_5zl/jev,jev_gpt6,391.00000000325963,1
smac-hard/jev_runs/p0-astra-all-maps-20260922-001/3rp_vs_5zl/jev,jev_gpt6,406.00000000267755,1
smac-hard/jev_runs/p0-astra-all-maps-20260922-001/3rp_vs_5zl/jev,jev_gpt6,421.99999999138527,1
smac-hard/jev_runs/p0-astra-all-maps-20260922-001/3rp_vs_5zl/jev,jev_gpt6,453.00000000861473,1
smac-hard/jev_runs/p0-astra-all-maps-20260922-001/3rp_vs_5zl/jev,jev_gpt6,421.99999999138527,1
smac-hard/jev_runs/p0-astra-all-maps-20260922-001/3rp_vs_5zl/jev,jev_gpt6,500.0,1
smac-hard/jev_runs/p0-astra-all-maps-20260922-001/3rp_vs_5zl/jev,jev_gpt6,436.9999999908032,1
smac-hard/jev_runs/p0-astra-all-maps-20260922-001/3rp_vs_5zl/jev,jev_gpt6,422.0000000059372,1
smac-hard/jev_runs/p0-astra-all-maps-20260922-001/3rp_vs_5zl/jev,jev_gpt6,436.9999999908032,1
smac-hard/jev_runs/p0-astra-all-maps-20260922-001/3rp_vs_5zl/jev,jev_gpt6,422.0000000059372,1
smac-hard/jev_runs/p0-astra-all-maps-20260922-001/3rp_vs_5zl/jev,jev_gpt6,421.99999999138527,1
smac-hard/jev_runs/p0-astra-all-maps-20260922-001/3rp_vs_5zl/jev,jev_gpt6,422.0000000059372,1
smac-hard/jev_runs/p0-astra-all-maps-20260922-001/3rp_vs_5zl/jev,jev_gpt6,421.99999999138527,1
smac-hard/jev_runs/p0-astra-all-maps-20260922-001/3rp_vs_5zl/jev,jev_gpt6,421.0000000020955,1
smac-hard/jev_runs/p0-astra-all-maps-20260922-001/3rp_vs_5zl/jev,jev_gpt6,390.9999999887077,1
smac-hard/jev_runs/p0-astra-all-maps-20260922-001/3rp_vs_5zl/jev,jev_gpt6,500.0,1
smac-hard/jev_runs/p0-astra-all-maps-20260922-001/3rp_vs_5zl/jev,jev_gpt6,406.00000000267755,1
smac-hard/jev_runs/p0-astra-all-maps-20260922-001/3rp_vs_5zl/jev,jev_gpt6,500.0,1
smac-hard/jev_runs/p0-astra-all-maps-20260922-001/3rp_vs_5zl/jev,jev_gpt6,422.0000000059372,1
smac-hard/jev_runs/p0-astra-all-maps-20260922-001/3rp_vs_5zl/jev,jev_gpt6,437.9999999946449,1
smac-hard/jev_runs/p0-astra-all-maps-20260922-001/3rp_vs_5zl/jev,jev_gpt6,438.0000000091968,1
smac-hard/jev_runs/p0-astra-all-maps-20260922-001/3rp_vs_5zl/jev,jev_gpt6,516.0000000032596,1
smac-hard/jev_runs/p0-astra-all-maps-20260922-001/3rp_vs_5zl/jev,jev_gpt6,437.0000000053551,1
smac-hard/jev_runs/p0-astra-all-maps-20260922-001/3rp_vs_5zl/jev,jev_gpt6,437.9999999946449,1
smac-hard/jev_runs/p0-astra-all-maps-20260922-001/3rp_vs_5zl/jev,jev_gpt6,438.0000000091968,1
smac-hard/jev_runs/p0-astra-all-maps-20260922-001/3rp_vs_5zl/jev,jev_gpt6,562.9999999946449,1
smac-hard/jev_runs/p0-astra-all-maps-20260922-001/3rp_vs_5zl/jev,jev_gpt6,421.0000000020955,1
smac-hard/jev_runs/p0-astra-all-maps-20260922-001/3rp_vs_5zl/jev,jev_gpt6,421.99999999138527,1
smac-hard/jev_runs/p0-astra-all-maps-20260922-001/3rp_vs_5zl/jev,jev_gpt6,375.0,1
smac-hard/jev_runs/p0-astra-all-maps-20260922-001/3rp_vs_5zl/jev,jev_gpt6,391.00000000325963,1
smac-hard/jev_runs/p0-astra-all-maps-20260922-001/3rp_vs_5zl/jev,jev_gpt6,421.99999999138527,1
smac-hard/jev_runs/p0-astra-all-maps-20260922-001/3rp_vs_5zl/jev,jev_gpt6,562.0000000053551,1
smac-hard/jev_runs/p0-astra-all-maps-20260922-001/3rp_vs_5zl/jev,jev_gpt6,468.99999999732245,1
smac-hard/jev_runs/p0-astra-all-maps-20260922-001/3rp_vs_5zl/jev,jev_gpt6,375.0,1
smac-hard/jev_runs/p0-astra-all-maps-20260922-001/3rp_vs_5zl/jev,jev_gpt6,358.99999999674037,1
smac-hard/jev_runs/p0-astra-all-maps-20260922-001/3rp_vs_5zl/jev,jev_gpt6,375.0,1
smac-hard/jev_runs/p0-astra-all-maps-20260922-001/3rp_vs_5zl/jev,jev_gpt6,405.99999998812564,1
smac-hard/jev_runs/p0-astra-all-maps-20260922-001/3rp_vs_5zl/jev,jev_gpt6,391.00000000325963,1
smac-hard/jev_runs/p0-astra-all-maps-20260922-001/3rp_vs_5zl/jev,jev_gpt6,358.99999999674037,1
smac-hard/jev_runs/p0-astra-all-maps-20260922-001/3rp_vs_5zl/jev,jev_gpt6,375.0,1
smac-hard/jev_runs/p0-astra-all-maps-20260922-001/3rp_vs_5zl/jev,jev_gpt6,437.0000000053551,1
smac-hard/jev_runs/p0-astra-all-maps-20260922-001/3rp_vs_5zl/jev,jev_gpt6,389.9999999994179,1
smac-hard/jev_runs/p0-astra-all-maps-20260922-001/3rp_vs_5zl/jev,jev_gpt6,375.0,1
smac-hard/jev_runs/p0-astra-all-maps-20260922-001/3rp_vs_5zl/jev,jev_gpt6,358.99999999674037,1
smac-hard/jev_runs/p0-astra-all-maps-20260922-001/3rp_vs_5zl/jev,jev_gpt6,375.0,1
smac-hard/jev_runs/p0-astra-all-maps-20260922-001/3rp_vs_5zl/jev,jev_gpt6,421.0000000020955,1
smac-hard/jev_runs/all-maps-20260921-001/3rp_vs_24zl/jev,jev_only,875.0,1
smac-hard/jev_runs/all-maps-20260921-001/3rp_vs_24zl/jev,jev_only,405.9999999954016,1
smac-hard/jev_runs/all-maps-20260921-001/3rp_vs_24zl/jev,jev_only,421.9999999986612,1
smac-hard/jev_runs/all-maps-20260921-001/3rp_vs_24zl/jev,jev_only,468.99999999732245,1
smac-hard/jev_runs/all-maps-20260921-001/3rp_vs_24zl/jev,jev_only,593.0000000007567,1
smac-hard/jev_runs/all-maps-20260921-001/3rp_vs_24zl/jev,jev_only,500.0,1
smac-hard/jev_runs/all-maps-20260921-001/3rp_vs_24zl/jev,jev_only,500.0,1
smac-hard/jev_runs/all-maps-20260921-001/3rp_vs_24zl/jev,jev_only,485.0000000005821,1
smac-hard/jev_runs/all-maps-20260921-001/3rp_vs_24zl/jev,jev_only,485.0000000005821,1
smac-hard/jev_runs/all-maps-20260921-001/3rp_vs_24zl/jev,jev_only,483.99999999674037,1
smac-hard/jev_runs/all-maps-20260921-001/3rp_vs_24zl/jev,jev_only,468.99999999732245,1
smac-hard/jev_runs/all-maps-20260921-001/3rp_vs_24zl/jev,jev_only,483.99999999674037,1
smac-hard/jev_runs/all-maps-20260921-001/3rp_vs_24zl/jev,jev_only,436.99999999807915,1
smac-hard/jev_runs/all-maps-20260921-001/3rp_vs_24zl/jev,jev_only,452.9999999940628,1
smac-hard/jev_runs/all-maps-20260921-001/3rp_vs_24zl/jev,jev_only,375.0,1
smac-hard/jev_runs/all-maps-20260921-001/3rp_vs_24zl/jev,jev_only,406.00000000267755,1
smac-hard/jev_runs/all-maps-20260921-001/3rp_vs_24zl/jev,jev_only,515.9999999959837,1
smac-hard/jev_runs/all-maps-20260921-001/3rp_vs_24zl/jev,jev_only,438.00000000192085,1
smac-hard/jev_runs/all-maps-20260921-001/3rp_vs_24zl/jev,jev_only,671.9999999986612,1
smac-hard/jev_runs/all-maps-20260921-001/3rp_vs_24zl/jev,jev_only,468.0000000007567,1
smac-hard/jev_runs/all-maps-20260921-001/3rp_vs_24zl/jev,jev_only,546.9999999986612,1
smac-hard/jev_runs/all-maps-20260921-001/3rp_vs_24zl/jev,jev_only,625.0,1
smac-hard/jev_runs/all-maps-20260921-001/3rp_vs_24zl/jev,jev_only,500.0,1
smac-hard/jev_runs/all-maps-20260921-001/3rp_vs_24zl/jev,jev_only,734.0000000040163,1
smac-hard/jev_runs/all-maps-20260921-001/3rp_vs_24zl/jev,jev_only,546.9999999986612,1
smac-hard/jev_runs/all-maps-20260921-001/3rp_vs_24zl/jev,jev_only,608.9999999967404,1
smac-hard/jev_runs/all-maps-20260921-001/3rp_vs_24zl/jev,jev_only,453.0000000013388,1
smac-hard/jev_runs/all-maps-20260921-001/3rp_vs_24zl/jev,jev_only,469.0000000045984,1
smac-hard/jev_runs/all-maps-20260921-001/3rp_vs_24zl/jev,jev_only,422.0000000059372,1
smac-hard/jev_runs/all-maps-20260921-001/3rp_vs_24zl/jev,jev_only,375.0,1
smac-hard/jev_runs/all-maps-20260921-001/3rp_vs_24zl/jev,jev_only,406.00000000267755,1
smac-hard/jev_runs/all-maps-20260921-001/3rp_vs_24zl/jev,jev_only,561.9999999980791,1
smac-hard/jev_runs/all-maps-20260921-001/3rp_vs_24zl/jev,jev_only,531.0000000026776,1
smac-hard/jev_runs/all-maps-20260921-001/3rp_vs_24zl/jev,jev_only,593.9999999973224,1
smac-hard/jev_runs/all-maps-20260921-001/3rp_vs_24zl/jev,jev_only,625.0,1
smac-hard/jev_runs/all-maps-20260921-001/3rp_vs_24zl/jev,jev_only,500.0,1
smac-hard/jev_runs/all-maps-20260921-001/3rp_vs_24zl/jev,jev_only,500.0,1
smac-hard/jev_runs/all-maps-20260921-001/3rp_vs_24zl/jev,jev_only,485.0000000005821,1
smac-hard/jev_runs/all-maps-20260921-001/3rp_vs_24zl/jev,jev_only,469.0000000045984,1
smac-hard/jev_runs/all-maps-20260921-001/3rp_vs_24zl/jev,jev_only,500.0,1
smac-hard/jev_runs/all-maps-20260921-001/3rp_vs_24zl/jev,jev_only,484.00000000401633,1
smac-hard/jev_runs/all-maps-20260921-001/3rp_vs_24zl/jev,jev_only,546.9999999986612,1
smac-hard/jev_runs/all-maps-20260921-001/3rp_vs_24zl/jev,jev_only,468.99999999732245,1
smac-hard/jev_runs/all-maps-20260921-001/3rp_vs_24zl/jev,jev_only,483.99999999674037,1
smac-hard/jev_runs/p0-astra-all-maps-20260922-001/3rp_vs_24zl/jev,jev_gpt6,1343.9999999973224,1
smac-hard/jev_runs/p0-astra-all-maps-20260922-001/3rp_vs_24zl/jev,jev_gpt6,437.0000000053551,1
smac-hard/jev_runs/p0-astra-all-maps-20260922-001/3rp_vs_24zl/jev,jev_gpt6,436.9999999908032,1
smac-hard/jev_runs/p0-astra-all-maps-20260922-001/3rp_vs_24zl/jev,jev_gpt6,468.99999999732245,1
smac-hard/jev_runs/p0-astra-all-maps-20260922-001/3rp_vs_24zl/jev,jev_gpt6,469.00000001187436,1
smac-hard/jev_runs/p0-astra-all-maps-20260922-001/3rp_vs_24zl/jev,jev_gpt6,468.00000000803266,1
smac-hard/jev_runs/p0-astra-all-maps-20260922-001/3rp_vs_24zl/jev,jev_gpt6,546.9999999913853,1
smac-hard/jev_runs/p0-astra-all-maps-20260922-001/3rp_vs_24zl/jev,jev_gpt6,485.0000000005821,1
smac-hard/jev_runs/p0-astra-all-maps-20260922-001/3rp_vs_24zl/jev,jev_gpt6,468.99999999732245,1
smac-hard/jev_runs/p0-astra-all-maps-20260922-001/3rp_vs_24zl/jev,jev_gpt6,483.99999999674037,1
smac-hard/jev_runs/p0-astra-all-maps-20260922-001/3rp_vs_24zl/jev,jev_gpt6,500.0,1
smac-hard/jev_runs/p0-astra-all-maps-20260922-001/3rp_vs_24zl/jev,jev_gpt6,452.9999999940628,1
smac-hard/jev_runs/p0-astra-all-maps-20260922-001/3rp_vs_24zl/jev,jev_gpt6,452.9999999940628,1
smac-hard/jev_runs/p0-astra-all-maps-20260922-001/3rp_vs_24zl/jev,jev_gpt6,422.0000000059372,1
smac-hard/jev_runs/p0-astra-all-maps-20260922-001/3rp_vs_24zl/jev,jev_gpt6,406.00000000267755,1
smac-hard/jev_runs/p0-astra-all-maps-20260922-001/3rp_vs_24zl/jev,jev_gpt6,406.00000000267755,1
smac-hard/jev_runs/p0-astra-all-maps-20260922-001/3rp_vs_24zl/jev,jev_gpt6,391.00000000325963,1
smac-hard/jev_runs/p0-astra-all-maps-20260922-001/3rp_vs_24zl/jev,jev_gpt6,406.00000000267755,1
smac-hard/jev_runs/p0-astra-all-maps-20260922-001/3rp_vs_24zl/jev,jev_gpt6,437.0000000053551,1
smac-hard/jev_runs/p0-astra-all-maps-20260922-001/3rp_vs_24zl/jev,jev_gpt6,452.9999999940628,1
smac-hard/jev_runs/p0-astra-all-maps-20260922-001/3rp_vs_24zl/jev,jev_gpt6,500.0,1
smac-hard/jev_runs/p0-astra-all-maps-20260922-001/3rp_vs_24zl/jev,jev_gpt6,485.0000000005821,1
smac-hard/jev_runs/p0-astra-all-maps-20260922-001/3rp_vs_24zl/jev,jev_gpt6,452.9999999940628,1
smac-hard/jev_runs/p0-astra-all-maps-20260922-001/3rp_vs_24zl/jev,jev_gpt6,468.99999999732245,1
smac-hard/jev_runs/p0-astra-all-maps-20260922-001/3rp_vs_24zl/jev,jev_gpt6,516.0000000032596,1
smac-hard/jev_runs/p0-astra-all-maps-20260922-001/3rp_vs_24zl/jev,jev_gpt6,467.99999999348074,1
smac-hard/jev_runs/p0-astra-all-maps-20260922-001/3rp_vs_24zl/jev,jev_gpt6,468.99999999732245,1
smac-hard/jev_runs/p0-astra-all-maps-20260922-001/3rp_vs_24zl/jev,jev_gpt6,453.00000000861473,1
smac-hard/jev_runs/p0-astra-all-maps-20260922-001/3rp_vs_24zl/jev,jev_gpt6,453.00000000861473,1
smac-hard/jev_runs/p0-astra-all-maps-20260922-001/3rp_vs_24zl/jev,jev_gpt6,437.9999999946449,1
smac-hard/jev_runs/p0-astra-all-maps-20260922-001/3rp_vs_24zl/jev,jev_gpt6,437.9999999946449,1
smac-hard/jev_runs/p0-astra-all-maps-20260922-001/3rp_vs_24zl/jev,jev_gpt6,453.00000000861473,1
smac-hard/jev_runs/p0-astra-all-maps-20260922-001/3rp_vs_24zl/jev,jev_gpt6,389.9999999994179,1
smac-hard/jev_runs/p0-astra-all-maps-20260922-001/3rp_vs_24zl/jev,jev_gpt6,421.99999999138527,1
smac-hard/jev_runs/p0-astra-all-maps-20260922-001/3rp_vs_24zl/jev,jev_gpt6,485.0000000005821,1
smac-hard/jev_runs/p0-astra-all-maps-20260922-001/3rp_vs_24zl/jev,jev_gpt6,438.0000000091968,1
smac-hard/jev_runs/p0-astra-all-maps-20260922-001/3rp_vs_24zl/jev,jev_gpt6,453.9999999979045,1
smac-hard/jev_runs/p0-astra-all-maps-20260922-001/3rp_vs_24zl/jev,jev_gpt6,468.99999999732245,1
smac-hard/jev_runs/p0-astra-all-maps-20260922-001/3rp_vs_24zl/jev,jev_gpt6,452.9999999940628,1
smac-hard/jev_runs/p0-astra-all-maps-20260922-001/3rp_vs_24zl/jev,jev_gpt6,468.99999999732245,1
smac-hard/jev_runs/p0-astra-all-maps-20260922-001/3rp_vs_24zl/jev,jev_gpt6,453.00000000861473,1
smac-hard/jev_runs/p0-astra-all-maps-20260922-001/3rp_vs_24zl/jev,jev_gpt6,468.00000000803266,1
smac-hard/jev_runs/p0-astra-all-maps-20260922-001/3rp_vs_24zl/jev,jev_gpt6,515.9999999887077,1
smac-hard/jev_runs/p0-astra-all-maps-20260922-001/3rp_vs_24zl/jev,jev_gpt6,469.00000001187436,1
smac-hard/jev_runs/p0-astra-all-maps-20260922-001/3rp_vs_24zl/jev,jev_gpt6,437.0000000053551,1
smac-hard/jev_runs/p0-astra-all-maps-20260922-001/3rp_vs_24zl/jev,jev_gpt6,452.9999999940628,1
smac-hard/jev_runs/p0-astra-all-maps-20260922-001/3rp_vs_24zl/jev,jev_gpt6,421.99999999138527,1
smac-hard/jev_runs/p0-astra-all-maps-20260922-001/3rp_vs_24zl/jev,jev_gpt6,500.0,1
smac-hard/jev_runs/all-maps-20260921-001/7q_vs_2bc/jev,jev_only,1046.9999999986612,1
smac-hard/jev_runs/all-maps-20260921-001/7q_vs_2bc/jev,jev_only,436.99999999807915,1
smac-hard/jev_runs/all-maps-20260921-001/7q_vs_2bc/jev,jev_only,469.0000000045984,1
smac-hard/jev_runs/all-maps-20260921-001/7q_vs_2bc/jev,jev_only,625.0,1
smac-hard/jev_runs/all-maps-20260921-001/7q_vs_2bc/jev,jev_only,438.00000000192085,1
smac-hard/jev_runs/all-maps-20260921-001/7q_vs_2bc/jev,jev_only,437.9999999946449,1
smac-hard/jev_runs/all-maps-20260921-001/7q_vs_2bc/jev,jev_only,389.9999999994179,1
smac-hard/jev_runs/all-maps-20260921-001/7q_vs_2bc/jev,jev_only,639.9999999994179,1
smac-hard/jev_runs/all-maps-20260921-001/7q_vs_2bc/jev,jev_only,436.99999999807915,1
smac-hard/jev_runs/all-maps-20260921-001/7q_vs_2bc/jev,jev_only,421.9999999986612,1
smac-hard/jev_runs/all-maps-20260921-001/7q_vs_2bc/jev,jev_only,438.00000000192085,1
smac-hard/jev_runs/all-maps-20260921-001/7q_vs_2bc/jev,jev_only,468.99999999732245,1
smac-hard/jev_runs/all-maps-20260921-001/7q_vs_2bc/jev,jev_only,421.9999999986612,1
smac-hard/jev_runs/all-maps-20260921-001/7q_vs_2bc/jev,jev_only,625.0,1
smac-hard/jev_runs/all-maps-20260921-001/7q_vs_2bc/jev,jev_only,500.0,1
smac-hard/jev_runs/all-maps-20260921-001/7q_vs_2bc/jev,jev_only,437.0000000053551,1
smac-hard/jev_runs/all-maps-20260921-001/7q_vs_2bc/jev,jev_only,500.0,1
smac-hard/jev_runs/all-maps-20260921-001/7q_vs_2bc/jev,jev_only,421.9999999986612,1
smac-hard/jev_runs/all-maps-20260921-001/7q_vs_2bc/jev,jev_only,452.9999999940628,1
smac-hard/jev_runs/all-maps-20260921-001/7q_vs_2bc/jev,jev_only,516.0000000032596,1
smac-hard/jev_runs/all-maps-20260921-001/7q_vs_2bc/jev,jev_only,437.9999999946449,1
smac-hard/jev_runs/all-maps-20260921-001/7q_vs_2bc/jev,jev_only,436.99999999807915,1
smac-hard/jev_runs/all-maps-20260921-001/7q_vs_2bc/jev,jev_only,421.9999999986612,1
smac-hard/jev_runs/all-maps-20260921-001/7q_vs_2bc/jev,jev_only,468.99999999732245,1
smac-hard/jev_runs/all-maps-20260921-001/7q_vs_2bc/jev,jev_only,438.00000000192085,1
smac-hard/jev_runs/all-maps-20260921-001/7q_vs_2bc/jev,jev_only,468.99999999732245,1
smac-hard/jev_runs/all-maps-20260921-001/7q_vs_2bc/jev,jev_only,593.9999999973224,1
smac-hard/jev_runs/all-maps-20260921-001/7q_vs_2bc/jev,jev_only,391.00000000325963,1
smac-hard/jev_runs/all-maps-20260921-001/7q_vs_2bc/jev,jev_only,485.0000000005821,1
smac-hard/jev_runs/all-maps-20260921-001/7q_vs_2bc/jev,jev_only,421.9999999986612,1
smac-hard/jev_runs/all-maps-20260921-001/7q_vs_2bc/jev,jev_only,406.00000000267755,1
smac-hard/jev_runs/all-maps-20260921-001/7q_vs_2bc/jev,jev_only,421.9999999986612,1
smac-hard/jev_runs/all-maps-20260921-001/7q_vs_2bc/jev,jev_only,483.99999999674037,1
smac-hard/jev_runs/all-maps-20260921-001/7q_vs_2bc/jev,jev_only,421.9999999986612,1
smac-hard/jev_runs/all-maps-20260921-001/7q_vs_2bc/jev,jev_only,485.0000000005821,1
smac-hard/jev_runs/all-maps-20260921-001/7q_vs_2bc/jev,jev_only,438.00000000192085,1
smac-hard/jev_runs/all-maps-20260921-001/7q_vs_2bc/jev,jev_only,438.00000000192085,1
smac-hard/jev_runs/all-maps-20260921-001/7q_vs_2bc/jev,jev_only,437.9999999946449,1
smac-hard/jev_runs/all-maps-20260921-001/7q_vs_2bc/jev,jev_only,437.0000000053551,1
smac-hard/jev_runs/all-maps-20260921-001/7q_vs_2bc/jev,jev_only,438.00000000192085,1
smac-hard/jev_runs/all-maps-20260921-001/7q_vs_2bc/jev,jev_only,610.0000000005821,1
smac-hard/jev_runs/all-maps-20260921-001/7q_vs_2bc/jev,jev_only,406.00000000267755,1
smac-hard/jev_runs/all-maps-20260921-001/7q_vs_2bc/jev,jev_only,421.9999999986612,1
smac-hard/jev_runs/all-maps-20260921-001/7q_vs_2bc/jev,jev_only,453.0000000013388,1
smac-hard/jev_runs/all-maps-20260921-001/7q_vs_2bc/jev,jev_only,438.00000000192085,1
smac-hard/jev_runs/all-maps-20260921-001/7q_vs_2bc/jev,jev_only,390.99999999598367,1
smac-hard/jev_runs/all-maps-20260921-001/7q_vs_2bc/jev,jev_only,391.00000000325963,1
smac-hard/jev_runs/all-maps-20260921-001/7q_vs_2bc/jev,jev_only,421.9999999986612,1
smac-hard/jev_runs/all-maps-20260921-001/7q_vs_2bc/jev,jev_only,375.0,1
smac-hard/jev_runs/all-maps-20260921-001/7q_vs_2bc/jev,jev_only,390.99999999598367,1
smac-hard/jev_runs/all-maps-20260921-001/7q_vs_2bc/jev,jev_only,375.0,1
smac-hard/jev_runs/all-maps-20260921-001/7q_vs_2bc/jev,jev_only,421.9999999986612,1
smac-hard/jev_runs/all-maps-20260921-001/7q_vs_2bc/jev,jev_only,436.99999999807915,1
smac-hard/jev_runs/all-maps-20260921-001/7q_vs_2bc/jev,jev_only,391.00000000325963,1
smac-hard/jev_runs/all-maps-20260921-001/7q_vs_2bc/jev,jev_only,406.00000000267755,1
smac-hard/jev_runs/all-maps-20260921-001/7q_vs_2bc/jev,jev_only,406.9999999992433,1
smac-hard/jev_runs/all-maps-20260921-001/7q_vs_2bc/jev,jev_only,703.0000000013388,1
smac-hard/jev_runs/all-maps-20260921-001/7q_vs_2bc/jev,jev_only,359.00000000401633,1
smac-hard/jev_runs/all-maps-20260921-001/7q_vs_2bc/jev,jev_only,391.00000000325963,1
smac-hard/jev_runs/all-maps-20260921-001/7q_vs_2bc/jev,jev_only,406.9999999992433,1
smac-hard/jev_runs/all-maps-20260921-001/7q_vs_2bc/jev,jev_only,406.00000000267755,1
smac-hard/jev_runs/all-maps-20260921-001/7q_vs_2bc/jev,jev_only,406.9999999992433,1
smac-hard/jev_runs/all-maps-20260921-001/7q_vs_2bc/jev,jev_only,421.9999999986612,1
smac-hard/jev_runs/all-maps-20260921-001/7q_vs_2bc/jev,jev_only,389.9999999994179,1
smac-hard/jev_runs/all-maps-20260921-001/7q_vs_2bc/jev,jev_only,546.9999999986612,1
smac-hard/jev_runs/all-maps-20260921-001/7q_vs_2bc/jev,jev_only,391.00000000325963,1
smac-hard/jev_runs/all-maps-20260921-001/7q_vs_2bc/jev,jev_only,469.0000000045984,1
smac-hard/jev_runs/all-maps-20260921-001/7q_vs_2bc/jev,jev_only,438.00000000192085,1
smac-hard/jev_runs/all-maps-20260921-001/7q_vs_2bc/jev,jev_only,421.0000000020955,1
smac-hard/jev_runs/all-maps-20260921-001/7q_vs_2bc/jev,jev_only,438.00000000192085,1
smac-hard/jev_runs/all-maps-20260921-001/7q_vs_2bc/jev,jev_only,406.00000000267755,1
smac-hard/jev_runs/all-maps-20260921-001/7q_vs_2bc/jev,jev_only,625.0,1
smac-hard/jev_runs/all-maps-20260921-001/7q_vs_2bc/jev,jev_only,469.0000000045984,1
smac-hard/jev_runs/all-maps-20260921-001/7q_vs_2bc/jev,jev_only,421.9999999986612,1
smac-hard/jev_runs/all-maps-20260921-001/7q_vs_2bc/jev,jev_only,547.0000000059372,1
smac-hard/jev_runs/all-maps-20260921-001/7q_vs_2bc/jev,jev_only,453.9999999979045,1
smac-hard/jev_runs/all-maps-20260921-001/7q_vs_2bc/jev,jev_only,578.0000000013388,1
smac-hard/jev_runs/all-maps-20260921-001/7q_vs_2bc/jev,jev_only,469.0000000045984,1
smac-hard/jev_runs/all-maps-20260921-001/7q_vs_2bc/jev,jev_only,453.0000000013388,1
smac-hard/jev_runs/all-maps-20260921-001/7q_vs_2bc/jev,jev_only,438.00000000192085,1
smac-hard/jev_runs/all-maps-20260921-001/7q_vs_2bc/jev,jev_only,610.0000000005821,1
smac-hard/jev_runs/all-maps-20260921-001/7q_vs_2bc/jev,jev_only,688.0000000019209,1
smac-hard/jev_runs/all-maps-20260921-001/7q_vs_2bc/jev,jev_only,515.9999999959837,1
smac-hard/jev_runs/all-maps-20260921-001/7q_vs_2bc/jev,jev_only,593.0000000007567,1
smac-hard/jev_runs/all-maps-20260921-001/7q_vs_2bc/jev,jev_only,562.9999999946449,1
smac-hard/jev_runs/all-maps-20260921-001/7q_vs_2bc/jev,jev_only,468.99999999732245,1
smac-hard/jev_runs/all-maps-20260921-001/7q_vs_2bc/jev,jev_only,405.9999999954016,1
smac-hard/jev_runs/all-maps-20260921-001/7q_vs_2bc/jev,jev_only,485.0000000005821,1
smac-hard/jev_runs/all-maps-20260921-001/7q_vs_2bc/jev,jev_only,438.00000000192085,1
smac-hard/jev_runs/all-maps-20260921-001/7q_vs_2bc/jev,jev_only,485.0000000005821,1
smac-hard/jev_runs/all-maps-20260921-001/7q_vs_2bc/jev,jev_only,438.00000000192085,1
smac-hard/jev_runs/all-maps-20260921-001/7q_vs_2bc/jev,jev_only,531.0000000026776,1
smac-hard/jev_runs/all-maps-20260921-001/7q_vs_2bc/jev,jev_only,438.00000000192085,1
smac-hard/jev_runs/all-maps-20260921-001/7q_vs_2bc/jev,jev_only,453.0000000013388,1
smac-hard/jev_runs/all-maps-20260921-001/7q_vs_2bc/jev,jev_only,406.00000000267755,1
smac-hard/jev_runs/all-maps-20260921-001/7q_vs_2bc/jev,jev_only,639.9999999994179,1
smac-hard/jev_runs/all-maps-20260921-001/7q_vs_2bc/jev,jev_only,421.9999999986612,1
smac-hard/jev_runs/all-maps-20260921-001/7q_vs_2bc/jev,jev_only,421.0000000020955,1
smac-hard/jev_runs/all-maps-20260921-001/7q_vs_2bc/jev,jev_only,485.0000000005821,1
smac-hard/jev_runs/all-maps-20260921-001/7q_vs_2bc/jev,jev_only,500.0,1
smac-hard/jev_runs/all-maps-20260921-001/7q_vs_2bc/jev,jev_only,421.9999999986612,1
smac-hard/jev_runs/all-maps-20260921-001/7q_vs_2bc/jev,jev_only,453.0000000013388,1
smac-hard/jev_runs/all-maps-20260921-001/7q_vs_2bc/jev,jev_only,421.9999999986612,1
smac-hard/jev_runs/all-maps-20260921-001/7q_vs_2bc/jev,jev_only,516.0000000032596,1
smac-hard/jev_runs/all-maps-20260921-001/7q_vs_2bc/jev,jev_only,735.0000000005821,1
smac-hard/jev_runs/all-maps-20260921-001/7q_vs_2bc/jev,jev_only,468.99999999732245,1
smac-hard/jev_runs/all-maps-20260921-001/7q_vs_2bc/jev,jev_only,421.9999999986612,1
smac-hard/jev_runs/all-maps-20260921-001/7q_vs_2bc/jev,jev_only,436.99999999807915,1
smac-hard/jev_runs/all-maps-20260921-001/7q_vs_2bc/jev,jev_only,438.00000000192085,1
smac-hard/jev_runs/all-maps-20260921-001/7q_vs_2bc/jev,jev_only,436.99999999807915,1
smac-hard/jev_runs/all-maps-20260921-001/7q_vs_2bc/jev,jev_only,421.9999999986612,1
smac-hard/jev_runs/all-maps-20260921-001/7q_vs_2bc/jev,jev_only,421.9999999986612,1
smac-hard/jev_runs/all-maps-20260921-001/7q_vs_2bc/jev,jev_only,577.9999999940628,1
smac-hard/jev_runs/all-maps-20260921-001/7q_vs_2bc/jev,jev_only,391.00000000325963,1
smac-hard/jev_runs/all-maps-20260921-001/7q_vs_2bc/jev,jev_only,343.99999999732245,1
smac-hard/jev_runs/all-maps-20260921-001/7q_vs_2bc/jev,jev_only,453.0000000013388,1
smac-hard/jev_runs/all-maps-20260921-001/7q_vs_2bc/jev,jev_only,391.00000000325963,1
smac-hard/jev_runs/all-maps-20260921-001/7q_vs_2bc/jev,jev_only,421.9999999986612,1
smac-hard/jev_runs/all-maps-20260921-001/7q_vs_2bc/jev,jev_only,406.00000000267755,1
smac-hard/jev_runs/all-maps-20260921-001/7q_vs_2bc/jev,jev_only,406.00000000267755,1
smac-hard/jev_runs/all-maps-20260921-001/7q_vs_2bc/jev,jev_only,375.0,1
smac-hard/jev_runs/all-maps-20260921-001/7q_vs_2bc/jev,jev_only,391.00000000325963,1
smac-hard/jev_runs/all-maps-20260921-001/7q_vs_2bc/jev,jev_only,375.0,1
smac-hard/jev_runs/all-maps-20260921-001/7q_vs_2bc/jev,jev_only,483.99999999674037,1
smac-hard/jev_runs/all-maps-20260921-001/7q_vs_2bc/jev,jev_only,375.0,1
smac-hard/jev_runs/all-maps-20260921-001/7q_vs_2bc/jev,jev_only,375.0,1
smac-hard/jev_runs/all-maps-20260921-001/7q_vs_2bc/jev,jev_only,406.00000000267755,1
smac-hard/jev_runs/all-maps-20260921-001/7q_vs_2bc/jev,jev_only,453.0000000013388,1
smac-hard/jev_runs/all-maps-20260921-001/7q_vs_2bc/jev,jev_only,406.00000000267755,1
smac-hard/jev_runs/all-maps-20260921-001/7q_vs_2bc/jev,jev_only,453.9999999979045,1
smac-hard/jev_runs/all-maps-20260921-001/7q_vs_2bc/jev,jev_only,421.0000000020955,1
smac-hard/jev_runs/all-maps-20260921-001/7q_vs_2bc/jev,jev_only,421.9999999986612,1
smac-hard/jev_runs/all-maps-20260921-001/7q_vs_2bc/jev,jev_only,514.9999999994179,1
smac-hard/jev_runs/all-maps-20260921-001/7q_vs_2bc/jev,jev_only,421.9999999986612,1
smac-hard/jev_runs/all-maps-20260921-001/7q_vs_2bc/jev,jev_only,453.0000000013388,1
smac-hard/jev_runs/all-maps-20260921-001/7q_vs_2bc/jev,jev_only,453.9999999979045,1
smac-hard/jev_runs/all-maps-20260921-001/7q_vs_2bc/jev,jev_only,438.00000000192085,1
smac-hard/jev_runs/all-maps-20260921-001/7q_vs_2bc/jev,jev_only,640.9999999959837,1
smac-hard/jev_runs/all-maps-20260921-001/7q_vs_2bc/jev,jev_only,436.99999999807915,1
smac-hard/jev_runs/all-maps-20260921-001/7q_vs_2bc/jev,jev_only,483.99999999674037,1
smac-hard/jev_runs/all-maps-20260921-001/7q_vs_2bc/jev,jev_only,531.0000000026776,1
smac-hard/jev_runs/all-maps-20260921-001/7q_vs_2bc/jev,jev_only,437.0000000053551,1
smac-hard/jev_runs/all-maps-20260921-001/7q_vs_2bc/jev,jev_only,437.9999999946449,1
smac-hard/jev_runs/all-maps-20260921-001/7q_vs_2bc/jev,jev_only,500.0,1
smac-hard/jev_runs/all-maps-20260921-001/7q_vs_2bc/jev,jev_only,453.0000000013388,1
smac-hard/jev_runs/all-maps-20260921-001/7q_vs_2bc/jev,jev_only,453.0000000013388,1
smac-hard/jev_runs/all-maps-20260921-001/7q_vs_2bc/jev,jev_only,436.99999999807915,1
smac-hard/jev_runs/all-maps-20260921-001/7q_vs_2bc/jev,jev_only,405.9999999954016,1
smac-hard/jev_runs/all-maps-20260921-001/7q_vs_2bc/jev,jev_only,483.99999999674037,1
smac-hard/jev_runs/all-maps-20260921-001/7q_vs_2bc/jev,jev_only,468.0000000007567,1
smac-hard/jev_runs/all-maps-20260921-001/7q_vs_2bc/jev,jev_only,500.0,1
smac-hard/jev_runs/all-maps-20260921-001/7q_vs_2bc/jev,jev_only,436.99999999807915,1
smac-hard/jev_runs/all-maps-20260921-001/7q_vs_2bc/jev,jev_only,452.9999999940628,1
smac-hard/jev_runs/all-maps-20260921-001/7q_vs_2bc/jev,jev_only,453.0000000013388,1
smac-hard/jev_runs/all-maps-20260921-001/7q_vs_2bc/jev,jev_only,438.00000000192085,1
smac-hard/jev_runs/all-maps-20260921-001/7q_vs_2bc/jev,jev_only,436.99999999807915,1
smac-hard/jev_runs/all-maps-20260921-001/7q_vs_2bc/jev,jev_only,422.0000000059372,1
smac-hard/jev_runs/all-maps-20260921-001/7q_vs_2bc/jev,jev_only,468.99999999732245,1
smac-hard/jev_runs/all-maps-20260921-001/7q_vs_2bc/jev,jev_only,593.9999999973224,1
smac-hard/jev_runs/all-maps-20260921-001/7q_vs_2bc/jev,jev_only,563.0000000019209,1
smac-hard/jev_runs/all-maps-20260921-001/7q_vs_2bc/jev,jev_only,406.9999999992433,1
smac-hard/jev_runs/all-maps-20260921-001/7q_vs_2bc/jev,jev_only,391.00000000325963,1
smac-hard/jev_runs/all-maps-20260921-001/7q_vs_2bc/jev,jev_only,406.9999999992433,1
smac-hard/jev_runs/all-maps-20260921-001/7q_vs_2bc/jev,jev_only,438.00000000192085,1
smac-hard/jev_runs/all-maps-20260921-001/7q_vs_2bc/jev,jev_only,421.9999999986612,1
smac-hard/jev_runs/all-maps-20260921-001/7q_vs_2bc/jev,jev_only,563.0000000019209,1
smac-hard/jev_runs/all-maps-20260921-001/7q_vs_2bc/jev,jev_only,610.0000000005821,1
smac-hard/jev_runs/all-maps-20260921-001/7q_vs_2bc/jev,jev_only,406.00000000267755,1
smac-hard/jev_runs/all-maps-20260921-001/7q_vs_2bc/jev,jev_only,516.0000000032596,1
smac-hard/jev_runs/all-maps-20260921-001/7q_vs_2bc/jev,jev_only,438.00000000192085,1
smac-hard/jev_runs/all-maps-20260921-001/7q_vs_2bc/jev,jev_only,405.9999999954016,1
smac-hard/jev_runs/all-maps-20260921-001/7q_vs_2bc/jev,jev_only,436.99999999807915,1
smac-hard/jev_runs/all-maps-20260921-001/7q_vs_2bc/jev,jev_only,438.00000000192085,1
smac-hard/jev_runs/all-maps-20260921-001/7q_vs_2bc/jev,jev_only,390.99999999598367,1
smac-hard/jev_runs/all-maps-20260921-001/7q_vs_2bc/jev,jev_only,530.9999999954016,1
smac-hard/jev_runs/all-maps-20260921-001/7q_vs_2bc/jev,jev_only,421.0000000020955,1
smac-hard/jev_runs/all-maps-20260921-001/7q_vs_2bc/jev,jev_only,391.00000000325963,1
smac-hard/jev_runs/all-maps-20260921-001/7q_vs_2bc/jev,jev_only,406.9999999992433,1
smac-hard/jev_runs/all-maps-20260921-001/7q_vs_2bc/jev,jev_only,421.9999999986612,1
smac-hard/jev_runs/all-maps-20260921-001/7q_vs_2bc/jev,jev_only,593.0000000007567,1
smac-hard/jev_runs/all-maps-20260921-001/7q_vs_2bc/jev,jev_only,578.0000000013388,1
smac-hard/jev_runs/all-maps-20260921-001/7q_vs_2bc/jev,jev_only,375.0,1
smac-hard/jev_runs/all-maps-20260921-001/7q_vs_2bc/jev,jev_only,671.9999999986612,1
smac-hard/jev_runs/all-maps-20260921-001/7q_vs_2bc/jev,jev_only,391.00000000325963,1
smac-hard/jev_runs/all-maps-20260921-001/7q_vs_2bc/jev,jev_only,389.9999999994179,1
smac-hard/jev_runs/all-maps-20260921-001/7q_vs_2bc/jev,jev_only,608.9999999967404,1
smac-hard/jev_runs/all-maps-20260921-001/7q_vs_2bc/jev,jev_only,405.9999999954016,1
smac-hard/jev_runs/all-maps-20260921-001/7q_vs_2bc/jev,jev_only,438.00000000192085,1
smac-hard/jev_runs/p0-astra-all-maps-20260922-001/7q_vs_2bc/jev,jev_gpt6,1281.0000000026776,1
smac-hard/jev_runs/p0-astra-all-maps-20260922-001/7q_vs_2bc/jev,jev_gpt6,437.9999999946449,1
smac-hard/jev_runs/p0-astra-all-maps-20260922-001/7q_vs_2bc/jev,jev_gpt6,467.99999999348074,1
smac-hard/jev_runs/p0-astra-all-maps-20260922-001/7q_vs_2bc/jev,jev_gpt6,453.00000000861473,1
smac-hard/jev_runs/p0-astra-all-maps-20260922-001/7q_vs_2bc/jev,jev_gpt6,437.9999999946449,1
smac-hard/jev_runs/p0-astra-all-maps-20260922-001/7q_vs_2bc/jev,jev_gpt6,516.0000000032596,1
smac-hard/jev_runs/p0-astra-all-maps-20260922-001/7q_vs_2bc/jev,jev_gpt6,421.99999999138527,1
smac-hard/jev_runs/p0-astra-all-maps-20260922-001/7q_vs_2bc/jev,jev_gpt6,422.0000000059372,1
smac-hard/jev_runs/p0-astra-all-maps-20260922-001/7q_vs_2bc/jev,jev_gpt6,421.99999999138527,1
smac-hard/jev_runs/p0-astra-all-maps-20260922-001/7q_vs_2bc/jev,jev_gpt6,453.00000000861473,1
smac-hard/jev_runs/p0-astra-all-maps-20260922-001/7q_vs_2bc/jev,jev_gpt6,483.99999999674037,1
smac-hard/jev_runs/p0-astra-all-maps-20260922-001/7q_vs_2bc/jev,jev_gpt6,468.00000000803266,1
smac-hard/jev_runs/p0-astra-all-maps-20260922-001/7q_vs_2bc/jev,jev_gpt6,500.0,1
smac-hard/jev_runs/p0-astra-all-maps-20260922-001/7q_vs_2bc/jev,jev_gpt6,468.00000000803266,1
smac-hard/jev_runs/p0-astra-all-maps-20260922-001/7q_vs_2bc/jev,jev_gpt6,468.99999999732245,1
smac-hard/jev_runs/p0-astra-all-maps-20260922-001/7q_vs_2bc/jev,jev_gpt6,485.0000000005821,1
smac-hard/jev_runs/p0-astra-all-maps-20260922-001/7q_vs_2bc/jev,jev_gpt6,453.9999999979045,1
smac-hard/jev_runs/p0-astra-all-maps-20260922-001/7q_vs_2bc/jev,jev_gpt6,483.99999999674037,1
smac-hard/jev_runs/p0-astra-all-maps-20260922-001/7q_vs_2bc/jev,jev_gpt6,500.0,1
smac-hard/jev_runs/p0-astra-all-maps-20260922-001/7q_vs_2bc/jev,jev_gpt6,421.99999999138527,1
smac-hard/jev_runs/p0-astra-all-maps-20260922-001/7q_vs_2bc/jev,jev_gpt6,406.00000000267755,1
smac-hard/jev_runs/p0-astra-all-maps-20260922-001/7q_vs_2bc/jev,jev_gpt6,468.99999999732245,1
smac-hard/jev_runs/p0-astra-all-maps-20260922-001/7q_vs_2bc/jev,jev_gpt6,437.9999999946449,1
smac-hard/jev_runs/p0-astra-all-maps-20260922-001/7q_vs_2bc/jev,jev_gpt6,500.0,1
smac-hard/jev_runs/p0-astra-all-maps-20260922-001/7q_vs_2bc/jev,jev_gpt6,437.9999999946449,1
smac-hard/jev_runs/p0-astra-all-maps-20260922-001/7q_vs_2bc/jev,jev_gpt6,500.0,1
smac-hard/jev_runs/p0-astra-all-maps-20260922-001/7q_vs_2bc/jev,jev_gpt6,422.0000000059372,1
smac-hard/jev_runs/p0-astra-all-maps-20260922-001/7q_vs_2bc/jev,jev_gpt6,421.99999999138527,1
smac-hard/jev_runs/p0-astra-all-maps-20260922-001/7q_vs_2bc/jev,jev_gpt6,483.99999999674037,1
smac-hard/jev_runs/p0-astra-all-maps-20260922-001/7q_vs_2bc/jev,jev_gpt6,469.00000001187436,1
smac-hard/jev_runs/p0-astra-all-maps-20260922-001/7q_vs_2bc/jev,jev_gpt6,468.00000000803266,1
smac-hard/jev_runs/p0-astra-all-maps-20260922-001/7q_vs_2bc/jev,jev_gpt6,437.9999999946449,1
smac-hard/jev_runs/p0-astra-all-maps-20260922-001/7q_vs_2bc/jev,jev_gpt6,422.0000000059372,1
smac-hard/jev_runs/p0-astra-all-maps-20260922-001/7q_vs_2bc/jev,jev_gpt6,484.0000000112923,1
smac-hard/jev_runs/p0-astra-all-maps-20260922-001/7q_vs_2bc/jev,jev_gpt6,437.9999999946449,1
smac-hard/jev_runs/p0-astra-all-maps-20260922-001/7q_vs_2bc/jev,jev_gpt6,452.9999999940628,1
smac-hard/jev_runs/p0-astra-all-maps-20260922-001/7q_vs_2bc/jev,jev_gpt6,468.99999999732245,1
smac-hard/jev_runs/p0-astra-all-maps-20260922-001/7q_vs_2bc/jev,jev_gpt6,437.0000000053551,1
smac-hard/jev_runs/p0-astra-all-maps-20260922-001/7q_vs_2bc/jev,jev_gpt6,389.9999999994179,1
smac-hard/jev_runs/p0-astra-all-maps-20260922-001/7q_vs_2bc/jev,jev_gpt6,406.00000000267755,1
smac-hard/jev_runs/p0-astra-all-maps-20260922-001/7q_vs_2bc/jev,jev_gpt6,406.00000000267755,1
smac-hard/jev_runs/p0-astra-all-maps-20260922-001/7q_vs_2bc/jev,jev_gpt6,405.99999998812564,1
smac-hard/jev_runs/p0-astra-all-maps-20260922-001/7q_vs_2bc/jev,jev_gpt6,532.0000000065193,1
smac-hard/jev_runs/p0-astra-all-maps-20260922-001/7q_vs_2bc/jev,jev_gpt6,468.99999999732245,1
smac-hard/jev_runs/p0-astra-all-maps-20260922-001/7q_vs_2bc/jev,jev_gpt6,483.99999999674037,1
smac-hard/jev_runs/p0-astra-all-maps-20260922-001/7q_vs_2bc/jev,jev_gpt6,546.0000000020955,1
smac-hard/jev_runs/p0-astra-all-maps-20260922-001/7q_vs_2bc/jev,jev_gpt6,405.99999998812564,1
smac-hard/jev_runs/p0-astra-all-maps-20260922-001/7q_vs_2bc/jev,jev_gpt6,421.0000000020955,1
smac-hard/jev_runs/p0-astra-all-maps-20260922-001/7q_vs_2bc/jev,jev_gpt6,437.9999999946449,1
smac-hard/jev_runs/p0-astra-all-maps-20260922-001/7q_vs_2bc/jev,jev_gpt6,406.00000000267755,1
smac-hard/jev_runs/p0-astra-all-maps-20260922-001/7q_vs_2bc/jev,jev_gpt6,422.0000000059372,1
smac-hard/jev_runs/p0-astra-all-maps-20260922-001/7q_vs_2bc/jev,jev_gpt6,422.0000000059372,1
smac-hard/jev_runs/p0-astra-all-maps-20260922-001/7q_vs_2bc/jev,jev_gpt6,389.9999999994179,1
smac-hard/jev_runs/p0-astra-all-maps-20260922-001/7q_vs_2bc/jev,jev_gpt6,453.00000000861473,1
smac-hard/jev_runs/p0-astra-all-maps-20260922-001/7q_vs_2bc/jev,jev_gpt6,406.00000000267755,1
smac-hard/jev_runs/p0-astra-all-maps-20260922-001/7q_vs_2bc/jev,jev_gpt6,452.9999999940628,1
smac-hard/jev_runs/p0-astra-all-maps-20260922-001/7q_vs_2bc/jev,jev_gpt6,485.0000000005821,1
smac-hard/jev_runs/p0-astra-all-maps-20260922-001/7q_vs_2bc/jev,jev_gpt6,375.0,1
smac-hard/jev_runs/p0-astra-all-maps-20260922-001/7q_vs_2bc/jev,jev_gpt6,468.99999999732245,1
smac-hard/jev_runs/p0-astra-all-maps-20260922-001/7q_vs_2bc/jev,jev_gpt6,360.0000000005821,1
smac-hard/jev_runs/p0-astra-all-maps-20260922-001/7q_vs_2bc/jev,jev_gpt6,422.0000000059372,1
smac-hard/jev_runs/p0-astra-all-maps-20260922-001/7q_vs_2bc/jev,jev_gpt6,375.0,1
smac-hard/jev_runs/p0-astra-all-maps-20260922-001/7q_vs_2bc/jev,jev_gpt6,436.9999999908032,1
smac-hard/jev_runs/p0-astra-all-maps-20260922-001/7q_vs_2bc/jev,jev_gpt6,437.0000000053551,1
smac-hard/jev_runs/p0-astra-all-maps-20260922-001/7q_vs_2bc/jev,jev_gpt6,453.00000000861473,1
smac-hard/jev_runs/p0-astra-all-maps-20260922-001/7q_vs_2bc/jev,jev_gpt6,500.0,1
smac-hard/jev_runs/p0-astra-all-maps-20260922-001/7q_vs_2bc/jev,jev_gpt6,453.9999999979045,1
smac-hard/jev_runs/p0-astra-all-maps-20260922-001/7q_vs_2bc/jev,jev_gpt6,437.9999999946449,1
smac-hard/jev_runs/p0-astra-all-maps-20260922-001/7q_vs_2bc/jev,jev_gpt6,485.0000000005821,1
smac-hard/jev_runs/p0-astra-all-maps-20260922-001/7q_vs_2bc/jev,jev_gpt6,469.00000001187436,1
smac-hard/jev_runs/p0-astra-all-maps-20260922-001/7q_vs_2bc/jev,jev_gpt6,484.0000000112923,1
smac-hard/jev_runs/p0-astra-all-maps-20260922-001/7q_vs_2bc/jev,jev_gpt6,437.0000000053551,1
smac-hard/jev_runs/p0-astra-all-maps-20260922-001/7q_vs_2bc/jev,jev_gpt6,483.99999999674037,1
smac-hard/jev_runs/p0-astra-all-maps-20260922-001/7q_vs_2bc/jev,jev_gpt6,483.99999999674037,1
smac-hard/jev_runs/p0-astra-all-maps-20260922-001/7q_vs_2bc/jev,jev_gpt6,577.9999999940628,1
smac-hard/jev_runs/p0-astra-all-maps-20260922-001/7q_vs_2bc/jev,jev_gpt6,531.0000000026776,1
smac-hard/jev_runs/p0-astra-all-maps-20260922-001/7q_vs_2bc/jev,jev_gpt6,453.9999999979045,1
smac-hard/jev_runs/p0-astra-all-maps-20260922-001/7q_vs_2bc/jev,jev_gpt6,562.9999999946449,1
smac-hard/jev_runs/p0-astra-all-maps-20260922-001/7q_vs_2bc/jev,jev_gpt6,578.0000000086147,1
smac-hard/jev_runs/p0-astra-all-maps-20260922-001/7q_vs_2bc/jev,jev_gpt6,421.99999999138527,1
smac-hard/jev_runs/p0-astra-all-maps-20260922-001/7q_vs_2bc/jev,jev_gpt6,468.99999999732245,1
smac-hard/jev_runs/p0-astra-all-maps-20260922-001/7q_vs_2bc/jev,jev_gpt6,453.00000000861473,1
smac-hard/jev_runs/p0-astra-all-maps-20260922-001/7q_vs_2bc/jev,jev_gpt6,437.0000000053551,1
smac-hard/jev_runs/p0-astra-all-maps-20260922-001/7q_vs_2bc/jev,jev_gpt6,500.0,1
smac-hard/jev_runs/p0-astra-all-maps-20260922-001/7q_vs_2bc/jev,jev_gpt6,437.9999999946449,1
smac-hard/jev_runs/p0-astra-all-maps-20260922-001/7q_vs_2bc/jev,jev_gpt6,467.99999999348074,1
smac-hard/jev_runs/p0-astra-all-maps-20260922-001/7q_vs_2bc/jev,jev_gpt6,483.99999999674037,1
smac-hard/jev_runs/p0-astra-all-maps-20260922-001/7q_vs_2bc/jev,jev_gpt6,547.0000000059372,1
smac-hard/jev_runs/p0-astra-all-maps-20260922-001/7q_vs_2bc/jev,jev_gpt6,468.99999999732245,1
smac-hard/jev_runs/p0-astra-all-maps-20260922-001/7q_vs_2bc/jev,jev_gpt6,468.99999999732245,1
smac-hard/jev_runs/p0-astra-all-maps-20260922-001/7q_vs_2bc/jev,jev_gpt6,437.0000000053551,1
smac-hard/jev_runs/p0-astra-all-maps-20260922-001/7q_vs_2bc/jev,jev_gpt6,437.0000000053551,1
smac-hard/jev_runs/p0-astra-all-maps-20260922-001/7q_vs_2bc/jev,jev_gpt6,452.9999999940628,1
smac-hard/jev_runs/p0-astra-all-maps-20260922-001/7q_vs_2bc/jev,jev_gpt6,437.0000000053551,1
smac-hard/jev_runs/p0-astra-all-maps-20260922-001/7q_vs_2bc/jev,jev_gpt6,407.00000000651926,1
smac-hard/jev_runs/p0-astra-all-maps-20260922-001/7q_vs_2bc/jev,jev_gpt6,468.99999999732245,1
smac-hard/jev_runs/p0-astra-all-maps-20260922-001/7q_vs_2bc/jev,jev_gpt6,452.9999999940628,1
smac-hard/jev_runs/p0-astra-all-maps-20260922-001/7q_vs_2bc/jev,jev_gpt6,453.00000000861473,1
smac-hard/jev_runs/p0-astra-all-maps-20260922-001/7q_vs_2bc/jev,jev_gpt6,515.9999999887077,1
smac-hard/jev_runs/p0-astra-all-maps-20260922-001/7q_vs_2bc/jev,jev_gpt6,438.0000000091968,1
smac-hard/jev_runs/p0-astra-all-maps-20260922-001/7q_vs_2bc/jev,jev_gpt6,453.9999999979045,1
smac-hard/jev_runs/p0-astra-all-maps-20260922-001/7q_vs_2bc/jev,jev_gpt6,391.00000000325963,1
smac-hard/jev_runs/p0-astra-all-maps-20260922-001/7q_vs_2bc/jev,jev_gpt6,421.99999999138527,1
smac-hard/jev_runs/p0-astra-all-maps-20260922-001/7q_vs_2bc/jev,jev_gpt6,438.0000000091968,1
smac-hard/jev_runs/p0-astra-all-maps-20260922-001/7q_vs_2bc/jev,jev_gpt6,436.9999999908032,1
smac-hard/jev_runs/p0-astra-all-maps-20260922-001/7q_vs_2bc/jev,jev_gpt6,500.0,1
smac-hard/jev_runs/p0-astra-all-maps-20260922-001/7q_vs_2bc/jev,jev_gpt6,452.9999999940628,1
smac-hard/jev_runs/p0-astra-all-maps-20260922-001/7q_vs_2bc/jev,jev_gpt6,391.00000000325963,1
smac-hard/jev_runs/p0-astra-all-maps-20260922-001/7q_vs_2bc/jev,jev_gpt6,406.00000000267755,1
smac-hard/jev_runs/p0-astra-all-maps-20260922-001/7q_vs_2bc/jev,jev_gpt6,406.99999999196734,1
smac-hard/jev_runs/p0-astra-all-maps-20260922-001/7q_vs_2bc/jev,jev_gpt6,407.00000000651926,1
smac-hard/jev_runs/p0-astra-all-maps-20260922-001/7q_vs_2bc/jev,jev_gpt6,406.00000000267755,1
smac-hard/jev_runs/p0-astra-all-maps-20260922-001/7q_vs_2bc/jev,jev_gpt6,406.00000000267755,1
smac-hard/jev_runs/p0-astra-all-maps-20260922-001/7q_vs_2bc/jev,jev_gpt6,468.00000000803266,1
smac-hard/jev_runs/p0-astra-all-maps-20260922-001/7q_vs_2bc/jev,jev_gpt6,405.99999998812564,1
smac-hard/jev_runs/p0-astra-all-maps-20260922-001/7q_vs_2bc/jev,jev_gpt6,422.0000000059372,1
smac-hard/jev_runs/p0-astra-all-maps-20260922-001/7q_vs_2bc/jev,jev_gpt6,358.99999999674037,1
smac-hard/jev_runs/p0-astra-all-maps-20260922-001/7q_vs_2bc/jev,jev_gpt6,375.0,1
smac-hard/jev_runs/p0-astra-all-maps-20260922-001/7q_vs_2bc/jev,jev_gpt6,375.0,1
smac-hard/jev_runs/p0-astra-all-maps-20260922-001/7q_vs_2bc/jev,jev_gpt6,390.9999999887077,1
smac-hard/jev_runs/p0-astra-all-maps-20260922-001/7q_vs_2bc/jev,jev_gpt6,375.0,1
smac-hard/jev_runs/p0-astra-all-maps-20260922-001/7q_vs_2bc/jev,jev_gpt6,438.0000000091968,1
smac-hard/jev_runs/p0-astra-all-maps-20260922-001/7q_vs_2bc/jev,jev_gpt6,469.00000001187436,1
smac-hard/jev_runs/p0-astra-all-maps-20260922-001/7q_vs_2bc/jev,jev_gpt6,483.99999999674037,1
smac-hard/jev_runs/p0-astra-all-maps-20260922-001/7q_vs_2bc/jev,jev_gpt6,452.9999999940628,1
smac-hard/jev_runs/p0-astra-all-maps-20260922-001/7q_vs_2bc/jev,jev_gpt6,453.00000000861473,1
smac-hard/jev_runs/p0-astra-all-maps-20260922-001/7q_vs_2bc/jev,jev_gpt6,437.9999999946449,1
smac-hard/jev_runs/p0-astra-all-maps-20260922-001/7q_vs_2bc/jev,jev_gpt6,452.9999999940628,1
smac-hard/jev_runs/p0-astra-all-maps-20260922-001/7q_vs_2bc/jev,jev_gpt6,500.0,1
smac-hard/jev_runs/p0-astra-all-maps-20260922-001/7q_vs_2bc/jev,jev_gpt6,500.0,1
smac-hard/jev_runs/p0-astra-all-maps-20260922-001/7q_vs_2bc/jev,jev_gpt6,437.0000000053551,1
smac-hard/jev_runs/p0-astra-all-maps-20260922-001/7q_vs_2bc/jev,jev_gpt6,484.0000000112923,1
smac-hard/jev_runs/p0-astra-all-maps-20260922-001/7q_vs_2bc/jev,jev_gpt6,500.0,1
smac-hard/jev_runs/p0-astra-all-maps-20260922-001/7q_vs_2bc/jev,jev_gpt6,469.00000001187436,1
smac-hard/jev_runs/p0-astra-all-maps-20260922-001/7q_vs_2bc/jev,jev_gpt6,468.00000000803266,1
smac-hard/jev_runs/p0-astra-all-maps-20260922-001/7q_vs_2bc/jev,jev_gpt6,468.99999999732245,1
smac-hard/jev_runs/p0-astra-all-maps-20260922-001/7q_vs_2bc/jev,jev_gpt6,500.0,1
smac-hard/jev_runs/p0-astra-all-maps-20260922-001/7q_vs_2bc/jev,jev_gpt6,437.9999999946449,1
smac-hard/jev_runs/p0-astra-all-maps-20260922-001/7q_vs_2bc/jev,jev_gpt6,468.99999999732245,1
smac-hard/jev_runs/p0-astra-all-maps-20260922-001/7q_vs_2bc/jev,jev_gpt6,452.9999999940628,1
smac-hard/jev_runs/p0-astra-all-maps-20260922-001/7q_vs_2bc/jev,jev_gpt6,437.0000000053551,1
smac-hard/jev_runs/p0-astra-all-maps-20260922-001/7q_vs_2bc/jev,jev_gpt6,468.99999999732245,1
smac-hard/jev_runs/p0-astra-all-maps-20260922-001/7q_vs_2bc/jev,jev_gpt6,468.99999999732245,1
smac-hard/jev_runs/p0-astra-all-maps-20260922-001/7q_vs_2bc/jev,jev_gpt6,421.0000000020955,1
smac-hard/jev_runs/p0-astra-all-maps-20260922-001/7q_vs_2bc/jev,jev_gpt6,452.9999999940628,1
smac-hard/jev_runs/p0-astra-all-maps-20260922-001/7q_vs_2bc/jev,jev_gpt6,452.9999999940628,1
smac-hard/jev_runs/p0-astra-all-maps-20260922-001/7q_vs_2bc/jev,jev_gpt6,437.0000000053551,1
smac-hard/jev_runs/p0-astra-all-maps-20260922-001/7q_vs_2bc/jev,jev_gpt6,468.00000000803266,1
smac-hard/jev_runs/p0-astra-all-maps-20260922-001/7q_vs_2bc/jev,jev_gpt6,500.0,1
smac-hard/jev_runs/p0-astra-all-maps-20260922-001/7q_vs_2bc/jev,jev_gpt6,500.0,1
smac-hard/jev_runs/p0-astra-all-maps-20260922-001/7q_vs_2bc/jev,jev_gpt6,469.00000001187436,1
smac-hard/jev_runs/p0-astra-all-maps-20260922-001/7q_vs_2bc/jev,jev_gpt6,468.00000000803266,1
smac-hard/jev_runs/p0-astra-all-maps-20260922-001/7q_vs_2bc/jev,jev_gpt6,452.9999999940628,1
smac-hard/jev_runs/p0-astra-all-maps-20260922-001/7q_vs_2bc/jev,jev_gpt6,436.9999999908032,1
smac-hard/jev_runs/p0-astra-all-maps-20260922-001/7q_vs_2bc/jev,jev_gpt6,483.99999999674037,1
smac-hard/jev_runs/p0-astra-all-maps-20260922-001/7q_vs_2bc/jev,jev_gpt6,406.00000000267755,1
smac-hard/jev_runs/p0-astra-all-maps-20260922-001/7q_vs_2bc/jev,jev_gpt6,421.99999999138527,1
smac-hard/jev_runs/p0-astra-all-maps-20260922-001/7q_vs_2bc/jev,jev_gpt6,610.0000000005821,1
smac-hard/jev_runs/p0-astra-all-maps-20260922-001/7q_vs_2bc/jev,jev_gpt6,438.0000000091968,1
smac-hard/jev_runs/p0-astra-all-maps-20260922-001/7q_vs_2bc/jev,jev_gpt6,468.99999999732245,1
smac-hard/jev_runs/p0-astra-all-maps-20260922-001/7q_vs_2bc/jev,jev_gpt6,406.00000000267755,1
smac-hard/jev_runs/p0-astra-all-maps-20260922-001/7q_vs_2bc/jev,jev_gpt6,437.0000000053551,1
smac-hard/jev_runs/p0-astra-all-maps-20260922-001/7q_vs_2bc/jev,jev_gpt6,468.99999999732245,1
smac-hard/jev_runs/p0-astra-all-maps-20260922-001/7q_vs_2bc/jev,jev_gpt6,422.0000000059372,1
smac-hard/jev_runs/p0-astra-all-maps-20260922-001/7q_vs_2bc/jev,jev_gpt6,422.0000000059372,1
smac-hard/jev_runs/p0-astra-all-maps-20260922-001/7q_vs_2bc/jev,jev_gpt6,422.0000000059372,1
smac-hard/jev_runs/p0-astra-all-maps-20260922-001/7q_vs_2bc/jev,jev_gpt6,390.9999999887077,1
smac-hard/jev_runs/p0-astra-all-maps-20260922-001/7q_vs_2bc/jev,jev_gpt6,391.00000000325963,1
smac-hard/jev_runs/p0-astra-all-maps-20260922-001/7q_vs_2bc/jev,jev_gpt6,375.0,1
smac-hard/jev_runs/p0-astra-all-maps-20260922-001/7q_vs_2bc/jev,jev_gpt6,422.0000000059372,1
smac-hard/jev_runs/p0-astra-all-maps-20260922-001/7q_vs_2bc/jev,jev_gpt6,422.0000000059372,1
smac-hard/jev_runs/p0-astra-all-maps-20260922-001/7q_vs_2bc/jev,jev_gpt6,485.0000000005821,1
smac-hard/jev_runs/p0-astra-all-maps-20260922-001/7q_vs_2bc/jev,jev_gpt6,437.0000000053551,1
smac-hard/jev_runs/p0-astra-all-maps-20260922-001/7q_vs_2bc/jev,jev_gpt6,375.0,1
smac-hard/jev_runs/p0-astra-all-maps-20260922-001/7q_vs_2bc/jev,jev_gpt6,391.00000000325963,1
smac-hard/jev_runs/p0-astra-all-maps-20260922-001/7q_vs_2bc/jev,jev_gpt6,375.0,1
smac-hard/jev_runs/p0-astra-all-maps-20260922-001/7q_vs_2bc/jev,jev_gpt6,375.0,1
smac-hard/jev_runs/p0-astra-all-maps-20260922-001/7q_vs_2bc/jev,jev_gpt6,485.0000000005821,1
smac-hard/jev_runs/p0-astra-all-maps-20260922-001/7q_vs_2bc/jev,jev_gpt6,406.00000000267755,1
smac-hard/jev_runs/p0-astra-all-maps-20260922-001/7q_vs_2bc/jev,jev_gpt6,406.99999999196734,1
smac-hard/jev_runs/p0-astra-all-maps-20260922-001/7q_vs_2bc/jev,jev_gpt6,375.0,1
smac-hard/jev_runs/p0-astra-all-maps-20260922-001/7q_vs_2bc/jev,jev_gpt6,422.0000000059372,1
smac-hard/jev_runs/all-maps-20260921-001/3st_vs_5zl/jev,jev_only,889.9999999994179,1
smac-hard/jev_runs/all-maps-20260921-001/3st_vs_5zl/jev,jev_only,406.00000000267755,1
smac-hard/jev_runs/all-maps-20260921-001/3st_vs_5zl/jev,jev_only,405.9999999954016,1
smac-hard/jev_runs/all-maps-20260921-001/3st_vs_5zl/jev,jev_only,469.0000000045984,1
smac-hard/jev_runs/all-maps-20260921-001/3st_vs_5zl/jev,jev_only,390.99999999598367,1
smac-hard/jev_runs/all-maps-20260921-001/3st_vs_5zl/jev,jev_only,405.9999999954016,1
smac-hard/jev_runs/all-maps-20260921-001/3st_vs_5zl/jev,jev_only,389.9999999994179,1
smac-hard/jev_runs/all-maps-20260921-001/3st_vs_5zl/jev,jev_only,421.9999999986612,1
smac-hard/jev_runs/all-maps-20260921-001/3st_vs_5zl/jev,jev_only,406.9999999992433,1
smac-hard/jev_runs/all-maps-20260921-001/3st_vs_5zl/jev,jev_only,563.0000000019209,1
smac-hard/jev_runs/all-maps-20260921-001/3st_vs_5zl/jev,jev_only,483.99999999674037,1
smac-hard/jev_runs/all-maps-20260921-001/3st_vs_5zl/jev,jev_only,436.99999999807915,1
smac-hard/jev_runs/all-maps-20260921-001/3st_vs_5zl/jev,jev_only,405.9999999954016,1
smac-hard/jev_runs/all-maps-20260921-001/3st_vs_5zl/jev,jev_only,468.0000000007567,1
smac-hard/jev_runs/all-maps-20260921-001/3st_vs_5zl/jev,jev_only,438.00000000192085,1
smac-hard/jev_runs/all-maps-20260921-001/3st_vs_5zl/jev,jev_only,608.9999999967404,1
smac-hard/jev_runs/all-maps-20260921-001/3st_vs_5zl/jev,jev_only,453.0000000013388,1
smac-hard/jev_runs/all-maps-20260921-001/3st_vs_5zl/jev,jev_only,406.9999999992433,1
smac-hard/jev_runs/all-maps-20260921-001/3st_vs_5zl/jev,jev_only,391.00000000325963,1
smac-hard/jev_runs/all-maps-20260921-001/3st_vs_5zl/jev,jev_only,437.9999999946449,1
smac-hard/jev_runs/all-maps-20260921-001/3st_vs_5zl/jev,jev_only,436.99999999807915,1
smac-hard/jev_runs/all-maps-20260921-001/3st_vs_5zl/jev,jev_only,405.9999999954016,1
smac-hard/jev_runs/all-maps-20260921-001/3st_vs_5zl/jev,jev_only,391.00000000325963,1
smac-hard/jev_runs/all-maps-20260921-001/3st_vs_5zl/jev,jev_only,468.99999999732245,1
smac-hard/jev_runs/all-maps-20260921-001/3st_vs_5zl/jev,jev_only,421.9999999986612,1
smac-hard/jev_runs/all-maps-20260921-001/3st_vs_5zl/jev,jev_only,405.9999999954016,1
smac-hard/jev_runs/all-maps-20260921-001/3st_vs_5zl/jev,jev_only,391.00000000325963,1
smac-hard/jev_runs/all-maps-20260921-001/3st_vs_5zl/jev,jev_only,436.99999999807915,1
smac-hard/jev_runs/all-maps-20260921-001/3st_vs_5zl/jev,jev_only,656.0000000026776,1
smac-hard/jev_runs/all-maps-20260921-001/3st_vs_5zl/jev,jev_only,436.99999999807915,1
smac-hard/jev_runs/all-maps-20260921-001/3st_vs_5zl/jev,jev_only,437.0000000053551,1
smac-hard/jev_runs/all-maps-20260921-001/3st_vs_5zl/jev,jev_only,609.0000000040163,1
smac-hard/jev_runs/all-maps-20260921-001/3st_vs_5zl/jev,jev_only,453.0000000013388,1
smac-hard/jev_runs/all-maps-20260921-001/3st_vs_5zl/jev,jev_only,608.9999999967404,1
smac-hard/jev_runs/all-maps-20260921-001/3st_vs_5zl/jev,jev_only,359.00000000401633,1
smac-hard/jev_runs/all-maps-20260921-001/3st_vs_5zl/jev,jev_only,375.0,1
smac-hard/jev_runs/all-maps-20260921-001/3st_vs_5zl/jev,jev_only,421.0000000020955,1
smac-hard/jev_runs/all-maps-20260921-001/3st_vs_5zl/jev,jev_only,453.0000000013388,1
smac-hard/jev_runs/all-maps-20260921-001/3st_vs_5zl/jev,jev_only,563.0000000019209,1
smac-hard/jev_runs/all-maps-20260921-001/3st_vs_5zl/jev,jev_only,516.0000000032596,1
smac-hard/jev_runs/all-maps-20260921-001/3st_vs_5zl/jev,jev_only,421.9999999986612,1
smac-hard/jev_runs/all-maps-20260921-001/3st_vs_5zl/jev,jev_only,469.0000000045984,1
smac-hard/jev_runs/all-maps-20260921-001/3st_vs_5zl/jev,jev_only,453.0000000013388,1
smac-hard/jev_runs/all-maps-20260921-001/3st_vs_5zl/jev,jev_only,500.0,1
smac-hard/jev_runs/all-maps-20260921-001/3st_vs_5zl/jev,jev_only,531.0000000026776,1
smac-hard/jev_runs/all-maps-20260921-001/3st_vs_5zl/jev,jev_only,422.0000000059372,1
smac-hard/jev_runs/all-maps-20260921-001/3st_vs_5zl/jev,jev_only,421.9999999986612,1
smac-hard/jev_runs/all-maps-20260921-001/3st_vs_5zl/jev,jev_only,422.0000000059372,1
smac-hard/jev_runs/all-maps-20260921-001/3st_vs_5zl/jev,jev_only,610.0000000005821,1
smac-hard/jev_runs/all-maps-20260921-001/3st_vs_5zl/jev,jev_only,421.9999999986612,1
smac-hard/jev_runs/all-maps-20260921-001/3st_vs_5zl/jev,jev_only,421.0000000020955,1
smac-hard/jev_runs/all-maps-20260921-001/3st_vs_5zl/jev,jev_only,438.00000000192085,1
smac-hard/jev_runs/all-maps-20260921-001/3st_vs_5zl/jev,jev_only,468.99999999732245,1
smac-hard/jev_runs/all-maps-20260921-001/3st_vs_5zl/jev,jev_only,578.0000000013388,1
smac-hard/jev_runs/all-maps-20260921-001/3st_vs_5zl/jev,jev_only,500.0,1
smac-hard/jev_runs/all-maps-20260921-001/3st_vs_5zl/jev,jev_only,453.0000000013388,1
smac-hard/jev_runs/all-maps-20260921-001/3st_vs_5zl/jev,jev_only,453.0000000013388,1
smac-hard/jev_runs/all-maps-20260921-001/3st_vs_5zl/jev,jev_only,421.9999999986612,1
smac-hard/jev_runs/all-maps-20260921-001/3st_vs_5zl/jev,jev_only,421.9999999986612,1
smac-hard/jev_runs/all-maps-20260921-001/3st_vs_5zl/jev,jev_only,468.99999999732245,1
smac-hard/jev_runs/all-maps-20260921-001/3st_vs_5zl/jev,jev_only,406.00000000267755,1
smac-hard/jev_runs/all-maps-20260921-001/3st_vs_5zl/jev,jev_only,406.00000000267755,1
smac-hard/jev_runs/all-maps-20260921-001/3st_vs_5zl/jev,jev_only,437.0000000053551,1
smac-hard/jev_runs/all-maps-20260921-001/3st_vs_5zl/jev,jev_only,391.00000000325963,1
smac-hard/jev_runs/all-maps-20260921-001/3st_vs_5zl/jev,jev_only,500.0,1
smac-hard/jev_runs/all-maps-20260921-001/3st_vs_5zl/jev,jev_only,391.00000000325963,1
smac-hard/jev_runs/all-maps-20260921-001/3st_vs_5zl/jev,jev_only,406.00000000267755,1
smac-hard/jev_runs/all-maps-20260921-001/3st_vs_5zl/jev,jev_only,375.0,1
smac-hard/jev_runs/all-maps-20260921-001/3st_vs_5zl/jev,jev_only,438.00000000192085,1
smac-hard/jev_runs/all-maps-20260921-001/3st_vs_5zl/jev,jev_only,391.00000000325963,1
smac-hard/jev_runs/all-maps-20260921-001/3st_vs_5zl/jev,jev_only,608.9999999967404,1
smac-hard/jev_runs/all-maps-20260921-001/3st_vs_5zl/jev,jev_only,389.9999999994179,1
smac-hard/jev_runs/all-maps-20260921-001/3st_vs_5zl/jev,jev_only,484.00000000401633,1
smac-hard/jev_runs/all-maps-20260921-001/3st_vs_5zl/jev,jev_only,421.9999999986612,1
smac-hard/jev_runs/all-maps-20260921-001/3st_vs_5zl/jev,jev_only,436.99999999807915,1
smac-hard/jev_runs/all-maps-20260921-001/3st_vs_5zl/jev,jev_only,453.0000000013388,1
smac-hard/jev_runs/all-maps-20260921-001/3st_vs_5zl/jev,jev_only,516.0000000032596,1
smac-hard/jev_runs/all-maps-20260921-001/3st_vs_5zl/jev,jev_only,483.99999999674037,1
smac-hard/jev_runs/all-maps-20260921-001/3st_vs_5zl/jev,jev_only,500.0,1
smac-hard/jev_runs/all-maps-20260921-001/3st_vs_5zl/jev,jev_only,469.0000000045984,1
smac-hard/jev_runs/all-maps-20260921-001/3st_vs_5zl/jev,jev_only,468.99999999732245,1
smac-hard/jev_runs/all-maps-20260921-001/3st_vs_5zl/jev,jev_only,468.0000000007567,1
smac-hard/jev_runs/all-maps-20260921-001/3st_vs_5zl/jev,jev_only,437.0000000053551,1
smac-hard/jev_runs/all-maps-20260921-001/3st_vs_5zl/jev,jev_only,562.9999999946449,1
smac-hard/jev_runs/all-maps-20260921-001/3st_vs_5zl/jev,jev_only,389.9999999994179,1
smac-hard/jev_runs/all-maps-20260921-001/3st_vs_5zl/jev,jev_only,514.9999999994179,1
smac-hard/jev_runs/all-maps-20260921-001/3st_vs_5zl/jev,jev_only,406.9999999992433,1
smac-hard/jev_runs/all-maps-20260921-001/3st_vs_5zl/jev,jev_only,610.0000000005821,1
smac-hard/jev_runs/all-maps-20260921-001/3st_vs_5zl/jev,jev_only,438.00000000192085,1
smac-hard/jev_runs/all-maps-20260921-001/3st_vs_5zl/jev,jev_only,437.9999999946449,1
smac-hard/jev_runs/all-maps-20260921-001/3st_vs_5zl/jev,jev_only,436.99999999807915,1
smac-hard/jev_runs/all-maps-20260921-001/3st_vs_5zl/jev,jev_only,421.9999999986612,1
smac-hard/jev_runs/all-maps-20260921-001/3st_vs_5zl/jev,jev_only,421.0000000020955,1
smac-hard/jev_runs/all-maps-20260921-001/3st_vs_5zl/jev,jev_only,421.9999999986612,1
smac-hard/jev_runs/all-maps-20260921-001/3st_vs_5zl/jev,jev_only,437.0000000053551,1
smac-hard/jev_runs/all-maps-20260921-001/3st_vs_5zl/jev,jev_only,468.99999999732245,1
smac-hard/jev_runs/all-maps-20260921-001/3st_vs_5zl/jev,jev_only,453.9999999979045,1
smac-hard/jev_runs/all-maps-20260921-001/3st_vs_5zl/jev,jev_only,453.0000000013388,1
smac-hard/jev_runs/all-maps-20260921-001/3st_vs_5zl/jev,jev_only,391.00000000325963,1
smac-hard/jev_runs/all-maps-20260921-001/3st_vs_5zl/jev,jev_only,485.0000000005821,1
smac-hard/jev_runs/all-maps-20260921-001/3st_vs_5zl/jev,jev_only,796.9999999986612,1
smac-hard/jev_runs/all-maps-20260921-001/3st_vs_5zl/jev,jev_only,391.00000000325963,1
smac-hard/jev_runs/all-maps-20260921-001/3st_vs_5zl/jev,jev_only,390.99999999598367,1
smac-hard/jev_runs/all-maps-20260921-001/3st_vs_5zl/jev,jev_only,391.00000000325963,1
smac-hard/jev_runs/all-maps-20260921-001/3st_vs_5zl/jev,jev_only,421.9999999986612,1
smac-hard/jev_runs/all-maps-20260921-001/3st_vs_5zl/jev,jev_only,733.9999999967404,1
smac-hard/jev_runs/all-maps-20260921-001/3st_vs_5zl/jev,jev_only,453.0000000013388,1
smac-hard/jev_runs/all-maps-20260921-001/3st_vs_5zl/jev,jev_only,406.9999999992433,1
smac-hard/jev_runs/all-maps-20260921-001/3st_vs_5zl/jev,jev_only,343.99999999732245,1
smac-hard/jev_runs/all-maps-20260921-001/3st_vs_5zl/jev,jev_only,703.0000000013388,1
smac-hard/jev_runs/p0-astra-all-maps-20260922-001/3st_vs_5zl/jev,jev_gpt6,5093.999999997322,1
smac-hard/jev_runs/p0-astra-all-maps-20260922-001/3st_vs_5zl/jev,jev_gpt6,421.99999999138527,1
smac-hard/jev_runs/p0-astra-all-maps-20260922-001/3st_vs_5zl/jev,jev_gpt6,422.0000000059372,1
smac-hard/jev_runs/p0-astra-all-maps-20260922-001/3st_vs_5zl/jev,jev_gpt6,436.9999999908032,1
smac-hard/jev_runs/p0-astra-all-maps-20260922-001/3st_vs_5zl/jev,jev_gpt6,422.0000000059372,1
smac-hard/jev_runs/p0-astra-all-maps-20260922-001/3st_vs_5zl/jev,jev_gpt6,483.99999999674037,1
smac-hard/jev_runs/p0-astra-all-maps-20260922-001/3st_vs_5zl/jev,jev_gpt6,406.99999999196734,1
smac-hard/jev_runs/p0-astra-all-maps-20260922-001/3st_vs_5zl/jev,jev_gpt6,438.0000000091968,1
smac-hard/jev_runs/p0-astra-all-maps-20260922-001/3st_vs_5zl/jev,jev_gpt6,453.9999999979045,1
smac-hard/jev_runs/p0-astra-all-maps-20260922-001/3st_vs_5zl/jev,jev_gpt6,437.0000000053551,1
smac-hard/jev_runs/p0-astra-all-maps-20260922-001/3st_vs_5zl/jev,jev_gpt6,530.9999999881256,1
smac-hard/jev_runs/p0-astra-all-maps-20260922-001/3st_vs_5zl/jev,jev_gpt6,422.0000000059372,1
smac-hard/jev_runs/p0-astra-all-maps-20260922-001/3st_vs_5zl/jev,jev_gpt6,406.99999999196734,1
smac-hard/jev_runs/p0-astra-all-maps-20260922-001/3st_vs_5zl/jev,jev_gpt6,782.0000000065193,1
smac-hard/jev_runs/p0-astra-all-maps-20260922-001/3st_vs_5zl/jev,jev_gpt6,406.00000000267755,1
smac-hard/jev_runs/p0-astra-all-maps-20260922-001/3st_vs_5zl/jev,jev_gpt6,437.9999999946449,1
smac-hard/jev_runs/p0-astra-all-maps-20260922-001/3st_vs_5zl/jev,jev_gpt6,437.9999999946449,1
smac-hard/jev_runs/p0-astra-all-maps-20260922-001/3st_vs_5zl/jev,jev_gpt6,422.0000000059372,1
smac-hard/jev_runs/p0-astra-all-maps-20260922-001/3st_vs_5zl/jev,jev_gpt6,406.00000000267755,1
smac-hard/jev_runs/p0-astra-all-maps-20260922-001/3st_vs_5zl/jev,jev_gpt6,484.0000000112923,1
smac-hard/jev_runs/p0-astra-all-maps-20260922-001/3st_vs_5zl/jev,jev_gpt6,422.0000000059372,1
smac-hard/jev_runs/p0-astra-all-maps-20260922-001/3st_vs_5zl/jev,jev_gpt6,437.9999999946449,1
smac-hard/jev_runs/p0-astra-all-maps-20260922-001/3st_vs_5zl/jev,jev_gpt6,453.00000000861473,1
smac-hard/jev_runs/p0-astra-all-maps-20260922-001/3st_vs_5zl/jev,jev_gpt6,405.99999998812564,1
smac-hard/jev_runs/p0-astra-all-maps-20260922-001/3st_vs_5zl/jev,jev_gpt6,422.0000000059372,1
smac-hard/jev_runs/p0-astra-all-maps-20260922-001/3st_vs_5zl/jev,jev_gpt6,453.00000000861473,1
smac-hard/jev_runs/p0-astra-all-maps-20260922-001/3st_vs_5zl/jev,jev_gpt6,546.9999999913853,1
smac-hard/jev_runs/p0-astra-all-maps-20260922-001/3st_vs_5zl/jev,jev_gpt6,407.00000000651926,1
smac-hard/jev_runs/p0-astra-all-maps-20260922-001/3st_vs_5zl/jev,jev_gpt6,422.0000000059372,1
smac-hard/jev_runs/p0-astra-all-maps-20260922-001/3st_vs_5zl/jev,jev_gpt6,422.0000000059372,1
smac-hard/jev_runs/p0-astra-all-maps-20260922-001/3st_vs_5zl/jev,jev_gpt6,437.0000000053551,1
smac-hard/jev_runs/p0-astra-all-maps-20260922-001/3st_vs_5zl/jev,jev_gpt6,405.99999998812564,1
smac-hard/jev_runs/p0-astra-all-maps-20260922-001/3st_vs_5zl/jev,jev_gpt6,406.00000000267755,1
smac-hard/jev_runs/p0-astra-all-maps-20260922-001/3st_vs_5zl/jev,jev_gpt6,437.9999999946449,1
smac-hard/jev_runs/p0-astra-all-maps-20260922-001/3st_vs_5zl/jev,jev_gpt6,422.0000000059372,1
smac-hard/jev_runs/p0-astra-all-maps-20260922-001/3st_vs_5zl/jev,jev_gpt6,358.99999999674037,1
smac-hard/jev_runs/p0-astra-all-maps-20260922-001/3st_vs_5zl/jev,jev_gpt6,389.9999999994179,1
smac-hard/jev_runs/p0-astra-all-maps-20260922-001/3st_vs_5zl/jev,jev_gpt6,391.00000000325963,1
smac-hard/jev_runs/p0-astra-all-maps-20260922-001/3st_vs_5zl/jev,jev_gpt6,375.0,1
smac-hard/jev_runs/p0-astra-all-maps-20260922-001/3st_vs_5zl/jev,jev_gpt6,453.9999999979045,1
smac-hard/jev_runs/p0-astra-all-maps-20260922-001/3st_vs_5zl/jev,jev_gpt6,389.9999999994179,1
smac-hard/jev_runs/p0-astra-all-maps-20260922-001/3st_vs_5zl/jev,jev_gpt6,453.00000000861473,1
smac-hard/jev_runs/p0-astra-all-maps-20260922-001/3st_vs_5zl/jev,jev_gpt6,437.0000000053551,1
smac-hard/jev_runs/p0-astra-all-maps-20260922-001/3st_vs_5zl/jev,jev_gpt6,437.9999999946449,1
smac-hard/jev_runs/p0-astra-all-maps-20260922-001/3st_vs_5zl/jev,jev_gpt6,407.00000000651926,1
smac-hard/jev_runs/p0-astra-all-maps-20260922-001/3st_vs_5zl/jev,jev_gpt6,500.0,1
smac-hard/jev_runs/p0-astra-all-maps-20260922-001/3st_vs_5zl/jev,jev_gpt6,422.0000000059372,1
smac-hard/jev_runs/p0-astra-all-maps-20260922-001/3st_vs_5zl/jev,jev_gpt6,406.00000000267755,1
smac-hard/jev_runs/p0-astra-all-maps-20260922-001/3st_vs_5zl/jev,jev_gpt6,406.00000000267755,1
smac-hard/jev_runs/p0-astra-all-maps-20260922-001/3st_vs_5zl/jev,jev_gpt6,437.9999999946449,1
smac-hard/jev_runs/p0-astra-all-maps-20260922-001/3st_vs_5zl/jev,jev_gpt6,406.00000000267755,1
smac-hard/jev_runs/p0-astra-all-maps-20260922-001/3st_vs_5zl/jev,jev_gpt6,421.99999999138527,1
smac-hard/jev_runs/p0-astra-all-maps-20260922-001/3st_vs_5zl/jev,jev_gpt6,437.0000000053551,1
smac-hard/jev_runs/p0-astra-all-maps-20260922-001/3st_vs_5zl/jev,jev_gpt6,437.9999999946449,1
smac-hard/jev_runs/p0-astra-all-maps-20260922-001/3st_vs_5zl/jev,jev_gpt6,500.0,1
smac-hard/jev_runs/p0-astra-all-maps-20260922-001/3st_vs_5zl/jev,jev_gpt6,452.9999999940628,1
smac-hard/jev_runs/p0-astra-all-maps-20260922-001/3st_vs_5zl/jev,jev_gpt6,452.9999999940628,1
smac-hard/jev_runs/p0-astra-all-maps-20260922-001/3st_vs_5zl/jev,jev_gpt6,468.00000000803266,1
smac-hard/jev_runs/p0-astra-all-maps-20260922-001/3st_vs_5zl/jev,jev_gpt6,453.9999999979045,1
smac-hard/jev_runs/p0-astra-all-maps-20260922-001/3st_vs_5zl/jev,jev_gpt6,422.0000000059372,1
smac-hard/jev_runs/p0-astra-all-maps-20260922-001/3st_vs_5zl/jev,jev_gpt6,453.00000000861473,1
smac-hard/jev_runs/p0-astra-all-maps-20260922-001/3st_vs_5zl/jev,jev_gpt6,436.9999999908032,1
smac-hard/jev_runs/p0-astra-all-maps-20260922-001/3st_vs_5zl/jev,jev_gpt6,406.00000000267755,1
smac-hard/jev_runs/p0-astra-all-maps-20260922-001/3st_vs_5zl/jev,jev_gpt6,406.00000000267755,1
smac-hard/jev_runs/p0-astra-all-maps-20260922-001/3st_vs_5zl/jev,jev_gpt6,405.99999998812564,1
smac-hard/jev_runs/p0-astra-all-maps-20260922-001/3st_vs_5zl/jev,jev_gpt6,406.00000000267755,1
smac-hard/jev_runs/p0-astra-all-maps-20260922-001/3st_vs_5zl/jev,jev_gpt6,406.00000000267755,1
smac-hard/jev_runs/p0-astra-all-maps-20260922-001/3st_vs_5zl/jev,jev_gpt6,468.99999999732245,1
smac-hard/jev_runs/p0-astra-all-maps-20260922-001/3st_vs_5zl/jev,jev_gpt6,421.99999999138527,1
smac-hard/jev_runs/p0-astra-all-maps-20260922-001/3st_vs_5zl/jev,jev_gpt6,389.9999999994179,1
smac-hard/jev_runs/p0-astra-all-maps-20260922-001/3st_vs_5zl/jev,jev_gpt6,391.00000000325963,1
smac-hard/jev_runs/p0-astra-all-maps-20260922-001/3st_vs_5zl/jev,jev_gpt6,406.00000000267755,1
smac-hard/jev_runs/p0-astra-all-maps-20260922-001/3st_vs_5zl/jev,jev_gpt6,421.99999999138527,1
smac-hard/jev_runs/p0-astra-all-maps-20260922-001/3st_vs_5zl/jev,jev_gpt6,421.0000000020955,1
smac-hard/jev_runs/p0-astra-all-maps-20260922-001/3st_vs_5zl/jev,jev_gpt6,453.9999999979045,1
smac-hard/jev_runs/p0-astra-all-maps-20260922-001/3st_vs_5zl/jev,jev_gpt6,406.00000000267755,1
smac-hard/jev_runs/p0-astra-all-maps-20260922-001/3st_vs_5zl/jev,jev_gpt6,390.9999999887077,1
smac-hard/jev_runs/p0-astra-all-maps-20260922-001/3st_vs_5zl/jev,jev_gpt6,483.99999999674037,1
smac-hard/jev_runs/p0-astra-all-maps-20260922-001/3st_vs_5zl/jev,jev_gpt6,421.0000000020955,1
smac-hard/jev_runs/p0-astra-all-maps-20260922-001/3st_vs_5zl/jev,jev_gpt6,422.0000000059372,1
smac-hard/jev_runs/p0-astra-all-maps-20260922-001/3st_vs_5zl/jev,jev_gpt6,452.9999999940628,1
smac-hard/jev_runs/p0-astra-all-maps-20260922-001/3st_vs_5zl/jev,jev_gpt6,469.00000001187436,1
smac-hard/jev_runs/p0-astra-all-maps-20260922-001/3st_vs_5zl/jev,jev_gpt6,437.9999999946449,1
smac-hard/jev_runs/p0-astra-all-maps-20260922-001/3st_vs_5zl/jev,jev_gpt6,468.99999999732245,1
smac-hard/jev_runs/p0-astra-all-maps-20260922-001/3st_vs_5zl/jev,jev_gpt6,421.0000000020955,1
smac-hard/jev_runs/p0-astra-all-maps-20260922-001/3st_vs_5zl/jev,jev_gpt6,437.9999999946449,1
smac-hard/jev_runs/p0-astra-all-maps-20260922-001/3st_vs_5zl/jev,jev_gpt6,422.0000000059372,1
smac-hard/jev_runs/p0-astra-all-maps-20260922-001/3st_vs_5zl/jev,jev_gpt6,437.0000000053551,1
smac-hard/jev_runs/p0-astra-all-maps-20260922-001/3st_vs_5zl/jev,jev_gpt6,436.9999999908032,1
smac-hard/jev_runs/p0-astra-all-maps-20260922-001/3st_vs_5zl/jev,jev_gpt6,437.0000000053551,1
smac-hard/jev_runs/p0-astra-all-maps-20260922-001/3st_vs_5zl/jev,jev_gpt6,437.9999999946449,1
smac-hard/jev_runs/p0-astra-all-maps-20260922-001/3st_vs_5zl/jev,jev_gpt6,422.0000000059372,1
smac-hard/jev_runs/p0-astra-all-maps-20260922-001/3st_vs_5zl/jev,jev_gpt6,452.9999999940628,1
smac-hard/jev_runs/p0-astra-all-maps-20260922-001/3st_vs_5zl/jev,jev_gpt6,421.99999999138527,1
smac-hard/jev_runs/p0-astra-all-maps-20260922-001/3st_vs_5zl/jev,jev_gpt6,469.00000001187436,1
smac-hard/jev_runs/p0-astra-all-maps-20260922-001/3st_vs_5zl/jev,jev_gpt6,422.0000000059372,1
smac-hard/jev_runs/p0-astra-all-maps-20260922-001/3st_vs_5zl/jev,jev_gpt6,452.9999999940628,1
smac-hard/jev_runs/p0-astra-all-maps-20260922-001/3st_vs_5zl/jev,jev_gpt6,453.00000000861473,1
smac-hard/jev_runs/p0-astra-all-maps-20260922-001/3st_vs_5zl/jev,jev_gpt6,452.9999999940628,1
smac-hard/jev_runs/p0-astra-all-maps-20260922-001/3st_vs_5zl/jev,jev_gpt6,468.99999999732245,1
smac-hard/jev_runs/p0-astra-all-maps-20260922-001/3st_vs_5zl/jev,jev_gpt6,437.9999999946449,1
smac-hard/jev_runs/p0-astra-all-maps-20260922-001/3st_vs_5zl/jev,jev_gpt6,438.0000000091968,1
smac-hard/jev_runs/p0-astra-all-maps-20260922-001/3st_vs_5zl/jev,jev_gpt6,406.99999999196734,1
smac-hard/jev_runs/p0-astra-all-maps-20260922-001/3st_vs_5zl/jev,jev_gpt6,422.0000000059372,1
smac-hard/jev_runs/p0-astra-all-maps-20260922-001/3st_vs_5zl/jev,jev_gpt6,452.9999999940628,1
smac-hard/jev_runs/p0-astra-all-maps-20260922-001/3st_vs_5zl/jev,jev_gpt6,406.00000000267755,1
smac-hard/jev_runs/p0-astra-all-maps-20260922-001/3st_vs_5zl/jev,jev_gpt6,546.9999999913853,1
smac-hard/jev_runs/p0-astra-all-maps-20260922-001/3st_vs_5zl/jev,jev_gpt6,407.00000000651926,1
smac-hard/jev_runs/p0-astra-all-maps-20260922-001/3st_vs_5zl/jev,jev_gpt6,358.99999999674037,1
smac-hard/jev_runs/p0-astra-all-maps-20260922-001/3st_vs_5zl/jev,jev_gpt6,406.00000000267755,1
smac-hard/jev_runs/p0-astra-all-maps-20260922-001/3st_vs_5zl/jev,jev_gpt6,389.9999999994179,1
smac-hard/jev_runs/p0-astra-all-maps-20260922-001/3st_vs_5zl/jev,jev_gpt6,437.9999999946449,1
smac-hard/jev_runs/p0-astra-all-maps-20260922-001/3st_vs_5zl/jev,jev_gpt6,389.9999999994179,1
smac-hard/jev_runs/p0-astra-all-maps-20260922-001/3st_vs_5zl/jev,jev_gpt6,406.00000000267755,1
smac-hard/jev_runs/all-maps-20260921-001/6m_vs_10m/jev,jev_only,1093.9999999973224,1
smac-hard/jev_runs/all-maps-20260921-001/6m_vs_10m/jev,jev_only,500.0,1
smac-hard/jev_runs/all-maps-20260921-001/6m_vs_10m/jev,jev_only,421.9999999986612,1
smac-hard/jev_runs/all-maps-20260921-001/6m_vs_10m/jev,jev_only,500.0,1
smac-hard/jev_runs/all-maps-20260921-001/6m_vs_10m/jev,jev_only,436.99999999807915,1
smac-hard/jev_runs/all-maps-20260921-001/6m_vs_10m/jev,jev_only,436.99999999807915,1
smac-hard/jev_runs/all-maps-20260921-001/6m_vs_10m/jev,jev_only,405.9999999954016,1
smac-hard/jev_runs/all-maps-20260921-001/6m_vs_10m/jev,jev_only,483.99999999674037,1
smac-hard/jev_runs/all-maps-20260921-001/6m_vs_10m/jev,jev_only,406.00000000267755,1
smac-hard/jev_runs/all-maps-20260921-001/6m_vs_10m/jev,jev_only,422.0000000059372,1
smac-hard/jev_runs/all-maps-20260921-001/6m_vs_10m/jev,jev_only,546.9999999986612,1
smac-hard/jev_runs/all-maps-20260921-001/6m_vs_10m/jev,jev_only,483.99999999674037,1
smac-hard/jev_runs/all-maps-20260921-001/6m_vs_10m/jev,jev_only,483.99999999674037,1
smac-hard/jev_runs/all-maps-20260921-001/6m_vs_10m/jev,jev_only,483.99999999674037,1
smac-hard/jev_runs/all-maps-20260921-001/6m_vs_10m/jev,jev_only,608.9999999967404,1
smac-hard/jev_runs/all-maps-20260921-001/6m_vs_10m/jev,jev_only,483.99999999674037,1
smac-hard/jev_runs/all-maps-20260921-001/6m_vs_10m/jev,jev_only,406.00000000267755,1
smac-hard/jev_runs/all-maps-20260921-001/6m_vs_10m/jev,jev_only,437.9999999946449,1
smac-hard/jev_runs/all-maps-20260921-001/6m_vs_10m/jev,jev_only,343.0000000007567,1
smac-hard/jev_runs/all-maps-20260921-001/6m_vs_10m/jev,jev_only,639.9999999994179,1
smac-hard/jev_runs/all-maps-20260921-001/6m_vs_10m/jev,jev_only,484.00000000401633,1
smac-hard/jev_runs/all-maps-20260921-001/6m_vs_10m/jev,jev_only,438.00000000192085,1
smac-hard/jev_runs/all-maps-20260921-001/6m_vs_10m/jev,jev_only,421.9999999986612,1
smac-hard/jev_runs/all-maps-20260921-001/6m_vs_10m/jev,jev_only,405.9999999954016,1
smac-hard/jev_runs/all-maps-20260921-001/6m_vs_10m/jev,jev_only,593.0000000007567,1
smac-hard/jev_runs/all-maps-20260921-001/6m_vs_10m/jev,jev_only,656.0000000026776,1
smac-hard/jev_runs/all-maps-20260921-001/6m_vs_10m/jev,jev_only,639.9999999994179,1
smac-hard/jev_runs/all-maps-20260921-001/6m_vs_10m/jev,jev_only,500.0,1
smac-hard/jev_runs/all-maps-20260921-001/6m_vs_10m/jev,jev_only,436.99999999807915,1
smac-hard/jev_runs/all-maps-20260921-001/6m_vs_10m/jev,jev_only,468.99999999732245,1
smac-hard/jev_runs/all-maps-20260921-001/6m_vs_10m/jev,jev_only,500.0,1
smac-hard/jev_runs/all-maps-20260921-001/6m_vs_10m/jev,jev_only,468.99999999732245,1
smac-hard/jev_runs/all-maps-20260921-001/6m_vs_10m/jev,jev_only,578.0000000013388,1
smac-hard/jev_runs/all-maps-20260921-001/6m_vs_10m/jev,jev_only,516.0000000032596,1
smac-hard/jev_runs/all-maps-20260921-001/6m_vs_10m/jev,jev_only,438.00000000192085,1
smac-hard/jev_runs/all-maps-20260921-001/6m_vs_10m/jev,jev_only,500.0,1
smac-hard/jev_runs/all-maps-20260921-001/6m_vs_10m/jev,jev_only,422.0000000059372,1
smac-hard/jev_runs/all-maps-20260921-001/6m_vs_10m/jev,jev_only,515.9999999959837,1
smac-hard/jev_runs/all-maps-20260921-001/6m_vs_10m/jev,jev_only,358.99999999674037,1
smac-hard/jev_runs/all-maps-20260921-001/6m_vs_10m/jev,jev_only,453.0000000013388,1
smac-hard/jev_runs/all-maps-20260921-001/6m_vs_10m/jev,jev_only,406.00000000267755,1
smac-hard/jev_runs/all-maps-20260921-001/6m_vs_10m/jev,jev_only,469.0000000045984,1
smac-hard/jev_runs/all-maps-20260921-001/6m_vs_10m/jev,jev_only,405.9999999954016,1
smac-hard/jev_runs/all-maps-20260921-001/6m_vs_10m/jev,jev_only,625.0,1
smac-hard/jev_runs/all-maps-20260921-001/6m_vs_10m/jev,jev_only,485.0000000005821,1
smac-hard/jev_runs/all-maps-20260921-001/6m_vs_10m/jev,jev_only,438.00000000192085,1
smac-hard/jev_runs/all-maps-20260921-001/6m_vs_10m/jev,jev_only,531.9999999992433,1
smac-hard/jev_runs/all-maps-20260921-001/6m_vs_10m/jev,jev_only,468.99999999732245,1
smac-hard/jev_runs/all-maps-20260921-001/6m_vs_10m/jev,jev_only,625.0,1
smac-hard/jev_runs/all-maps-20260921-001/6m_vs_10m/jev,jev_only,656.0000000026776,1
smac-hard/jev_runs/all-maps-20260921-001/6m_vs_10m/jev,jev_only,469.0000000045984,1
smac-hard/jev_runs/all-maps-20260921-001/6m_vs_10m/jev,jev_only,453.9999999979045,1
smac-hard/jev_runs/all-maps-20260921-001/6m_vs_10m/jev,jev_only,500.0,1
smac-hard/jev_runs/all-maps-20260921-001/6m_vs_10m/jev,jev_only,468.99999999732245,1
smac-hard/jev_runs/all-maps-20260921-001/6m_vs_10m/jev,jev_only,483.99999999674037,1
smac-hard/jev_runs/all-maps-20260921-001/6m_vs_10m/jev,jev_only,453.0000000013388,1
smac-hard/jev_runs/all-maps-20260921-001/6m_vs_10m/jev,jev_only,390.99999999598367,1
smac-hard/jev_runs/all-maps-20260921-001/6m_vs_10m/jev,jev_only,406.00000000267755,1
smac-hard/jev_runs/all-maps-20260921-001/6m_vs_10m/jev,jev_only,406.9999999992433,1
smac-hard/jev_runs/p0-astra-all-maps-20260922-001/6m_vs_10m/jev,jev_gpt6,1312.000000005355,1
smac-hard/jev_runs/p0-astra-all-maps-20260922-001/6m_vs_10m/jev,jev_gpt6,827.9999999940628,1
smac-hard/jev_runs/p0-astra-all-maps-20260922-001/6m_vs_10m/jev,jev_gpt6,406.00000000267755,1
smac-hard/jev_runs/p0-astra-all-maps-20260922-001/6m_vs_10m/jev,jev_gpt6,468.00000000803266,1
smac-hard/jev_runs/p0-astra-all-maps-20260922-001/6m_vs_10m/jev,jev_gpt6,437.9999999946449,1
smac-hard/jev_runs/p0-astra-all-maps-20260922-001/6m_vs_10m/jev,jev_gpt6,485.0000000005821,1
smac-hard/jev_runs/p0-astra-all-maps-20260922-001/6m_vs_10m/jev,jev_gpt6,468.99999999732245,1
smac-hard/jev_runs/p0-astra-all-maps-20260922-001/6m_vs_10m/jev,jev_gpt6,421.0000000020955,1
smac-hard/jev_runs/p0-astra-all-maps-20260922-001/6m_vs_10m/jev,jev_gpt6,421.99999999138527,1
smac-hard/jev_runs/p0-astra-all-maps-20260922-001/6m_vs_10m/jev,jev_gpt6,500.0,1
smac-hard/jev_runs/p0-astra-all-maps-20260922-001/6m_vs_10m/jev,jev_gpt6,531.0000000026776,1
smac-hard/jev_runs/p0-astra-all-maps-20260922-001/6m_vs_10m/jev,jev_gpt6,530.9999999881256,1
smac-hard/jev_runs/p0-astra-all-maps-20260922-001/6m_vs_10m/jev,jev_gpt6,547.0000000059372,1
smac-hard/jev_runs/p0-astra-all-maps-20260922-001/6m_vs_10m/jev,jev_gpt6,453.9999999979045,1
smac-hard/jev_runs/p0-astra-all-maps-20260922-001/6m_vs_10m/jev,jev_gpt6,468.99999999732245,1
smac-hard/jev_runs/p0-astra-all-maps-20260922-001/6m_vs_10m/jev,jev_gpt6,422.0000000059372,1
smac-hard/jev_runs/p0-astra-all-maps-20260922-001/6m_vs_10m/jev,jev_gpt6,484.0000000112923,1
smac-hard/jev_runs/p0-astra-all-maps-20260922-001/6m_vs_10m/jev,jev_gpt6,500.0,1
smac-hard/jev_runs/p0-astra-all-maps-20260922-001/6m_vs_10m/jev,jev_gpt6,438.0000000091968,1
smac-hard/jev_runs/p0-astra-all-maps-20260922-001/6m_vs_10m/jev,jev_gpt6,437.9999999946449,1
smac-hard/jev_runs/p0-astra-all-maps-20260922-001/6m_vs_10m/jev,jev_gpt6,468.99999999732245,1
smac-hard/jev_runs/p0-astra-all-maps-20260922-001/6m_vs_10m/jev,jev_gpt6,500.0,1
smac-hard/jev_runs/p0-astra-all-maps-20260922-001/6m_vs_10m/jev,jev_gpt6,421.99999999138527,1
smac-hard/jev_runs/p0-astra-all-maps-20260922-001/6m_vs_10m/jev,jev_gpt6,422.0000000059372,1
smac-hard/jev_runs/p0-astra-all-maps-20260922-001/6m_vs_10m/jev,jev_gpt6,437.9999999946449,1
smac-hard/jev_runs/p0-astra-all-maps-20260922-001/6m_vs_10m/jev,jev_gpt6,421.0000000020955,1
smac-hard/jev_runs/p0-astra-all-maps-20260922-001/6m_vs_10m/jev,jev_gpt6,452.9999999940628,1
smac-hard/jev_runs/p0-astra-all-maps-20260922-001/6m_vs_10m/jev,jev_gpt6,406.00000000267755,1
smac-hard/jev_runs/p0-astra-all-maps-20260922-001/6m_vs_10m/jev,jev_gpt6,437.0000000053551,1
smac-hard/jev_runs/p0-astra-all-maps-20260922-001/6m_vs_10m/jev,jev_gpt6,406.00000000267755,1
smac-hard/jev_runs/p0-astra-all-maps-20260922-001/6m_vs_10m/jev,jev_gpt6,437.0000000053551,1
smac-hard/jev_runs/p0-astra-all-maps-20260922-001/6m_vs_10m/jev,jev_gpt6,422.0000000059372,1
smac-hard/jev_runs/p0-astra-all-maps-20260922-001/6m_vs_10m/jev,jev_gpt6,421.0000000020955,1
smac-hard/jev_runs/p0-astra-all-maps-20260922-001/6m_vs_10m/jev,jev_gpt6,421.99999999138527,1
smac-hard/jev_runs/p0-astra-all-maps-20260922-001/6m_vs_10m/jev,jev_gpt6,422.0000000059372,1
smac-hard/jev_runs/p0-astra-all-maps-20260922-001/6m_vs_10m/jev,jev_gpt6,421.99999999138527,1
smac-hard/jev_runs/p0-astra-all-maps-20260922-001/6m_vs_10m/jev,jev_gpt6,391.00000000325963,1
smac-hard/jev_runs/p0-astra-all-maps-20260922-001/6m_vs_10m/jev,jev_gpt6,422.0000000059372,1
smac-hard/jev_runs/p0-astra-all-maps-20260922-001/6m_vs_10m/jev,jev_gpt6,500.0,1
smac-hard/jev_runs/p0-astra-all-maps-20260922-001/6m_vs_10m/jev,jev_gpt6,438.0000000091968,1
smac-hard/jev_runs/p0-astra-all-maps-20260922-001/6m_vs_10m/jev,jev_gpt6,437.9999999946449,1
smac-hard/jev_runs/p0-astra-all-maps-20260922-001/6m_vs_10m/jev,jev_gpt6,437.0000000053551,1
smac-hard/jev_runs/p0-astra-all-maps-20260922-001/6m_vs_10m/jev,jev_gpt6,500.0,1
smac-hard/jev_runs/p0-astra-all-maps-20260922-001/6m_vs_10m/jev,jev_gpt6,516.0000000032596,1
smac-hard/jev_runs/p0-astra-all-maps-20260922-001/6m_vs_10m/jev,jev_gpt6,452.9999999940628,1
smac-hard/jev_runs/p0-astra-all-maps-20260922-001/6m_vs_10m/jev,jev_gpt6,438.0000000091968,1
smac-hard/jev_runs/p0-astra-all-maps-20260922-001/6m_vs_10m/jev,jev_gpt6,453.9999999979045,1
smac-hard/jev_runs/p0-astra-all-maps-20260922-001/6m_vs_10m/jev,jev_gpt6,500.0,1
smac-hard/jev_runs/p0-astra-all-maps-20260922-001/6m_vs_10m/jev,jev_gpt6,468.99999999732245,1
smac-hard/jev_runs/p0-astra-all-maps-20260922-001/6m_vs_10m/jev,jev_gpt6,500.0,1
smac-hard/jev_runs/p0-astra-all-maps-20260922-001/6m_vs_10m/jev,jev_gpt6,452.9999999940628,1
smac-hard/jev_runs/p0-astra-all-maps-20260922-001/6m_vs_10m/jev,jev_gpt6,514.9999999994179,1
smac-hard/jev_runs/p0-astra-all-maps-20260922-001/6m_vs_10m/jev,jev_gpt6,485.0000000005821,1
smac-hard/jev_runs/p0-astra-all-maps-20260922-001/6m_vs_10m/jev,jev_gpt6,500.0,1
smac-hard/jev_runs/p0-astra-all-maps-20260922-001/6m_vs_10m/jev,jev_gpt6,514.9999999994179,1
smac-hard/jev_runs/p0-astra-all-maps-20260922-001/6m_vs_10m/jev,jev_gpt6,483.99999999674037,1
smac-hard/jev_runs/p0-astra-all-maps-20260922-001/6m_vs_10m/jev,jev_gpt6,390.9999999887077,1
smac-hard/jev_runs/p0-astra-all-maps-20260922-001/6m_vs_10m/jev,jev_gpt6,375.0,1
smac-hard/jev_runs/p0-astra-all-maps-20260922-001/6m_vs_10m/jev,jev_gpt6,375.0,1
smac-hard/jev_runs/p0-astra-all-maps-20260922-001/6m_vs_10m/jev,jev_gpt6,437.9999999946449,1
smac-hard/jev_runs/p0-astra-all-maps-20260922-001/6m_vs_10m/jev,jev_gpt6,437.0000000053551,1
smac-hard/jev_runs/p0-astra-all-maps-20260922-001/6m_vs_10m/jev,jev_gpt6,437.9999999946449,1
smac-hard/jev_runs/p0-astra-all-maps-20260922-001/6m_vs_10m/jev,jev_gpt6,421.0000000020955,1
smac-hard/jev_runs/p0-astra-all-maps-20260922-001/6m_vs_10m/jev,jev_gpt6,390.9999999887077,1
smac-hard/jev_runs/p0-astra-all-maps-20260922-001/6m_vs_10m/jev,jev_gpt6,406.00000000267755,1
smac-hard/jev_runs/p0-astra-all-maps-20260922-001/6m_vs_10m/jev,jev_gpt6,421.99999999138527,1
smac-hard/jev_runs/p0-astra-all-maps-20260922-001/6m_vs_10m/jev,jev_gpt6,407.00000000651926,1
smac-hard/jev_runs/p0-astra-all-maps-20260922-001/6m_vs_10m/jev,jev_gpt6,421.0000000020955,1
smac-hard/jev_runs/p0-astra-all-maps-20260922-001/6m_vs_10m/jev,jev_gpt6,405.99999998812564,1
smac-hard/jev_runs/p0-astra-all-maps-20260922-001/6m_vs_10m/jev,jev_gpt6,483.99999999674037,1
smac-hard/jev_runs/p0-astra-all-maps-20260922-001/6m_vs_10m/jev,jev_gpt6,468.99999999732245,1
smac-hard/jev_runs/p0-astra-all-maps-20260922-001/6m_vs_10m/jev,jev_gpt6,516.0000000032596,1
smac-hard/jev_runs/p0-astra-all-maps-20260922-001/6m_vs_10m/jev,jev_gpt6,406.00000000267755,1
smac-hard/jev_runs/p0-astra-all-maps-20260922-001/6m_vs_10m/jev,jev_gpt6,437.9999999946449,1
smac-hard/jev_runs/p0-astra-all-maps-20260922-001/6m_vs_10m/jev,jev_gpt6,516.0000000032596,1
smac-hard/jev_runs/p0-astra-all-maps-20260922-001/6m_vs_10m/jev,jev_gpt6,453.9999999979045,1
smac-hard/jev_runs/p0-astra-all-maps-20260922-001/6m_vs_10m/jev,jev_gpt6,452.9999999940628,1
smac-hard/jev_runs/p0-astra-all-maps-20260922-001/6m_vs_10m/jev,jev_gpt6,437.0000000053551,1
smac-hard/jev_runs/p0-astra-all-maps-20260922-001/6m_vs_10m/jev,jev_gpt6,453.9999999979045,1
smac-hard/jev_runs/p0-astra-all-maps-20260922-001/6m_vs_10m/jev,jev_gpt6,422.0000000059372,1
smac-hard/jev_runs/p0-astra-all-maps-20260922-001/6m_vs_10m/jev,jev_gpt6,437.0000000053551,1
smac-hard/jev_runs/p0-astra-all-maps-20260922-001/6m_vs_10m/jev,jev_gpt6,452.9999999940628,1
smac-hard/jev_runs/p0-astra-all-maps-20260922-001/6m_vs_10m/jev,jev_gpt6,452.9999999940628,1
smac-hard/jev_runs/p0-astra-all-maps-20260922-001/6m_vs_10m/jev,jev_gpt6,468.00000000803266,1
smac-hard/jev_runs/p0-astra-all-maps-20260922-001/6m_vs_10m/jev,jev_gpt6,608.9999999967404,1
smac-hard/jev_runs/p0-astra-all-maps-20260922-001/6m_vs_10m/jev,jev_gpt6,421.99999999138527,1
smac-hard/jev_runs/all-maps-20260921-001/mmmt_vs_zspi/jev,jev_only,1218.9999999973224,1
smac-hard/jev_runs/all-maps-20260921-001/mmmt_vs_zspi/jev,jev_only,578.0000000013388,1
smac-hard/jev_runs/all-maps-20260921-001/mmmt_vs_zspi/jev,jev_only,562.9999999946449,1
smac-hard/jev_runs/all-maps-20260921-001/mmmt_vs_zspi/jev,jev_only,828.0000000013388,1
smac-hard/jev_runs/all-maps-20260921-001/mmmt_vs_zspi/jev,jev_only,547.0000000059372,1
smac-hard/jev_runs/all-maps-20260921-001/mmmt_vs_zspi/jev,jev_only,546.9999999986612,1
smac-hard/jev_runs/all-maps-20260921-001/mmmt_vs_zspi/jev,jev_only,546.0000000020955,1
smac-hard/jev_runs/all-maps-20260921-001/mmmt_vs_zspi/jev,jev_only,1296.9999999986612,2
smac-hard/jev_runs/all-maps-20260921-001/mmmt_vs_zspi/jev,jev_only,1281.0000000026776,4
smac-hard/jev_runs/all-maps-20260921-001/mmmt_vs_zspi/jev,jev_only,578.0000000013388,4
smac-hard/jev_runs/all-maps-20260921-001/mmmt_vs_zspi/jev,jev_only,718.0000000007567,4
smac-hard/jev_runs/all-maps-20260921-001/mmmt_vs_zspi/jev,jev_only,531.0000000026776,4
smac-hard/jev_runs/all-maps-20260921-001/mmmt_vs_zspi/jev,jev_only,735.0000000005821,4
smac-hard/jev_runs/all-maps-20260921-001/mmmt_vs_zspi/jev,jev_only,764.9999999994179,4
smac-hard/jev_runs/all-maps-20260921-001/mmmt_vs_zspi/jev,jev_only,781.0000000026776,4
smac-hard/jev_runs/all-maps-20260921-001/mmmt_vs_zspi/jev,jev_only,968.9999999973224,4
smac-hard/jev_runs/all-maps-20260921-001/mmmt_vs_zspi/jev,jev_only,593.9999999973224,4
smac-hard/jev_runs/all-maps-20260921-001/mmmt_vs_zspi/jev,jev_only,531.9999999992433,4
smac-hard/jev_runs/all-maps-20260921-001/mmmt_vs_zspi/jev,jev_only,936.9999999980791,4
smac-hard/jev_runs/all-maps-20260921-001/mmmt_vs_zspi/jev,jev_only,563.0000000019209,4
smac-hard/jev_runs/all-maps-20260921-001/mmmt_vs_zspi/jev,jev_only,546.9999999986612,4
smac-hard/jev_runs/all-maps-20260921-001/mmmt_vs_zspi/jev,jev_only,546.9999999986612,4
smac-hard/jev_runs/all-maps-20260921-001/mmmt_vs_zspi/jev,jev_only,546.9999999986612,3
smac-hard/jev_runs/all-maps-20260921-001/mmmt_vs_zspi/jev,jev_only,610.0000000005821,3
smac-hard/jev_runs/all-maps-20260921-001/mmmt_vs_zspi/jev,jev_only,1110.000000000582,3
smac-hard/jev_runs/all-maps-20260921-001/mmmt_vs_zspi/jev,jev_only,593.9999999973224,3
smac-hard/jev_runs/all-maps-20260921-001/mmmt_vs_zspi/jev,jev_only,968.9999999973224,3
smac-hard/jev_runs/all-maps-20260921-001/mmmt_vs_zspi/jev,jev_only,546.9999999986612,3
smac-hard/jev_runs/all-maps-20260921-001/mmmt_vs_zspi/jev,jev_only,686.9999999980791,3
smac-hard/jev_runs/all-maps-20260921-001/mmmt_vs_zspi/jev,jev_only,515.9999999959837,2
smac-hard/jev_runs/all-maps-20260921-001/mmmt_vs_zspi/jev,jev_only,563.0000000019209,2
smac-hard/jev_runs/all-maps-20260921-001/mmmt_vs_zspi/jev,jev_only,500.0,2
smac-hard/jev_runs/all-maps-20260921-001/mmmt_vs_zspi/jev,jev_only,546.0000000020955,2
smac-hard/jev_runs/all-maps-20260921-001/mmmt_vs_zspi/jev,jev_only,530.9999999954016,2
smac-hard/jev_runs/all-maps-20260921-001/mmmt_vs_zspi/jev,jev_only,625.0,2
smac-hard/jev_runs/all-maps-20260921-001/mmmt_vs_zspi/jev,jev_only,514.9999999994179,2
smac-hard/jev_runs/all-maps-20260921-001/mmmt_vs_zspi/jev,jev_only,578.0000000013388,1
smac-hard/jev_runs/all-maps-20260921-001/mmmt_vs_zspi/jev,jev_only,546.9999999986612,1
smac-hard/jev_runs/all-maps-20260921-001/mmmt_vs_zspi/jev,jev_only,563.0000000019209,1
smac-hard/jev_runs/all-maps-20260921-001/mmmt_vs_zspi/jev,jev_only,453.0000000013388,1
smac-hard/jev_runs/all-maps-20260921-001/mmmt_vs_zspi/jev,jev_only,453.9999999979045,1
smac-hard/jev_runs/all-maps-20260921-001/mmmt_vs_zspi/jev,jev_only,594.0000000045984,1
smac-hard/jev_runs/all-maps-20260921-001/mmmt_vs_zspi/jev,jev_only,906.9999999992433,1
smac-hard/jev_runs/all-maps-20260921-001/mmmt_vs_zspi/jev,jev_only,514.9999999994179,1
smac-hard/jev_runs/all-maps-20260921-001/mmmt_vs_zspi/jev,jev_only,561.9999999980791,1
smac-hard/jev_runs/all-maps-20260921-001/mmmt_vs_zspi/jev,jev_only,546.9999999986612,1
smac-hard/jev_runs/all-maps-20260921-001/mmmt_vs_zspi/jev,jev_only,515.9999999959837,1
smac-hard/jev_runs/all-maps-20260921-001/mmmt_vs_zspi/jev,jev_only,625.0,1
smac-hard/jev_runs/all-maps-20260921-001/mmmt_vs_zspi/jev,jev_only,1203.9999999979045,2
smac-hard/jev_runs/all-maps-20260921-001/mmmt_vs_zspi/jev,jev_only,1375.0,4
smac-hard/jev_runs/all-maps-20260921-001/mmmt_vs_zspi/jev,jev_only,858.9999999967404,4
smac-hard/jev_runs/all-maps-20260921-001/mmmt_vs_zspi/jev,jev_only,766.0000000032596,4
smac-hard/jev_runs/all-maps-20260921-001/mmmt_vs_zspi/jev,jev_only,593.9999999973224,4
smac-hard/jev_runs/all-maps-20260921-001/mmmt_vs_zspi/jev,jev_only,875.0,4
smac-hard/jev_runs/all-maps-20260921-001/mmmt_vs_zspi/jev,jev_only,797.0000000059372,4
smac-hard/jev_runs/all-maps-20260921-001/mmmt_vs_zspi/jev,jev_only,796.9999999986612,4
smac-hard/jev_runs/all-maps-20260921-001/mmmt_vs_zspi/jev,jev_only,780.9999999954016,4
smac-hard/jev_runs/all-maps-20260921-001/mmmt_vs_zspi/jev,jev_only,812.0000000053551,4
smac-hard/jev_runs/all-maps-20260921-001/mmmt_vs_zspi/jev,jev_only,843.0000000007567,4
smac-hard/jev_runs/all-maps-20260921-001/mmmt_vs_zspi/jev,jev_only,860.0000000005821,4
smac-hard/jev_runs/all-maps-20260921-001/mmmt_vs_zspi/jev,jev_only,781.0000000026776,4
smac-hard/jev_runs/all-maps-20260921-001/mmmt_vs_zspi/jev,jev_only,953.0000000013388,4
smac-hard/jev_runs/all-maps-20260921-001/mmmt_vs_zspi/jev,jev_only,609.0000000040163,3
smac-hard/jev_runs/all-maps-20260921-001/mmmt_vs_zspi/jev,jev_only,686.9999999980791,3
smac-hard/jev_runs/all-maps-20260921-001/mmmt_vs_zspi/jev,jev_only,562.9999999946449,3
smac-hard/jev_runs/all-maps-20260921-001/mmmt_vs_zspi/jev,jev_only,641.0000000032596,3
smac-hard/jev_runs/all-maps-20260921-001/mmmt_vs_zspi/jev,jev_only,530.9999999954016,3
smac-hard/jev_runs/all-maps-20260921-001/mmmt_vs_zspi/jev,jev_only,578.0000000013388,3
smac-hard/jev_runs/all-maps-20260921-001/mmmt_vs_zspi/jev,jev_only,13764.999999999418,2
smac-hard/jev_runs/all-maps-20260921-001/mmmt_vs_zspi/jev,jev_only,687.9999999946449,2
smac-hard/jev_runs/all-maps-20260921-001/mmmt_vs_zspi/jev,jev_only,766.0000000032596,2
smac-hard/jev_runs/all-maps-20260921-001/mmmt_vs_zspi/jev,jev_only,500.0,2
smac-hard/jev_runs/all-maps-20260921-001/mmmt_vs_zspi/jev,jev_only,438.00000000192085,2
smac-hard/jev_runs/all-maps-20260921-001/mmmt_vs_zspi/jev,jev_only,531.0000000026776,2
smac-hard/jev_runs/all-maps-20260921-001/mmmt_vs_zspi/jev,jev_only,453.0000000013388,2
smac-hard/jev_runs/all-maps-20260921-001/mmmt_vs_zspi/jev,jev_only,437.0000000053551,2
smac-hard/jev_runs/all-maps-20260921-001/mmmt_vs_zspi/jev,jev_only,530.9999999954016,2
smac-hard/jev_runs/all-maps-20260921-001/mmmt_vs_zspi/jev,jev_only,593.9999999973224,1
smac-hard/jev_runs/all-maps-20260921-001/mmmt_vs_zspi/jev,jev_only,578.0000000013388,1
smac-hard/jev_runs/all-maps-20260921-001/mmmt_vs_zspi/jev,jev_only,453.0000000013388,1
smac-hard/jev_runs/all-maps-20260921-001/mmmt_vs_zspi/jev,jev_only,422.0000000059372,1
smac-hard/jev_runs/all-maps-20260921-001/mmmt_vs_zspi/jev,jev_only,562.9999999946449,1
smac-hard/jev_runs/all-maps-20260921-001/mmmt_vs_zspi/jev,jev_only,485.0000000005821,1
smac-hard/jev_runs/all-maps-20260921-001/mmmt_vs_zspi/jev,jev_only,546.9999999986612,1
smac-hard/jev_runs/all-maps-20260921-001/mmmt_vs_zspi/jev,jev_only,483.99999999674037,1
smac-hard/jev_runs/all-maps-20260921-001/mmmt_vs_zspi/jev,jev_only,453.0000000013388,1
smac-hard/jev_runs/all-maps-20260921-001/mmmt_vs_zspi/jev,jev_only,561.9999999980791,1
smac-hard/jev_runs/all-maps-20260921-001/mmmt_vs_zspi/jev,jev_only,500.0,1
smac-hard/jev_runs/all-maps-20260921-001/mmmt_vs_zspi/jev,jev_only,453.0000000013388,1
smac-hard/jev_runs/all-maps-20260921-001/mmmt_vs_zspi/jev,jev_only,860.0000000005821,2
smac-hard/jev_runs/all-maps-20260921-001/mmmt_vs_zspi/jev,jev_only,1000.0,4
smac-hard/jev_runs/all-maps-20260921-001/mmmt_vs_zspi/jev,jev_only,500.0,4
smac-hard/jev_runs/all-maps-20260921-001/mmmt_vs_zspi/jev,jev_only,671.9999999986612,4
smac-hard/jev_runs/all-maps-20260921-001/mmmt_vs_zspi/jev,jev_only,453.0000000013388,4
smac-hard/jev_runs/all-maps-20260921-001/mmmt_vs_zspi/jev,jev_only,531.0000000026776,4
smac-hard/jev_runs/all-maps-20260921-001/mmmt_vs_zspi/jev,jev_only,655.9999999954016,4
smac-hard/jev_runs/all-maps-20260921-001/mmmt_vs_zspi/jev,jev_only,469.0000000045984,4
smac-hard/jev_runs/all-maps-20260921-001/mmmt_vs_zspi/jev,jev_only,483.99999999674037,4
smac-hard/jev_runs/all-maps-20260921-001/mmmt_vs_zspi/jev,jev_only,578.0000000013388,4
smac-hard/jev_runs/all-maps-20260921-001/mmmt_vs_zspi/jev,jev_only,468.99999999732245,4
smac-hard/jev_runs/all-maps-20260921-001/mmmt_vs_zspi/jev,jev_only,500.0,4
smac-hard/jev_runs/all-maps-20260921-001/mmmt_vs_zspi/jev,jev_only,500.0,4
smac-hard/jev_runs/all-maps-20260921-001/mmmt_vs_zspi/jev,jev_only,516.0000000032596,4
smac-hard/jev_runs/all-maps-20260921-001/mmmt_vs_zspi/jev,jev_only,608.9999999967404,3
smac-hard/jev_runs/all-maps-20260921-001/mmmt_vs_zspi/jev,jev_only,531.9999999992433,3
smac-hard/jev_runs/all-maps-20260921-001/mmmt_vs_zspi/jev,jev_only,609.0000000040163,3
smac-hard/jev_runs/all-maps-20260921-001/mmmt_vs_zspi/jev,jev_only,546.0000000020955,3
smac-hard/jev_runs/all-maps-20260921-001/mmmt_vs_zspi/jev,jev_only,655.9999999954016,3
smac-hard/jev_runs/all-maps-20260921-001/mmmt_vs_zspi/jev,jev_only,563.0000000019209,3
smac-hard/jev_runs/all-maps-20260921-001/mmmt_vs_zspi/jev,jev_only,562.0000000053551,3
smac-hard/jev_runs/all-maps-20260921-001/mmmt_vs_zspi/jev,jev_only,514.9999999994179,2
smac-hard/jev_runs/all-maps-20260921-001/mmmt_vs_zspi/jev,jev_only,671.0000000020955,2
smac-hard/jev_runs/all-maps-20260921-001/mmmt_vs_zspi/jev,jev_only,483.99999999674037,2
smac-hard/jev_runs/all-maps-20260921-001/mmmt_vs_zspi/jev,jev_only,530.9999999954016,2
smac-hard/jev_runs/all-maps-20260921-001/mmmt_vs_zspi/jev,jev_only,500.0,2
smac-hard/jev_runs/all-maps-20260921-001/mmmt_vs_zspi/jev,jev_only,437.9999999946449,1
smac-hard/jev_runs/all-maps-20260921-001/mmmt_vs_zspi/jev,jev_only,453.0000000013388,1
smac-hard/jev_runs/all-maps-20260921-001/mmmt_vs_zspi/jev,jev_only,469.0000000045984,1
smac-hard/jev_runs/all-maps-20260921-001/mmmt_vs_zspi/jev,jev_only,453.0000000013388,1
smac-hard/jev_runs/p0-astra-all-maps-20260922-001/mmmt_vs_zspi/jev,jev_gpt6,1516.0000000032596,2
smac-hard/jev_runs/p0-astra-all-maps-20260922-001/mmmt_vs_zspi/jev,jev_gpt6,531.0000000026776,2
smac-hard/jev_runs/p0-astra-all-maps-20260922-001/mmmt_vs_zspi/jev,jev_gpt6,578.0000000086147,2
smac-hard/jev_runs/p0-astra-all-maps-20260922-001/mmmt_vs_zspi/jev,jev_gpt6,672.0000000059372,2
smac-hard/jev_runs/p0-astra-all-maps-20260922-001/mmmt_vs_zspi/jev,jev_gpt6,641.0000000032596,2
smac-hard/jev_runs/p0-astra-all-maps-20260922-001/mmmt_vs_zspi/jev,jev_gpt6,532.0000000065193,2
smac-hard/jev_runs/p0-astra-all-maps-20260922-001/mmmt_vs_zspi/jev,jev_gpt6,531.0000000026776,2
smac-hard/jev_runs/p0-astra-all-maps-20260922-001/mmmt_vs_zspi/jev,jev_gpt6,547.0000000059372,2
smac-hard/jev_runs/p0-astra-all-maps-20260922-001/mmmt_vs_zspi/jev,jev_gpt6,2391.0000000032596,4
smac-hard/jev_runs/p0-astra-all-maps-20260922-001/mmmt_vs_zspi/jev,jev_gpt6,639.9999999994179,4
smac-hard/jev_runs/p0-astra-all-maps-20260922-001/mmmt_vs_zspi/jev,jev_gpt6,547.0000000059372,4
smac-hard/jev_runs/p0-astra-all-maps-20260922-001/mmmt_vs_zspi/jev,jev_gpt6,547.0000000059372,4
smac-hard/jev_runs/p0-astra-all-maps-20260922-001/mmmt_vs_zspi/jev,jev_gpt6,562.9999999946449,4
smac-hard/jev_runs/p0-astra-all-maps-20260922-001/mmmt_vs_zspi/jev,jev_gpt6,562.9999999946449,4
smac-hard/jev_runs/p0-astra-all-maps-20260922-001/mmmt_vs_zspi/jev,jev_gpt6,515.9999999887077,4
smac-hard/jev_runs/p0-astra-all-maps-20260922-001/mmmt_vs_zspi/jev,jev_gpt6,562.0000000053551,4
smac-hard/jev_runs/p0-astra-all-maps-20260922-001/mmmt_vs_zspi/jev,jev_gpt6,562.0000000053551,3
smac-hard/jev_runs/p0-astra-all-maps-20260922-001/mmmt_vs_zspi/jev,jev_gpt6,608.9999999967404,4
smac-hard/jev_runs/p0-astra-all-maps-20260922-001/mmmt_vs_zspi/jev,jev_gpt6,547.0000000059372,3
smac-hard/jev_runs/p0-astra-all-maps-20260922-001/mmmt_vs_zspi/jev,jev_gpt6,547.0000000059372,3
smac-hard/jev_runs/p0-astra-all-maps-20260922-001/mmmt_vs_zspi/jev,jev_gpt6,593.0000000080327,3
smac-hard/jev_runs/p0-astra-all-maps-20260922-001/mmmt_vs_zspi/jev,jev_gpt6,547.0000000059372,3
smac-hard/jev_runs/p0-astra-all-maps-20260922-001/mmmt_vs_zspi/jev,jev_gpt6,577.9999999940628,3
smac-hard/jev_runs/p0-astra-all-maps-20260922-001/mmmt_vs_zspi/jev,jev_gpt6,514.9999999994179,3
smac-hard/jev_runs/p0-astra-all-maps-20260922-001/mmmt_vs_zspi/jev,jev_gpt6,593.9999999973224,3
smac-hard/jev_runs/p0-astra-all-maps-20260922-001/mmmt_vs_zspi/jev,jev_gpt6,561.9999999908032,3
smac-hard/jev_runs/p0-astra-all-maps-20260922-001/mmmt_vs_zspi/jev,jev_gpt6,687.9999999946449,3
smac-hard/jev_runs/p0-astra-all-maps-20260922-001/mmmt_vs_zspi/jev,jev_gpt6,546.0000000020955,3
smac-hard/jev_runs/p0-astra-all-maps-20260922-001/mmmt_vs_zspi/jev,jev_gpt6,532.0000000065193,3
smac-hard/jev_runs/p0-astra-all-maps-20260922-001/mmmt_vs_zspi/jev,jev_gpt6,561.9999999908032,3
smac-hard/jev_runs/p0-astra-all-maps-20260922-001/mmmt_vs_zspi/jev,jev_gpt6,577.9999999940628,2
smac-hard/jev_runs/p0-astra-all-maps-20260922-001/mmmt_vs_zspi/jev,jev_gpt6,500.0,2
smac-hard/jev_runs/p0-astra-all-maps-20260922-001/mmmt_vs_zspi/jev,jev_gpt6,546.9999999913853,2
smac-hard/jev_runs/p0-astra-all-maps-20260922-001/mmmt_vs_zspi/jev,jev_gpt6,500.0,2
smac-hard/jev_runs/p0-astra-all-maps-20260922-001/mmmt_vs_zspi/jev,jev_gpt6,546.9999999913853,2
smac-hard/jev_runs/p0-astra-all-maps-20260922-001/mmmt_vs_zspi/jev,jev_gpt6,483.99999999674037,2
smac-hard/jev_runs/p0-astra-all-maps-20260922-001/mmmt_vs_zspi/jev,jev_gpt6,514.9999999994179,2
smac-hard/jev_runs/p0-astra-all-maps-20260922-001/mmmt_vs_zspi/jev,jev_gpt6,500.0,2
smac-hard/jev_runs/p0-astra-all-maps-20260922-001/mmmt_vs_zspi/jev,jev_gpt6,562.9999999946449,2
smac-hard/jev_runs/p0-astra-all-maps-20260922-001/mmmt_vs_zspi/jev,jev_gpt6,547.0000000059372,2
smac-hard/jev_runs/p0-astra-all-maps-20260922-001/mmmt_vs_zspi/jev,jev_gpt6,608.9999999967404,2
smac-hard/jev_runs/p0-astra-all-maps-20260922-001/mmmt_vs_zspi/jev,jev_gpt6,531.0000000026776,2
smac-hard/jev_runs/p0-astra-all-maps-20260922-001/mmmt_vs_zspi/jev,jev_gpt6,530.9999999881256,2
smac-hard/jev_runs/p0-astra-all-maps-20260922-001/mmmt_vs_zspi/jev,jev_gpt6,514.9999999994179,2
smac-hard/jev_runs/p0-astra-all-maps-20260922-001/mmmt_vs_zspi/jev,jev_gpt6,516.0000000032596,2
smac-hard/jev_runs/p0-astra-all-maps-20260922-001/mmmt_vs_zspi/jev,jev_gpt6,532.0000000065193,1
smac-hard/jev_runs/p0-astra-all-maps-20260922-001/mmmt_vs_zspi/jev,jev_gpt6,500.0,1
smac-hard/jev_runs/p0-astra-all-maps-20260922-001/mmmt_vs_zspi/jev,jev_gpt6,562.9999999946449,1
smac-hard/jev_runs/p0-astra-all-maps-20260922-001/mmmt_vs_zspi/jev,jev_gpt6,516.0000000032596,1
smac-hard/jev_runs/p0-astra-all-maps-20260922-001/mmmt_vs_zspi/jev,jev_gpt6,531.9999999919673,1
smac-hard/jev_runs/p0-astra-all-maps-20260922-001/mmmt_vs_zspi/jev,jev_gpt6,483.99999999674037,1
smac-hard/jev_runs/p0-astra-all-maps-20260922-001/mmmt_vs_zspi/jev,jev_gpt6,468.99999999732245,1
smac-hard/jev_runs/p0-astra-all-maps-20260922-001/mmmt_vs_zspi/jev,jev_gpt6,453.00000000861473,1
smac-hard/jev_runs/p0-astra-all-maps-20260922-001/mmmt_vs_zspi/jev,jev_gpt6,421.99999999138527,1
smac-hard/jev_runs/p0-astra-all-maps-20260922-001/mmmt_vs_zspi/jev,jev_gpt6,437.9999999946449,1
smac-hard/jev_runs/p0-astra-all-maps-20260922-001/mmmt_vs_zspi/jev,jev_gpt6,438.0000000091968,1
smac-hard/jev_runs/p0-astra-all-maps-20260922-001/mmmt_vs_zspi/jev,jev_gpt6,593.9999999973224,1
smac-hard/jev_runs/p0-astra-all-maps-20260922-001/mmmt_vs_zspi/jev,jev_gpt6,468.99999999732245,1
smac-hard/jev_runs/p0-astra-all-maps-20260922-001/mmmt_vs_zspi/jev,jev_gpt6,1843.9999999973224,2
smac-hard/jev_runs/p0-astra-all-maps-20260922-001/mmmt_vs_zspi/jev,jev_gpt6,561.9999999908032,2
smac-hard/jev_runs/p0-astra-all-maps-20260922-001/mmmt_vs_zspi/jev,jev_gpt6,531.0000000026776,2
smac-hard/jev_runs/p0-astra-all-maps-20260922-001/mmmt_vs_zspi/jev,jev_gpt6,608.9999999967404,2
smac-hard/jev_runs/p0-astra-all-maps-20260922-001/mmmt_vs_zspi/jev,jev_gpt6,639.9999999994179,2
smac-hard/jev_runs/p0-astra-all-maps-20260922-001/mmmt_vs_zspi/jev,jev_gpt6,531.0000000026776,2
smac-hard/jev_runs/p0-astra-all-maps-20260922-001/mmmt_vs_zspi/jev,jev_gpt6,514.9999999994179,2
smac-hard/jev_runs/p0-astra-all-maps-20260922-001/mmmt_vs_zspi/jev,jev_gpt6,562.9999999946449,2
smac-hard/jev_runs/p0-astra-all-maps-20260922-001/mmmt_vs_zspi/jev,jev_gpt6,2389.999999999418,4
smac-hard/jev_runs/p0-astra-all-maps-20260922-001/mmmt_vs_zspi/jev,jev_gpt6,625.0,4
smac-hard/jev_runs/p0-astra-all-maps-20260922-001/mmmt_vs_zspi/jev,jev_gpt6,593.9999999973224,4
smac-hard/jev_runs/p0-astra-all-maps-20260922-001/mmmt_vs_zspi/jev,jev_gpt6,610.0000000005821,4
smac-hard/jev_runs/p0-astra-all-maps-20260922-001/mmmt_vs_zspi/jev,jev_gpt6,562.9999999946449,4
smac-hard/jev_runs/p0-astra-all-maps-20260922-001/mmmt_vs_zspi/jev,jev_gpt6,531.0000000026776,4
smac-hard/jev_runs/p0-astra-all-maps-20260922-001/mmmt_vs_zspi/jev,jev_gpt6,608.9999999967404,4
smac-hard/jev_runs/p0-astra-all-maps-20260922-001/mmmt_vs_zspi/jev,jev_gpt6,562.9999999946449,4
smac-hard/jev_runs/p0-astra-all-maps-20260922-001/mmmt_vs_zspi/jev,jev_gpt6,577.9999999940628,4
smac-hard/jev_runs/p0-astra-all-maps-20260922-001/mmmt_vs_zspi/jev,jev_gpt6,593.9999999973224,4
smac-hard/jev_runs/p0-astra-all-maps-20260922-001/mmmt_vs_zspi/jev,jev_gpt6,531.9999999919673,3
smac-hard/jev_runs/p0-astra-all-maps-20260922-001/mmmt_vs_zspi/jev,jev_gpt6,577.9999999940628,3
smac-hard/jev_runs/p0-astra-all-maps-20260922-001/mmmt_vs_zspi/jev,jev_gpt6,546.0000000020955,3
smac-hard/jev_runs/p0-astra-all-maps-20260922-001/mmmt_vs_zspi/jev,jev_gpt6,625.0,3
smac-hard/jev_runs/p0-astra-all-maps-20260922-001/mmmt_vs_zspi/jev,jev_gpt6,546.0000000020955,3
smac-hard/jev_runs/p0-astra-all-maps-20260922-001/mmmt_vs_zspi/jev,jev_gpt6,610.0000000005821,3
smac-hard/jev_runs/p0-astra-all-maps-20260922-001/mmmt_vs_zspi/jev,jev_gpt6,546.0000000020955,3
smac-hard/jev_runs/p0-astra-all-maps-20260922-001/mmmt_vs_zspi/jev,jev_gpt6,578.0000000086147,3
smac-hard/jev_runs/p0-astra-all-maps-20260922-001/mmmt_vs_zspi/jev,jev_gpt6,593.0000000080327,3
smac-hard/jev_runs/p0-astra-all-maps-20260922-001/mmmt_vs_zspi/jev,jev_gpt6,593.0000000080327,2
smac-hard/jev_runs/p0-astra-all-maps-20260922-001/mmmt_vs_zspi/jev,jev_gpt6,532.0000000065193,2
smac-hard/jev_runs/p0-astra-all-maps-20260922-001/mmmt_vs_zspi/jev,jev_gpt6,577.9999999940628,3
smac-hard/jev_runs/p0-astra-all-maps-20260922-001/mmmt_vs_zspi/jev,jev_gpt6,546.9999999913853,3
smac-hard/jev_runs/p0-astra-all-maps-20260922-001/mmmt_vs_zspi/jev,jev_gpt6,483.99999999674037,2
smac-hard/jev_runs/p0-astra-all-maps-20260922-001/mmmt_vs_zspi/jev,jev_gpt6,546.0000000020955,2
smac-hard/jev_runs/p0-astra-all-maps-20260922-001/mmmt_vs_zspi/jev,jev_gpt6,547.0000000059372,2
smac-hard/jev_runs/p0-astra-all-maps-20260922-001/mmmt_vs_zspi/jev,jev_gpt6,546.9999999913853,2
smac-hard/jev_runs/p0-astra-all-maps-20260922-001/mmmt_vs_zspi/jev,jev_gpt6,578.0000000086147,2
smac-hard/jev_runs/p0-astra-all-maps-20260922-001/mmmt_vs_zspi/jev,jev_gpt6,578.0000000086147,2
smac-hard/jev_runs/p0-astra-all-maps-20260922-001/mmmt_vs_zspi/jev,jev_gpt6,562.0000000053551,2
smac-hard/jev_runs/p0-astra-all-maps-20260922-001/mmmt_vs_zspi/jev,jev_gpt6,546.9999999913853,2
smac-hard/jev_runs/p0-astra-all-maps-20260922-001/mmmt_vs_zspi/jev,jev_gpt6,514.9999999994179,1
smac-hard/jev_runs/p0-astra-all-maps-20260922-001/mmmt_vs_zspi/jev,jev_gpt6,514.9999999994179,1
smac-hard/jev_runs/p0-astra-all-maps-20260922-001/mmmt_vs_zspi/jev,jev_gpt6,546.9999999913853,1
smac-hard/jev_runs/p0-astra-all-maps-20260922-001/mmmt_vs_zspi/jev,jev_gpt6,562.9999999946449,1
smac-hard/jev_runs/p0-astra-all-maps-20260922-001/mmmt_vs_zspi/jev,jev_gpt6,516.0000000032596,1
smac-hard/jev_runs/p0-astra-all-maps-20260922-001/mmmt_vs_zspi/jev,jev_gpt6,577.9999999940628,1
smac-hard/jev_runs/p0-astra-all-maps-20260922-001/mmmt_vs_zspi/jev,jev_gpt6,469.00000001187436,1
smac-hard/jev_runs/p0-astra-all-maps-20260922-001/mmmt_vs_zspi/jev,jev_gpt6,422.0000000059372,1
smac-hard/jev_runs/p0-astra-all-maps-20260922-001/mmmt_vs_zspi/jev,jev_gpt6,421.99999999138527,1
smac-hard/jev_runs/p0-astra-all-maps-20260922-001/mmmt_vs_zspi/jev,jev_gpt6,532.0000000065193,1
smac-hard/jev_runs/p0-astra-all-maps-20260922-001/mmmt_vs_zspi/jev,jev_gpt6,1296.0000000020955,2
smac-hard/jev_runs/p0-astra-all-maps-20260922-001/mmmt_vs_zspi/jev,jev_gpt6,592.9999999934807,2
smac-hard/jev_runs/p0-astra-all-maps-20260922-001/mmmt_vs_zspi/jev,jev_gpt6,546.0000000020955,2
smac-hard/jev_runs/p0-astra-all-maps-20260922-001/mmmt_vs_zspi/jev,jev_gpt6,547.0000000059372,2
smac-hard/jev_runs/p0-astra-all-maps-20260922-001/mmmt_vs_zspi/jev,jev_gpt6,593.9999999973224,2
smac-hard/jev_runs/p0-astra-all-maps-20260922-001/mmmt_vs_zspi/jev,jev_gpt6,577.9999999940628,2
smac-hard/jev_runs/p0-astra-all-maps-20260922-001/mmmt_vs_zspi/jev,jev_gpt6,516.0000000032596,2
smac-hard/jev_runs/p0-astra-all-maps-20260922-001/mmmt_vs_zspi/jev,jev_gpt6,562.0000000053551,2
smac-hard/jev_runs/p0-astra-all-maps-20260922-001/mmmt_vs_zspi/jev,jev_gpt6,1343.9999999973224,4
smac-hard/jev_runs/p0-astra-all-maps-20260922-001/mmmt_vs_zspi/jev,jev_gpt6,547.0000000059372,4
smac-hard/jev_runs/p0-astra-all-maps-20260922-001/mmmt_vs_zspi/jev,jev_gpt6,562.9999999946449,4
smac-hard/jev_runs/p0-astra-all-maps-20260922-001/mmmt_vs_zspi/jev,jev_gpt6,561.9999999908032,4
smac-hard/jev_runs/p0-astra-all-maps-20260922-001/mmmt_vs_zspi/jev,jev_gpt6,562.9999999946449,4
smac-hard/jev_runs/p0-astra-all-maps-20260922-001/mmmt_vs_zspi/jev,jev_gpt6,592.9999999934807,4
smac-hard/jev_runs/p0-astra-all-maps-20260922-001/mmmt_vs_zspi/jev,jev_gpt6,593.9999999973224,4
smac-hard/jev_runs/p0-astra-all-maps-20260922-001/mmmt_vs_zspi/jev,jev_gpt6,531.9999999919673,4
smac-hard/jev_runs/p0-astra-all-maps-20260922-001/mmmt_vs_zspi/jev,jev_gpt6,531.0000000026776,4
smac-hard/jev_runs/p0-astra-all-maps-20260922-001/mmmt_vs_zspi/jev,jev_gpt6,594.0000000118744,4
smac-hard/jev_runs/p0-astra-all-maps-20260922-001/mmmt_vs_zspi/jev,jev_gpt6,578.0000000086147,4
smac-hard/jev_runs/p0-astra-all-maps-20260922-001/mmmt_vs_zspi/jev,jev_gpt6,608.9999999967404,3
smac-hard/jev_runs/p0-astra-all-maps-20260922-001/mmmt_vs_zspi/jev,jev_gpt6,531.9999999919673,3
smac-hard/jev_runs/p0-astra-all-maps-20260922-001/mmmt_vs_zspi/jev,jev_gpt6,531.0000000026776,3
smac-hard/jev_runs/p0-astra-all-maps-20260922-001/mmmt_vs_zspi/jev,jev_gpt6,562.0000000053551,3
smac-hard/jev_runs/p0-astra-all-maps-20260922-001/mmmt_vs_zspi/jev,jev_gpt6,562.9999999946449,3
smac-hard/jev_runs/p0-astra-all-maps-20260922-001/mmmt_vs_zspi/jev,jev_gpt6,546.9999999913853,3
smac-hard/jev_runs/p0-astra-all-maps-20260922-001/mmmt_vs_zspi/jev,jev_gpt6,531.0000000026776,3
smac-hard/jev_runs/p0-astra-all-maps-20260922-001/mmmt_vs_zspi/jev,jev_gpt6,532.0000000065193,3
smac-hard/jev_runs/p0-astra-all-maps-20260922-001/mmmt_vs_zspi/jev,jev_gpt6,561.9999999908032,2
smac-hard/jev_runs/p0-astra-all-maps-20260922-001/mmmt_vs_zspi/jev,jev_gpt6,516.0000000032596,2
smac-hard/jev_runs/p0-astra-all-maps-20260922-001/mmmt_vs_zspi/jev,jev_gpt6,514.9999999994179,2
smac-hard/jev_runs/p0-astra-all-maps-20260922-001/mmmt_vs_zspi/jev,jev_gpt6,531.0000000026776,2
smac-hard/jev_runs/p0-astra-all-maps-20260922-001/mmmt_vs_zspi/jev,jev_gpt6,516.0000000032596,2
smac-hard/jev_runs/p0-astra-all-maps-20260922-001/mmmt_vs_zspi/jev,jev_gpt6,547.0000000059372,2
smac-hard/jev_runs/p0-astra-all-maps-20260922-001/mmmt_vs_zspi/jev,jev_gpt6,516.0000000032596,2
smac-hard/jev_runs/p0-astra-all-maps-20260922-001/mmmt_vs_zspi/jev,jev_gpt6,562.9999999946449,2
smac-hard/jev_runs/p0-astra-all-maps-20260922-001/mmmt_vs_zspi/jev,jev_gpt6,516.0000000032596,2
smac-hard/jev_runs/p0-astra-all-maps-20260922-001/mmmt_vs_zspi/jev,jev_gpt6,546.9999999913853,2
smac-hard/jev_runs/p0-astra-all-maps-20260922-001/mmmt_vs_zspi/jev,jev_gpt6,500.0,2
smac-hard/jev_runs/p0-astra-all-maps-20260922-001/mmmt_vs_zspi/jev,jev_gpt6,516.0000000032596,2
smac-hard/jev_runs/p0-astra-all-maps-20260922-001/mmmt_vs_zspi/jev,jev_gpt6,516.0000000032596,2
smac-hard/jev_runs/p0-astra-all-maps-20260922-001/mmmt_vs_zspi/jev,jev_gpt6,562.0000000053551,2
smac-hard/jev_runs/p0-astra-all-maps-20260922-001/mmmt_vs_zspi/jev,jev_gpt6,500.0,2
smac-hard/jev_runs/p0-astra-all-maps-20260922-001/mmmt_vs_zspi/jev,jev_gpt6,516.0000000032596,2
smac-hard/jev_runs/p0-astra-all-maps-20260922-001/mmmt_vs_zspi/jev,jev_gpt6,483.99999999674037,1
smac-hard/jev_runs/p0-astra-all-maps-20260922-001/mmmt_vs_zspi/jev,jev_gpt6,468.99999999732245,1
smac-hard/jev_runs/p0-astra-all-maps-20260922-001/mmmt_vs_zspi/jev,jev_gpt6,483.99999999674037,1
smac-hard/jev_runs/p0-astra-all-maps-20260922-001/mmmt_vs_zspi/jev,jev_gpt6,546.9999999913853,1
smac-hard/jev_runs/p0-astra-all-maps-20260922-001/mmmt_vs_zspi/jev,jev_gpt6,562.0000000053551,1
smac-hard/jev_runs/p0-astra-all-maps-20260922-001/mmmt_vs_zspi/jev,jev_gpt6,452.9999999940628,1
smac-hard/jev_runs/p0-astra-all-maps-20260922-001/mmmt_vs_zspi/jev,jev_gpt6,500.0,1
smac-hard/jev_runs/all-maps-20260921-001/unit_test/jev,jev_only,1938.0000000019209,1
smac-hard/jev_runs/all-maps-20260921-001/unit_test/jev,jev_only,343.99999999732245,1
smac-hard/jev_runs/all-maps-20260921-001/unit_test/jev,jev_only,358.99999999674037,1
smac-hard/jev_runs/all-maps-20260921-001/unit_test/jev,jev_only,375.0,1
smac-hard/jev_runs/all-maps-20260921-001/unit_test/jev,jev_only,358.99999999674037,1
smac-hard/jev_runs/all-maps-20260921-001/unit_test/jev,jev_only,375.0,1
smac-hard/jev_runs/all-maps-20260921-001/unit_test/jev,jev_only,375.0,1
smac-hard/jev_runs/all-maps-20260921-001/unit_test/jev,jev_only,437.0000000053551,1
smac-hard/jev_runs/all-maps-20260921-001/unit_test/jev,jev_only,594.0000000045984,1
smac-hard/jev_runs/all-maps-20260921-001/unit_test/jev,jev_only,438.00000000192085,1
smac-hard/jev_runs/all-maps-20260921-001/unit_test/jev,jev_only,358.99999999674037,1
smac-hard/jev_runs/all-maps-20260921-001/unit_test/jev,jev_only,375.0,1
smac-hard/jev_runs/all-maps-20260921-001/unit_test/jev,jev_only,358.99999999674037,1
smac-hard/jev_runs/all-maps-20260921-001/unit_test/jev,jev_only,343.0000000007567,1
smac-hard/jev_runs/all-maps-20260921-001/unit_test/jev,jev_only,438.00000000192085,1
smac-hard/jev_runs/all-maps-20260921-001/unit_test/jev,jev_only,343.0000000007567,1
smac-hard/jev_runs/all-maps-20260921-001/unit_test/jev,jev_only,343.0000000007567,1
smac-hard/jev_runs/all-maps-20260921-001/unit_test/jev,jev_only,389.9999999994179,1
smac-hard/jev_runs/all-maps-20260921-001/unit_test/jev,jev_only,483.99999999674037,1
smac-hard/jev_runs/all-maps-20260921-001/unit_test/jev,jev_only,359.00000000401633,1
smac-hard/jev_runs/all-maps-20260921-001/unit_test/jev,jev_only,344.0000000045984,1
smac-hard/jev_runs/all-maps-20260921-001/unit_test/jev,jev_only,328.9999999979045,1
smac-hard/jev_runs/all-maps-20260921-001/unit_test/jev,jev_only,546.9999999986612,1
smac-hard/jev_runs/all-maps-20260921-001/unit_test/jev,jev_only,358.99999999674037,1
smac-hard/jev_runs/all-maps-20260921-001/unit_test/jev,jev_only,358.99999999674037,1
smac-hard/jev_runs/all-maps-20260921-001/unit_test/jev,jev_only,328.0000000013388,1
smac-hard/jev_runs/all-maps-20260921-001/unit_test/jev,jev_only,375.0,1
smac-hard/jev_runs/all-maps-20260921-001/unit_test/jev,jev_only,500.0,1
smac-hard/jev_runs/p0-astra-all-maps-20260922-001/unit_test/jev,jev_gpt6,5233.99999999674,1
smac-hard/jev_runs/p0-astra-all-maps-20260922-001/unit_test/jev,jev_gpt6,375.0,1
smac-hard/jev_runs/p0-astra-all-maps-20260922-001/unit_test/jev,jev_gpt6,406.99999999196734,1
smac-hard/jev_runs/p0-astra-all-maps-20260922-001/unit_test/jev,jev_gpt6,453.00000000861473,1
smac-hard/jev_runs/p0-astra-all-maps-20260922-001/unit_test/jev,jev_gpt6,421.99999999138527,1
smac-hard/jev_runs/p0-astra-all-maps-20260922-001/unit_test/jev,jev_gpt6,375.0,1
smac-hard/jev_runs/p0-astra-all-maps-20260922-001/unit_test/jev,jev_gpt6,391.00000000325963,1
smac-hard/jev_runs/p0-astra-all-maps-20260922-001/unit_test/jev,jev_gpt6,391.00000000325963,1
smac-hard/jev_runs/p0-astra-all-maps-20260922-001/unit_test/jev,jev_gpt6,468.99999999732245,1
smac-hard/jev_runs/p0-astra-all-maps-20260922-001/unit_test/jev,jev_gpt6,452.9999999940628,1
smac-hard/jev_runs/p0-astra-all-maps-20260922-001/unit_test/jev,jev_gpt6,421.0000000020955,1
smac-hard/jev_runs/p0-astra-all-maps-20260922-001/unit_test/jev,jev_gpt6,405.99999998812564,1
smac-hard/jev_runs/p0-astra-all-maps-20260922-001/unit_test/jev,jev_gpt6,406.00000000267755,1
smac-hard/jev_runs/p0-astra-all-maps-20260922-001/unit_test/jev,jev_gpt6,358.99999999674037,1
smac-hard/jev_runs/p0-astra-all-maps-20260922-001/unit_test/jev,jev_gpt6,389.9999999994179,1
smac-hard/jev_runs/p0-astra-all-maps-20260922-001/unit_test/jev,jev_gpt6,375.0,1
smac-hard/jev_runs/p0-astra-all-maps-20260922-001/unit_test/jev,jev_gpt6,389.9999999994179,1
smac-hard/jev_runs/p0-astra-all-maps-20260922-001/unit_test/jev,jev_gpt6,422.0000000059372,1
smac-hard/jev_runs/p0-astra-all-maps-20260922-001/unit_test/jev,jev_gpt6,453.9999999979045,1
smac-hard/jev_runs/p0-astra-all-maps-20260922-001/unit_test/jev,jev_gpt6,500.0,1
smac-hard/jev_runs/p0-astra-all-maps-20260922-001/unit_test/jev,jev_gpt6,375.0,1
smac-hard/jev_runs/p0-astra-all-maps-20260922-001/unit_test/jev,jev_gpt6,437.9999999946449,1
smac-hard/jev_runs/p0-astra-all-maps-20260922-001/unit_test/jev,jev_gpt6,360.0000000005821,1
smac-hard/jev_runs/p0-astra-all-maps-20260922-001/unit_test/jev,jev_gpt6,391.00000000325963,1
smac-hard/jev_runs/p0-astra-all-maps-20260922-001/unit_test/jev,jev_gpt6,342.99999999348074,1
smac-hard/jev_runs/p0-astra-all-maps-20260922-001/unit_test/jev,jev_gpt6,406.00000000267755,1
smac-hard/jev_runs/p0-astra-all-maps-20260922-001/unit_test/jev,jev_gpt6,436.9999999908032,1
smac-hard/jev_runs/p0-astra-all-maps-20260922-001/unit_test/jev,jev_gpt6,391.00000000325963,1
smac-hard/jev_runs/p0-astra-all-maps-20260922-001/unit_test/jev,jev_gpt6,422.0000000059372,1
smac-hard/jev_runs/p0-astra-all-maps-20260922-001/unit_test/jev,jev_gpt6,391.00000000325963,1
smac-hard/jev_runs/p0-astra-all-maps-20260922-001/unit_test/jev,jev_gpt6,358.99999999674037,1
smac-hard/jev_runs/p0-astra-all-maps-20260922-001/unit_test/jev,jev_gpt6,375.0,1
smac-hard/jev_runs/p0-astra-all-maps-20260922-001/unit_test/jev,jev_gpt6,375.0,1
smac-hard/jev_runs/p0-astra-all-maps-20260922-001/unit_test/jev,jev_gpt6,389.9999999994179,1
smac-hard/jev_runs/p0-astra-all-maps-20260922-001/unit_test/jev,jev_gpt6,375.0,1
smac-hard/jev_runs/p0-astra-all-maps-20260922-001/unit_test/jev,jev_gpt6,406.00000000267755,1
smac-hard/jev_runs/p0-astra-all-maps-20260922-001/unit_test/jev,jev_gpt6,358.99999999674037,1
smac-hard/jev_runs/p0-astra-all-maps-20260922-001/unit_test/jev,jev_gpt6,406.00000000267755,1
smac-hard/jev_runs/p0-astra-all-maps-20260922-001/unit_test/jev,jev_gpt6,437.9999999946449,1
smac-hard/jev_runs/p0-astra-all-maps-20260922-001/unit_test/jev,jev_gpt6,406.00000000267755,1
smac-hard/jev_runs/p0-astra-all-maps-20260922-001/unit_test/jev,jev_gpt6,421.99999999138527,1
smac-hard/jev_runs/p0-astra-all-maps-20260922-001/unit_test/jev,jev_gpt6,452.9999999940628,1
smac-hard/jev_runs/p0-astra-all-maps-20260922-001/unit_test/jev,jev_gpt6,391.00000000325963,1
smac-hard/jev_runs/p0-astra-all-maps-20260922-001/unit_test/jev,jev_gpt6,358.99999999674037,1
smac-hard/jev_runs/p0-astra-all-maps-20260922-001/unit_test/jev,jev_gpt6,406.00000000267755,1
smac-hard/jev_runs/p0-astra-all-maps-20260922-001/unit_test/jev,jev_gpt6,405.99999998812564,1
smac-hard/jev_runs/p0-astra-all-maps-20260922-001/unit_test/jev,jev_gpt6,391.00000000325963,1
smac-hard/jev_runs/p0-astra-all-maps-20260922-001/unit_test/jev,jev_gpt6,375.0,1
smac-hard/jev_runs/p0-astra-all-maps-20260922-001/unit_test/jev,jev_gpt6,485.0000000005821,1
smac-hard/jev_runs/p0-astra-all-maps-20260922-001/unit_test/jev,jev_gpt6,389.9999999994179,1
smac-hard/jev_runs/p0-astra-all-maps-20260922-001/unit_test/jev,jev_gpt6,375.0,1
smac-hard/jev_runs/p0-astra-all-maps-20260922-001/unit_test/jev,jev_gpt6,389.9999999994179,1
smac-hard/jev_runs/p0-astra-all-maps-20260922-001/unit_test/jev,jev_gpt6,391.00000000325963,1
smac-hard/jev_runs/p0-astra-all-maps-20260922-001/unit_test/jev,jev_gpt6,514.9999999994179,1
smac-hard/jev_runs/p0-astra-all-maps-20260922-001/unit_test/jev,jev_gpt6,375.0,1
smac-hard/jev_runs/p0-astra-all-maps-20260922-001/unit_test/jev,jev_gpt6,375.0,1
smac-hard/jev_runs/p0-astra-all-maps-20260922-001/unit_test/jev,jev_gpt6,407.00000000651926,1
smac-hard/jev_runs/p0-astra-all-maps-20260922-001/unit_test/jev,jev_gpt6,375.0,1
smac-hard/jev_runs/p0-astra-all-maps-20260922-001/unit_test/jev,jev_gpt6,358.99999999674037,1
smac-hard/jev_runs/p0-astra-all-maps-20260922-001/unit_test/jev,jev_gpt6,406.00000000267755,1
smac-hard/jev_runs/p0-astra-all-maps-20260922-001/unit_test/jev,jev_gpt6,359.0000000112923,1
smac-hard/jev_runs/p0-astra-all-maps-20260922-001/unit_test/jev,jev_gpt6,389.9999999994179,1
smac-hard/jev_runs/p0-astra-all-maps-20260922-001/unit_test/jev,jev_gpt6,531.0000000026776,1
smac-hard/jev_runs/p0-astra-all-maps-20260922-001/unit_test/jev,jev_gpt6,452.9999999940628,1
smac-hard/jev_runs/all-maps-20260921-001/mmmt/jev,jev_only,1390.9999999959837,1
smac-hard/jev_runs/all-maps-20260921-001/mmmt/jev,jev_only,561.9999999980791,1
smac-hard/jev_runs/all-maps-20260921-001/mmmt/jev,jev_only,515.9999999959837,1
smac-hard/jev_runs/all-maps-20260921-001/mmmt/jev,jev_only,500.0,1
smac-hard/jev_runs/all-maps-20260921-001/mmmt/jev,jev_only,531.0000000026776,1
smac-hard/jev_runs/all-maps-20260921-001/mmmt/jev,jev_only,562.9999999946449,1
smac-hard/jev_runs/all-maps-20260921-001/mmmt/jev,jev_only,578.0000000013388,1
smac-hard/jev_runs/all-maps-20260921-001/mmmt/jev,jev_only,1172.0000000059372,2
smac-hard/jev_runs/all-maps-20260921-001/mmmt/jev,jev_only,1421.9999999986612,4
smac-hard/jev_runs/all-maps-20260921-001/mmmt/jev,jev_only,985.0000000005821,5
smac-hard/jev_runs/all-maps-20260921-001/mmmt/jev,jev_only,969.0000000045984,5
smac-hard/jev_runs/all-maps-20260921-001/mmmt/jev,jev_only,983.9999999967404,5
smac-hard/jev_runs/all-maps-20260921-001/mmmt/jev,jev_only,937.0000000053551,5
smac-hard/jev_runs/all-maps-20260921-001/mmmt/jev,jev_only,938.0000000019209,5
smac-hard/jev_runs/all-maps-20260921-001/mmmt/jev,jev_only,968.0000000007567,5
smac-hard/jev_runs/all-maps-20260921-001/mmmt/jev,jev_only,1139.999999999418,6
smac-hard/jev_runs/all-maps-20260921-001/mmmt/jev,jev_only,936.9999999980791,5
smac-hard/jev_runs/all-maps-20260921-001/mmmt/jev,jev_only,938.0000000019209,5
smac-hard/jev_runs/all-maps-20260921-001/mmmt/jev,jev_only,891.0000000032596,5
smac-hard/jev_runs/all-maps-20260921-001/mmmt/jev,jev_only,1078.0000000013388,5
smac-hard/jev_runs/all-maps-20260921-001/mmmt/jev,jev_only,546.9999999986612,4
smac-hard/jev_runs/all-maps-20260921-001/mmmt/jev,jev_only,563.0000000019209,4
smac-hard/jev_runs/all-maps-20260921-001/mmmt/jev,jev_only,1031.0000000026776,4
smac-hard/jev_runs/all-maps-20260921-001/mmmt/jev,jev_only,719.0000000045984,4
smac-hard/jev_runs/all-maps-20260921-001/mmmt/jev,jev_only,561.9999999980791,4
smac-hard/jev_runs/all-maps-20260921-001/mmmt/jev,jev_only,625.0,3
smac-hard/jev_runs/all-maps-20260921-001/mmmt/jev,jev_only,515.9999999959837,3
smac-hard/jev_runs/all-maps-20260921-001/mmmt/jev,jev_only,671.9999999986612,3
smac-hard/jev_runs/all-maps-20260921-001/mmmt/jev,jev_only,610.0000000005821,2
smac-hard/jev_runs/all-maps-20260921-001/mmmt/jev,jev_only,469.0000000045984,2
smac-hard/jev_runs/all-maps-20260921-001/mmmt/jev,jev_only,562.0000000053551,2
smac-hard/jev_runs/all-maps-20260921-001/mmmt/jev,jev_only,594.0000000045984,1
smac-hard/jev_runs/all-maps-20260921-001/mmmt/jev,jev_only,469.0000000045984,1
smac-hard/jev_runs/all-maps-20260921-001/mmmt/jev,jev_only,688.0000000019209,1
smac-hard/jev_runs/all-maps-20260921-001/mmmt/jev,jev_only,655.9999999954016,1
smac-hard/jev_runs/all-maps-20260921-001/mmmt/jev,jev_only,500.0,1
smac-hard/jev_runs/all-maps-20260921-001/mmmt/jev,jev_only,687.9999999946449,1
smac-hard/jev_runs/all-maps-20260921-001/mmmt/jev,jev_only,500.0,1
smac-hard/jev_runs/all-maps-20260921-001/mmmt/jev,jev_only,718.9999999973224,1
smac-hard/jev_runs/all-maps-20260921-001/mmmt/jev,jev_only,1296.9999999986612,1
smac-hard/jev_runs/all-maps-20260921-001/mmmt/jev,jev_only,500.0,1
smac-hard/jev_runs/all-maps-20260921-001/mmmt/jev,jev_only,1046.9999999986612,2
smac-hard/jev_runs/all-maps-20260921-001/mmmt/jev,jev_only,1187.000000005355,4
smac-hard/jev_runs/all-maps-20260921-001/mmmt/jev,jev_only,906.9999999992433,5
smac-hard/jev_runs/all-maps-20260921-001/mmmt/jev,jev_only,968.9999999973224,5
smac-hard/jev_runs/all-maps-20260921-001/mmmt/jev,jev_only,921.9999999986612,5
smac-hard/jev_runs/all-maps-20260921-001/mmmt/jev,jev_only,921.9999999986612,5
smac-hard/jev_runs/all-maps-20260921-001/mmmt/jev,jev_only,1109.0000000040163,5
smac-hard/jev_runs/all-maps-20260921-001/mmmt/jev,jev_only,1016.0000000032596,5
smac-hard/jev_runs/all-maps-20260921-001/mmmt/jev,jev_only,1000.0,6
smac-hard/jev_runs/all-maps-20260921-001/mmmt/jev,jev_only,983.9999999967404,5
smac-hard/jev_runs/all-maps-20260921-001/mmmt/jev,jev_only,1000.0,5
smac-hard/jev_runs/all-maps-20260921-001/mmmt/jev,jev_only,938.0000000019209,5
smac-hard/jev_runs/all-maps-20260921-001/mmmt/jev,jev_only,889.9999999994179,5
smac-hard/jev_runs/all-maps-20260921-001/mmmt/jev,jev_only,578.0000000013388,4
smac-hard/jev_runs/all-maps-20260921-001/mmmt/jev,jev_only,546.9999999986612,4
smac-hard/jev_runs/all-maps-20260921-001/mmmt/jev,jev_only,640.9999999959837,4
smac-hard/jev_runs/all-maps-20260921-001/mmmt/jev,jev_only,625.0,3
smac-hard/jev_runs/all-maps-20260921-001/mmmt/jev,jev_only,483.99999999674037,3
smac-hard/jev_runs/all-maps-20260921-001/mmmt/jev,jev_only,546.9999999986612,3
smac-hard/jev_runs/all-maps-20260921-001/mmmt/jev,jev_only,561.9999999980791,3
smac-hard/jev_runs/all-maps-20260921-001/mmmt/jev,jev_only,718.9999999973224,2
smac-hard/jev_runs/all-maps-20260921-001/mmmt/jev,jev_only,640.9999999959837,2
smac-hard/jev_runs/all-maps-20260921-001/mmmt/jev,jev_only,500.0,2
smac-hard/jev_runs/all-maps-20260921-001/mmmt/jev,jev_only,515.9999999959837,2
smac-hard/jev_runs/all-maps-20260921-001/mmmt/jev,jev_only,468.0000000007567,2
smac-hard/jev_runs/all-maps-20260921-001/mmmt/jev,jev_only,436.99999999807915,1
smac-hard/jev_runs/all-maps-20260921-001/mmmt/jev,jev_only,436.99999999807915,1
smac-hard/jev_runs/all-maps-20260921-001/mmmt/jev,jev_only,702.9999999940628,1
smac-hard/jev_runs/all-maps-20260921-001/mmmt/jev,jev_only,531.0000000026776,1
smac-hard/jev_runs/all-maps-20260921-001/mmmt/jev,jev_only,500.0,1
smac-hard/jev_runs/all-maps-20260921-001/mmmt/jev,jev_only,546.9999999986612,1
smac-hard/jev_runs/all-maps-20260921-001/mmmt/jev,jev_only,640.9999999959837,1
smac-hard/jev_runs/all-maps-20260921-001/mmmt/jev,jev_only,531.9999999992433,1
smac-hard/jev_runs/all-maps-20260921-001/mmmt/jev,jev_only,514.9999999994179,1
smac-hard/jev_runs/all-maps-20260921-001/mmmt/jev,jev_only,968.9999999973224,2
smac-hard/jev_runs/all-maps-20260921-001/mmmt/jev,jev_only,1313.0000000019209,4
smac-hard/jev_runs/all-maps-20260921-001/mmmt/jev,jev_only,905.9999999954016,5
smac-hard/jev_runs/all-maps-20260921-001/mmmt/jev,jev_only,905.9999999954016,5
smac-hard/jev_runs/all-maps-20260921-001/mmmt/jev,jev_only,922.0000000059372,5
smac-hard/jev_runs/all-maps-20260921-001/mmmt/jev,jev_only,921.9999999986612,5
smac-hard/jev_runs/all-maps-20260921-001/mmmt/jev,jev_only,936.9999999980791,5
smac-hard/jev_runs/all-maps-20260921-001/mmmt/jev,jev_only,1061.9999999980791,5
smac-hard/jev_runs/all-maps-20260921-001/mmmt/jev,jev_only,1031.0000000026776,6
smac-hard/jev_runs/all-maps-20260921-001/mmmt/jev,jev_only,921.9999999986612,5
smac-hard/jev_runs/all-maps-20260921-001/mmmt/jev,jev_only,906.0000000026776,5
smac-hard/jev_runs/all-maps-20260921-001/mmmt/jev,jev_only,968.0000000007567,5
smac-hard/jev_runs/all-maps-20260921-001/mmmt/jev,jev_only,1016.0000000032596,5
smac-hard/jev_runs/all-maps-20260921-001/mmmt/jev,jev_only,563.0000000019209,4
smac-hard/jev_runs/all-maps-20260921-001/mmmt/jev,jev_only,671.9999999986612,4
smac-hard/jev_runs/all-maps-20260921-001/mmmt/jev,jev_only,608.9999999967404,4
smac-hard/jev_runs/all-maps-20260921-001/mmmt/jev,jev_only,843.9999999973224,4
smac-hard/jev_runs/all-maps-20260921-001/mmmt/jev,jev_only,1000.0,4
smac-hard/jev_runs/all-maps-20260921-001/mmmt/jev,jev_only,859.0000000040163,4
smac-hard/jev_runs/all-maps-20260921-001/mmmt/jev,jev_only,483.99999999674037,3
smac-hard/jev_runs/all-maps-20260921-001/mmmt/jev,jev_only,563.0000000019209,3
smac-hard/jev_runs/all-maps-20260921-001/mmmt/jev,jev_only,656.0000000026776,3
smac-hard/jev_runs/all-maps-20260921-001/mmmt/jev,jev_only,500.0,2
smac-hard/jev_runs/all-maps-20260921-001/mmmt/jev,jev_only,483.99999999674037,2
smac-hard/jev_runs/all-maps-20260921-001/mmmt/jev,jev_only,485.0000000005821,2
smac-hard/jev_runs/all-maps-20260921-001/mmmt/jev,jev_only,500.0,1
smac-hard/jev_runs/all-maps-20260921-001/mmmt/jev,jev_only,468.0000000007567,1
smac-hard/jev_runs/all-maps-20260921-001/mmmt/jev,jev_only,578.0000000013388,1
smac-hard/jev_runs/p0-astra-all-maps-20260922-001/mmmt/jev,jev_gpt6,2343.9999999973224,2
smac-hard/jev_runs/p0-astra-all-maps-20260922-001/mmmt/jev,jev_gpt6,562.9999999946449,2
smac-hard/jev_runs/p0-astra-all-maps-20260922-001/mmmt/jev,jev_gpt6,547.0000000059372,2
smac-hard/jev_runs/p0-astra-all-maps-20260922-001/mmmt/jev,jev_gpt6,547.0000000059372,2
smac-hard/jev_runs/p0-astra-all-maps-20260922-001/mmmt/jev,jev_gpt6,514.9999999994179,2
smac-hard/jev_runs/p0-astra-all-maps-20260922-001/mmmt/jev,jev_gpt6,546.0000000020955,2
smac-hard/jev_runs/p0-astra-all-maps-20260922-001/mmmt/jev,jev_gpt6,547.0000000059372,2
smac-hard/jev_runs/p0-astra-all-maps-20260922-001/mmmt/jev,jev_gpt6,577.9999999940628,2
smac-hard/jev_runs/p0-astra-all-maps-20260922-001/mmmt/jev,jev_gpt6,1390.9999999887077,4
smac-hard/jev_runs/p0-astra-all-maps-20260922-001/mmmt/jev,jev_gpt6,967.9999999934807,5
smac-hard/jev_runs/p0-astra-all-maps-20260922-001/mmmt/jev,jev_gpt6,968.9999999973224,5
smac-hard/jev_runs/p0-astra-all-maps-20260922-001/mmmt/jev,jev_gpt6,937.9999999946449,5
smac-hard/jev_runs/p0-astra-all-maps-20260922-001/mmmt/jev,jev_gpt6,937.9999999946449,5
smac-hard/jev_runs/p0-astra-all-maps-20260922-001/mmmt/jev,jev_gpt6,921.9999999913853,5
smac-hard/jev_runs/p0-astra-all-maps-20260922-001/mmmt/jev,jev_gpt6,875.0,5
smac-hard/jev_runs/p0-astra-all-maps-20260922-001/mmmt/jev,jev_gpt6,562.0000000053551,4
smac-hard/jev_runs/p0-astra-all-maps-20260922-001/mmmt/jev,jev_gpt6,639.9999999994179,4
smac-hard/jev_runs/p0-astra-all-maps-20260922-001/mmmt/jev,jev_gpt6,547.0000000059372,4
smac-hard/jev_runs/p0-astra-all-maps-20260922-001/mmmt/jev,jev_gpt6,546.9999999913853,4
smac-hard/jev_runs/p0-astra-all-maps-20260922-001/mmmt/jev,jev_gpt6,546.9999999913853,4
smac-hard/jev_runs/p0-astra-all-maps-20260922-001/mmmt/jev,jev_gpt6,531.0000000026776,4
smac-hard/jev_runs/p0-astra-all-maps-20260922-001/mmmt/jev,jev_gpt6,563.0000000091968,4
smac-hard/jev_runs/p0-astra-all-maps-20260922-001/mmmt/jev,jev_gpt6,514.9999999994179,4
smac-hard/jev_runs/p0-astra-all-maps-20260922-001/mmmt/jev,jev_gpt6,610.0000000005821,4
smac-hard/jev_runs/p0-astra-all-maps-20260922-001/mmmt/jev,jev_gpt6,891.0000000032596,4
smac-hard/jev_runs/p0-astra-all-maps-20260922-001/mmmt/jev,jev_gpt6,547.0000000059372,4
smac-hard/jev_runs/p0-astra-all-maps-20260922-001/mmmt/jev,jev_gpt6,516.0000000032596,3
smac-hard/jev_runs/p0-astra-all-maps-20260922-001/mmmt/jev,jev_gpt6,906.9999999919673,3
smac-hard/jev_runs/p0-astra-all-maps-20260922-001/mmmt/jev,jev_gpt6,608.9999999967404,3
smac-hard/jev_runs/p0-astra-all-maps-20260922-001/mmmt/jev,jev_gpt6,562.9999999946449,3
smac-hard/jev_runs/p0-astra-all-maps-20260922-001/mmmt/jev,jev_gpt6,625.0,3
smac-hard/jev_runs/p0-astra-all-maps-20260922-001/mmmt/jev,jev_gpt6,562.9999999946449,3
smac-hard/jev_runs/p0-astra-all-maps-20260922-001/mmmt/jev,jev_gpt6,546.9999999913853,3
smac-hard/jev_runs/p0-astra-all-maps-20260922-001/mmmt/jev,jev_gpt6,578.0000000086147,3
smac-hard/jev_runs/p0-astra-all-maps-20260922-001/mmmt/jev,jev_gpt6,563.0000000091968,2
smac-hard/jev_runs/p0-astra-all-maps-20260922-001/mmmt/jev,jev_gpt6,562.0000000053551,2
smac-hard/jev_runs/p0-astra-all-maps-20260922-001/mmmt/jev,jev_gpt6,562.9999999946449,2
smac-hard/jev_runs/p0-astra-all-maps-20260922-001/mmmt/jev,jev_gpt6,531.0000000026776,2
smac-hard/jev_runs/p0-astra-all-maps-20260922-001/mmmt/jev,jev_gpt6,593.0000000080327,2
smac-hard/jev_runs/p0-astra-all-maps-20260922-001/mmmt/jev,jev_gpt6,531.0000000026776,2
smac-hard/jev_runs/p0-astra-all-maps-20260922-001/mmmt/jev,jev_gpt6,531.0000000026776,2
smac-hard/jev_runs/p0-astra-all-maps-20260922-001/mmmt/jev,jev_gpt6,531.0000000026776,2
smac-hard/jev_runs/p0-astra-all-maps-20260922-001/mmmt/jev,jev_gpt6,546.9999999913853,2
smac-hard/jev_runs/p0-astra-all-maps-20260922-001/mmmt/jev,jev_gpt6,531.0000000026776,2
smac-hard/jev_runs/p0-astra-all-maps-20260922-001/mmmt/jev,jev_gpt6,546.9999999913853,2
smac-hard/jev_runs/p0-astra-all-maps-20260922-001/mmmt/jev,jev_gpt6,516.0000000032596,2
smac-hard/jev_runs/p0-astra-all-maps-20260922-001/mmmt/jev,jev_gpt6,656.0000000026776,1
smac-hard/jev_runs/p0-astra-all-maps-20260922-001/mmmt/jev,jev_gpt6,530.9999999881256,1
smac-hard/jev_runs/p0-astra-all-maps-20260922-001/mmmt/jev,jev_gpt6,547.0000000059372,1
smac-hard/jev_runs/p0-astra-all-maps-20260922-001/mmmt/jev,jev_gpt6,546.9999999913853,1
smac-hard/jev_runs/p0-astra-all-maps-20260922-001/mmmt/jev,jev_gpt6,531.0000000026776,1
smac-hard/jev_runs/p0-astra-all-maps-20260922-001/mmmt/jev,jev_gpt6,608.9999999967404,1
smac-hard/jev_runs/p0-astra-all-maps-20260922-001/mmmt/jev,jev_gpt6,484.0000000112923,1
smac-hard/jev_runs/p0-astra-all-maps-20260922-001/mmmt/jev,jev_gpt6,500.0,1
smac-hard/jev_runs/p0-astra-all-maps-20260922-001/mmmt/jev,jev_gpt6,531.0000000026776,1
smac-hard/jev_runs/p0-astra-all-maps-20260922-001/mmmt/jev,jev_gpt6,485.0000000005821,1
smac-hard/jev_runs/p0-astra-all-maps-20260922-001/mmmt/jev,jev_gpt6,500.0,1
smac-hard/jev_runs/p0-astra-all-maps-20260922-001/mmmt/jev,jev_gpt6,547.0000000059372,1
smac-hard/jev_runs/p0-astra-all-maps-20260922-001/mmmt/jev,jev_gpt6,468.99999999732245,1
smac-hard/jev_runs/p0-astra-all-maps-20260922-001/mmmt/jev,jev_gpt6,514.9999999994179,1
smac-hard/jev_runs/p0-astra-all-maps-20260922-001/mmmt/jev,jev_gpt6,3436.999999990803,2
smac-hard/jev_runs/p0-astra-all-maps-20260922-001/mmmt/jev,jev_gpt6,547.0000000059372,2
smac-hard/jev_runs/p0-astra-all-maps-20260922-001/mmmt/jev,jev_gpt6,563.0000000091968,2
smac-hard/jev_runs/p0-astra-all-maps-20260922-001/mmmt/jev,jev_gpt6,531.0000000026776,2
smac-hard/jev_runs/p0-astra-all-maps-20260922-001/mmmt/jev,jev_gpt6,561.9999999908032,2
smac-hard/jev_runs/p0-astra-all-maps-20260922-001/mmmt/jev,jev_gpt6,547.0000000059372,2
smac-hard/jev_runs/p0-astra-all-maps-20260922-001/mmmt/jev,jev_gpt6,516.0000000032596,2
smac-hard/jev_runs/p0-astra-all-maps-20260922-001/mmmt/jev,jev_gpt6,578.9999999979045,2
smac-hard/jev_runs/p0-astra-all-maps-20260922-001/mmmt/jev,jev_gpt6,1468.0000000080327,4
smac-hard/jev_runs/p0-astra-all-maps-20260922-001/mmmt/jev,jev_gpt6,967.9999999934807,5
smac-hard/jev_runs/p0-astra-all-maps-20260922-001/mmmt/jev,jev_gpt6,1000.0,5
smac-hard/jev_runs/p0-astra-all-maps-20260922-001/mmmt/jev,jev_gpt6,922.0000000059372,5
smac-hard/jev_runs/p0-astra-all-maps-20260922-001/mmmt/jev,jev_gpt6,922.0000000059372,5
smac-hard/jev_runs/p0-astra-all-maps-20260922-001/mmmt/jev,jev_gpt6,906.0000000026776,5
smac-hard/jev_runs/p0-astra-all-maps-20260922-001/mmmt/jev,jev_gpt6,952.9999999940628,5
smac-hard/jev_runs/p0-astra-all-maps-20260922-001/mmmt/jev,jev_gpt6,531.0000000026776,4
smac-hard/jev_runs/p0-astra-all-maps-20260922-001/mmmt/jev,jev_gpt6,546.9999999913853,4
smac-hard/jev_runs/p0-astra-all-maps-20260922-001/mmmt/jev,jev_gpt6,577.9999999940628,4
smac-hard/jev_runs/p0-astra-all-maps-20260922-001/mmmt/jev,jev_gpt6,625.0,4
smac-hard/jev_runs/p0-astra-all-maps-20260922-001/mmmt/jev,jev_gpt6,563.0000000091968,4
smac-hard/jev_runs/p0-astra-all-maps-20260922-001/mmmt/jev,jev_gpt6,639.9999999994179,4
smac-hard/jev_runs/p0-astra-all-maps-20260922-001/mmmt/jev,jev_gpt6,547.0000000059372,4
smac-hard/jev_runs/p0-astra-all-maps-20260922-001/mmmt/jev,jev_gpt6,625.0,4
smac-hard/jev_runs/p0-astra-all-maps-20260922-001/mmmt/jev,jev_gpt6,562.9999999946449,4
smac-hard/jev_runs/p0-astra-all-maps-20260922-001/mmmt/jev,jev_gpt6,515.9999999887077,3
smac-hard/jev_runs/p0-astra-all-maps-20260922-001/mmmt/jev,jev_gpt6,906.0000000026776,3
smac-hard/jev_runs/p0-astra-all-maps-20260922-001/mmmt/jev,jev_gpt6,610.0000000005821,3
smac-hard/jev_runs/p0-astra-all-maps-20260922-001/mmmt/jev,jev_gpt6,562.0000000053551,3
smac-hard/jev_runs/p0-astra-all-maps-20260922-001/mmmt/jev,jev_gpt6,516.0000000032596,3
smac-hard/jev_runs/p0-astra-all-maps-20260922-001/mmmt/jev,jev_gpt6,500.0,3
smac-hard/jev_runs/p0-astra-all-maps-20260922-001/mmmt/jev,jev_gpt6,577.9999999940628,3
smac-hard/jev_runs/p0-astra-all-maps-20260922-001/mmmt/jev,jev_gpt6,514.9999999994179,3
smac-hard/jev_runs/p0-astra-all-maps-20260922-001/mmmt/jev,jev_gpt6,530.9999999881256,3
smac-hard/jev_runs/p0-astra-all-maps-20260922-001/mmmt/jev,jev_gpt6,547.0000000059372,3
smac-hard/jev_runs/p0-astra-all-maps-20260922-001/mmmt/jev,jev_gpt6,593.9999999973224,2
smac-hard/jev_runs/p0-astra-all-maps-20260922-001/mmmt/jev,jev_gpt6,500.0,2
smac-hard/jev_runs/p0-astra-all-maps-20260922-001/mmmt/jev,jev_gpt6,562.9999999946449,2
smac-hard/jev_runs/p0-astra-all-maps-20260922-001/mmmt/jev,jev_gpt6,562.0000000053551,2
smac-hard/jev_runs/p0-astra-all-maps-20260922-001/mmmt/jev,jev_gpt6,514.9999999994179,2
smac-hard/jev_runs/p0-astra-all-maps-20260922-001/mmmt/jev,jev_gpt6,531.0000000026776,2
smac-hard/jev_runs/p0-astra-all-maps-20260922-001/mmmt/jev,jev_gpt6,547.0000000059372,2
smac-hard/jev_runs/p0-astra-all-maps-20260922-001/mmmt/jev,jev_gpt6,531.0000000026776,2
smac-hard/jev_runs/p0-astra-all-maps-20260922-001/mmmt/jev,jev_gpt6,563.0000000091968,2
smac-hard/jev_runs/p0-astra-all-maps-20260922-001/mmmt/jev,jev_gpt6,530.9999999881256,2
smac-hard/jev_runs/p0-astra-all-maps-20260922-001/mmmt/jev,jev_gpt6,531.0000000026776,2
smac-hard/jev_runs/p0-astra-all-maps-20260922-001/mmmt/jev,jev_gpt6,530.9999999881256,2
smac-hard/jev_runs/p0-astra-all-maps-20260922-001/mmmt/jev,jev_gpt6,500.0,2
smac-hard/jev_runs/p0-astra-all-maps-20260922-001/mmmt/jev,jev_gpt6,531.0000000026776,2
smac-hard/jev_runs/p0-astra-all-maps-20260922-001/mmmt/jev,jev_gpt6,547.0000000059372,2
smac-hard/jev_runs/p0-astra-all-maps-20260922-001/mmmt/jev,jev_gpt6,516.0000000032596,1
smac-hard/jev_runs/p0-astra-all-maps-20260922-001/mmmt/jev,jev_gpt6,547.0000000059372,1
smac-hard/jev_runs/p0-astra-all-maps-20260922-001/mmmt/jev,jev_gpt6,516.0000000032596,1
smac-hard/jev_runs/p0-astra-all-maps-20260922-001/mmmt/jev,jev_gpt6,500.0,1
smac-hard/jev_runs/p0-astra-all-maps-20260922-001/mmmt/jev,jev_gpt6,500.0,1
smac-hard/jev_runs/p0-astra-all-maps-20260922-001/mmmt/jev,jev_gpt6,546.0000000020955,1
smac-hard/jev_runs/p0-astra-all-maps-20260922-001/mmmt/jev,jev_gpt6,547.0000000059372,1
smac-hard/jev_runs/p0-astra-all-maps-20260922-001/mmmt/jev,jev_gpt6,500.0,1
smac-hard/jev_runs/p0-astra-all-maps-20260922-001/mmmt/jev,jev_gpt6,484.0000000112923,1
smac-hard/jev_runs/p0-astra-all-maps-20260922-001/mmmt/jev,jev_gpt6,547.0000000059372,1
smac-hard/jev_runs/p0-astra-all-maps-20260922-001/mmmt/jev,jev_gpt6,531.9999999919673,1
smac-hard/jev_runs/p0-astra-all-maps-20260922-001/mmmt/jev,jev_gpt6,514.9999999994179,1
smac-hard/jev_runs/p0-astra-all-maps-20260922-001/mmmt/jev,jev_gpt6,531.9999999919673,1
smac-hard/jev_runs/p0-astra-all-maps-20260922-001/mmmt/jev,jev_gpt6,483.99999999674037,1
smac-hard/jev_runs/p0-astra-all-maps-20260922-001/mmmt/jev,jev_gpt6,531.0000000026776,1
smac-hard/jev_runs/p0-astra-all-maps-20260922-001/mmmt/jev,jev_gpt6,514.9999999994179,1
smac-hard/jev_runs/p0-astra-all-maps-20260922-001/mmmt/jev,jev_gpt6,484.0000000112923,1
smac-hard/jev_runs/p0-astra-all-maps-20260922-001/mmmt/jev,jev_gpt6,500.0,1
smac-hard/jev_runs/p0-astra-all-maps-20260922-001/mmmt/jev,jev_gpt6,500.0,1
smac-hard/jev_runs/p0-astra-all-maps-20260922-001/mmmt/jev,jev_gpt6,531.0000000026776,1
smac-hard/jev_runs/p0-astra-all-maps-20260922-001/mmmt/jev,jev_gpt6,515.9999999887077,1
smac-hard/jev_runs/p0-astra-all-maps-20260922-001/mmmt/jev,jev_gpt6,547.0000000059372,1
smac-hard/jev_runs/p0-astra-all-maps-20260922-001/mmmt/jev,jev_gpt6,2202.999999994063,2
smac-hard/jev_runs/p0-astra-all-maps-20260922-001/mmmt/jev,jev_gpt6,639.9999999994179,2
smac-hard/jev_runs/p0-astra-all-maps-20260922-001/mmmt/jev,jev_gpt6,625.0,2
smac-hard/jev_runs/p0-astra-all-maps-20260922-001/mmmt/jev,jev_gpt6,984.0000000112923,2
smac-hard/jev_runs/p0-astra-all-maps-20260922-001/mmmt/jev,jev_gpt6,516.0000000032596,2
smac-hard/jev_runs/p0-astra-all-maps-20260922-001/mmmt/jev,jev_gpt6,546.9999999913853,2
smac-hard/jev_runs/p0-astra-all-maps-20260922-001/mmmt/jev,jev_gpt6,547.0000000059372,2
smac-hard/jev_runs/p0-astra-all-maps-20260922-001/mmmt/jev,jev_gpt6,562.0000000053551,2
smac-hard/jev_runs/p0-astra-all-maps-20260922-001/mmmt/jev,jev_gpt6,6484.000000011292,4
smac-hard/jev_runs/p0-astra-all-maps-20260922-001/mmmt/jev,jev_gpt6,1406.0000000026776,5
smac-hard/jev_runs/p0-astra-all-maps-20260922-001/mmmt/jev,jev_gpt6,1016.0000000032596,5
smac-hard/jev_runs/p0-astra-all-maps-20260922-001/mmmt/jev,jev_gpt6,1000.0,5
smac-hard/jev_runs/p0-astra-all-maps-20260922-001/mmmt/jev,jev_gpt6,952.9999999940628,5
smac-hard/jev_runs/p0-astra-all-maps-20260922-001/mmmt/jev,jev_gpt6,968.9999999973224,5
smac-hard/jev_runs/p0-astra-all-maps-20260922-001/mmmt/jev,jev_gpt6,922.0000000059372,5
smac-hard/jev_runs/p0-astra-all-maps-20260922-001/mmmt/jev,jev_gpt6,578.0000000086147,4
smac-hard/jev_runs/p0-astra-all-maps-20260922-001/mmmt/jev,jev_gpt6,594.0000000118744,4
smac-hard/jev_runs/p0-astra-all-maps-20260922-001/mmmt/jev,jev_gpt6,562.0000000053551,4
smac-hard/jev_runs/p0-astra-all-maps-20260922-001/mmmt/jev,jev_gpt6,671.0000000020955,4
smac-hard/jev_runs/p0-astra-all-maps-20260922-001/mmmt/jev,jev_gpt6,563.0000000091968,4
smac-hard/jev_runs/p0-astra-all-maps-20260922-001/mmmt/jev,jev_gpt6,547.0000000059372,4
smac-hard/jev_runs/p0-astra-all-maps-20260922-001/mmmt/jev,jev_gpt6,641.0000000032596,4
smac-hard/jev_runs/p0-astra-all-maps-20260922-001/mmmt/jev,jev_gpt6,592.9999999934807,4
smac-hard/jev_runs/p0-astra-all-maps-20260922-001/mmmt/jev,jev_gpt6,593.9999999973224,4
smac-hard/jev_runs/p0-astra-all-maps-20260922-001/mmmt/jev,jev_gpt6,516.0000000032596,4
smac-hard/jev_runs/p0-astra-all-maps-20260922-001/mmmt/jev,jev_gpt6,578.0000000086147,4
smac-hard/jev_runs/p0-astra-all-maps-20260922-001/mmmt/jev,jev_gpt6,531.0000000026776,3
smac-hard/jev_runs/p0-astra-all-maps-20260922-001/mmmt/jev,jev_gpt6,625.0,3
smac-hard/jev_runs/p0-astra-all-maps-20260922-001/mmmt/jev,jev_gpt6,546.0000000020955,3
smac-hard/jev_runs/p0-astra-all-maps-20260922-001/mmmt/jev,jev_gpt6,593.9999999973224,3
smac-hard/jev_runs/p0-astra-all-maps-20260922-001/mmmt/jev,jev_gpt6,562.0000000053551,3
smac-hard/jev_runs/p0-astra-all-maps-20260922-001/mmmt/jev,jev_gpt6,578.0000000086147,3
smac-hard/jev_runs/p0-astra-all-maps-20260922-001/mmmt/jev,jev_gpt6,608.9999999967404,2
smac-hard/jev_runs/p0-astra-all-maps-20260922-001/mmmt/jev,jev_gpt6,514.9999999994179,2
smac-hard/jev_runs/p0-astra-all-maps-20260922-001/mmmt/jev,jev_gpt6,530.9999999881256,2
smac-hard/jev_runs/p0-astra-all-maps-20260922-001/mmmt/jev,jev_gpt6,610.0000000005821,2
smac-hard/jev_runs/p0-astra-all-maps-20260922-001/mmmt/jev,jev_gpt6,500.0,2
smac-hard/jev_runs/p0-astra-all-maps-20260922-001/mmmt/jev,jev_gpt6,578.0000000086147,2
smac-hard/jev_runs/p0-astra-all-maps-20260922-001/mmmt/jev,jev_gpt6,563.0000000091968,2
smac-hard/jev_runs/p0-astra-all-maps-20260922-001/mmmt/jev,jev_gpt6,547.0000000059372,2
smac-hard/jev_runs/p0-astra-all-maps-20260922-001/mmmt/jev,jev_gpt6,577.9999999940628,2
smac-hard/jev_runs/p0-astra-all-maps-20260922-001/mmmt/jev,jev_gpt6,625.0,2
smac-hard/jev_runs/p0-astra-all-maps-20260922-001/mmmt/jev,jev_gpt6,531.0000000026776,2
smac-hard/jev_runs/p0-astra-all-maps-20260922-001/mmmt/jev,jev_gpt6,547.0000000059372,2
smac-hard/jev_runs/p0-astra-all-maps-20260922-001/mmmt/jev,jev_gpt6,546.9999999913853,2
smac-hard/jev_runs/p0-astra-all-maps-20260922-001/mmmt/jev,jev_gpt6,562.0000000053551,2
smac-hard/jev_runs/p0-astra-all-maps-20260922-001/mmmt/jev,jev_gpt6,531.0000000026776,2
smac-hard/jev_runs/p0-astra-all-maps-20260922-001/mmmt/jev,jev_gpt6,516.0000000032596,2
smac-hard/jev_runs/p0-astra-all-maps-20260922-001/mmmt/jev,jev_gpt6,546.9999999913853,2
smac-hard/jev_runs/p0-astra-all-maps-20260922-001/mmmt/jev,jev_gpt6,593.9999999973224,1
smac-hard/jev_runs/p0-astra-all-maps-20260922-001/mmmt/jev,jev_gpt6,547.0000000059372,1
smac-hard/jev_runs/p0-astra-all-maps-20260922-001/mmmt/jev,jev_gpt6,547.0000000059372,1
smac-hard/jev_runs/p0-astra-all-maps-20260922-001/mmmt/jev,jev_gpt6,531.0000000026776,1
smac-hard/jev_runs/p0-astra-all-maps-20260922-001/mmmt/jev,jev_gpt6,562.9999999946449,1
smac-hard/jev_runs/p0-astra-all-maps-20260922-001/mmmt/jev,jev_gpt6,546.9999999913853,1
smac-hard/jev_runs/p0-astra-all-maps-20260922-001/mmmt/jev,jev_gpt6,500.0,1
smac-hard/jev_runs/p0-astra-all-maps-20260922-001/mmmt/jev,jev_gpt6,485.0000000005821,1
smac-hard/jev_runs/p0-astra-all-maps-20260922-001/mmmt/jev,jev_gpt6,500.0,1
smac-hard/jev_runs/p0-astra-all-maps-20260922-001/mmmt/jev,jev_gpt6,468.99999999732245,1
smac-hard/jev_runs/p0-astra-all-maps-20260922-001/mmmt/jev,jev_gpt6,561.9999999908032,1
smac-hard/jev_runs/p0-astra-all-maps-20260922-001/mmmt/jev,jev_gpt6,500.0,1
smac-hard/jev_runs/p0-astra-all-maps-20260922-001/mmmt/jev,jev_gpt6,577.9999999940628,1
smac-hard/jev_runs/p0-astra-all-maps-20260922-001/mmmt/jev,jev_gpt6,516.0000000032596,1
smac-hard/jev_runs/p0-astra-all-maps-20260922-001/mmmt/jev,jev_gpt6,468.99999999732245,1
smac-hard/jev_runs/p0-astra-all-maps-20260922-001/mmmt/jev,jev_gpt6,483.99999999674037,1
smac-hard/jev_runs/p0-astra-all-maps-20260922-001/mmmt/jev,jev_gpt6,531.0000000026776,1
smac-hard/jev_runs/p0-astra-all-maps-20260922-001/mmmt/jev,jev_gpt6,500.0,1
smac-hard/jev_runs/p0-astra-all-maps-20260922-001/mmmt/jev,jev_gpt6,531.0000000026776,1
smac-hard/jev_runs/p0-astra-all-maps-20260922-001/mmmt/jev,jev_gpt6,516.0000000032596,1
smac-hard/jev_runs/p0-astra-all-maps-20260922-001/mmmt/jev,jev_gpt6,562.9999999946449,1
smac-hard/jev_runs/p0-astra-all-maps-20260922-001/mmmt/jev,jev_gpt6,467.99999999348074,1
smac-hard/jev_runs/p0-astra-all-maps-20260922-001/mmmt/jev,jev_gpt6,516.0000000032596,1
smac-hard/jev_runs/p0-astra-all-maps-20260922-001/mmmt/jev,jev_gpt6,485.0000000005821,1
smac-hard/jev_runs/p0-astra-all-maps-20260922-001/mmmt/jev,jev_gpt6,562.9999999946449,1
smac-hard/jev_runs/p0-astra-all-maps-20260922-001/mmmt/jev,jev_gpt6,469.00000001187436,1
smac-hard/jev_runs/p0-astra-all-maps-20260922-001/mmmt/jev,jev_gpt6,516.0000000032596,1
smac-hard/jev_runs/p0-astra-all-maps-20260922-001/mmmt/jev,jev_gpt6,531.0000000026776,1
smac-hard/jev_runs/p0-astra-all-maps-20260922-001/mmmt/jev,jev_gpt6,485.0000000005821,1
smac-hard/jev_runs/p0-astra-all-maps-20260922-001/mmmt/jev,jev_gpt6,485.0000000005821,1
smac-hard/jev_runs/p0-astra-all-maps-20260922-001/mmmt/jev,jev_gpt6,483.99999999674037,1
smac-hard/jev_runs/p0-astra-all-maps-20260922-001/mmmt/jev,jev_gpt6,483.99999999674037,1
smac-hard/jev_runs/p0-astra-all-maps-20260922-001/mmmt/jev,jev_gpt6,468.99999999732245,1
smac-hard/jev_runs/p0-astra-all-maps-20260922-001/mmmt/jev,jev_gpt6,562.9999999946449,1
smac-hard/jev_runs/p0-astra-all-maps-20260922-001/mmmt/jev,jev_gpt6,483.99999999674037,1
smac-hard/jev_runs/p0-astra-all-maps-20260922-001/mmmt/jev,jev_gpt6,500.0,1
smac-hard/jev_runs/p0-astra-all-maps-20260922-001/mmmt/jev,jev_gpt6,452.9999999940628,1
smac-hard/jev_runs/p0-astra-all-maps-20260922-001/mmmt/jev,jev_gpt6,562.0000000053551,1
smac-hard/jev_runs/p0-astra-all-maps-20260922-001/mmmt/jev,jev_gpt6,546.9999999913853,1
smac-hard/jev_runs/p0-astra-all-maps-20260922-001/mmmt/jev,jev_gpt6,547.0000000059372,1
smac-hard/jev_runs/p0-astra-all-maps-20260922-001/mmmt/jev,jev_gpt6,468.00000000803266,1
smac-hard/jev_runs/p0-astra-all-maps-20260922-001/mmmt/jev,jev_gpt6,452.9999999940628,1
smac-hard/jev_runs/p0-astra-all-maps-20260922-001/mmmt/jev,jev_gpt6,843.9999999973224,1
smac-hard/jev_runs/p0-astra-all-maps-20260922-001/mmmt/jev,jev_gpt6,467.99999999348074,1
smac-hard/jev_runs/p0-astra-all-maps-20260922-001/mmmt/jev,jev_gpt6,672.0000000059372,1
smac-hard/jev_runs/p0-astra-all-maps-20260922-001/mmmt/jev,jev_gpt6,561.9999999908032,1
smac-hard/jev_runs/p0-astra-all-maps-20260922-001/mmmt/jev,jev_gpt6,547.0000000059372,1
smac-hard/jev_runs/p0-astra-all-maps-20260922-001/mmmt/jev,jev_gpt6,468.99999999732245,1
smac-hard/jev_runs/p0-astra-all-maps-20260922-001/mmmt/jev,jev_gpt6,514.9999999994179,1
smac-hard/jev_runs/p0-astra-all-maps-20260922-001/mmmt/jev,jev_gpt6,515.9999999887077,1
smac-hard/jev_runs/p0-astra-all-maps-20260922-001/mmmt/jev,jev_gpt6,500.0,1
smac-hard/jev_runs/p0-astra-all-maps-20260922-001/mmmt/jev,jev_gpt6,516.0000000032596,1
smac-hard/jev_runs/p0-astra-all-maps-20260922-001/mmmt/jev,jev_gpt6,452.9999999940628,1
smac-hard/jev_runs/p0-astra-all-maps-20260922-001/mmmt/jev,jev_gpt6,468.99999999732245,1
smac-hard/jev_runs/p0-astra-all-maps-20260922-001/mmmt/jev,jev_gpt6,531.0000000026776,1
smac-hard/jev_runs/p0-astra-all-maps-20260922-001/mmmt/jev,jev_gpt6,452.9999999940628,1
smac-hard/jev_runs/all-maps-20260921-001/mmmt_vs_zhb/jev,jev_only,1328.0000000013388,1
smac-hard/jev_runs/all-maps-20260921-001/mmmt_vs_zhb/jev,jev_only,953.0000000013388,1
smac-hard/jev_runs/all-maps-20260921-001/mmmt_vs_zhb/jev,jev_only,531.0000000026776,1
smac-hard/jev_runs/all-maps-20260921-001/mmmt_vs_zhb/jev,jev_only,718.9999999973224,1
smac-hard/jev_runs/all-maps-20260921-001/mmmt_vs_zhb/jev,jev_only,562.9999999946449,1
smac-hard/jev_runs/all-maps-20260921-001/mmmt_vs_zhb/jev,jev_only,531.0000000026776,1
smac-hard/jev_runs/all-maps-20260921-001/mmmt_vs_zhb/jev,jev_only,531.0000000026776,1
smac-hard/jev_runs/all-maps-20260921-001/mmmt_vs_zhb/jev,jev_only,1078.0000000013388,5
smac-hard/jev_runs/all-maps-20260921-001/mmmt_vs_zhb/jev,jev_only,1639.999999999418,11
smac-hard/jev_runs/all-maps-20260921-001/mmmt_vs_zhb/jev,jev_only,1578.0000000013388,11
smac-hard/jev_runs/all-maps-20260921-001/mmmt_vs_zhb/jev,jev_only,1639.999999999418,11
smac-hard/jev_runs/all-maps-20260921-001/mmmt_vs_zhb/jev,jev_only,1514.999999999418,11
smac-hard/jev_runs/all-maps-20260921-001/mmmt_vs_zhb/jev,jev_only,1733.9999999967404,12
smac-hard/jev_runs/all-maps-20260921-001/mmmt_vs_zhb/jev,jev_only,1656.9999999992433,11
smac-hard/jev_runs/all-maps-20260921-001/mmmt_vs_zhb/jev,jev_only,1500.0,11
smac-hard/jev_runs/all-maps-20260921-001/mmmt_vs_zhb/jev,jev_only,2014.999999999418,13
smac-hard/jev_runs/all-maps-20260921-001/mmmt_vs_zhb/jev,jev_only,1593.0000000007567,12
smac-hard/jev_runs/all-maps-20260921-001/mmmt_vs_zhb/jev,jev_only,1578.0000000013388,11
smac-hard/jev_runs/all-maps-20260921-001/mmmt_vs_zhb/jev,jev_only,2000.0,14
smac-hard/jev_runs/all-maps-20260921-001/mmmt_vs_zhb/jev,jev_only,1875.0,13
smac-hard/jev_runs/all-maps-20260921-001/mmmt_vs_zhb/jev,jev_only,1922.0000000059372,14
smac-hard/jev_runs/all-maps-20260921-001/mmmt_vs_zhb/jev,jev_only,1718.9999999973224,12
smac-hard/jev_runs/all-maps-20260921-001/mmmt_vs_zhb/jev,jev_only,1796.9999999986612,10
smac-hard/jev_runs/all-maps-20260921-001/mmmt_vs_zhb/jev,jev_only,1688.0000000019209,10
smac-hard/jev_runs/all-maps-20260921-001/mmmt_vs_zhb/jev,jev_only,1468.9999999973224,9
smac-hard/jev_runs/all-maps-20260921-001/mmmt_vs_zhb/jev,jev_only,1093.0000000007567,8
smac-hard/jev_runs/all-maps-20260921-001/mmmt_vs_zhb/jev,jev_only,1328.0000000013388,7
smac-hard/jev_runs/all-maps-20260921-001/mmmt_vs_zhb/jev,jev_only,1313.0000000019209,7
smac-hard/jev_runs/all-maps-20260921-001/mmmt_vs_zhb/jev,jev_only,1031.0000000026776,7
smac-hard/jev_runs/all-maps-20260921-001/mmmt_vs_zhb/jev,jev_only,1015.9999999959837,6
smac-hard/jev_runs/all-maps-20260921-001/mmmt_vs_zhb/jev,jev_only,875.0,5
smac-hard/jev_runs/all-maps-20260921-001/mmmt_vs_zhb/jev,jev_only,625.0,4
smac-hard/jev_runs/all-maps-20260921-001/mmmt_vs_zhb/jev,jev_only,546.9999999986612,4
smac-hard/jev_runs/all-maps-20260921-001/mmmt_vs_zhb/jev,jev_only,516.0000000032596,3
smac-hard/jev_runs/all-maps-20260921-001/mmmt_vs_zhb/jev,jev_only,516.0000000032596,2
smac-hard/jev_runs/all-maps-20260921-001/mmmt_vs_zhb/jev,jev_only,608.9999999967404,1
smac-hard/jev_runs/all-maps-20260921-001/mmmt_vs_zhb/jev,jev_only,515.9999999959837,1
smac-hard/jev_runs/all-maps-20260921-001/mmmt_vs_zhb/jev,jev_only,500.0,1
smac-hard/jev_runs/all-maps-20260921-001/mmmt_vs_zhb/jev,jev_only,671.9999999986612,1
smac-hard/jev_runs/all-maps-20260921-001/mmmt_vs_zhb/jev,jev_only,500.0,1
smac-hard/jev_runs/all-maps-20260921-001/mmmt_vs_zhb/jev,jev_only,546.0000000020955,1
smac-hard/jev_runs/all-maps-20260921-001/mmmt_vs_zhb/jev,jev_only,531.9999999992433,1
smac-hard/jev_runs/all-maps-20260921-001/mmmt_vs_zhb/jev,jev_only,1078.0000000013388,5
smac-hard/jev_runs/all-maps-20260921-001/mmmt_vs_zhb/jev,jev_only,1655.9999999954016,11
smac-hard/jev_runs/all-maps-20260921-001/mmmt_vs_zhb/jev,jev_only,1500.0,11
smac-hard/jev_runs/all-maps-20260921-001/mmmt_vs_zhb/jev,jev_only,1546.9999999986612,11
smac-hard/jev_runs/all-maps-20260921-001/mmmt_vs_zhb/jev,jev_only,1578.0000000013388,11
smac-hard/jev_runs/all-maps-20260921-001/mmmt_vs_zhb/jev,jev_only,1625.0,11
smac-hard/jev_runs/all-maps-20260921-001/mmmt_vs_zhb/jev,jev_only,2156.9999999992433,13
smac-hard/jev_runs/all-maps-20260921-001/mmmt_vs_zhb/jev,jev_only,2046.9999999986612,12
smac-hard/jev_runs/all-maps-20260921-001/mmmt_vs_zhb/jev,jev_only,2046.9999999986612,15
smac-hard/jev_runs/all-maps-20260921-001/mmmt_vs_zhb/jev,jev_only,2312.999999994645,16
smac-hard/jev_runs/all-maps-20260921-001/mmmt_vs_zhb/jev,jev_only,2313.000000001921,17
smac-hard/jev_runs/all-maps-20260921-001/mmmt_vs_zhb/jev,jev_only,2171.999999998661,15
smac-hard/jev_runs/all-maps-20260921-001/mmmt_vs_zhb/jev,jev_only,1875.0,14
smac-hard/jev_runs/all-maps-20260921-001/mmmt_vs_zhb/jev,jev_only,2000.0,14
smac-hard/jev_runs/all-maps-20260921-001/mmmt_vs_zhb/jev,jev_only,2125.0,15
smac-hard/jev_runs/all-maps-20260921-001/mmmt_vs_zhb/jev,jev_only,2093.9999999973224,13
smac-hard/jev_runs/all-maps-20260921-001/mmmt_vs_zhb/jev,jev_only,1938.0000000019209,14
smac-hard/jev_runs/all-maps-20260921-001/mmmt_vs_zhb/jev,jev_only,1640.9999999959837,12
smac-hard/jev_runs/all-maps-20260921-001/mmmt_vs_zhb/jev,jev_only,1468.9999999973224,10
smac-hard/jev_runs/all-maps-20260921-001/mmmt_vs_zhb/jev,jev_only,1141.0000000032596,8
smac-hard/jev_runs/all-maps-20260921-001/mmmt_vs_zhb/jev,jev_only,1063.0000000019209,7
smac-hard/jev_runs/all-maps-20260921-001/mmmt_vs_zhb/jev,jev_only,953.0000000013388,5
smac-hard/jev_runs/all-maps-20260921-001/mmmt_vs_zhb/jev,jev_only,500.0,3
smac-hard/jev_runs/all-maps-20260921-001/mmmt_vs_zhb/jev,jev_only,578.0000000013388,3
smac-hard/jev_runs/all-maps-20260921-001/mmmt_vs_zhb/jev,jev_only,531.9999999992433,3
smac-hard/jev_runs/all-maps-20260921-001/mmmt_vs_zhb/jev,jev_only,500.0,2
smac-hard/jev_runs/all-maps-20260921-001/mmmt_vs_zhb/jev,jev_only,483.99999999674037,2
smac-hard/jev_runs/all-maps-20260921-001/mmmt_vs_zhb/jev,jev_only,500.0,1
smac-hard/jev_runs/all-maps-20260921-001/mmmt_vs_zhb/jev,jev_only,500.0,1
smac-hard/jev_runs/all-maps-20260921-001/mmmt_vs_zhb/jev,jev_only,796.9999999986612,1
smac-hard/jev_runs/all-maps-20260921-001/mmmt_vs_zhb/jev,jev_only,703.0000000013388,1
smac-hard/jev_runs/all-maps-20260921-001/mmmt_vs_zhb/jev,jev_only,500.0,1
smac-hard/jev_runs/all-maps-20260921-001/mmmt_vs_zhb/jev,jev_only,702.9999999940628,1
smac-hard/jev_runs/all-maps-20260921-001/mmmt_vs_zhb/jev,jev_only,610.0000000005821,1
smac-hard/jev_runs/all-maps-20260921-001/mmmt_vs_zhb/jev,jev_only,1093.9999999973224,5
smac-hard/jev_runs/all-maps-20260921-001/mmmt_vs_zhb/jev,jev_only,1625.0,11
smac-hard/jev_runs/all-maps-20260921-001/mmmt_vs_zhb/jev,jev_only,1546.9999999986612,11
smac-hard/jev_runs/all-maps-20260921-001/mmmt_vs_zhb/jev,jev_only,1608.9999999967404,11
smac-hard/jev_runs/all-maps-20260921-001/mmmt_vs_zhb/jev,jev_only,1625.0,11
smac-hard/jev_runs/all-maps-20260921-001/mmmt_vs_zhb/jev,jev_only,1671.0000000020955,11
smac-hard/jev_runs/all-maps-20260921-001/mmmt_vs_zhb/jev,jev_only,1687.000000005355,11
smac-hard/jev_runs/all-maps-20260921-001/mmmt_vs_zhb/jev,jev_only,1625.0,11
smac-hard/jev_runs/all-maps-20260921-001/mmmt_vs_zhb/jev,jev_only,1625.0,11
smac-hard/jev_runs/all-maps-20260921-001/mmmt_vs_zhb/jev,jev_only,2014.999999999418,14
smac-hard/jev_runs/all-maps-20260921-001/mmmt_vs_zhb/jev,jev_only,1889.999999999418,13
smac-hard/jev_runs/all-maps-20260921-001/mmmt_vs_zhb/jev,jev_only,1953.9999999979045,13
smac-hard/jev_runs/all-maps-20260921-001/mmmt_vs_zhb/jev,jev_only,2063.000000001921,15
smac-hard/jev_runs/all-maps-20260921-001/mmmt_vs_zhb/jev,jev_only,1671.9999999986612,10
smac-hard/jev_runs/all-maps-20260921-001/mmmt_vs_zhb/jev,jev_only,1562.999999994645,9
smac-hard/jev_runs/all-maps-20260921-001/mmmt_vs_zhb/jev,jev_only,1046.9999999986612,6
smac-hard/jev_runs/all-maps-20260921-001/mmmt_vs_zhb/jev,jev_only,1000.0,5
smac-hard/jev_runs/all-maps-20260921-001/mmmt_vs_zhb/jev,jev_only,453.0000000013388,2
smac-hard/jev_runs/all-maps-20260921-001/mmmt_vs_zhb/jev,jev_only,500.0,2
smac-hard/jev_runs/all-maps-20260921-001/mmmt_vs_zhb/jev,jev_only,485.0000000005821,2
smac-hard/jev_runs/all-maps-20260921-001/mmmt_vs_zhb/jev,jev_only,469.0000000045984,2
smac-hard/jev_runs/all-maps-20260921-001/mmmt_vs_zhb/jev,jev_only,469.0000000045984,2
smac-hard/jev_runs/all-maps-20260921-001/mmmt_vs_zhb/jev,jev_only,484.00000000401633,2
smac-hard/jev_runs/all-maps-20260921-001/mmmt_vs_zhb/jev,jev_only,468.0000000007567,1
smac-hard/jev_runs/all-maps-20260921-001/mmmt_vs_zhb/jev,jev_only,483.99999999674037,1
smac-hard/jev_runs/p0-astra-all-maps-20260922-001/mmmt_vs_zhb/jev,jev_gpt6,11936.999999990803,2
smac-hard/jev_runs/p0-astra-all-maps-20260922-001/mmmt_vs_zhb/jev,jev_gpt6,656.0000000026776,2
smac-hard/jev_runs/p0-astra-all-maps-20260922-001/mmmt_vs_zhb/jev,jev_gpt6,500.0,2
smac-hard/jev_runs/p0-astra-all-maps-20260922-001/mmmt_vs_zhb/jev,jev_gpt6,531.0000000026776,2
smac-hard/jev_runs/p0-astra-all-maps-20260922-001/mmmt_vs_zhb/jev,jev_gpt6,625.0,2
smac-hard/jev_runs/p0-astra-all-maps-20260922-001/mmmt_vs_zhb/jev,jev_gpt6,592.9999999934807,2
smac-hard/jev_runs/p0-astra-all-maps-20260922-001/mmmt_vs_zhb/jev,jev_gpt6,952.9999999940628,2
smac-hard/jev_runs/p0-astra-all-maps-20260922-001/mmmt_vs_zhb/jev,jev_gpt6,1360.000000000582,5
smac-hard/jev_runs/p0-astra-all-maps-20260922-001/mmmt_vs_zhb/jev,jev_gpt6,1453.0000000086147,9
smac-hard/jev_runs/p0-astra-all-maps-20260922-001/mmmt_vs_zhb/jev,jev_gpt6,1500.0,11
smac-hard/jev_runs/p0-astra-all-maps-20260922-001/mmmt_vs_zhb/jev,jev_gpt6,1437.000000005355,11
smac-hard/jev_runs/p0-astra-all-maps-20260922-001/mmmt_vs_zhb/jev,jev_gpt6,1046.9999999913853,8
smac-hard/jev_runs/p0-astra-all-maps-20260922-001/mmmt_vs_zhb/jev,jev_gpt6,1421.9999999913853,9
smac-hard/jev_runs/p0-astra-all-maps-20260922-001/mmmt_vs_zhb/jev,jev_gpt6,1108.9999999967404,8
smac-hard/jev_runs/p0-astra-all-maps-20260922-001/mmmt_vs_zhb/jev,jev_gpt6,1172.0000000059372,8
smac-hard/jev_runs/p0-astra-all-maps-20260922-001/mmmt_vs_zhb/jev,jev_gpt6,1156.0000000026776,8
smac-hard/jev_runs/p0-astra-all-maps-20260922-001/mmmt_vs_zhb/jev,jev_gpt6,1061.9999999908032,8
smac-hard/jev_runs/p0-astra-all-maps-20260922-001/mmmt_vs_zhb/jev,jev_gpt6,1266.0000000032596,8
smac-hard/jev_runs/p0-astra-all-maps-20260922-001/mmmt_vs_zhb/jev,jev_gpt6,1046.9999999913853,7
smac-hard/jev_runs/p0-astra-all-maps-20260922-001/mmmt_vs_zhb/jev,jev_gpt6,1093.9999999973224,7
smac-hard/jev_runs/p0-astra-all-maps-20260922-001/mmmt_vs_zhb/jev,jev_gpt6,1031.0000000026776,6
smac-hard/jev_runs/p0-astra-all-maps-20260922-001/mmmt_vs_zhb/jev,jev_gpt6,1062.999999994645,6
smac-hard/jev_runs/p0-astra-all-maps-20260922-001/mmmt_vs_zhb/jev,jev_gpt6,1046.9999999913853,5
smac-hard/jev_runs/p0-astra-all-maps-20260922-001/mmmt_vs_zhb/jev,jev_gpt6,937.9999999946449,5
smac-hard/jev_runs/p0-astra-all-maps-20260922-001/mmmt_vs_zhb/jev,jev_gpt6,609.0000000112923,4
smac-hard/jev_runs/p0-astra-all-maps-20260922-001/mmmt_vs_zhb/jev,jev_gpt6,577.9999999940628,4
smac-hard/jev_runs/p0-astra-all-maps-20260922-001/mmmt_vs_zhb/jev,jev_gpt6,562.9999999946449,4
smac-hard/jev_runs/p0-astra-all-maps-20260922-001/mmmt_vs_zhb/jev,jev_gpt6,610.0000000005821,3
smac-hard/jev_runs/p0-astra-all-maps-20260922-001/mmmt_vs_zhb/jev,jev_gpt6,516.0000000032596,3
smac-hard/jev_runs/p0-astra-all-maps-20260922-001/mmmt_vs_zhb/jev,jev_gpt6,516.0000000032596,2
smac-hard/jev_runs/p0-astra-all-maps-20260922-001/mmmt_vs_zhb/jev,jev_gpt6,531.0000000026776,2
smac-hard/jev_runs/p0-astra-all-maps-20260922-001/mmmt_vs_zhb/jev,jev_gpt6,532.0000000065193,2
smac-hard/jev_runs/p0-astra-all-maps-20260922-001/mmmt_vs_zhb/jev,jev_gpt6,562.9999999946449,2
smac-hard/jev_runs/p0-astra-all-maps-20260922-001/mmmt_vs_zhb/jev,jev_gpt6,500.0,2
smac-hard/jev_runs/p0-astra-all-maps-20260922-001/mmmt_vs_zhb/jev,jev_gpt6,547.0000000059372,1
smac-hard/jev_runs/p0-astra-all-maps-20260922-001/mmmt_vs_zhb/jev,jev_gpt6,483.99999999674037,1
smac-hard/jev_runs/p0-astra-all-maps-20260922-001/mmmt_vs_zhb/jev,jev_gpt6,735.0000000005821,1
smac-hard/jev_runs/p0-astra-all-maps-20260922-001/mmmt_vs_zhb/jev,jev_gpt6,452.9999999940628,1
smac-hard/jev_runs/p0-astra-all-maps-20260922-001/mmmt_vs_zhb/jev,jev_gpt6,467.99999999348074,1
smac-hard/jev_runs/p0-astra-all-maps-20260922-001/mmmt_vs_zhb/jev,jev_gpt6,452.9999999940628,1
smac-hard/jev_runs/p0-astra-all-maps-20260922-001/mmmt_vs_zhb/jev,jev_gpt6,468.99999999732245,1
smac-hard/jev_runs/p0-astra-all-maps-20260922-001/mmmt_vs_zhb/jev,jev_gpt6,485.0000000005821,1
smac-hard/jev_runs/p0-astra-all-maps-20260922-001/mmmt_vs_zhb/jev,jev_gpt6,422.0000000059372,1
smac-hard/jev_runs/p0-astra-all-maps-20260922-001/mmmt_vs_zhb/jev,jev_gpt6,500.0,1
smac-hard/jev_runs/p0-astra-all-maps-20260922-001/mmmt_vs_zhb/jev,jev_gpt6,2110.000000000582,2
smac-hard/jev_runs/p0-astra-all-maps-20260922-001/mmmt_vs_zhb/jev,jev_gpt6,578.0000000086147,2
smac-hard/jev_runs/p0-astra-all-maps-20260922-001/mmmt_vs_zhb/jev,jev_gpt6,578.0000000086147,2
smac-hard/jev_runs/p0-astra-all-maps-20260922-001/mmmt_vs_zhb/jev,jev_gpt6,514.9999999994179,2
smac-hard/jev_runs/p0-astra-all-maps-20260922-001/mmmt_vs_zhb/jev,jev_gpt6,531.0000000026776,2
smac-hard/jev_runs/p0-astra-all-maps-20260922-001/mmmt_vs_zhb/jev,jev_gpt6,547.0000000059372,2
smac-hard/jev_runs/p0-astra-all-maps-20260922-001/mmmt_vs_zhb/jev,jev_gpt6,546.9999999913853,2
smac-hard/jev_runs/p0-astra-all-maps-20260922-001/mmmt_vs_zhb/jev,jev_gpt6,1360.000000000582,5
smac-hard/jev_runs/p0-astra-all-maps-20260922-001/mmmt_vs_zhb/jev,jev_gpt6,1406.0000000026776,9
smac-hard/jev_runs/p0-astra-all-maps-20260922-001/mmmt_vs_zhb/jev,jev_gpt6,1547.0000000059372,11
smac-hard/jev_runs/p0-astra-all-maps-20260922-001/mmmt_vs_zhb/jev,jev_gpt6,1500.0,11
smac-hard/jev_runs/p0-astra-all-maps-20260922-001/mmmt_vs_zhb/jev,jev_gpt6,1532.0000000065193,11
smac-hard/jev_runs/p0-astra-all-maps-20260922-001/mmmt_vs_zhb/jev,jev_gpt6,1078.0000000086147,8
smac-hard/jev_runs/p0-astra-all-maps-20260922-001/mmmt_vs_zhb/jev,jev_gpt6,1110.000000000582,8
smac-hard/jev_runs/p0-astra-all-maps-20260922-001/mmmt_vs_zhb/jev,jev_gpt6,1063.0000000091968,8
smac-hard/jev_runs/p0-astra-all-maps-20260922-001/mmmt_vs_zhb/jev,jev_gpt6,1108.9999999967404,8
smac-hard/jev_runs/p0-astra-all-maps-20260922-001/mmmt_vs_zhb/jev,jev_gpt6,1031.0000000026776,8
smac-hard/jev_runs/p0-astra-all-maps-20260922-001/mmmt_vs_zhb/jev,jev_gpt6,1030.9999999881256,7
smac-hard/jev_runs/p0-astra-all-maps-20260922-001/mmmt_vs_zhb/jev,jev_gpt6,1031.9999999919673,7
smac-hard/jev_runs/p0-astra-all-maps-20260922-001/mmmt_vs_zhb/jev,jev_gpt6,1093.9999999973224,7
smac-hard/jev_runs/p0-astra-all-maps-20260922-001/mmmt_vs_zhb/jev,jev_gpt6,1093.9999999973224,7
smac-hard/jev_runs/p0-astra-all-maps-20260922-001/mmmt_vs_zhb/jev,jev_gpt6,1030.9999999881256,7
smac-hard/jev_runs/p0-astra-all-maps-20260922-001/mmmt_vs_zhb/jev,jev_gpt6,937.9999999946449,5
smac-hard/jev_runs/p0-astra-all-maps-20260922-001/mmmt_vs_zhb/jev,jev_gpt6,577.9999999940628,4
smac-hard/jev_runs/p0-astra-all-maps-20260922-001/mmmt_vs_zhb/jev,jev_gpt6,562.0000000053551,4
smac-hard/jev_runs/p0-astra-all-maps-20260922-001/mmmt_vs_zhb/jev,jev_gpt6,546.9999999913853,3
smac-hard/jev_runs/p0-astra-all-maps-20260922-001/mmmt_vs_zhb/jev,jev_gpt6,546.9999999913853,3
smac-hard/jev_runs/p0-astra-all-maps-20260922-001/mmmt_vs_zhb/jev,jev_gpt6,547.0000000059372,2
smac-hard/jev_runs/p0-astra-all-maps-20260922-001/mmmt_vs_zhb/jev,jev_gpt6,515.9999999887077,2
smac-hard/jev_runs/p0-astra-all-maps-20260922-001/mmmt_vs_zhb/jev,jev_gpt6,500.0,2
smac-hard/jev_runs/p0-astra-all-maps-20260922-001/mmmt_vs_zhb/jev,jev_gpt6,514.9999999994179,2
smac-hard/jev_runs/p0-astra-all-maps-20260922-001/mmmt_vs_zhb/jev,jev_gpt6,547.0000000059372,2
smac-hard/jev_runs/p0-astra-all-maps-20260922-001/mmmt_vs_zhb/jev,jev_gpt6,483.99999999674037,1
smac-hard/jev_runs/p0-astra-all-maps-20260922-001/mmmt_vs_zhb/jev,jev_gpt6,453.00000000861473,1
smac-hard/jev_runs/p0-astra-all-maps-20260922-001/mmmt_vs_zhb/jev,jev_gpt6,483.99999999674037,1
smac-hard/jev_runs/p0-astra-all-maps-20260922-001/mmmt_vs_zhb/jev,jev_gpt6,514.9999999994179,1
smac-hard/jev_runs/p0-astra-all-maps-20260922-001/mmmt_vs_zhb/jev,jev_gpt6,467.99999999348074,1
smac-hard/jev_runs/p0-astra-all-maps-20260922-001/mmmt_vs_zhb/jev,jev_gpt6,483.99999999674037,1
smac-hard/jev_runs/p0-astra-all-maps-20260922-001/mmmt_vs_zhb/jev,jev_gpt6,452.9999999940628,1
smac-hard/jev_runs/p0-astra-all-maps-20260922-001/mmmt_vs_zhb/jev,jev_gpt6,468.99999999732245,1
smac-hard/jev_runs/p0-astra-all-maps-20260922-001/mmmt_vs_zhb/jev,jev_gpt6,437.9999999946449,1
smac-hard/jev_runs/p0-astra-all-maps-20260922-001/mmmt_vs_zhb/jev,jev_gpt6,500.0,2
smac-hard/jev_runs/p0-astra-all-maps-20260922-001/mmmt_vs_zhb/jev,jev_gpt6,610.0000000005821,2
smac-hard/jev_runs/p0-astra-all-maps-20260922-001/mmmt_vs_zhb/jev,jev_gpt6,531.0000000026776,2
smac-hard/jev_runs/p0-astra-all-maps-20260922-001/mmmt_vs_zhb/jev,jev_gpt6,514.9999999994179,2
smac-hard/jev_runs/p0-astra-all-maps-20260922-001/mmmt_vs_zhb/jev,jev_gpt6,532.0000000065193,2
smac-hard/jev_runs/p0-astra-all-maps-20260922-001/mmmt_vs_zhb/jev,jev_gpt6,546.9999999913853,2
smac-hard/jev_runs/p0-astra-all-maps-20260922-001/mmmt_vs_zhb/jev,jev_gpt6,592.9999999934807,2
smac-hard/jev_runs/p0-astra-all-maps-20260922-001/mmmt_vs_zhb/jev,jev_gpt6,4436.999999990803,5
smac-hard/jev_runs/p0-astra-all-maps-20260922-001/mmmt_vs_zhb/jev,jev_gpt6,1641.0000000032596,11
smac-hard/jev_runs/p0-astra-all-maps-20260922-001/mmmt_vs_zhb/jev,jev_gpt6,1577.9999999940628,11
smac-hard/jev_runs/p0-astra-all-maps-20260922-001/mmmt_vs_zhb/jev,jev_gpt6,1484.0000000112923,11
smac-hard/jev_runs/p0-astra-all-maps-20260922-001/mmmt_vs_zhb/jev,jev_gpt6,1546.9999999913853,10
smac-hard/jev_runs/p0-astra-all-maps-20260922-001/mmmt_vs_zhb/jev,jev_gpt6,1141.0000000032596,8
smac-hard/jev_runs/p0-astra-all-maps-20260922-001/mmmt_vs_zhb/jev,jev_gpt6,1186.9999999908032,8
smac-hard/jev_runs/p0-astra-all-maps-20260922-001/mmmt_vs_zhb/jev,jev_gpt6,1108.9999999967404,8
smac-hard/jev_runs/p0-astra-all-maps-20260922-001/mmmt_vs_zhb/jev,jev_gpt6,1233.9999999967404,8
smac-hard/jev_runs/p0-astra-all-maps-20260922-001/mmmt_vs_zhb/jev,jev_gpt6,1062.999999994645,8
smac-hard/jev_runs/p0-astra-all-maps-20260922-001/mmmt_vs_zhb/jev,jev_gpt6,1109.0000000112923,8
smac-hard/jev_runs/p0-astra-all-maps-20260922-001/mmmt_vs_zhb/jev,jev_gpt6,1141.0000000032596,8
smac-hard/jev_runs/p0-astra-all-maps-20260922-001/mmmt_vs_zhb/jev,jev_gpt6,1047.0000000059372,7
smac-hard/jev_runs/p0-astra-all-maps-20260922-001/mmmt_vs_zhb/jev,jev_gpt6,1047.0000000059372,7
smac-hard/jev_runs/p0-astra-all-maps-20260922-001/mmmt_vs_zhb/jev,jev_gpt6,1078.0000000086147,7
smac-hard/jev_runs/p0-astra-all-maps-20260922-001/mmmt_vs_zhb/jev,jev_gpt6,1000.0,6
smac-hard/jev_runs/p0-astra-all-maps-20260922-001/mmmt_vs_zhb/jev,jev_gpt6,1078.0000000086147,5
smac-hard/jev_runs/p0-astra-all-maps-20260922-001/mmmt_vs_zhb/jev,jev_gpt6,985.0000000005821,5
smac-hard/jev_runs/p0-astra-all-maps-20260922-001/mmmt_vs_zhb/jev,jev_gpt6,985.0000000005821,5
smac-hard/jev_runs/p0-astra-all-maps-20260922-001/mmmt_vs_zhb/jev,jev_gpt6,546.9999999913853,3
smac-hard/jev_runs/p0-astra-all-maps-20260922-001/mmmt_vs_zhb/jev,jev_gpt6,593.9999999973224,3
smac-hard/jev_runs/p0-astra-all-maps-20260922-001/mmmt_vs_zhb/jev,jev_gpt6,516.0000000032596,3
smac-hard/jev_runs/p0-astra-all-maps-20260922-001/mmmt_vs_zhb/jev,jev_gpt6,608.9999999967404,2
smac-hard/jev_runs/p0-astra-all-maps-20260922-001/mmmt_vs_zhb/jev,jev_gpt6,514.9999999994179,2
smac-hard/jev_runs/p0-astra-all-maps-20260922-001/mmmt_vs_zhb/jev,jev_gpt6,514.9999999994179,2
smac-hard/jev_runs/p0-astra-all-maps-20260922-001/mmmt_vs_zhb/jev,jev_gpt6,514.9999999994179,2
smac-hard/jev_runs/p0-astra-all-maps-20260922-001/mmmt_vs_zhb/jev,jev_gpt6,546.9999999913853,2
smac-hard/jev_runs/p0-astra-all-maps-20260922-001/mmmt_vs_zhb/jev,jev_gpt6,547.0000000059372,2
smac-hard/jev_runs/p0-astra-all-maps-20260922-001/mmmt_vs_zhb/jev,jev_gpt6,500.0,1
smac-hard/jev_runs/p0-astra-all-maps-20260922-001/mmmt_vs_zhb/jev,jev_gpt6,453.00000000861473,1
smac-hard/jev_runs/p0-astra-all-maps-20260922-001/mmmt_vs_zhb/jev,jev_gpt6,438.0000000091968,1
smac-hard/jev_runs/p0-astra-all-maps-20260922-001/mmmt_vs_zhb/jev,jev_gpt6,452.9999999940628,1
smac-hard/jev_runs/p0-astra-all-maps-20260922-001/mmmt_vs_zhb/jev,jev_gpt6,515.9999999887077,1
smac-hard/jev_runs/p0-astra-all-maps-20260922-001/mmmt_vs_zhb/jev,jev_gpt6,469.00000001187436,1
smac-hard/jev_runs/p0-astra-all-maps-20260922-001/mmmt_vs_zhb/jev,jev_gpt6,422.0000000059372,1
smac-hard/jev_runs/p0-astra-all-maps-20260922-001/mmmt_vs_zhb/jev,jev_gpt6,452.9999999940628,1
smac-hard/jev_runs/p0-astra-all-maps-20260922-001/mmmt_vs_zhb/jev,jev_gpt6,437.0000000053551,1
smac-hard/jev_runs/all-maps-20260921-001/pvt_large/jev,jev_only,1389.999999999418,3
smac-hard/jev_runs/all-maps-20260921-001/pvt_large/jev,jev_only,625.0,3
smac-hard/jev_runs/all-maps-20260921-001/pvt_large/jev,jev_only,561.9999999980791,3
smac-hard/jev_runs/all-maps-20260921-001/pvt_large/jev,jev_only,625.0,3
smac-hard/jev_runs/all-maps-20260921-001/pvt_large/jev,jev_only,750.0,3
smac-hard/jev_runs/all-maps-20260921-001/pvt_large/jev,jev_only,733.9999999967404,3
smac-hard/jev_runs/all-maps-20260921-001/pvt_large/jev,jev_only,608.9999999967404,3
smac-hard/jev_runs/all-maps-20260921-001/pvt_large/jev,jev_only,563.0000000019209,3
smac-hard/jev_runs/all-maps-20260921-001/pvt_large/jev,jev_only,734.0000000040163,3
smac-hard/jev_runs/all-maps-20260921-001/pvt_large/jev,jev_only,703.0000000013388,3
smac-hard/jev_runs/all-maps-20260921-001/pvt_large/jev,jev_only,703.0000000013388,3
smac-hard/jev_runs/all-maps-20260921-001/pvt_large/jev,jev_only,875.0,3
smac-hard/jev_runs/all-maps-20260921-001/pvt_large/jev,jev_only,750.0,3
smac-hard/jev_runs/all-maps-20260921-001/pvt_large/jev,jev_only,764.9999999994179,3
smac-hard/jev_runs/all-maps-20260921-001/pvt_large/jev,jev_only,1500.0,5
smac-hard/jev_runs/all-maps-20260921-001/pvt_large/jev,jev_only,983.9999999967404,5
smac-hard/jev_runs/all-maps-20260921-001/pvt_large/jev,jev_only,1014.9999999994179,5
smac-hard/jev_runs/all-maps-20260921-001/pvt_large/jev,jev_only,1093.9999999973224,6
smac-hard/jev_runs/all-maps-20260921-001/pvt_large/jev,jev_only,1500.0,9
smac-hard/jev_runs/all-maps-20260921-001/pvt_large/jev,jev_only,1937.999999994645,14
smac-hard/jev_runs/all-maps-20260921-001/pvt_large/jev,jev_only,2703.000000001339,19
smac-hard/jev_runs/all-maps-20260921-001/pvt_large/jev,jev_only,3655.9999999954016,28
smac-hard/jev_runs/all-maps-20260921-001/pvt_large/jev,jev_only,3860.000000000582,28
smac-hard/jev_runs/all-maps-20260921-001/pvt_large/jev,jev_only,3593.9999999973224,27
smac-hard/jev_runs/all-maps-20260921-001/pvt_large/jev,jev_only,3578.000000001339,27
smac-hard/jev_runs/all-maps-20260921-001/pvt_large/jev,jev_only,3609.0000000040163,27
smac-hard/jev_runs/all-maps-20260921-001/pvt_large/jev,jev_only,3485.000000000582,27
smac-hard/jev_runs/all-maps-20260921-001/pvt_large/jev,jev_only,3389.999999999418,26
smac-hard/jev_runs/all-maps-20260921-001/pvt_large/jev,jev_only,3468.9999999973224,26
smac-hard/jev_runs/all-maps-20260921-001/pvt_large/jev,jev_only,3233.9999999967404,25
smac-hard/jev_runs/all-maps-20260921-001/pvt_large/jev,jev_only,3280.9999999954016,24
smac-hard/jev_runs/all-maps-20260921-001/pvt_large/jev,jev_only,3188.000000001921,24
smac-hard/jev_runs/all-maps-20260921-001/pvt_large/jev,jev_only,2969.0000000045984,23
smac-hard/jev_runs/all-maps-20260921-001/pvt_large/jev,jev_only,3203.000000001339,23
smac-hard/jev_runs/all-maps-20260921-001/pvt_large/jev,jev_only,2639.999999999418,18
smac-hard/jev_runs/all-maps-20260921-001/pvt_large/jev,jev_only,2578.000000001339,20
smac-hard/jev_runs/all-maps-20260921-001/pvt_large/jev,jev_only,2625.0,20
smac-hard/jev_runs/all-maps-20260921-001/pvt_large/jev,jev_only,2171.999999998661,16
smac-hard/jev_runs/all-maps-20260921-001/pvt_large/jev,jev_only,2031.9999999992433,15
smac-hard/jev_runs/all-maps-20260921-001/pvt_large/jev,jev_only,2093.9999999973224,15
smac-hard/jev_runs/all-maps-20260921-001/pvt_large/jev,jev_only,2030.9999999954016,14
smac-hard/jev_runs/all-maps-20260921-001/pvt_large/jev,jev_only,2016.0000000032596,14
smac-hard/jev_runs/all-maps-20260921-001/pvt_large/jev,jev_only,2250.0,14
smac-hard/jev_runs/all-maps-20260921-001/pvt_large/jev,jev_only,2108.9999999967404,14
smac-hard/jev_runs/all-maps-20260921-001/pvt_large/jev,jev_only,1906.0000000026776,13
smac-hard/jev_runs/all-maps-20260921-001/pvt_large/jev,jev_only,1813.0000000019209,13
smac-hard/jev_runs/all-maps-20260921-001/pvt_large/jev,jev_only,1983.9999999967404,13
smac-hard/jev_runs/all-maps-20260921-001/pvt_large/jev,jev_only,1843.9999999973224,13
smac-hard/jev_runs/all-maps-20260921-001/pvt_large/jev,jev_only,2125.0,13
smac-hard/jev_runs/all-maps-20260921-001/pvt_large/jev,jev_only,1655.9999999954016,12
smac-hard/jev_runs/all-maps-20260921-001/pvt_large/jev,jev_only,1688.0000000019209,12
smac-hard/jev_runs/all-maps-20260921-001/pvt_large/jev,jev_only,1546.0000000020955,11
smac-hard/jev_runs/all-maps-20260921-001/pvt_large/jev,jev_only,1547.0000000059372,11
smac-hard/jev_runs/all-maps-20260921-001/pvt_large/jev,jev_only,1750.0,10
smac-hard/jev_runs/all-maps-20260921-001/pvt_large/jev,jev_only,1531.9999999992433,10
smac-hard/jev_runs/all-maps-20260921-001/pvt_large/jev,jev_only,1421.9999999986612,10
smac-hard/jev_runs/all-maps-20260921-001/pvt_large/jev,jev_only,1593.9999999973224,10
smac-hard/jev_runs/all-maps-20260921-001/pvt_large/jev,jev_only,1531.0000000026776,10
smac-hard/jev_runs/all-maps-20260921-001/pvt_large/jev,jev_only,1468.9999999973224,10
smac-hard/jev_runs/all-maps-20260921-001/pvt_large/jev,jev_only,1516.0000000032596,9
smac-hard/jev_runs/all-maps-20260921-001/pvt_large/jev,jev_only,1046.9999999986612,8
smac-hard/jev_runs/all-maps-20260921-001/pvt_large/jev,jev_only,1000.0,8
smac-hard/jev_runs/all-maps-20260921-001/pvt_large/jev,jev_only,1109.0000000040163,8
smac-hard/jev_runs/all-maps-20260921-001/pvt_large/jev,jev_only,1250.0,8
smac-hard/jev_runs/all-maps-20260921-001/pvt_large/jev,jev_only,1031.9999999992433,7
smac-hard/jev_runs/all-maps-20260921-001/pvt_large/jev,jev_only,1031.0000000026776,7
smac-hard/jev_runs/all-maps-20260921-001/pvt_large/jev,jev_only,1218.9999999973224,7
smac-hard/jev_runs/all-maps-20260921-001/pvt_large/jev,jev_only,1030.9999999954016,7
smac-hard/jev_runs/all-maps-20260921-001/pvt_large/jev,jev_only,1108.9999999967404,7
smac-hard/jev_runs/all-maps-20260921-001/pvt_large/jev,jev_only,1125.0,7
smac-hard/jev_runs/all-maps-20260921-001/pvt_large/jev,jev_only,968.9999999973224,7
smac-hard/jev_runs/all-maps-20260921-001/pvt_large/jev,jev_only,1297.0000000059372,7
smac-hard/jev_runs/all-maps-20260921-001/pvt_large/jev,jev_only,985.0000000005821,6
smac-hard/jev_runs/all-maps-20260921-001/pvt_large/jev,jev_only,985.0000000005821,7
smac-hard/jev_runs/all-maps-20260921-001/pvt_large/jev,jev_only,1313.0000000019209,7
smac-hard/jev_runs/all-maps-20260921-001/pvt_large/jev,jev_only,1219.0000000045984,7
smac-hard/jev_runs/all-maps-20260921-001/pvt_large/jev,jev_only,1015.9999999959837,6
smac-hard/jev_runs/all-maps-20260921-001/pvt_large/jev,jev_only,1015.9999999959837,6
smac-hard/jev_runs/all-maps-20260921-001/pvt_large/jev,jev_only,1031.0000000026776,6
smac-hard/jev_runs/all-maps-20260921-001/pvt_large/jev,jev_only,1016.0000000032596,6
smac-hard/jev_runs/all-maps-20260921-001/pvt_large/jev,jev_only,938.0000000019209,5
smac-hard/jev_runs/all-maps-20260921-001/pvt_large/jev,jev_only,1139.999999999418,5
smac-hard/jev_runs/all-maps-20260921-001/pvt_large/jev,jev_only,1000.0,5
smac-hard/jev_runs/all-maps-20260921-001/pvt_large/jev,jev_only,906.9999999992433,5
smac-hard/jev_runs/all-maps-20260921-001/pvt_large/jev,jev_only,891.0000000032596,5
smac-hard/jev_runs/all-maps-20260921-001/pvt_large/jev,jev_only,593.0000000007567,4
smac-hard/jev_runs/all-maps-20260921-001/pvt_large/jev,jev_only,985.0000000005821,5
smac-hard/jev_runs/all-maps-20260921-001/pvt_large/jev,jev_only,561.9999999980791,4
smac-hard/jev_runs/all-maps-20260921-001/pvt_large/jev,jev_only,563.0000000019209,4
smac-hard/jev_runs/all-maps-20260921-001/pvt_large/jev,jev_only,718.0000000007567,4
smac-hard/jev_runs/all-maps-20260921-001/pvt_large/jev,jev_only,608.9999999967404,4
smac-hard/jev_runs/all-maps-20260921-001/pvt_large/jev,jev_only,547.0000000059372,4
smac-hard/jev_runs/all-maps-20260921-001/pvt_large/jev,jev_only,546.9999999986612,4
smac-hard/jev_runs/all-maps-20260921-001/pvt_large/jev,jev_only,514.9999999994179,4
smac-hard/jev_runs/all-maps-20260921-001/pvt_large/jev,jev_only,843.9999999973224,4
smac-hard/jev_runs/all-maps-20260921-001/pvt_large/jev,jev_only,656.0000000026776,4
smac-hard/jev_runs/all-maps-20260921-001/pvt_large/jev,jev_only,469.0000000045984,4
smac-hard/jev_runs/all-maps-20260921-001/pvt_large/jev,jev_only,500.0,4
smac-hard/jev_runs/all-maps-20260921-001/pvt_large/jev,jev_only,641.0000000032596,4
smac-hard/jev_runs/all-maps-20260921-001/pvt_large/jev,jev_only,530.9999999954016,3
smac-hard/jev_runs/all-maps-20260921-001/pvt_large/jev,jev_only,594.0000000045984,3
smac-hard/jev_runs/all-maps-20260921-001/pvt_large/jev,jev_only,828.0000000013388,3
smac-hard/jev_runs/all-maps-20260921-001/pvt_large/jev,jev_only,781.0000000026776,3
smac-hard/jev_runs/all-maps-20260921-001/pvt_large/jev,jev_only,796.9999999986612,3
smac-hard/jev_runs/all-maps-20260921-001/pvt_large/jev,jev_only,735.0000000005821,3
smac-hard/jev_runs/all-maps-20260921-001/pvt_large/jev,jev_only,639.9999999994179,3
smac-hard/jev_runs/all-maps-20260921-001/pvt_large/jev,jev_only,625.0,3
smac-hard/jev_runs/all-maps-20260921-001/pvt_large/jev,jev_only,687.0000000053551,3
smac-hard/jev_runs/all-maps-20260921-001/pvt_large/jev,jev_only,780.9999999954016,3
smac-hard/jev_runs/all-maps-20260921-001/pvt_large/jev,jev_only,639.9999999994179,3
smac-hard/jev_runs/all-maps-20260921-001/pvt_large/jev,jev_only,578.0000000013388,3
smac-hard/jev_runs/all-maps-20260921-001/pvt_large/jev,jev_only,578.0000000013388,3
smac-hard/jev_runs/all-maps-20260921-001/pvt_large/jev,jev_only,578.0000000013388,3
smac-hard/jev_runs/all-maps-20260921-001/pvt_large/jev,jev_only,593.9999999973224,2
smac-hard/jev_runs/all-maps-20260921-001/pvt_large/jev,jev_only,562.9999999946449,2
smac-hard/jev_runs/all-maps-20260921-001/pvt_large/jev,jev_only,500.0,2
smac-hard/jev_runs/all-maps-20260921-001/pvt_large/jev,jev_only,640.9999999959837,2
smac-hard/jev_runs/all-maps-20260921-001/pvt_large/jev,jev_only,530.9999999954016,2
smac-hard/jev_runs/all-maps-20260921-001/pvt_large/jev,jev_only,500.0,2
smac-hard/jev_runs/all-maps-20260921-001/pvt_large/jev,jev_only,561.9999999980791,2
smac-hard/jev_runs/all-maps-20260921-001/pvt_large/jev,jev_only,671.0000000020955,2
smac-hard/jev_runs/all-maps-20260921-001/pvt_large/jev,jev_only,483.99999999674037,2
smac-hard/jev_runs/all-maps-20260921-001/pvt_large/jev,jev_only,500.0,2
smac-hard/jev_runs/all-maps-20260921-001/pvt_large/jev,jev_only,531.0000000026776,1
smac-hard/jev_runs/all-maps-20260921-001/pvt_large/jev,jev_only,688.0000000019209,1
smac-hard/jev_runs/all-maps-20260921-001/pvt_large/jev,jev_only,500.0,1
smac-hard/jev_runs/all-maps-20260921-001/pvt_large/jev,jev_only,483.99999999674037,1
smac-hard/jev_runs/all-maps-20260921-001/pvt_large/jev,jev_only,514.9999999994179,1
smac-hard/jev_runs/all-maps-20260921-001/pvt_large/jev,jev_only,484.00000000401633,1
smac-hard/jev_runs/all-maps-20260921-001/pvt_large/jev,jev_only,531.0000000026776,1
smac-hard/jev_runs/all-maps-20260921-001/pvt_large/jev,jev_only,483.99999999674037,1
smac-hard/jev_runs/all-maps-20260921-001/pvt_large/jev,jev_only,516.0000000032596,1
smac-hard/jev_runs/all-maps-20260921-001/pvt_large/jev,jev_only,516.0000000032596,1
smac-hard/jev_runs/all-maps-20260921-001/pvt_large/jev,jev_only,1328.0000000013388,3
smac-hard/jev_runs/all-maps-20260921-001/pvt_large/jev,jev_only,610.0000000005821,3
smac-hard/jev_runs/all-maps-20260921-001/pvt_large/jev,jev_only,719.0000000045984,3
smac-hard/jev_runs/all-maps-20260921-001/pvt_large/jev,jev_only,671.9999999986612,3
smac-hard/jev_runs/all-maps-20260921-001/pvt_large/jev,jev_only,625.0,3
smac-hard/jev_runs/all-maps-20260921-001/pvt_large/jev,jev_only,671.0000000020955,3
smac-hard/jev_runs/all-maps-20260921-001/pvt_large/jev,jev_only,578.0000000013388,3
smac-hard/jev_runs/all-maps-20260921-001/pvt_large/jev,jev_only,671.9999999986612,3
smac-hard/jev_runs/all-maps-20260921-001/pvt_large/jev,jev_only,641.0000000032596,3
smac-hard/jev_runs/all-maps-20260921-001/pvt_large/jev,jev_only,594.0000000045984,3
smac-hard/jev_runs/all-maps-20260921-001/pvt_large/jev,jev_only,655.9999999954016,3
smac-hard/jev_runs/all-maps-20260921-001/pvt_large/jev,jev_only,546.0000000020955,3
smac-hard/jev_runs/all-maps-20260921-001/pvt_large/jev,jev_only,703.0000000013388,3
smac-hard/jev_runs/all-maps-20260921-001/pvt_large/jev,jev_only,671.9999999986612,3
smac-hard/jev_runs/all-maps-20260921-001/pvt_large/jev,jev_only,1406.9999999992433,4
smac-hard/jev_runs/all-maps-20260921-001/pvt_large/jev,jev_only,983.9999999967404,5
smac-hard/jev_runs/all-maps-20260921-001/pvt_large/jev,jev_only,1000.0,7
smac-hard/jev_runs/all-maps-20260921-001/pvt_large/jev,jev_only,2030.9999999954016,15
smac-hard/jev_runs/all-maps-20260921-001/pvt_large/jev,jev_only,2703.000000001339,20
smac-hard/jev_runs/all-maps-20260921-001/pvt_large/jev,jev_only,3718.9999999973224,29
smac-hard/jev_runs/all-maps-20260921-001/pvt_large/jev,jev_only,3750.0,29
smac-hard/jev_runs/all-maps-20260921-001/pvt_large/jev,jev_only,3561.999999998079,28
smac-hard/jev_runs/all-maps-20260921-001/pvt_large/jev,jev_only,2077.999999994063,14
smac-hard/jev_runs/all-maps-20260921-001/pvt_large/jev,jev_only,2610.000000000582,18
smac-hard/jev_runs/all-maps-20260921-001/pvt_large/jev,jev_only,3563.000000001921,27
smac-hard/jev_runs/all-maps-20260921-001/pvt_large/jev,jev_only,3796.0000000020955,27
smac-hard/jev_runs/all-maps-20260921-001/pvt_large/jev,jev_only,3485.000000000582,27
smac-hard/jev_runs/all-maps-20260921-001/pvt_large/jev,jev_only,3671.999999998661,26
smac-hard/jev_runs/all-maps-20260921-001/pvt_large/jev,jev_only,3563.000000001921,26
smac-hard/jev_runs/all-maps-20260921-001/pvt_large/jev,jev_only,3281.0000000026776,26
smac-hard/jev_runs/all-maps-20260921-001/pvt_large/jev,jev_only,3311.999999998079,26
smac-hard/jev_runs/all-maps-20260921-001/pvt_large/jev,jev_only,3281.9999999992433,25
smac-hard/jev_runs/all-maps-20260921-001/pvt_large/jev,jev_only,3391.0000000032596,24
smac-hard/jev_runs/all-maps-20260921-001/pvt_large/jev,jev_only,3391.0000000032596,24
smac-hard/jev_runs/all-maps-20260921-001/pvt_large/jev,jev_only,2875.0,19
smac-hard/jev_runs/all-maps-20260921-001/pvt_large/jev,jev_only,2546.999999998661,19
smac-hard/jev_runs/all-maps-20260921-001/pvt_large/jev,jev_only,2671.999999998661,19
smac-hard/jev_runs/all-maps-20260921-001/pvt_large/jev,jev_only,2328.000000001339,17
smac-hard/jev_runs/all-maps-20260921-001/pvt_large/jev,jev_only,2468.9999999973224,17
smac-hard/jev_runs/all-maps-20260921-001/pvt_large/jev,jev_only,2484.0000000040163,17
smac-hard/jev_runs/all-maps-20260921-001/pvt_large/jev,jev_only,2046.9999999986612,15
smac-hard/jev_runs/all-maps-20260921-001/pvt_large/jev,jev_only,2156.9999999992433,14
smac-hard/jev_runs/all-maps-20260921-001/pvt_large/jev,jev_only,1968.0000000007567,14
smac-hard/jev_runs/all-maps-20260921-001/pvt_large/jev,jev_only,1968.0000000007567,14
smac-hard/jev_runs/all-maps-20260921-001/pvt_large/jev,jev_only,2171.999999998661,14
smac-hard/jev_runs/all-maps-20260921-001/pvt_large/jev,jev_only,1953.0000000013388,14
smac-hard/jev_runs/all-maps-20260921-001/pvt_large/jev,jev_only,1906.0000000026776,14
smac-hard/jev_runs/all-maps-20260921-001/pvt_large/jev,jev_only,1843.9999999973224,14
smac-hard/jev_runs/all-maps-20260921-001/pvt_large/jev,jev_only,1875.0,14
smac-hard/jev_runs/all-maps-20260921-001/pvt_large/jev,jev_only,1984.0000000040163,14
smac-hard/jev_runs/all-maps-20260921-001/pvt_large/jev,jev_only,1796.9999999986612,12
smac-hard/jev_runs/all-maps-20260921-001/pvt_large/jev,jev_only,1671.9999999986612,12
smac-hard/jev_runs/all-maps-20260921-001/pvt_large/jev,jev_only,1688.0000000019209,12
smac-hard/jev_runs/all-maps-20260921-001/pvt_large/jev,jev_only,1625.0,12
smac-hard/jev_runs/all-maps-20260921-001/pvt_large/jev,jev_only,1484.0000000040163,11
smac-hard/jev_runs/all-maps-20260921-001/pvt_large/jev,jev_only,1733.9999999967404,12
smac-hard/jev_runs/all-maps-20260921-001/pvt_large/jev,jev_only,1656.0000000026776,11
smac-hard/jev_runs/all-maps-20260921-001/pvt_large/jev,jev_only,1703.9999999979045,11
smac-hard/jev_runs/all-maps-20260921-001/pvt_large/jev,jev_only,1438.0000000019209,10
smac-hard/jev_runs/all-maps-20260921-001/pvt_large/jev,jev_only,1610.000000000582,9
smac-hard/jev_runs/all-maps-20260921-001/pvt_large/jev,jev_only,1389.999999999418,9
smac-hard/jev_runs/all-maps-20260921-001/pvt_large/jev,jev_only,1109.0000000040163,8
smac-hard/jev_runs/all-maps-20260921-001/pvt_large/jev,jev_only,1139.999999999418,8
smac-hard/jev_runs/all-maps-20260921-001/pvt_large/jev,jev_only,1219.0000000045984,8
smac-hard/jev_runs/all-maps-20260921-001/pvt_large/jev,jev_only,1188.0000000019209,8
smac-hard/jev_runs/all-maps-20260921-001/pvt_large/jev,jev_only,1186.9999999980791,7
smac-hard/jev_runs/all-maps-20260921-001/pvt_large/jev,jev_only,983.9999999967404,7
smac-hard/jev_runs/all-maps-20260921-001/pvt_large/jev,jev_only,1093.9999999973224,7
smac-hard/jev_runs/all-maps-20260921-001/pvt_large/jev,jev_only,1014.9999999994179,7
smac-hard/jev_runs/all-maps-20260921-001/pvt_large/jev,jev_only,1078.0000000013388,7
smac-hard/jev_runs/all-maps-20260921-001/pvt_large/jev,jev_only,1015.9999999959837,7
smac-hard/jev_runs/all-maps-20260921-001/pvt_large/jev,jev_only,1046.9999999986612,7
smac-hard/jev_runs/all-maps-20260921-001/pvt_large/jev,jev_only,1000.0,7
smac-hard/jev_runs/all-maps-20260921-001/pvt_large/jev,jev_only,1078.0000000013388,7
smac-hard/jev_runs/all-maps-20260921-001/pvt_large/jev,jev_only,953.0000000013388,6
smac-hard/jev_runs/all-maps-20260921-001/pvt_large/jev,jev_only,1000.0,6
smac-hard/jev_runs/all-maps-20260921-001/pvt_large/jev,jev_only,890.9999999959837,6
smac-hard/jev_runs/all-maps-20260921-001/pvt_large/jev,jev_only,1078.0000000013388,6
smac-hard/jev_runs/all-maps-20260921-001/pvt_large/jev,jev_only,953.0000000013388,6
smac-hard/jev_runs/all-maps-20260921-001/pvt_large/jev,jev_only,938.0000000019209,5
smac-hard/jev_runs/all-maps-20260921-001/pvt_large/jev,jev_only,938.0000000019209,6
smac-hard/jev_runs/all-maps-20260921-001/pvt_large/jev,jev_only,1046.0000000020955,6
smac-hard/jev_runs/all-maps-20260921-001/pvt_large/jev,jev_only,968.9999999973224,6
smac-hard/jev_runs/all-maps-20260921-001/pvt_large/jev,jev_only,1031.0000000026776,5
smac-hard/jev_runs/all-maps-20260921-001/pvt_large/jev,jev_only,1014.9999999994179,5
smac-hard/jev_runs/all-maps-20260921-001/pvt_large/jev,jev_only,921.9999999986612,5
smac-hard/jev_runs/all-maps-20260921-001/pvt_large/jev,jev_only,1109.0000000040163,5
smac-hard/jev_runs/all-maps-20260921-001/pvt_large/jev,jev_only,906.0000000026776,5
smac-hard/jev_runs/all-maps-20260921-001/pvt_large/jev,jev_only,921.9999999986612,5
smac-hard/jev_runs/all-maps-20260921-001/pvt_large/jev,jev_only,906.0000000026776,5
smac-hard/jev_runs/all-maps-20260921-001/pvt_large/jev,jev_only,671.9999999986612,4
smac-hard/jev_runs/all-maps-20260921-001/pvt_large/jev,jev_only,687.0000000053551,4
smac-hard/jev_runs/all-maps-20260921-001/pvt_large/jev,jev_only,734.0000000040163,4
smac-hard/jev_runs/all-maps-20260921-001/pvt_large/jev,jev_only,516.0000000032596,4
smac-hard/jev_runs/all-maps-20260921-001/pvt_large/jev,jev_only,968.0000000007567,5
smac-hard/jev_runs/all-maps-20260921-001/pvt_large/jev,jev_only,671.9999999986612,4
smac-hard/jev_runs/all-maps-20260921-001/pvt_large/jev,jev_only,921.9999999986612,5
smac-hard/jev_runs/all-maps-20260921-001/pvt_large/jev,jev_only,875.0,5
smac-hard/jev_runs/all-maps-20260921-001/pvt_large/jev,jev_only,1000.0,5
smac-hard/jev_runs/all-maps-20260921-001/pvt_large/jev,jev_only,514.9999999994179,4
smac-hard/jev_runs/all-maps-20260921-001/pvt_large/jev,jev_only,562.9999999946449,4
smac-hard/jev_runs/all-maps-20260921-001/pvt_large/jev,jev_only,703.0000000013388,4
smac-hard/jev_runs/all-maps-20260921-001/pvt_large/jev,jev_only,577.9999999940628,4
smac-hard/jev_runs/all-maps-20260921-001/pvt_large/jev,jev_only,530.9999999954016,4
smac-hard/jev_runs/all-maps-20260921-001/pvt_large/jev,jev_only,640.9999999959837,4
smac-hard/jev_runs/all-maps-20260921-001/pvt_large/jev,jev_only,655.9999999954016,4
smac-hard/jev_runs/all-maps-20260921-001/pvt_large/jev,jev_only,578.0000000013388,3
smac-hard/jev_runs/all-maps-20260921-001/pvt_large/jev,jev_only,514.9999999994179,3
smac-hard/jev_runs/all-maps-20260921-001/pvt_large/jev,jev_only,703.0000000013388,3
smac-hard/jev_runs/all-maps-20260921-001/pvt_large/jev,jev_only,500.0,3
smac-hard/jev_runs/all-maps-20260921-001/pvt_large/jev,jev_only,531.0000000026776,3
smac-hard/jev_runs/all-maps-20260921-001/pvt_large/jev,jev_only,718.0000000007567,3
smac-hard/jev_runs/all-maps-20260921-001/pvt_large/jev,jev_only,561.9999999980791,3
smac-hard/jev_runs/all-maps-20260921-001/pvt_large/jev,jev_only,610.0000000005821,3
smac-hard/jev_runs/all-maps-20260921-001/pvt_large/jev,jev_only,421.9999999986612,3
smac-hard/jev_runs/all-maps-20260921-001/pvt_large/jev,jev_only,593.9999999973224,3
smac-hard/jev_runs/all-maps-20260921-001/pvt_large/jev,jev_only,485.0000000005821,3
smac-hard/jev_runs/all-maps-20260921-001/pvt_large/jev,jev_only,514.9999999994179,3
smac-hard/jev_runs/all-maps-20260921-001/pvt_large/jev,jev_only,483.99999999674037,3
smac-hard/jev_runs/all-maps-20260921-001/pvt_large/jev,jev_only,485.0000000005821,3
smac-hard/jev_runs/all-maps-20260921-001/pvt_large/jev,jev_only,547.0000000059372,2
smac-hard/jev_runs/all-maps-20260921-001/pvt_large/jev,jev_only,625.0,2
smac-hard/jev_runs/all-maps-20260921-001/pvt_large/jev,jev_only,578.0000000013388,2
smac-hard/jev_runs/all-maps-20260921-001/pvt_large/jev,jev_only,514.9999999994179,2
smac-hard/jev_runs/all-maps-20260921-001/pvt_large/jev,jev_only,594.0000000045984,2
smac-hard/jev_runs/all-maps-20260921-001/pvt_large/jev,jev_only,483.99999999674037,2
smac-hard/jev_runs/all-maps-20260921-001/pvt_large/jev,jev_only,485.0000000005821,2
smac-hard/jev_runs/all-maps-20260921-001/pvt_large/jev,jev_only,483.99999999674037,2
smac-hard/jev_runs/all-maps-20260921-001/pvt_large/jev,jev_only,485.0000000005821,2
smac-hard/jev_runs/all-maps-20260921-001/pvt_large/jev,jev_only,500.0,2
smac-hard/jev_runs/all-maps-20260921-001/pvt_large/jev,jev_only,750.0,2
smac-hard/jev_runs/all-maps-20260921-001/pvt_large/jev,jev_only,468.0000000007567,2
smac-hard/jev_runs/all-maps-20260921-001/pvt_large/jev,jev_only,500.0,2
smac-hard/jev_runs/all-maps-20260921-001/pvt_large/jev,jev_only,468.0000000007567,2
smac-hard/jev_runs/all-maps-20260921-001/pvt_large/jev,jev_only,593.0000000007567,2
smac-hard/jev_runs/all-maps-20260921-001/pvt_large/jev,jev_only,703.0000000013388,2
smac-hard/jev_runs/all-maps-20260921-001/pvt_large/jev,jev_only,671.9999999986612,2
smac-hard/jev_runs/all-maps-20260921-001/pvt_large/jev,jev_only,671.0000000020955,1
smac-hard/jev_runs/all-maps-20260921-001/pvt_large/jev,jev_only,546.9999999986612,1
smac-hard/jev_runs/all-maps-20260921-001/pvt_large/jev,jev_only,468.99999999732245,1
smac-hard/jev_runs/all-maps-20260921-001/pvt_large/jev,jev_only,500.0,1
smac-hard/jev_runs/all-maps-20260921-001/pvt_large/jev,jev_only,468.99999999732245,1
smac-hard/jev_runs/all-maps-20260921-001/pvt_large/jev,jev_only,468.99999999732245,1
smac-hard/jev_runs/all-maps-20260921-001/pvt_large/jev,jev_only,468.99999999732245,1
smac-hard/jev_runs/all-maps-20260921-001/pvt_large/jev,jev_only,468.99999999732245,1
smac-hard/jev_runs/all-maps-20260921-001/pvt_large/jev,jev_only,531.0000000026776,1
smac-hard/jev_runs/all-maps-20260921-001/pvt_large/jev,jev_only,656.0000000026776,1
smac-hard/jev_runs/all-maps-20260921-001/pvt_large/jev,jev_only,453.0000000013388,1
smac-hard/jev_runs/all-maps-20260921-001/pvt_large/jev,jev_only,2578.000000001339,3
smac-hard/jev_runs/all-maps-20260921-001/pvt_large/jev,jev_only,733.9999999967404,3
smac-hard/jev_runs/all-maps-20260921-001/pvt_large/jev,jev_only,578.9999999979045,3
smac-hard/jev_runs/all-maps-20260921-001/pvt_large/jev,jev_only,703.0000000013388,3
smac-hard/jev_runs/all-maps-20260921-001/pvt_large/jev,jev_only,703.0000000013388,3
smac-hard/jev_runs/all-maps-20260921-001/pvt_large/jev,jev_only,671.0000000020955,3
smac-hard/jev_runs/all-maps-20260921-001/pvt_large/jev,jev_only,625.0,3
smac-hard/jev_runs/all-maps-20260921-001/pvt_large/jev,jev_only,655.9999999954016,3
smac-hard/jev_runs/all-maps-20260921-001/pvt_large/jev,jev_only,578.0000000013388,3
smac-hard/jev_runs/all-maps-20260921-001/pvt_large/jev,jev_only,562.0000000053551,3
smac-hard/jev_runs/all-maps-20260921-001/pvt_large/jev,jev_only,733.9999999967404,3
smac-hard/jev_runs/all-maps-20260921-001/pvt_large/jev,jev_only,625.0,3
smac-hard/jev_runs/all-maps-20260921-001/pvt_large/jev,jev_only,735.0000000005821,3
smac-hard/jev_runs/all-maps-20260921-001/pvt_large/jev,jev_only,781.0000000026776,3
smac-hard/jev_runs/all-maps-20260921-001/pvt_large/jev,jev_only,828.9999999979045,3
smac-hard/jev_runs/all-maps-20260921-001/pvt_large/jev,jev_only,1186.9999999980791,5
smac-hard/jev_runs/all-maps-20260921-001/pvt_large/jev,jev_only,1187.000000005355,8
smac-hard/jev_runs/all-maps-20260921-001/pvt_large/jev,jev_only,1546.9999999986612,10
smac-hard/jev_runs/all-maps-20260921-001/pvt_large/jev,jev_only,2921.999999998661,20
smac-hard/jev_runs/all-maps-20260921-001/pvt_large/jev,jev_only,3796.999999998661,29
smac-hard/jev_runs/all-maps-20260921-001/pvt_large/jev,jev_only,3796.0000000020955,29
smac-hard/jev_runs/all-maps-20260921-001/pvt_large/jev,jev_only,3718.9999999973224,29
smac-hard/jev_runs/all-maps-20260921-001/pvt_large/jev,jev_only,4156.000000002678,29
smac-hard/jev_runs/all-maps-20260921-001/pvt_large/jev,jev_only,3625.0,28
smac-hard/jev_runs/all-maps-20260921-001/pvt_large/jev,jev_only,3718.9999999973224,28
smac-hard/jev_runs/all-maps-20260921-001/pvt_large/jev,jev_only,3609.0000000040163,28
smac-hard/jev_runs/all-maps-20260921-001/pvt_large/jev,jev_only,3625.0,27
smac-hard/jev_runs/all-maps-20260921-001/pvt_large/jev,jev_only,3358.9999999967404,27
smac-hard/jev_runs/all-maps-20260921-001/pvt_large/jev,jev_only,3578.000000001339,27
smac-hard/jev_runs/all-maps-20260921-001/pvt_large/jev,jev_only,3296.999999998661,25
smac-hard/jev_runs/all-maps-20260921-001/pvt_large/jev,jev_only,3250.0,25
smac-hard/jev_runs/all-maps-20260921-001/pvt_large/jev,jev_only,3311.999999998079,25
smac-hard/jev_runs/all-maps-20260921-001/pvt_large/jev,jev_only,3280.9999999954016,25
smac-hard/jev_runs/all-maps-20260921-001/pvt_large/jev,jev_only,3281.9999999992433,24
smac-hard/jev_runs/all-maps-20260921-001/pvt_large/jev,jev_only,2859.0000000040163,22
smac-hard/jev_runs/all-maps-20260921-001/pvt_large/jev,jev_only,3078.000000001339,22
smac-hard/jev_runs/all-maps-20260921-001/pvt_large/jev,jev_only,2608.9999999967404,20
smac-hard/jev_runs/all-maps-20260921-001/pvt_large/jev,jev_only,2858.9999999967404,22
smac-hard/jev_runs/all-maps-20260921-001/pvt_large/jev,jev_only,2656.9999999992433,21
smac-hard/jev_runs/all-maps-20260921-001/pvt_large/jev,jev_only,2485.000000000582,18
smac-hard/jev_runs/all-maps-20260921-001/pvt_large/jev,jev_only,1984.0000000040163,14
smac-hard/jev_runs/all-maps-20260921-001/pvt_large/jev,jev_only,2156.0000000026776,14
smac-hard/jev_runs/all-maps-20260921-001/pvt_large/jev,jev_only,1953.0000000013388,13
smac-hard/jev_runs/all-maps-20260921-001/pvt_large/jev,jev_only,1875.0,13
smac-hard/jev_runs/all-maps-20260921-001/pvt_large/jev,jev_only,1515.9999999959837,12
smac-hard/jev_runs/all-maps-20260921-001/pvt_large/jev,jev_only,1813.0000000019209,12
smac-hard/jev_runs/all-maps-20260921-001/pvt_large/jev,jev_only,1593.9999999973224,12
smac-hard/jev_runs/all-maps-20260921-001/pvt_large/jev,jev_only,1578.0000000013388,12
smac-hard/jev_runs/all-maps-20260921-001/pvt_large/jev,jev_only,1562.000000005355,12
smac-hard/jev_runs/all-maps-20260921-001/pvt_large/jev,jev_only,1733.9999999967404,12
smac-hard/jev_runs/all-maps-20260921-001/pvt_large/jev,jev_only,1563.0000000019209,12
smac-hard/jev_runs/all-maps-20260921-001/pvt_large/jev,jev_only,1578.0000000013388,11
smac-hard/jev_runs/all-maps-20260921-001/pvt_large/jev,jev_only,1578.0000000013388,11
smac-hard/jev_runs/all-maps-20260921-001/pvt_large/jev,jev_only,1514.999999999418,11
smac-hard/jev_runs/all-maps-20260921-001/pvt_large/jev,jev_only,1561.9999999980791,10
smac-hard/jev_runs/all-maps-20260921-001/pvt_large/jev,jev_only,1608.9999999967404,10
smac-hard/jev_runs/all-maps-20260921-001/pvt_large/jev,jev_only,1578.0000000013388,10
smac-hard/jev_runs/all-maps-20260921-001/pvt_large/jev,jev_only,1391.0000000032596,9
smac-hard/jev_runs/all-maps-20260921-001/pvt_large/jev,jev_only,1000.0,8
smac-hard/jev_runs/all-maps-20260921-001/pvt_large/jev,jev_only,1093.9999999973224,8
smac-hard/jev_runs/all-maps-20260921-001/pvt_large/jev,jev_only,1110.000000000582,8
smac-hard/jev_runs/all-maps-20260921-001/pvt_large/jev,jev_only,1063.0000000019209,8
smac-hard/jev_runs/all-maps-20260921-001/pvt_large/jev,jev_only,983.9999999967404,8
smac-hard/jev_runs/all-maps-20260921-001/pvt_large/jev,jev_only,1031.0000000026776,7
smac-hard/jev_runs/all-maps-20260921-001/pvt_large/jev,jev_only,985.0000000005821,7
smac-hard/jev_runs/all-maps-20260921-001/pvt_large/jev,jev_only,968.9999999973224,7
smac-hard/jev_runs/all-maps-20260921-001/pvt_large/jev,jev_only,1186.9999999980791,6
smac-hard/jev_runs/all-maps-20260921-001/pvt_large/jev,jev_only,1061.9999999980791,6
smac-hard/jev_runs/all-maps-20260921-001/pvt_large/jev,jev_only,1078.9999999979045,6
smac-hard/jev_runs/all-maps-20260921-001/pvt_large/jev,jev_only,968.9999999973224,6
smac-hard/jev_runs/all-maps-20260921-001/pvt_large/jev,jev_only,938.0000000019209,6
smac-hard/jev_runs/all-maps-20260921-001/pvt_large/jev,jev_only,953.9999999979045,6
smac-hard/jev_runs/all-maps-20260921-001/pvt_large/jev,jev_only,953.0000000013388,6
smac-hard/jev_runs/all-maps-20260921-001/pvt_large/jev,jev_only,1000.0,6
smac-hard/jev_runs/all-maps-20260921-001/pvt_large/jev,jev_only,1141.0000000032596,6
smac-hard/jev_runs/all-maps-20260921-001/pvt_large/jev,jev_only,1078.0000000013388,5
smac-hard/jev_runs/all-maps-20260921-001/pvt_large/jev,jev_only,953.0000000013388,5
smac-hard/jev_runs/all-maps-20260921-001/pvt_large/jev,jev_only,983.9999999967404,5
smac-hard/jev_runs/all-maps-20260921-001/pvt_large/jev,jev_only,953.0000000013388,5
smac-hard/jev_runs/all-maps-20260921-001/pvt_large/jev,jev_only,531.9999999992433,4
smac-hard/jev_runs/all-maps-20260921-001/pvt_large/jev,jev_only,843.9999999973224,4
smac-hard/jev_runs/all-maps-20260921-001/pvt_large/jev,jev_only,688.0000000019209,4
smac-hard/jev_runs/all-maps-20260921-001/pvt_large/jev,jev_only,530.9999999954016,4
smac-hard/jev_runs/all-maps-20260921-001/pvt_large/jev,jev_only,531.0000000026776,4
smac-hard/jev_runs/all-maps-20260921-001/pvt_large/jev,jev_only,546.9999999986612,4
smac-hard/jev_runs/all-maps-20260921-001/pvt_large/jev,jev_only,516.0000000032596,4
smac-hard/jev_runs/all-maps-20260921-001/pvt_large/jev,jev_only,563.0000000019209,3
smac-hard/jev_runs/all-maps-20260921-001/pvt_large/jev,jev_only,531.9999999992433,3
smac-hard/jev_runs/all-maps-20260921-001/pvt_large/jev,jev_only,562.0000000053551,3
smac-hard/jev_runs/all-maps-20260921-001/pvt_large/jev,jev_only,500.0,3
smac-hard/jev_runs/all-maps-20260921-001/pvt_large/jev,jev_only,484.00000000401633,4
smac-hard/jev_runs/all-maps-20260921-001/pvt_large/jev,jev_only,514.9999999994179,3
smac-hard/jev_runs/all-maps-20260921-001/pvt_large/jev,jev_only,625.0,3
smac-hard/jev_runs/all-maps-20260921-001/pvt_large/jev,jev_only,561.9999999980791,3
smac-hard/jev_runs/all-maps-20260921-001/pvt_large/jev,jev_only,546.9999999986612,3
smac-hard/jev_runs/all-maps-20260921-001/pvt_large/jev,jev_only,702.9999999940628,3
smac-hard/jev_runs/all-maps-20260921-001/pvt_large/jev,jev_only,531.0000000026776,3
smac-hard/jev_runs/all-maps-20260921-001/pvt_large/jev,jev_only,608.9999999967404,3
smac-hard/jev_runs/all-maps-20260921-001/pvt_large/jev,jev_only,531.9999999992433,3
smac-hard/jev_runs/all-maps-20260921-001/pvt_large/jev,jev_only,561.9999999980791,3
smac-hard/jev_runs/all-maps-20260921-001/pvt_large/jev,jev_only,514.9999999994179,3
smac-hard/jev_runs/all-maps-20260921-001/pvt_large/jev,jev_only,546.9999999986612,3
smac-hard/jev_runs/all-maps-20260921-001/pvt_large/jev,jev_only,485.0000000005821,3
smac-hard/jev_runs/all-maps-20260921-001/pvt_large/jev,jev_only,514.9999999994179,3
smac-hard/jev_runs/all-maps-20260921-001/pvt_large/jev,jev_only,530.9999999954016,3
smac-hard/jev_runs/all-maps-20260921-001/pvt_large/jev,jev_only,577.9999999940628,3
smac-hard/jev_runs/all-maps-20260921-001/pvt_large/jev,jev_only,516.0000000032596,3
smac-hard/jev_runs/all-maps-20260921-001/pvt_large/jev,jev_only,516.0000000032596,3
smac-hard/jev_runs/all-maps-20260921-001/pvt_large/jev,jev_only,484.00000000401633,2
smac-hard/jev_runs/all-maps-20260921-001/pvt_large/jev,jev_only,608.9999999967404,2
smac-hard/jev_runs/all-maps-20260921-001/pvt_large/jev,jev_only,485.0000000005821,2
smac-hard/jev_runs/all-maps-20260921-001/pvt_large/jev,jev_only,514.9999999994179,2
smac-hard/jev_runs/all-maps-20260921-001/pvt_large/jev,jev_only,578.0000000013388,2
smac-hard/jev_runs/all-maps-20260921-001/pvt_large/jev,jev_only,500.0,2
smac-hard/jev_runs/all-maps-20260921-001/pvt_large/jev,jev_only,610.0000000005821,2
smac-hard/jev_runs/all-maps-20260921-001/pvt_large/jev,jev_only,484.00000000401633,2
smac-hard/jev_runs/all-maps-20260921-001/pvt_large/jev,jev_only,562.0000000053551,2
smac-hard/jev_runs/all-maps-20260921-001/pvt_large/jev,jev_only,515.9999999959837,2
smac-hard/jev_runs/all-maps-20260921-001/pvt_large/jev,jev_only,485.0000000005821,2
smac-hard/jev_runs/all-maps-20260921-001/pvt_large/jev,jev_only,702.9999999940628,2
smac-hard/jev_runs/all-maps-20260921-001/pvt_large/jev,jev_only,500.0,2
smac-hard/jev_runs/all-maps-20260921-001/pvt_large/jev,jev_only,483.99999999674037,2
smac-hard/jev_runs/all-maps-20260921-001/pvt_large/jev,jev_only,500.0,2
smac-hard/jev_runs/all-maps-20260921-001/pvt_large/jev,jev_only,484.00000000401633,2
smac-hard/jev_runs/all-maps-20260921-001/pvt_large/jev,jev_only,500.0,2
smac-hard/jev_runs/all-maps-20260921-001/pvt_large/jev,jev_only,858.9999999967404,2
smac-hard/jev_runs/all-maps-20260921-001/pvt_large/jev,jev_only,515.9999999959837,2
smac-hard/jev_runs/all-maps-20260921-001/pvt_large/jev,jev_only,514.9999999994179,2
smac-hard/jev_runs/all-maps-20260921-001/pvt_large/jev,jev_only,514.9999999994179,1
smac-hard/jev_runs/all-maps-20260921-001/pvt_large/jev,jev_only,531.0000000026776,1
smac-hard/jev_runs/all-maps-20260921-001/pvt_large/jev,jev_only,500.0,1
smac-hard/jev_runs/all-maps-20260921-001/pvt_large/jev,jev_only,516.0000000032596,1
smac-hard/jev_runs/all-maps-20260921-001/pvt_large/jev,jev_only,500.0,1
smac-hard/jev_runs/all-maps-20260921-001/pvt_large/jev,jev_only,438.00000000192085,1
smac-hard/jev_runs/all-maps-20260921-001/pvt_large/jev,jev_only,485.0000000005821,1
smac-hard/jev_runs/all-maps-20260921-001/pvt_large/jev,jev_only,469.0000000045984,1
smac-hard/jev_runs/all-maps-20260921-001/pvt_large/jev,jev_only,453.0000000013388,1
smac-hard/jev_runs/all-maps-20260921-001/pvt_large/jev,jev_only,453.0000000013388,1
smac-hard/jev_runs/all-maps-20260921-001/pvt_large/jev,jev_only,437.9999999946449,1
smac-hard/jev_runs/all-maps-20260921-001/pvt_large/jev,jev_only,436.99999999807915,1
smac-hard/jev_runs/all-maps-20260921-001/pvt_large/jev,jev_only,546.9999999986612,1
smac-hard/jev_runs/all-maps-20260921-001/pvt_large/jev,jev_only,452.9999999940628,1
smac-hard/jev_runs/all-maps-20260921-001/pvt_large/jev,jev_only,436.99999999807915,1
smac-hard/jev_runs/all-maps-20260921-001/pvt_large/jev,jev_only,421.9999999986612,1
smac-hard/jev_runs/all-maps-20260921-001/pvt_large/jev,jev_only,436.99999999807915,1
smac-hard/jev_runs/all-maps-20260921-001/pvt_large/jev,jev_only,437.0000000053551,1
smac-hard/jev_runs/p0-astra-all-maps-20260922-001/pvt_large/jev,jev_gpt6,6672.000000005937,4
smac-hard/jev_runs/p0-astra-all-maps-20260922-001/pvt_large/jev,jev_gpt6,953.0000000086147,5
smac-hard/jev_runs/p0-astra-all-maps-20260922-001/pvt_large/jev,jev_gpt6,1014.9999999994179,5
smac-hard/jev_runs/p0-astra-all-maps-20260922-001/pvt_large/jev,jev_gpt6,1047.0000000059372,5
smac-hard/jev_runs/p0-astra-all-maps-20260922-001/pvt_large/jev,jev_gpt6,1031.0000000026776,5
smac-hard/jev_runs/p0-astra-all-maps-20260922-001/pvt_large/jev,jev_gpt6,1016.0000000032596,5
smac-hard/jev_runs/p0-astra-all-maps-20260922-001/pvt_large/jev,jev_gpt6,1141.0000000032596,5
smac-hard/jev_runs/p0-astra-all-maps-20260922-001/pvt_large/jev,jev_gpt6,967.9999999934807,5
smac-hard/jev_runs/p0-astra-all-maps-20260922-001/pvt_large/jev,jev_gpt6,1000.0,5
smac-hard/jev_runs/p0-astra-all-maps-20260922-001/pvt_large/jev,jev_gpt6,1061.9999999908032,5
smac-hard/jev_runs/p0-astra-all-maps-20260922-001/pvt_large/jev,jev_gpt6,1000.0,5
smac-hard/jev_runs/p0-astra-all-maps-20260922-001/pvt_large/jev,jev_gpt6,1030.9999999881256,5
smac-hard/jev_runs/p0-astra-all-maps-20260922-001/pvt_large/jev,jev_gpt6,1000.0,5
smac-hard/jev_runs/p0-astra-all-maps-20260922-001/pvt_large/jev,jev_gpt6,968.9999999973224,5
smac-hard/jev_runs/p0-astra-all-maps-20260922-001/pvt_large/jev,jev_gpt6,953.0000000086147,5
smac-hard/jev_runs/p0-astra-all-maps-20260922-001/pvt_large/jev,jev_gpt6,985.0000000005821,5
smac-hard/jev_runs/p0-astra-all-maps-20260922-001/pvt_large/jev,jev_gpt6,968.0000000080327,5
smac-hard/jev_runs/p0-astra-all-maps-20260922-001/pvt_large/jev,jev_gpt6,967.9999999934807,5
smac-hard/jev_runs/p0-astra-all-maps-20260922-001/pvt_large/jev,jev_gpt6,1062.000000005355,5
smac-hard/jev_runs/p0-astra-all-maps-20260922-001/pvt_large/jev,jev_gpt6,1092.9999999934807,5
smac-hard/jev_runs/p0-astra-all-maps-20260922-001/pvt_large/jev,jev_gpt6,1062.000000005355,5
smac-hard/jev_runs/p0-astra-all-maps-20260922-001/pvt_large/jev,jev_gpt6,1108.9999999967404,7
smac-hard/jev_runs/p0-astra-all-maps-20260922-001/pvt_large/jev,jev_gpt6,1610.000000000582,10
smac-hard/jev_runs/p0-astra-all-maps-20260922-001/pvt_large/jev,jev_gpt6,1608.9999999967404,12
smac-hard/jev_runs/p0-astra-all-maps-20260922-001/pvt_large/jev,jev_gpt6,1891.0000000032596,13
smac-hard/jev_runs/p0-astra-all-maps-20260922-001/pvt_large/jev,jev_gpt6,2156.0000000026776,15
smac-hard/jev_runs/p0-astra-all-maps-20260922-001/pvt_large/jev,jev_gpt6,2203.0000000086147,15
smac-hard/jev_runs/p0-astra-all-maps-20260922-001/pvt_large/jev,jev_gpt6,2781.9999999919673,19
smac-hard/jev_runs/p0-astra-all-maps-20260922-001/pvt_large/jev,jev_gpt6,2703.0000000086147,20
smac-hard/jev_runs/p0-astra-all-maps-20260922-001/pvt_large/jev,jev_gpt6,2937.000000005355,21
smac-hard/jev_runs/p0-astra-all-maps-20260922-001/pvt_large/jev,jev_gpt6,3187.000000005355,22
smac-hard/jev_runs/p0-astra-all-maps-20260922-001/pvt_large/jev,jev_gpt6,4015.9999999887077,30
smac-hard/jev_runs/p0-astra-all-maps-20260922-001/pvt_large/jev,jev_gpt6,4000.0,31
smac-hard/jev_runs/p0-astra-all-maps-20260922-001/pvt_large/jev,jev_gpt6,4062.999999994645,30
smac-hard/jev_runs/p0-astra-all-maps-20260922-001/pvt_large/jev,jev_gpt6,4000.0,30
smac-hard/jev_runs/p0-astra-all-maps-20260922-001/pvt_large/jev,jev_gpt6,3969.0000000118744,30
smac-hard/jev_runs/p0-astra-all-maps-20260922-001/pvt_large/jev,jev_gpt6,4016.0000000032596,30
smac-hard/jev_runs/p0-astra-all-maps-20260922-001/pvt_large/jev,jev_gpt6,4218.999999997322,30
smac-hard/jev_runs/p0-astra-all-maps-20260922-001/pvt_large/jev,jev_gpt6,3875.0,30
smac-hard/jev_runs/p0-astra-all-maps-20260922-001/pvt_large/jev,jev_gpt6,4031.0000000026776,29
smac-hard/jev_runs/p0-astra-all-maps-20260922-001/pvt_large/jev,jev_gpt6,3936.999999990803,29
smac-hard/jev_runs/p0-astra-all-maps-20260922-001/pvt_large/jev,jev_gpt6,4171.0000000020955,29
smac-hard/jev_runs/p0-astra-all-maps-20260922-001/pvt_large/jev,jev_gpt6,3889.999999999418,29
smac-hard/jev_runs/p0-astra-all-maps-20260922-001/pvt_large/jev,jev_gpt6,3812.000000005355,29
smac-hard/jev_runs/p0-astra-all-maps-20260922-001/pvt_large/jev,jev_gpt6,3875.0,29
smac-hard/jev_runs/p0-astra-all-maps-20260922-001/pvt_large/jev,jev_gpt6,3703.9999999979045,28
smac-hard/jev_runs/p0-astra-all-maps-20260922-001/pvt_large/jev,jev_gpt6,3608.9999999967404,27
smac-hard/jev_runs/p0-astra-all-maps-20260922-001/pvt_large/jev,jev_gpt6,3608.9999999967404,27
smac-hard/jev_runs/p0-astra-all-maps-20260922-001/pvt_large/jev,jev_gpt6,3608.9999999967404,27
smac-hard/jev_runs/p0-astra-all-maps-20260922-001/pvt_large/jev,jev_gpt6,3577.999999994063,27
smac-hard/jev_runs/p0-astra-all-maps-20260922-001/pvt_large/jev,jev_gpt6,3438.000000009197,26
smac-hard/jev_runs/p0-astra-all-maps-20260922-001/pvt_large/jev,jev_gpt6,3500.0,26
smac-hard/jev_runs/p0-astra-all-maps-20260922-001/pvt_large/jev,jev_gpt6,3453.0000000086147,26
smac-hard/jev_runs/p0-astra-all-maps-20260922-001/pvt_large/jev,jev_gpt6,3562.999999994645,26
smac-hard/jev_runs/p0-astra-all-maps-20260922-001/pvt_large/jev,jev_gpt6,3406.0000000026776,26
smac-hard/jev_runs/p0-astra-all-maps-20260922-001/pvt_large/jev,jev_gpt6,3358.9999999967404,25
smac-hard/jev_runs/p0-astra-all-maps-20260922-001/pvt_large/jev,jev_gpt6,3312.000000005355,25
smac-hard/jev_runs/p0-astra-all-maps-20260922-001/pvt_large/jev,jev_gpt6,3234.0000000112923,25
smac-hard/jev_runs/p0-astra-all-maps-20260922-001/pvt_large/jev,jev_gpt6,2938.000000009197,21
smac-hard/jev_runs/p0-astra-all-maps-20260922-001/pvt_large/jev,jev_gpt6,2985.000000000582,21
smac-hard/jev_runs/p0-astra-all-maps-20260922-001/pvt_large/jev,jev_gpt6,2937.999999994645,22
smac-hard/jev_runs/p0-astra-all-maps-20260922-001/pvt_large/jev,jev_gpt6,2467.9999999934807,19
smac-hard/jev_runs/p0-astra-all-maps-20260922-001/pvt_large/jev,jev_gpt6,2468.9999999973224,19
smac-hard/jev_runs/p0-astra-all-maps-20260922-001/pvt_large/jev,jev_gpt6,2406.0000000026776,19
smac-hard/jev_runs/p0-astra-all-maps-20260922-001/pvt_large/jev,jev_gpt6,2858.9999999967404,21
smac-hard/jev_runs/p0-astra-all-maps-20260922-001/pvt_large/jev,jev_gpt6,2781.0000000026776,21
smac-hard/jev_runs/p0-astra-all-maps-20260922-001/pvt_large/jev,jev_gpt6,2875.0,21
smac-hard/jev_runs/p0-astra-all-maps-20260922-001/pvt_large/jev,jev_gpt6,2968.9999999973224,21
smac-hard/jev_runs/p0-astra-all-maps-20260922-001/pvt_large/jev,jev_gpt6,2608.9999999967404,19
smac-hard/jev_runs/p0-astra-all-maps-20260922-001/pvt_large/jev,jev_gpt6,2578.0000000086147,19
smac-hard/jev_runs/p0-astra-all-maps-20260922-001/pvt_large/jev,jev_gpt6,2437.999999994645,18
smac-hard/jev_runs/p0-astra-all-maps-20260922-001/pvt_large/jev,jev_gpt6,2453.0000000086147,18
smac-hard/jev_runs/p0-astra-all-maps-20260922-001/pvt_large/jev,jev_gpt6,2468.9999999973224,18
smac-hard/jev_runs/p0-astra-all-maps-20260922-001/pvt_large/jev,jev_gpt6,2453.0000000086147,18
smac-hard/jev_runs/p0-astra-all-maps-20260922-001/pvt_large/jev,jev_gpt6,2375.0,17
smac-hard/jev_runs/p0-astra-all-maps-20260922-001/pvt_large/jev,jev_gpt6,2031.0000000026776,16
smac-hard/jev_runs/p0-astra-all-maps-20260922-001/pvt_large/jev,jev_gpt6,2125.0,15
smac-hard/jev_runs/p0-astra-all-maps-20260922-001/pvt_large/jev,jev_gpt6,2108.9999999967404,15
smac-hard/jev_runs/p0-astra-all-maps-20260922-001/pvt_large/jev,jev_gpt6,1952.9999999940628,15
smac-hard/jev_runs/p0-astra-all-maps-20260922-001/pvt_large/jev,jev_gpt6,1921.9999999913853,14
smac-hard/jev_runs/p0-astra-all-maps-20260922-001/pvt_large/jev,jev_gpt6,1891.0000000032596,13
smac-hard/jev_runs/p0-astra-all-maps-20260922-001/pvt_large/jev,jev_gpt6,1438.0000000091968,12
smac-hard/jev_runs/p0-astra-all-maps-20260922-001/pvt_large/jev,jev_gpt6,1452.9999999940628,12
smac-hard/jev_runs/p0-astra-all-maps-20260922-001/pvt_large/jev,jev_gpt6,1468.9999999973224,11
smac-hard/jev_runs/p0-astra-all-maps-20260922-001/pvt_large/jev,jev_gpt6,1500.0,10
smac-hard/jev_runs/p0-astra-all-maps-20260922-001/pvt_large/jev,jev_gpt6,1391.0000000032596,10
smac-hard/jev_runs/p0-astra-all-maps-20260922-001/pvt_large/jev,jev_gpt6,1437.999999994645,10
smac-hard/jev_runs/p0-astra-all-maps-20260922-001/pvt_large/jev,jev_gpt6,1436.9999999908032,9
smac-hard/jev_runs/p0-astra-all-maps-20260922-001/pvt_large/jev,jev_gpt6,1375.0,9
smac-hard/jev_runs/p0-astra-all-maps-20260922-001/pvt_large/jev,jev_gpt6,1061.9999999908032,8
smac-hard/jev_runs/p0-astra-all-maps-20260922-001/pvt_large/jev,jev_gpt6,1110.000000000582,7
smac-hard/jev_runs/p0-astra-all-maps-20260922-001/pvt_large/jev,jev_gpt6,1063.0000000091968,7
smac-hard/jev_runs/p0-astra-all-maps-20260922-001/pvt_large/jev,jev_gpt6,969.0000000118744,6
smac-hard/jev_runs/p0-astra-all-maps-20260922-001/pvt_large/jev,jev_gpt6,1031.0000000026776,6
smac-hard/jev_runs/p0-astra-all-maps-20260922-001/pvt_large/jev,jev_gpt6,1016.0000000032596,6
smac-hard/jev_runs/p0-astra-all-maps-20260922-001/pvt_large/jev,jev_gpt6,985.0000000005821,5
smac-hard/jev_runs/p0-astra-all-maps-20260922-001/pvt_large/jev,jev_gpt6,906.0000000026776,5
smac-hard/jev_runs/p0-astra-all-maps-20260922-001/pvt_large/jev,jev_gpt6,952.9999999940628,5
smac-hard/jev_runs/p0-astra-all-maps-20260922-001/pvt_large/jev,jev_gpt6,906.9999999919673,5
smac-hard/jev_runs/p0-astra-all-maps-20260922-001/pvt_large/jev,jev_gpt6,593.9999999973224,4
smac-hard/jev_runs/p0-astra-all-maps-20260922-001/pvt_large/jev,jev_gpt6,906.0000000026776,4
smac-hard/jev_runs/p0-astra-all-maps-20260922-001/pvt_large/jev,jev_gpt6,500.0,3
smac-hard/jev_runs/p0-astra-all-maps-20260922-001/pvt_large/jev,jev_gpt6,516.0000000032596,3
smac-hard/jev_runs/p0-astra-all-maps-20260922-001/pvt_large/jev,jev_gpt6,500.0,3
smac-hard/jev_runs/p0-astra-all-maps-20260922-001/pvt_large/jev,jev_gpt6,547.0000000059372,3
smac-hard/jev_runs/p0-astra-all-maps-20260922-001/pvt_large/jev,jev_gpt6,500.0,3
smac-hard/jev_runs/p0-astra-all-maps-20260922-001/pvt_large/jev,jev_gpt6,516.0000000032596,3
smac-hard/jev_runs/p0-astra-all-maps-20260922-001/pvt_large/jev,jev_gpt6,608.9999999967404,3
smac-hard/jev_runs/p0-astra-all-maps-20260922-001/pvt_large/jev,jev_gpt6,485.0000000005821,3
smac-hard/jev_runs/p0-astra-all-maps-20260922-001/pvt_large/jev,jev_gpt6,500.0,2
smac-hard/jev_runs/p0-astra-all-maps-20260922-001/pvt_large/jev,jev_gpt6,500.0,2
smac-hard/jev_runs/p0-astra-all-maps-20260922-001/pvt_large/jev,jev_gpt6,906.0000000026776,2
smac-hard/jev_runs/p0-astra-all-maps-20260922-001/pvt_large/jev,jev_gpt6,1358.9999999967404,4
smac-hard/jev_runs/p0-astra-all-maps-20260922-001/pvt_large/jev,jev_gpt6,952.9999999940628,5
smac-hard/jev_runs/p0-astra-all-maps-20260922-001/pvt_large/jev,jev_gpt6,1014.9999999994179,5
smac-hard/jev_runs/p0-astra-all-maps-20260922-001/pvt_large/jev,jev_gpt6,984.0000000112923,5
smac-hard/jev_runs/p0-astra-all-maps-20260922-001/pvt_large/jev,jev_gpt6,936.9999999908032,5
smac-hard/jev_runs/p0-astra-all-maps-20260922-001/pvt_large/jev,jev_gpt6,1046.9999999913853,5
smac-hard/jev_runs/p0-astra-all-maps-20260922-001/pvt_large/jev,jev_gpt6,1000.0,5
smac-hard/jev_runs/p0-astra-all-maps-20260922-001/pvt_large/jev,jev_gpt6,983.9999999967404,5
smac-hard/jev_runs/p0-astra-all-maps-20260922-001/pvt_large/jev,jev_gpt6,985.0000000005821,5
smac-hard/jev_runs/p0-astra-all-maps-20260922-001/pvt_large/jev,jev_gpt6,968.0000000080327,5
smac-hard/jev_runs/p0-astra-all-maps-20260922-001/pvt_large/jev,jev_gpt6,985.0000000005821,5
smac-hard/jev_runs/p0-astra-all-maps-20260922-001/pvt_large/jev,jev_gpt6,969.0000000118744,5
smac-hard/jev_runs/p0-astra-all-maps-20260922-001/pvt_large/jev,jev_gpt6,968.9999999973224,5
smac-hard/jev_runs/p0-astra-all-maps-20260922-001/pvt_large/jev,jev_gpt6,968.9999999973224,5
smac-hard/jev_runs/p0-astra-all-maps-20260922-001/pvt_large/jev,jev_gpt6,937.9999999946449,5
smac-hard/jev_runs/p0-astra-all-maps-20260922-001/pvt_large/jev,jev_gpt6,968.0000000080327,5
smac-hard/jev_runs/p0-astra-all-maps-20260922-001/pvt_large/jev,jev_gpt6,937.9999999946449,5
smac-hard/jev_runs/p0-astra-all-maps-20260922-001/pvt_large/jev,jev_gpt6,1016.0000000032596,5
smac-hard/jev_runs/p0-astra-all-maps-20260922-001/pvt_large/jev,jev_gpt6,1077.9999999940628,5
smac-hard/jev_runs/p0-astra-all-maps-20260922-001/pvt_large/jev,jev_gpt6,1047.0000000059372,5
smac-hard/jev_runs/p0-astra-all-maps-20260922-001/pvt_large/jev,jev_gpt6,985.0000000005821,5
smac-hard/jev_runs/p0-astra-all-maps-20260922-001/pvt_large/jev,jev_gpt6,1062.999999994645,7
smac-hard/jev_runs/p0-astra-all-maps-20260922-001/pvt_large/jev,jev_gpt6,1516.0000000032596,10
smac-hard/jev_runs/p0-astra-all-maps-20260922-001/pvt_large/jev,jev_gpt6,1531.0000000026776,12
smac-hard/jev_runs/p0-astra-all-maps-20260922-001/pvt_large/jev,jev_gpt6,1985.000000000582,13
smac-hard/jev_runs/p0-astra-all-maps-20260922-001/pvt_large/jev,jev_gpt6,2062.000000005355,15
smac-hard/jev_runs/p0-astra-all-maps-20260922-001/pvt_large/jev,jev_gpt6,2125.0,16
smac-hard/jev_runs/p0-astra-all-maps-20260922-001/pvt_large/jev,jev_gpt6,2687.000000005355,20
smac-hard/jev_runs/p0-astra-all-maps-20260922-001/pvt_large/jev,jev_gpt6,2671.9999999913853,20
smac-hard/jev_runs/p0-astra-all-maps-20260922-001/pvt_large/jev,jev_gpt6,3141.0000000032596,22
smac-hard/jev_runs/p0-astra-all-maps-20260922-001/pvt_large/jev,jev_gpt6,3842.9999999934807,29
smac-hard/jev_runs/p0-astra-all-maps-20260922-001/pvt_large/jev,jev_gpt6,3906.0000000026776,30
smac-hard/jev_runs/p0-astra-all-maps-20260922-001/pvt_large/jev,jev_gpt6,3922.000000005937,30
smac-hard/jev_runs/p0-astra-all-maps-20260922-001/pvt_large/jev,jev_gpt6,3875.0,29
smac-hard/jev_runs/p0-astra-all-maps-20260922-001/pvt_large/jev,jev_gpt6,3578.0000000086147,27
smac-hard/jev_runs/p0-astra-all-maps-20260922-001/pvt_large/jev,jev_gpt6,3530.9999999881256,27
smac-hard/jev_runs/p0-astra-all-maps-20260922-001/pvt_large/jev,jev_gpt6,3500.0,26
smac-hard/jev_runs/p0-astra-all-maps-20260922-001/pvt_large/jev,jev_gpt6,3577.999999994063,27
smac-hard/jev_runs/p0-astra-all-maps-20260922-001/pvt_large/jev,jev_gpt6,3453.0000000086147,27
smac-hard/jev_runs/p0-astra-all-maps-20260922-001/pvt_large/jev,jev_gpt6,3375.0,25
smac-hard/jev_runs/p0-astra-all-maps-20260922-001/pvt_large/jev,jev_gpt6,3407.0000000065193,26
smac-hard/jev_runs/p0-astra-all-maps-20260922-001/pvt_large/jev,jev_gpt6,3468.9999999973224,25
smac-hard/jev_runs/p0-astra-all-maps-20260922-001/pvt_large/jev,jev_gpt6,3625.0,26
smac-hard/jev_runs/p0-astra-all-maps-20260922-001/pvt_large/jev,jev_gpt6,3250.0,24
smac-hard/jev_runs/p0-astra-all-maps-20260922-001/pvt_large/jev,jev_gpt6,2655.9999999881256,20
smac-hard/jev_runs/p0-astra-all-maps-20260922-001/pvt_large/jev,jev_gpt6,3140.9999999887077,23
smac-hard/jev_runs/p0-astra-all-maps-20260922-001/pvt_large/jev,jev_gpt6,2921.9999999913853,21
smac-hard/jev_runs/p0-astra-all-maps-20260922-001/pvt_large/jev,jev_gpt6,2547.000000005937,19
smac-hard/jev_runs/p0-astra-all-maps-20260922-001/pvt_large/jev,jev_gpt6,3078.9999999979045,22
smac-hard/jev_runs/p0-astra-all-maps-20260922-001/pvt_large/jev,jev_gpt6,2952.999999994063,22
smac-hard/jev_runs/p0-astra-all-maps-20260922-001/pvt_large/jev,jev_gpt6,2969.0000000118744,22
smac-hard/jev_runs/p0-astra-all-maps-20260922-001/pvt_large/jev,jev_gpt6,2547.000000005937,17
smac-hard/jev_runs/p0-astra-all-maps-20260922-001/pvt_large/jev,jev_gpt6,2656.0000000026776,18
smac-hard/jev_runs/p0-astra-all-maps-20260922-001/pvt_large/jev,jev_gpt6,2202.999999994063,16
smac-hard/jev_runs/p0-astra-all-maps-20260922-001/pvt_large/jev,jev_gpt6,2141.0000000032596,16
smac-hard/jev_runs/p0-astra-all-maps-20260922-001/pvt_large/jev,jev_gpt6,2452.999999994063,17
smac-hard/jev_runs/p0-astra-all-maps-20260922-001/pvt_large/jev,jev_gpt6,2110.000000000582,16
smac-hard/jev_runs/p0-astra-all-maps-20260922-001/pvt_large/jev,jev_gpt6,2141.0000000032596,16
smac-hard/jev_runs/p0-astra-all-maps-20260922-001/pvt_large/jev,jev_gpt6,2093.9999999973224,16
smac-hard/jev_runs/p0-astra-all-maps-20260922-001/pvt_large/jev,jev_gpt6,2217.9999999934807,16
smac-hard/jev_runs/p0-astra-all-maps-20260922-001/pvt_large/jev,jev_gpt6,2110.000000000582,16
smac-hard/jev_runs/p0-astra-all-maps-20260922-001/pvt_large/jev,jev_gpt6,2484.0000000112923,17
smac-hard/jev_runs/p0-astra-all-maps-20260922-001/pvt_large/jev,jev_gpt6,2500.0,17
smac-hard/jev_runs/p0-astra-all-maps-20260922-001/pvt_large/jev,jev_gpt6,2328.9999999979045,17
smac-hard/jev_runs/p0-astra-all-maps-20260922-001/pvt_large/jev,jev_gpt6,2562.000000005355,20
smac-hard/jev_runs/p0-astra-all-maps-20260922-001/pvt_large/jev,jev_gpt6,2109.0000000112923,14
smac-hard/jev_runs/p0-astra-all-maps-20260922-001/pvt_large/jev,jev_gpt6,2233.9999999967404,14
smac-hard/jev_runs/p0-astra-all-maps-20260922-001/pvt_large/jev,jev_gpt6,2093.9999999973224,14
smac-hard/jev_runs/p0-astra-all-maps-20260922-001/pvt_large/jev,jev_gpt6,2016.0000000032596,13
smac-hard/jev_runs/p0-astra-all-maps-20260922-001/pvt_large/jev,jev_gpt6,2047.0000000059372,13
smac-hard/jev_runs/p0-astra-all-maps-20260922-001/pvt_large/jev,jev_gpt6,1921.0000000020955,13
smac-hard/jev_runs/p0-astra-all-maps-20260922-001/pvt_large/jev,jev_gpt6,1562.999999994645,12
smac-hard/jev_runs/p0-astra-all-maps-20260922-001/pvt_large/jev,jev_gpt6,1640.9999999887077,12
smac-hard/jev_runs/p0-astra-all-maps-20260922-001/pvt_large/jev,jev_gpt6,1547.0000000059372,12
smac-hard/jev_runs/p0-astra-all-maps-20260922-001/pvt_large/jev,jev_gpt6,1578.0000000086147,12
smac-hard/jev_runs/p0-astra-all-maps-20260922-001/pvt_large/jev,jev_gpt6,1687.999999994645,12
smac-hard/jev_runs/p0-astra-all-maps-20260922-001/pvt_large/jev,jev_gpt6,1562.999999994645,12
smac-hard/jev_runs/p0-astra-all-maps-20260922-001/pvt_large/jev,jev_gpt6,1639.999999999418,12
smac-hard/jev_runs/p0-astra-all-maps-20260922-001/pvt_large/jev,jev_gpt6,1703.9999999979045,11
smac-hard/jev_runs/p0-astra-all-maps-20260922-001/pvt_large/jev,jev_gpt6,1485.000000000582,10
smac-hard/jev_runs/p0-astra-all-maps-20260922-001/pvt_large/jev,jev_gpt6,1500.0,9
smac-hard/jev_runs/p0-astra-all-maps-20260922-001/pvt_large/jev,jev_gpt6,1467.9999999934807,9
smac-hard/jev_runs/p0-astra-all-maps-20260922-001/pvt_large/jev,jev_gpt6,1110.000000000582,8
smac-hard/jev_runs/p0-astra-all-maps-20260922-001/pvt_large/jev,jev_gpt6,1483.9999999967404,9
smac-hard/jev_runs/p0-astra-all-maps-20260922-001/pvt_large/jev,jev_gpt6,1390.9999999887077,9
smac-hard/jev_runs/p0-astra-all-maps-20260922-001/pvt_large/jev,jev_gpt6,1093.9999999973224,8
smac-hard/jev_runs/p0-astra-all-maps-20260922-001/pvt_large/jev,jev_gpt6,1077.9999999940628,7
smac-hard/jev_runs/p0-astra-all-maps-20260922-001/pvt_large/jev,jev_gpt6,1047.0000000059372,8
smac-hard/jev_runs/p0-astra-all-maps-20260922-001/pvt_large/jev,jev_gpt6,1031.0000000026776,7
smac-hard/jev_runs/p0-astra-all-maps-20260922-001/pvt_large/jev,jev_gpt6,1031.9999999919673,7
smac-hard/jev_runs/p0-astra-all-maps-20260922-001/pvt_large/jev,jev_gpt6,952.9999999940628,7
smac-hard/jev_runs/p0-astra-all-maps-20260922-001/pvt_large/jev,jev_gpt6,983.9999999967404,6
smac-hard/jev_runs/p0-astra-all-maps-20260922-001/pvt_large/jev,jev_gpt6,938.0000000091968,6
smac-hard/jev_runs/p0-astra-all-maps-20260922-001/pvt_large/jev,jev_gpt6,968.0000000080327,6
smac-hard/jev_runs/p0-astra-all-maps-20260922-001/pvt_large/jev,jev_gpt6,983.9999999967404,6
smac-hard/jev_runs/p0-astra-all-maps-20260922-001/pvt_large/jev,jev_gpt6,937.9999999946449,5
smac-hard/jev_runs/p0-astra-all-maps-20260922-001/pvt_large/jev,jev_gpt6,953.9999999979045,5
smac-hard/jev_runs/p0-astra-all-maps-20260922-001/pvt_large/jev,jev_gpt6,968.9999999973224,5
smac-hard/jev_runs/p0-astra-all-maps-20260922-001/pvt_large/jev,jev_gpt6,532.0000000065193,4
smac-hard/jev_runs/p0-astra-all-maps-20260922-001/pvt_large/jev,jev_gpt6,578.9999999979045,4
smac-hard/jev_runs/p0-astra-all-maps-20260922-001/pvt_large/jev,jev_gpt6,546.9999999913853,3
smac-hard/jev_runs/p0-astra-all-maps-20260922-001/pvt_large/jev,jev_gpt6,610.0000000005821,3
smac-hard/jev_runs/p0-astra-all-maps-20260922-001/pvt_large/jev,jev_gpt6,546.9999999913853,3
smac-hard/jev_runs/p0-astra-all-maps-20260922-001/pvt_large/jev,jev_gpt6,500.0,3
smac-hard/jev_runs/p0-astra-all-maps-20260922-001/pvt_large/jev,jev_gpt6,531.9999999919673,3
smac-hard/jev_runs/p0-astra-all-maps-20260922-001/pvt_large/jev,jev_gpt6,483.99999999674037,3
smac-hard/jev_runs/p0-astra-all-maps-20260922-001/pvt_large/jev,jev_gpt6,514.9999999994179,2
smac-hard/jev_runs/p0-astra-all-maps-20260922-001/pvt_large/jev,jev_gpt6,547.0000000059372,2
smac-hard/jev_runs/p0-astra-all-maps-20260922-001/pvt_large/jev,jev_gpt6,483.99999999674037,2
smac-hard/jev_runs/p0-astra-all-maps-20260922-001/pvt_large/jev,jev_gpt6,500.0,2
smac-hard/jev_runs/p0-astra-all-maps-20260922-001/pvt_large/jev,jev_gpt6,547.0000000059372,2
smac-hard/jev_runs/p0-astra-all-maps-20260922-001/pvt_large/jev,jev_gpt6,483.99999999674037,2
smac-hard/jev_runs/p0-astra-all-maps-20260922-001/pvt_large/jev,jev_gpt6,547.0000000059372,2
smac-hard/jev_runs/p0-astra-all-maps-20260922-001/pvt_large/jev,jev_gpt6,562.9999999946449,2
smac-hard/jev_runs/p0-astra-all-maps-20260922-001/pvt_large/jev,jev_gpt6,483.99999999674037,2
smac-hard/jev_runs/p0-astra-all-maps-20260922-001/pvt_large/jev,jev_gpt6,530.9999999881256,2
smac-hard/jev_runs/p0-astra-all-maps-20260922-001/pvt_large/jev,jev_gpt6,485.0000000005821,1
smac-hard/jev_runs/p0-astra-all-maps-20260922-001/pvt_large/jev,jev_gpt6,4983.99999999674,4
smac-hard/jev_runs/p0-astra-all-maps-20260922-001/pvt_large/jev,jev_gpt6,2735.000000000582,5
smac-hard/jev_runs/p0-astra-all-maps-20260922-001/pvt_large/jev,jev_gpt6,1016.0000000032596,5
smac-hard/jev_runs/p0-astra-all-maps-20260922-001/pvt_large/jev,jev_gpt6,1015.9999999887077,5
smac-hard/jev_runs/p0-astra-all-maps-20260922-001/pvt_large/jev,jev_gpt6,906.9999999919673,5
smac-hard/jev_runs/p0-astra-all-maps-20260922-001/pvt_large/jev,jev_gpt6,968.9999999973224,5
smac-hard/jev_runs/p0-astra-all-maps-20260922-001/pvt_large/jev,jev_gpt6,1031.0000000026776,5
smac-hard/jev_runs/p0-astra-all-maps-20260922-001/pvt_large/jev,jev_gpt6,922.0000000059372,5
smac-hard/jev_runs/p0-astra-all-maps-20260922-001/pvt_large/jev,jev_gpt6,1468.9999999973224,5
smac-hard/jev_runs/p0-astra-all-maps-20260922-001/pvt_large/jev,jev_gpt6,1014.9999999994179,5
smac-hard/jev_runs/p0-astra-all-maps-20260922-001/pvt_large/jev,jev_gpt6,937.0000000053551,5
smac-hard/jev_runs/p0-astra-all-maps-20260922-001/pvt_large/jev,jev_gpt6,921.9999999913853,5
smac-hard/jev_runs/p0-astra-all-maps-20260922-001/pvt_large/jev,jev_gpt6,906.0000000026776,5
smac-hard/jev_runs/p0-astra-all-maps-20260922-001/pvt_large/jev,jev_gpt6,938.0000000091968,5
smac-hard/jev_runs/p0-astra-all-maps-20260922-001/pvt_large/jev,jev_gpt6,952.9999999940628,5
smac-hard/jev_runs/p0-astra-all-maps-20260922-001/pvt_large/jev,jev_gpt6,1000.0,5
smac-hard/jev_runs/p0-astra-all-maps-20260922-001/pvt_large/jev,jev_gpt6,937.9999999946449,5
smac-hard/jev_runs/p0-astra-all-maps-20260922-001/pvt_large/jev,jev_gpt6,938.0000000091968,5
smac-hard/jev_runs/p0-astra-all-maps-20260922-001/pvt_large/jev,jev_gpt6,1031.0000000026776,5
smac-hard/jev_runs/p0-astra-all-maps-20260922-001/pvt_large/jev,jev_gpt6,1031.0000000026776,5
smac-hard/jev_runs/p0-astra-all-maps-20260922-001/pvt_large/jev,jev_gpt6,1000.0,5
smac-hard/jev_runs/p0-astra-all-maps-20260922-001/pvt_large/jev,jev_gpt6,1093.9999999973224,7
smac-hard/jev_runs/p0-astra-all-maps-20260922-001/pvt_large/jev,jev_gpt6,1171.0000000020955,8
smac-hard/jev_runs/p0-astra-all-maps-20260922-001/pvt_large/jev,jev_gpt6,1625.0,12
smac-hard/jev_runs/p0-astra-all-maps-20260922-001/pvt_large/jev,jev_gpt6,1953.9999999979045,13
smac-hard/jev_runs/p0-astra-all-maps-20260922-001/pvt_large/jev,jev_gpt6,2016.0000000032596,15
smac-hard/jev_runs/p0-astra-all-maps-20260922-001/pvt_large/jev,jev_gpt6,2375.0,16
smac-hard/jev_runs/p0-astra-all-maps-20260922-001/pvt_large/jev,jev_gpt6,2468.9999999973224,20
smac-hard/jev_runs/p0-astra-all-maps-20260922-001/pvt_large/jev,jev_gpt6,2906.0000000026776,21
smac-hard/jev_runs/p0-astra-all-maps-20260922-001/pvt_large/jev,jev_gpt6,3703.9999999979045,29
smac-hard/jev_runs/p0-astra-all-maps-20260922-001/pvt_large/jev,jev_gpt6,3000.0,23
smac-hard/jev_runs/p0-astra-all-maps-20260922-001/pvt_large/jev,jev_gpt6,3922.000000005937,30
smac-hard/jev_runs/p0-astra-all-maps-20260922-001/pvt_large/jev,jev_gpt6,3937.999999994645,30
smac-hard/jev_runs/p0-astra-all-maps-20260922-001/pvt_large/jev,jev_gpt6,3875.0,29
smac-hard/jev_runs/p0-astra-all-maps-20260922-001/pvt_large/jev,jev_gpt6,4032.0000000065193,29
smac-hard/jev_runs/p0-astra-all-maps-20260922-001/pvt_large/jev,jev_gpt6,3828.9999999979045,29
smac-hard/jev_runs/p0-astra-all-maps-20260922-001/pvt_large/jev,jev_gpt6,3610.000000000582,28
smac-hard/jev_runs/p0-astra-all-maps-20260922-001/pvt_large/jev,jev_gpt6,3625.0,27
smac-hard/jev_runs/p0-astra-all-maps-20260922-001/pvt_large/jev,jev_gpt6,3641.0000000032596,27
smac-hard/jev_runs/p0-astra-all-maps-20260922-001/pvt_large/jev,jev_gpt6,3593.9999999973224,28
smac-hard/jev_runs/p0-astra-all-maps-20260922-001/pvt_large/jev,jev_gpt6,3468.0000000080327,27
smac-hard/jev_runs/p0-astra-all-maps-20260922-001/pvt_large/jev,jev_gpt6,3438.000000009197,27
smac-hard/jev_runs/p0-astra-all-maps-20260922-001/pvt_large/jev,jev_gpt6,3515.9999999887077,27
smac-hard/jev_runs/p0-astra-all-maps-20260922-001/pvt_large/jev,jev_gpt6,3468.9999999973224,26
smac-hard/jev_runs/p0-astra-all-maps-20260922-001/pvt_large/jev,jev_gpt6,3592.9999999934807,26
smac-hard/jev_runs/p0-astra-all-maps-20260922-001/pvt_large/jev,jev_gpt6,3592.9999999934807,26
smac-hard/jev_runs/p0-astra-all-maps-20260922-001/pvt_large/jev,jev_gpt6,3547.000000005937,26
smac-hard/jev_runs/p0-astra-all-maps-20260922-001/pvt_large/jev,jev_gpt6,3764.999999999418,24
smac-hard/jev_runs/p0-astra-all-maps-20260922-001/pvt_large/jev,jev_gpt6,3062.000000005355,24
smac-hard/jev_runs/p0-astra-all-maps-20260922-001/pvt_large/jev,jev_gpt6,3686.999999990803,24
smac-hard/jev_runs/p0-astra-all-maps-20260922-001/pvt_large/jev,jev_gpt6,3078.0000000086147,23
smac-hard/jev_runs/p0-astra-all-maps-20260922-001/pvt_large/jev,jev_gpt6,3062.000000005355,23
smac-hard/jev_runs/p0-astra-all-maps-20260922-001/pvt_large/jev,jev_gpt6,3031.0000000026776,22
smac-hard/jev_runs/p0-astra-all-maps-20260922-001/pvt_large/jev,jev_gpt6,3030.9999999881256,22
smac-hard/jev_runs/p0-astra-all-maps-20260922-001/pvt_large/jev,jev_gpt6,3110.000000000582,22
smac-hard/jev_runs/p0-astra-all-maps-20260922-001/pvt_large/jev,jev_gpt6,3218.0000000080327,23
smac-hard/jev_runs/p0-astra-all-maps-20260922-001/pvt_large/jev,jev_gpt6,2703.9999999979045,20
smac-hard/jev_runs/p0-astra-all-maps-20260922-001/pvt_large/jev,jev_gpt6,3125.0,23
smac-hard/jev_runs/p0-astra-all-maps-20260922-001/pvt_large/jev,jev_gpt6,2983.9999999967404,23
smac-hard/jev_runs/p0-astra-all-maps-20260922-001/pvt_large/jev,jev_gpt6,2983.9999999967404,22
smac-hard/jev_runs/p0-astra-all-maps-20260922-001/pvt_large/jev,jev_gpt6,3031.0000000026776,22
smac-hard/jev_runs/p0-astra-all-maps-20260922-001/pvt_large/jev,jev_gpt6,3078.9999999979045,22
smac-hard/jev_runs/p0-astra-all-maps-20260922-001/pvt_large/jev,jev_gpt6,2483.9999999967404,18
smac-hard/jev_runs/p0-astra-all-maps-20260922-001/pvt_large/jev,jev_gpt6,2516.0000000032596,19
smac-hard/jev_runs/p0-astra-all-maps-20260922-001/pvt_large/jev,jev_gpt6,2141.0000000032596,15
smac-hard/jev_runs/p0-astra-all-maps-20260922-001/pvt_large/jev,jev_gpt6,2188.000000009197,15
smac-hard/jev_runs/p0-astra-all-maps-20260922-001/pvt_large/jev,jev_gpt6,2077.999999994063,16
smac-hard/jev_runs/p0-astra-all-maps-20260922-001/pvt_large/jev,jev_gpt6,2500.0,18
smac-hard/jev_runs/p0-astra-all-maps-20260922-001/pvt_large/jev,jev_gpt6,2531.0000000026776,17
smac-hard/jev_runs/p0-astra-all-maps-20260922-001/pvt_large/jev,jev_gpt6,2422.000000005937,17
smac-hard/jev_runs/p0-astra-all-maps-20260922-001/pvt_large/jev,jev_gpt6,2406.0000000026776,15
smac-hard/jev_runs/p0-astra-all-maps-20260922-001/pvt_large/jev,jev_gpt6,2171.9999999913853,16
smac-hard/jev_runs/p0-astra-all-maps-20260922-001/pvt_large/jev,jev_gpt6,2108.9999999967404,16
smac-hard/jev_runs/p0-astra-all-maps-20260922-001/pvt_large/jev,jev_gpt6,2014.999999999418,14
smac-hard/jev_runs/p0-astra-all-maps-20260922-001/pvt_large/jev,jev_gpt6,1531.0000000026776,11
smac-hard/jev_runs/p0-astra-all-maps-20260922-001/pvt_large/jev,jev_gpt6,1578.0000000086147,11
smac-hard/jev_runs/p0-astra-all-maps-20260922-001/pvt_large/jev,jev_gpt6,1531.0000000026776,10
smac-hard/jev_runs/p0-astra-all-maps-20260922-001/pvt_large/jev,jev_gpt6,1437.000000005355,9
smac-hard/jev_runs/p0-astra-all-maps-20260922-001/pvt_large/jev,jev_gpt6,1452.9999999940628,10
smac-hard/jev_runs/p0-astra-all-maps-20260922-001/pvt_large/jev,jev_gpt6,1485.000000000582,9
smac-hard/jev_runs/p0-astra-all-maps-20260922-001/pvt_large/jev,jev_gpt6,969.0000000118744,8
smac-hard/jev_runs/p0-astra-all-maps-20260922-001/pvt_large/jev,jev_gpt6,1000.0,7
smac-hard/jev_runs/p0-astra-all-maps-20260922-001/pvt_large/jev,jev_gpt6,1125.0,7
smac-hard/jev_runs/p0-astra-all-maps-20260922-001/pvt_large/jev,jev_gpt6,1031.9999999919673,7
smac-hard/jev_runs/p0-astra-all-maps-20260922-001/pvt_large/jev,jev_gpt6,1077.9999999940628,7
smac-hard/jev_runs/p0-astra-all-maps-20260922-001/pvt_large/jev,jev_gpt6,1015.9999999887077,7
smac-hard/jev_runs/p0-astra-all-maps-20260922-001/pvt_large/jev,jev_gpt6,1077.9999999940628,7
smac-hard/jev_runs/p0-astra-all-maps-20260922-001/pvt_large/jev,jev_gpt6,1031.0000000026776,6
smac-hard/jev_runs/p0-astra-all-maps-20260922-001/pvt_large/jev,jev_gpt6,1031.0000000026776,6
smac-hard/jev_runs/p0-astra-all-maps-20260922-001/pvt_large/jev,jev_gpt6,983.9999999967404,6
smac-hard/jev_runs/p0-astra-all-maps-20260922-001/pvt_large/jev,jev_gpt6,937.9999999946449,6
smac-hard/jev_runs/p0-astra-all-maps-20260922-001/pvt_large/jev,jev_gpt6,1016.0000000032596,5
smac-hard/jev_runs/p0-astra-all-maps-20260922-001/pvt_large/jev,jev_gpt6,608.9999999967404,4
smac-hard/jev_runs/p0-astra-all-maps-20260922-001/pvt_large/jev,jev_gpt6,577.9999999940628,4
smac-hard/jev_runs/p0-astra-all-maps-20260922-001/pvt_large/jev,jev_gpt6,516.0000000032596,3
smac-hard/jev_runs/p0-astra-all-maps-20260922-001/pvt_large/jev,jev_gpt6,562.0000000053551,3
smac-hard/jev_runs/p0-astra-all-maps-20260922-001/pvt_large/jev,jev_gpt6,500.0,3
smac-hard/jev_runs/p0-astra-all-maps-20260922-001/pvt_large/jev,jev_gpt6,563.0000000091968,3
smac-hard/jev_runs/p0-astra-all-maps-20260922-001/pvt_large/jev,jev_gpt6,514.9999999994179,3
smac-hard/jev_runs/p0-astra-all-maps-20260922-001/pvt_large/jev,jev_gpt6,531.0000000026776,3
smac-hard/jev_runs/p0-astra-all-maps-20260922-001/pvt_large/jev,jev_gpt6,515.9999999887077,3
smac-hard/jev_runs/p0-astra-all-maps-20260922-001/pvt_large/jev,jev_gpt6,531.0000000026776,2
smac-hard/jev_runs/p0-astra-all-maps-20260922-001/pvt_large/jev,jev_gpt6,500.0,2
smac-hard/jev_runs/p0-astra-all-maps-20260922-001/pvt_large/jev,jev_gpt6,485.0000000005821,2
smac-hard/jev_runs/p0-astra-all-maps-20260922-001/pvt_large/jev,jev_gpt6,562.0000000053551,2
smac-hard/jev_runs/p0-astra-all-maps-20260922-001/pvt_large/jev,jev_gpt6,514.9999999994179,2
smac-hard/jev_runs/p0-astra-all-maps-20260922-001/pvt_large/jev,jev_gpt6,500.0,1
smac-hard/jev_runs/p0-astra-all-maps-20260922-001/pvt_large/jev,jev_gpt6,500.0,1
smac-hard/jev_runs/p0-astra-all-maps-20260922-001/pvt_large/jev,jev_gpt6,485.0000000005821,1
